start,goal,trial,metric,solver_setting,solver,toppra_limits,shortcut,payload_mass,torque_limit_scale,seed,rrt_success,rrt_time,rrt_waypoints,shortcut_time,shortcut_waypoints,num_control_points,shortcut_duration,shortcut_toppra_note,initial_parameterized,initial_cspace,initial_kinetic,cost_scale,solve_time,trajopt_success,solution_result,solver_exit_code,snopt_solve_time,final_cost,final_parameterized,final_cspace,final_kinetic,feasible_fraction,collision_free_fraction,worst_reachability_violation,worst_joint_limit_violation,toppra_note,duration,peak_velocity_utilization,peak_acceleration_utilization,peak_torque_utilization,binding_limit,mechanical_work,positive_work,thermal_integral,kinetic_energy_integral,peak_kinetic_energy
bottom,middle,0,parameterized,notebook,snopt,all,True,0.0,1.0,1178565597,True,0.5576231479644775,49,0.70363450050354,17,17,5.190776545362005,,4.239167263994292,8.653506838271408,23.43304246023828,0.2358953864579915,8.864405155181885,False,SolutionResult.kIterationLimit,31,8.852525417,3023.9871130893066,12819.187176548794,13147.00710734559,41794.7244495297,0.006,0.036,12.540395440837745,0.9984390410238166,,109.79299824702842,11.439196548669582,34.61866860563243,9.495181905814757,acceleration,28566.04030484324,17893.276688271824,1904515.2914749277,4455.340009751233,566.5234026539957
bottom,middle,0,cspace,notebook,snopt,all,True,0.0,1.0,1178565597,True,0.5576231479644775,49,0.70363450050354,17,17,5.190776545362005,,4.239167263994292,8.653506838271408,23.43304246023828,0.11556008664341175,10.266853094100952,False,SolutionResult.kIterationLimit,31,10.257271428,788.9925182608678,6826.934614089014,6827.552152115399,21753.821321375945,0.042,0.128,10.58524770846289,0.9576733601477163,,92.93683487085687,11.330859211911372,164.3045668357877,34.65166948567873,acceleration,55941.41057965893,11900.260869548483,17086640.360545136,3235.368666781116,551.3895275175317
bottom,middle,0,kinetic,notebook,snopt,all,True,0.0,1.0,1178565597,True,0.5576231479644775,49,0.70363450050354,17,17,5.190776545362005,,4.239167263994292,8.653506838271408,23.43304246023828,0.042674782913777534,14.345359802246094,False,SolutionResult.kIterationLimit,31,14.338719152,1368.5333445011318,8393.535173333126,8735.10268896783,32068.899969946924,0.028,0.124,11.972531115833538,0.997696975898759,,136.49909776602738,29.587803860700465,1564.3972767962966,354.17922691113205,acceleration,1247580.9237246707,8028.376904575047,1861339380.0906224,6288.08243562219,3917.6814514418957
bottom,middle,0,parameterized,tight,snopt,all,True,0.0,1.0,1178565597,True,0.5576231479644775,49,0.70363450050354,17,17,5.190776545362005,,4.239167263994292,8.653506838271408,23.43304246023828,0.2358953864579915,13.316386699676514,False,SolutionResult.kIterationLimit,31,13.310388105,3023.9871130893066,12819.187176548794,13147.00710734559,41794.7244495297,0.006,0.036,12.540395440837745,0.9984390410238166,,109.79299824702842,11.439196548669582,34.61866860563243,9.495181905814757,acceleration,28566.04030484324,17893.276688271824,1904515.2914749277,4455.340009751233,566.5234026539957
bottom,middle,0,cspace,tight,snopt,all,True,0.0,1.0,1178565597,True,0.5576231479644775,49,0.70363450050354,17,17,5.190776545362005,,4.239167263994292,8.653506838271408,23.43304246023828,0.11556008664341175,12.342349767684937,False,SolutionResult.kIterationLimit,31,12.336467035,788.9925182608678,6826.934614089014,6827.552152115399,21753.821321375945,0.042,0.128,10.58524770846289,0.9576733601477163,,92.93683487085687,11.330859211911372,164.3045668357877,34.65166948567873,acceleration,55941.41057965893,11900.260869548483,17086640.360545136,3235.368666781116,551.3895275175317
bottom,middle,0,kinetic,tight,snopt,all,True,0.0,1.0,1178565597,True,0.5576231479644775,49,0.70363450050354,17,17,5.190776545362005,,4.239167263994292,8.653506838271408,23.43304246023828,0.042674782913777534,14.688125848770142,False,SolutionResult.kIterationLimit,31,14.675095684,1368.5333445011318,8393.535173333126,8735.10268896783,32068.899969946924,0.028,0.124,11.972531115833538,0.997696975898759,,136.49909776602738,29.587803860700465,1564.3972767962966,354.17922691113205,acceleration,1247580.9237246707,8028.376904575047,1861339380.0906224,6288.08243562219,3917.6814514418957
bottom,top,1,parameterized,notebook,snopt,all,True,0.0,1.0,502992042,True,0.08367609977722168,27,0.33177852630615234,16,16,4.942076152851608,,1.8186302897418822,5.849342098841292,24.082646596949488,0.5498643708072902,1.0147640705108643,True,SolutionResult.kSolutionFound,1,1.005727197,0.45844366299970807,0.8337395316714866,2.758871639178584,11.325042684001332,1.0,1.0,0.0,0.0,,2.7195166286413865,1.0025019739142265,1.2041816954655138,0.3148057267098626,acceleration,284.6284960012903,220.60393080316504,27845.742178404595,55.603500686880054,17.557139119459748
bottom,top,1,cspace,notebook,snopt,all,True,0.0,1.0,502992042,True,0.08367609977722168,27,0.33177852630615234,16,16,4.942076152851608,,1.8186302897418822,5.849342098841292,24.082646596949488,0.17095939733087112,2.539876699447632,True,SolutionResult.kSolutionFound,1,2.532341545,0.2868537490235173,0.8999483614669079,1.6779057103737136,6.470777557316175,1.0,1.0,0.0,0.0,,1.8176177664924837,1.000704159994263,1.1413342594044456,0.42443303413362116,acceleration,263.7680905636084,209.636100199101,23388.961274411613,53.74548898154023,22.329855793383953
bottom,top,1,kinetic,notebook,snopt,all,True,0.0,1.0,502992042,True,0.08367609977722168,27,0.33177852630615234,16,16,4.942076152851608,,1.8186302897418822,5.849342098841292,24.082646596949488,0.0415236753973157,6.101600885391235,True,SolutionResult.kSolutionFound,1,6.09517321,0.24051780933254985,0.9269370764537115,1.5728897805143724,5.792305402428278,1.0,1.0,0.0,0.0,,1.6491569794727503,1.0008142389037722,1.0984195609935885,0.3887840211867049,acceleration,263.5274102677855,210.3293098496094,21782.29289203941,54.49849132648334,23.982956931445045
bottom,top,1,parameterized,tight,snopt,all,True,0.0,1.0,502992042,True,0.08367609977722168,27,0.33177852630615234,16,16,4.942076152851608,,1.8186302897418822,5.849342098841292,24.082646596949488,0.5498643708072902,7.350783586502075,True,SolutionResult.kSolutionFound,1,7.345657077,0.27651731568535826,0.5028827659435083,3.198922716761892,13.114167006059018,0.998,0.998,0.0,2.0970093100647347e-05,,3.1140878346223406,1.0016690959782164,1.2346618375469125,0.35206655125634206,acceleration,295.63732254785776,225.31761418814668,29012.3750543834,60.50505252735208,21.783914360848307
bottom,top,1,cspace,tight,snopt,all,True,0.0,1.0,502992042,True,0.08367609977722168,27,0.33177852630615234,16,16,4.942076152851608,,1.8186302897418822,5.849342098841292,24.082646596949488,0.17095939733087112,36.70113658905029,True,SolutionResult.kSolutionFound,1,36.695495456,0.23254548410609585,0.7274147177863192,1.3602380900772144,5.4289180961592995,1.0,1.0,0.0,0.0,,1.6881079909662906,1.0006905649848572,1.0897638870391821,0.3926698904764816,acceleration,259.2525750481407,207.41637670646242,21883.49677774586,50.97812751886496,24.96484518966031
bottom,top,1,kinetic,tight,snopt,all,True,0.0,1.0,502992042,True,0.08367609977722168,27,0.33177852630615234,16,16,4.942076152851608,,1.8186302897418822,5.849342098841292,24.082646596949488,0.0415236753973157,44.97564125061035,True,SolutionResult.kSolutionFound,1,44.960433254,0.2192702017899433,0.7906088198729542,1.415492143294036,5.280606778949005,1.0,1.0,0.0,0.0,,1.5690430214560092,1.0007086099002953,1.0492867286907273,0.4299590682568845,acceleration,267.5491403315216,211.73827110393813,21131.723343328395,53.970019959619236,30.463981391178358
bottom,middle,4,parameterized,notebook,snopt,all,True,0.0,1.0,1095942084,True,0.42376232147216797,42,0.7045204639434814,11,11,3.1784319115945876,,6.300809260908588,12.030618147434614,41.17774215319822,0.15870977180728021,3.4528205394744873,True,SolutionResult.kSolutionFound,1,3.443796397,0.14727207956296978,0.9279332827836249,2.517916162033488,10.578945591752364,1.0,1.0,0.0,0.0,,1.9763725511500032,1.0004711303510148,1.122520423430568,0.3945762742570957,acceleration,218.465376143585,148.95816856100063,24874.716542262962,50.651736432048196,21.4988083472559
bottom,middle,4,cspace,notebook,snopt,all,True,0.0,1.0,1095942084,True,0.42376232147216797,42,0.7045204639434814,11,11,3.1784319115945876,,6.300809260908588,12.030618147434614,41.17774215319822,0.08312124844667587,2.8883097171783447,True,SolutionResult.kSolutionFound,1,2.876670331,0.17539002758660874,1.213825251821103,2.1100504487625127,9.19087941747163,1.0,1.0,0.0,0.0,,1.7352425990779181,1.0005296404300577,1.06000242510186,0.4005894643042977,acceleration,206.06694780193664,142.57196023244478,23420.48251718311,50.67557958675239,21.971252083402433
bottom,middle,4,kinetic,notebook,snopt,all,True,0.0,1.0,1095942084,True,0.42376232147216797,42,0.7045204639434814,11,11,3.1784319115945876,,6.300809260908588,12.030618147434614,41.17774215319822,0.02428496434504803,4.854036569595337,True,SolutionResult.kSolutionFound,1,4.847405582,0.1877278353115469,1.115250857886559,1.9666507632789496,7.7302083974369395,1.0,1.0,0.0,0.0,,1.6427355597304678,1.0003701586679028,1.0989182887650428,0.35023804809087417,acceleration,205.69186926282396,142.53895219172878,23176.81591014831,46.54060762284272,23.06800470750873
bottom,middle,4,parameterized,tight,snopt,all,True,0.0,1.0,1095942084,True,0.42376232147216797,42,0.7045204639434814,11,11,3.1784319115945876,,6.300809260908588,12.030618147434614,41.17774215319822,0.15870977180728021,7.1350486278533936,True,SolutionResult.kSolutionFound,1,7.128139735,0.02524948415715783,0.1590921836105833,0.8613961585520471,3.302839561021503,1.0,1.0,0.0,1.3133476536530964e-05,,1.5188702685434154,1.000363849378068,1.1421554843477222,0.3711024166776749,acceleration,112.13717763694746,94.03618994525503,15197.911428253243,20.97203550933521,15.352659322348005
bottom,middle,4,cspace,tight,snopt,all,True,0.0,1.0,1095942084,True,0.42376232147216797,42,0.7045204639434814,11,11,3.1784319115945876,,6.300809260908588,12.030618147434614,41.17774215319822,0.08312124844667587,35.3105845451355,True,SolutionResult.kSolutionFound,1,35.298567568,0.03938822795006533,0.23969500136664162,0.4738647299713472,1.6989732206795087,1.0,1.0,0.0,0.0,,1.0058679984254293,1.0002550238753916,1.101181758953163,0.3506221633145367,acceleration,111.49333083428368,93.77419400288693,11428.933403892119,17.426726203716107,14.293234153358902
bottom,middle,4,kinetic,tight,snopt,all,True,0.0,1.0,1095942084,True,0.42376232147216797,42,0.7045204639434814,11,11,3.1784319115945876,,6.300809260908588,12.030618147434614,41.17774215319822,0.02428496434504803,52.73319411277771,True,SolutionResult.kSolutionFound,1,52.726870847,0.04127104048881092,0.23969072843180522,0.4777357582931482,1.6994482636424597,1.0,1.0,0.0,0.0,,1.013981775138431,1.0002728786482176,1.1054465547000543,0.35053300994633074,acceleration,110.24267398350028,92.91085165573622,11292.382678843845,17.291905781144436,13.613507659314648
bottom,top,4,parameterized,notebook,snopt,all,True,0.0,1.0,1838282789,True,0.3488647937774658,29,0.6976053714752197,19,19,5.01493635947735,,2.155158726431325,4.53338186016062,17.213330786207926,0.46400294685295673,2.533306121826172,True,SolutionResult.kSolutionFound,1,2.522915395,0.4372985569703197,0.9424478011104096,2.3164014682948144,9.002894586751534,0.998,0.998,0.0,0.0,,2.454717345539053,1.0008026669582109,1.1897693161790897,0.4082476136119682,acceleration,345.7716529721165,251.57007820562376,31096.566604130137,64.06916396757387,25.208331523223052
bottom,top,4,cspace,notebook,snopt,all,True,0.0,1.0,1838282789,True,0.3488647937774658,29,0.6976053714752197,19,19,5.01493635947735,,2.155158726431325,4.53338186016062,17.213330786207926,0.22058587404427682,3.226611614227295,True,SolutionResult.kSolutionFound,1,3.218965193,0.36955529507812424,0.9465603005619767,1.6753352710334741,6.339777437634653,1.0,1.0,0.0,0.0,,1.9025181682100516,1.000496888879562,1.240868246972523,0.39758971420169836,acceleration,295.8567789808821,226.76948641376552,25883.869063790422,62.16577511190203,25.871161966328255
bottom,top,4,kinetic,notebook,snopt,all,True,0.0,1.0,1838282789,True,0.3488647937774658,29,0.6976053714752197,19,19,5.01493635947735,,2.155158726431325,4.53338186016062,17.213330786207926,0.05809450898377226,9.729201316833496,True,SolutionResult.kSolutionFound,1,9.722517396,0.303086080540754,0.8810538633188669,1.4396237147991546,5.217120961043255,1.0,1.0,0.0,0.0,,1.6851568351853048,1.0005899970443535,1.2006630656823436,0.43634484217121566,acceleration,280.8667789540308,219.04285843544773,22885.431531708746,58.906452794158675,27.389289655349444
bottom,top,4,parameterized,tight,snopt,all,True,0.0,1.0,1838282789,True,0.3488647937774658,29,0.6976053714752197,19,19,5.01493635947735,,2.155158726431325,4.53338186016062,17.213330786207926,0.46400294685295673,14.233660697937012,True,SolutionResult.kSolutionFound,1,14.227411549,0.1934167225532555,0.41684373744839326,2.6596489618167403,10.926544534331713,1.0,1.0,0.0,4.18413142155849e-05,,3.132015460878777,1.00265931000132,1.1950630054376703,0.35568053255376003,acceleration,298.8499733141804,227.21976187005902,29398.88230989982,61.03525957489295,22.517402844338562
bottom,top,4,cspace,tight,snopt,all,True,0.0,1.0,1838282789,True,0.3488647937774658,29,0.6976053714752197,19,19,5.01493635947735,,2.155158726431325,4.53338186016062,17.213330786207926,0.22058587404427682,44.21521019935608,False,SolutionResult.kSolverSpecificError,41,44.20809761,0.2477698577745673,0.5998047389680922,1.1232353787298002,4.652204506393977,0.996,0.996,0.0,0.0,,1.7148174792367916,1.00075665144159,1.1492552934351221,0.4072486265993567,acceleration,260.167324797481,207.32963267337914,22270.393697356143,50.724263578918865,23.103527967423663
bottom,top,4,kinetic,tight,snopt,all,True,0.0,1.0,1838282789,True,0.3488647937774658,29,0.6976053714752197,19,19,5.01493635947735,,2.155158726431325,4.53338186016062,17.213330786207926,0.05809450898377226,35.99531054496765,False,SolutionResult.kSolverSpecificError,41,35.987596253,0.26093960394728277,0.6567865024102606,1.1796787716452881,4.491639717966666,1.0,1.0,0.0,0.0,,1.6152257607866667,1.0006034848579095,1.139264959930194,0.3860833251821791,acceleration,262.5162062741256,209.5149623934212,21295.499993987592,52.80497231133407,25.92291631096725
bottom,top,9,parameterized,notebook,snopt,all,True,0.0,1.0,320898200,True,0.41145753860473633,40,1.0931200981140137,14,14,4.394375261374594,,2.2827666939619564,5.828449017289443,24.712468704372494,0.4380649159833351,1.641244888305664,True,SolutionResult.kSolutionFound,1,1.631283894,0.44945271980763357,1.02599569928748,3.1730227084910108,13.66258618022361,0.998,0.998,0.0,0.0,,2.6629697092970135,1.0014606278423028,1.1250252817089963,0.3775926733431295,acceleration,277.14465609211516,216.40316522610613,29378.832964180525,56.884044462711444,16.537384491745893
bottom,top,9,cspace,notebook,snopt,all,True,0.0,1.0,320898200,True,0.41145753860473633,40,1.0931200981140137,14,14,4.394375261374594,,2.2827666939619564,5.828449017289443,24.712468704372494,0.17157223079992837,5.2700254917144775,True,SolutionResult.kSolutionFound,1,5.257795717,0.3084501501939872,0.9847522983992398,1.797785974780926,7.358331155910663,0.994,0.994,0.0,0.0,,1.7645560680224548,1.0007170664873002,1.1940124985163878,0.3935368490940008,acceleration,259.10736765042543,207.62691180884568,23395.52584062201,55.0349373194887,26.20681330920481
bottom,top,9,kinetic,notebook,snopt,all,True,0.0,1.0,320898200,True,0.41145753860473633,40,1.0931200981140137,14,14,4.394375261374594,,2.2827666939619564,5.828449017289443,24.712468704372494,0.04046540278766505,3.307617425918579,True,SolutionResult.kSolutionFound,1,3.299399769,0.31740714656381885,1.2297558538505349,2.090566481473551,7.843914176002548,0.994,0.994,0.0,0.0,,1.8431165603005162,1.000435032209584,1.1478212805501695,0.46935898963274214,acceleration,271.0343148742926,214.10887938475094,24861.096701867667,55.096384909099996,23.900455658849364
bottom,top,9,parameterized,tight,snopt,all,True,0.0,1.0,320898200,True,0.41145753860473633,40,1.0931200981140137,14,14,4.394375261374594,,2.2827666939619564,5.828449017289443,24.712468704372494,0.4380649159833351,13.574244260787964,True,SolutionResult.kSolutionFound,1,13.566601607,0.2586029003790762,0.5903300879473186,3.5135083961295566,14.356667221457187,1.0,1.0,0.0,2.3022454388677005e-05,,2.972261440709635,1.0012612051251908,1.3182648913791628,0.3519309105507442,acceleration,290.03886143976575,223.24197241637688,27754.986757913175,59.61734508577487,20.19066593599756
bottom,top,9,cspace,tight,snopt,all,True,0.0,1.0,320898200,True,0.41145753860473633,40,1.0931200981140137,14,14,4.394375261374594,,2.2827666939619564,5.828449017289443,24.712468704372494,0.17157223079992837,30.700345277786255,False,SolutionResult.kSolverSpecificError,41,30.694532047,0.27996569427794477,0.8917039051720259,1.6317657756890442,6.369951995777847,1.0,1.0,0.0,0.0,,1.6735319396381234,1.0007124322672407,1.084509894367733,0.3943810906785829,acceleration,258.5790009596933,206.67209887598239,21146.804366990145,51.706951870627876,26.06063369998082
bottom,top,9,kinetic,tight,snopt,all,True,0.0,1.0,320898200,True,0.41145753860473633,40,1.0931200981140137,14,14,4.394375261374594,,2.2827666939619564,5.828449017289443,24.712468704372494,0.04046540278766505,61.888264894485474,True,SolutionResult.kSolutionFound,1,61.881933228,0.2508932576923728,0.9561860572432948,1.6975020819462787,6.200191778860825,0.998,0.998,0.0,0.0,,1.5836284254702908,1.000687330473938,1.032452004822837,0.427914431657985,acceleration,265.9969020812136,210.70030671515227,20656.73286821988,53.8421523730781,32.52402876839663
bottom,middle,6,parameterized,notebook,snopt,all,True,0.0,1.0,794615528,True,0.30433011054992676,45,0.6996364593505859,14,14,3.5157339506043286,,3.957795291090048,7.850812382362247,25.368120749656427,0.2526659229322045,1.1035525798797607,True,SolutionResult.kSolutionFound,1,1.094524339,0.25095387424786564,0.9932240617790072,2.3967676167971605,8.862220404536279,1.0,1.0,0.0,0.0,,1.9808700035306617,1.0014728965753756,1.1889933599302516,0.634010432235614,acceleration,261.3485920651357,171.1054499683191,23780.19827602835,57.58955485378521,32.25089508137694
bottom,middle,6,cspace,notebook,snopt,all,True,0.0,1.0,794615528,True,0.30433011054992676,45,0.6996364593505859,14,14,3.5157339506043286,,3.957795291090048,7.850812382362247,25.368120749656427,0.12737535318594737,4.539368391036987,True,SolutionResult.kSolutionFound,1,4.530957267,0.23707441929677517,1.0871092638702713,1.8612267865564618,6.969377896801513,1.0,1.0,0.0,0.0,,1.6359132890512933,1.0003545911313725,1.1410749752808091,0.6968494471727951,acceleration,272.42646352312545,176.47786099092727,22706.683019085816,54.82607459531494,28.398564298840473
bottom,middle,6,kinetic,notebook,snopt,all,True,0.0,1.0,794615528,True,0.30433011054992676,45,0.6996364593505859,14,14,3.5157339506043286,,3.957795291090048,7.850812382362247,25.368120749656427,0.03941955377256486,4.6473777294158936,True,SolutionResult.kSolutionFound,1,4.640636953,0.3279967071856421,1.6061580493901375,2.6743309122667647,8.320660073375072,1.0,1.0,0.0,0.0,,1.7110600751885834,1.0004970984462744,1.1776133891758238,0.6735838601032761,acceleration,319.87838460892704,201.60443046034135,24802.36691586619,64.84621702911564,36.41331944797214
bottom,middle,6,parameterized,tight,snopt,all,True,0.0,1.0,794615528,True,0.30433011054992676,45,0.6996364593505859,14,14,3.5157339506043286,,3.957795291090048,7.850812382362247,25.368120749656427,0.2526659229322045,7.288955450057983,True,SolutionResult.kSolutionFound,1,7.276972197,0.030337851139555304,0.12007100438192195,0.6484167153154378,2.4830607553387467,1.0,1.0,0.0,4.14690641887816e-05,,1.5427986592452072,1.0006156606589218,1.1893030564788896,0.3829631382696299,acceleration,111.38662804051515,93.58442044531628,15342.128406607546,20.706210053713054,14.90020253771502
bottom,middle,6,cspace,tight,snopt,all,True,0.0,1.0,794615528,True,0.30433011054992676,45,0.6996364593505859,14,14,3.5157339506043286,,3.957795291090048,7.850812382362247,25.368120749656427,0.12737535318594737,52.541486978530884,True,SolutionResult.kSolutionFound,1,52.533807656,0.046782164081937264,0.18597662121858594,0.36727799304817543,1.320752656299209,1.0,1.0,0.0,0.0,,1.008666913093181,1.0004419132568165,1.1427654856720402,0.39539732562695595,acceleration,111.87661953785712,94.07885650722812,11486.912493666157,17.411065797108947,13.8610897621937
bottom,middle,6,kinetic,tight,snopt,all,True,0.0,1.0,794615528,True,0.30433011054992676,45,0.6996364593505859,14,14,3.5157339506043286,,3.957795291090048,7.850812382362247,25.368120749656427,0.03941955377256486,53.13601088523865,True,SolutionResult.kSolutionFound,1,53.128496386,0.05351587057312639,0.19250522018644978,0.3814484969325549,1.3575970667220554,1.0,1.0,0.0,0.0,,1.027819246743137,1.0005039890467078,1.1501572207000492,0.3408982762167463,acceleration,111.60930906056275,93.65757388062909,11419.348627014911,17.26464148549208,13.131822773622794
bottom,middle,3,parameterized,notebook,snopt,all,True,0.0,1.0,1597385319,True,0.43833160400390625,39,0.884225606918335,19,19,4.765447899295766,,2.277619520966076,4.187202175071336,13.761522523822563,0.43905489516345536,3.0440733432769775,True,SolutionResult.kSolutionFound,1,3.03104192,0.22884028294814468,0.5212110956260947,1.4914171672557706,5.9181006898913555,1.0,1.0,0.0,0.0,,1.9834190856618945,1.002520764074275,1.272192426351345,0.3671405220283249,acceleration,260.9076316335889,170.2711792523865,23768.496931324044,50.01578868463204,25.94970302733646
bottom,middle,3,cspace,notebook,snopt,all,True,0.0,1.0,1597385319,True,0.43833160400390625,39,0.884225606918335,19,19,4.765447899295766,,2.277619520966076,4.187202175071336,13.761522523822563,0.23882295580412552,6.3085527420043945,True,SolutionResult.kSolutionFound,1,6.30027501,0.24124373128023008,0.5735772003802742,1.0101362763389046,3.9972934477162902,1.0,1.0,0.0,0.0,,1.4909856537294814,1.0007812914700895,1.1988377684259752,0.4494006642102387,acceleration,249.50125431254062,164.95651210491832,21654.00685408048,49.09181744282686,28.911244787874594
bottom,middle,3,kinetic,notebook,snopt,all,True,0.0,1.0,1597385319,True,0.43833160400390625,39,0.884225606918335,19,19,4.765447899295766,,2.277619520966076,4.187202175071336,13.761522523822563,0.07266637817646271,0.539762020111084,False,SolutionResult.kSolverSpecificError,44,0.533631395,1.0,2.2776195209660757,4.187202175071336,13.761522523822563,1.0,1.0,0.0,0.0,,2.261451055948293,1.0015525942475094,1.6682104239078572,0.9696874188618858,acceleration,318.6911410751047,201.04393593408005,28943.05655505467,62.202571527233786,30.071402532016435
bottom,middle,3,parameterized,tight,snopt,all,True,0.0,1.0,1597385319,True,0.43833160400390625,39,0.884225606918335,19,19,4.765447899295766,,2.277619520966076,4.187202175071336,13.761522523822563,0.43905489516345536,13.435044765472412,True,SolutionResult.kSolutionFound,1,13.428965259,0.03773968971054304,0.08595665399993566,0.4565257166668395,1.7601263258686024,1.0,1.0,0.0,7.909921291293642e-07,,1.5472333058730368,1.0011576821963455,1.2721377801430398,0.3814641532027705,acceleration,111.89138861634243,93.94677416540475,15436.173414796822,20.769521152058324,14.951902527194797
bottom,middle,3,cspace,tight,snopt,all,True,0.0,1.0,1597385319,True,0.43833160400390625,39,0.884225606918335,19,19,4.765447899295766,,2.277619520966076,4.187202175071336,13.761522523822563,0.23882295580412552,100.0902590751648,True,SolutionResult.kSolutionFound,1,100.084368777,0.06345163537910267,0.13525944611271795,0.265684825671212,0.9571202130798192,1.0,1.0,0.0,0.0,,1.014505612871707,1.0007432453201215,1.2177860134603946,0.36296385413347804,acceleration,112.23627398952127,94.01973221171218,11571.176136696522,17.363446962600072,14.28017715435591
bottom,middle,3,kinetic,tight,snopt,all,True,0.0,1.0,1597385319,True,0.43833160400390625,39,0.884225606918335,19,19,4.765447899295766,,2.277619520966076,4.187202175071336,13.761522523822563,0.07266637817646271,0.6614699363708496,False,SolutionResult.kSolverSpecificError,44,0.65531625,1.0,2.2776195209660757,4.187202175071336,13.761522523822563,1.0,1.0,0.0,0.0,,2.261451055948293,1.0015525942475094,1.6682104239078572,0.9696874188618858,acceleration,318.6911410751047,201.04393593408005,28943.05655505467,62.202571527233786,30.071402532016435
bottom,middle,1,parameterized,notebook,snopt,all,True,0.0,1.0,825772875,True,0.1293799877166748,24,0.5227675437927246,16,16,4.379428565987746,,1.221998592071885,3.4438232943464855,12.753214069933273,0.8183315484058874,2.5101935863494873,True,SolutionResult.kSolutionFound,1,2.501130254,0.2810411961990486,0.34343194606943755,1.5132272464074201,6.673531763623761,1.0,1.0,0.0,0.0,,2.0913133797524597,1.0014414721327016,1.0963358144326156,0.3750236490788815,acceleration,211.34760319352807,145.44586612959952,22904.131766270984,42.055372577435165,19.975649947265882
bottom,middle,1,cspace,notebook,snopt,all,True,0.0,1.0,825772875,True,0.1293799877166748,24,0.5227675437927246,16,16,4.379428565987746,,1.221998592071885,3.4438232943464855,12.753214069933273,0.29037494509129985,4.659759044647217,True,SolutionResult.kSolutionFound,1,4.647074483,0.23831058604899855,0.4421492585401192,0.8206995475249039,3.5015367184568515,1.0,1.0,0.0,0.0,,1.3273297036022405,1.0007398723982963,1.2162962805761066,0.3995248293568183,acceleration,222.46483651852787,150.33789908895062,20514.549762480645,40.81251492297791,25.07699637195095
bottom,middle,1,kinetic,notebook,snopt,all,True,0.0,1.0,825772875,True,0.1293799877166748,24,0.5227675437927246,16,16,4.379428565987746,,1.221998592071885,3.4438232943464855,12.753214069933273,0.07841160624423144,6.968699932098389,True,SolutionResult.kSolutionFound,1,6.960727322,0.2448265068430548,0.47419212638906627,0.8613667129918885,3.1223248517634614,1.0,1.0,0.0,0.0,,1.2391709476620516,1.0004346044066956,1.1783772970910997,0.47193828324606263,acceleration,237.8335109917725,157.5493824595214,19456.87928030664,39.61354428875978,30.77904096023472
bottom,middle,1,parameterized,tight,snopt,all,True,0.0,1.0,825772875,True,0.1293799877166748,24,0.5227675437927246,16,16,4.379428565987746,,1.221998592071885,3.4438232943464855,12.753214069933273,0.8183315484058874,10.242105722427368,True,SolutionResult.kSolutionFound,1,10.234400723,0.08601057044121405,0.10510479598246139,0.5744933836070795,2.2011627397909046,1.0,1.0,0.0,1.3501634910539906e-05,,1.5654104034456882,1.0008628124504377,1.2139694735674957,0.3823696871495251,acceleration,112.44150871471956,93.80188862949196,15472.570689613089,20.574584535182222,13.886855087218592
bottom,middle,1,cspace,tight,snopt,all,True,0.0,1.0,825772875,True,0.1293799877166748,24,0.5227675437927246,16,16,4.379428565987746,,1.221998592071885,3.4438232943464855,12.753214069933273,0.29037494509129985,54.60674595832825,False,SolutionResult.kSolverSpecificError,41,54.599044532,0.08982966290158767,0.15576850200647888,0.30935748562377996,1.1268694059092836,1.0,1.0,0.0,0.0,,1.0058517532993936,1.0005286296139713,1.1747279519778961,0.38834119959954627,acceleration,115.30140303713432,95.58984300869132,11785.611299550343,17.637867561035577,15.521059263536413
bottom,middle,1,kinetic,tight,snopt,all,True,0.0,1.0,825772875,True,0.1293799877166748,24,0.5227675437927246,16,16,4.379428565987746,,1.221998592071885,3.4438232943464855,12.753214069933273,0.07841160624423144,70.2258415222168,False,SolutionResult.kSolverSpecificError,41,70.216403173,0.08686100004895256,0.15480709534166454,0.3108579722548974,1.1077569279527764,1.0,1.0,0.0,0.0,,1.0251520582579372,1.0005291894604116,1.1772580399294612,0.355252308043702,acceleration,113.46923460567677,94.50978501757965,11668.561695104103,17.19381751156501,17.36887834815083
bottom,middle,5,parameterized,notebook,snopt,all,True,0.0,1.0,911576914,True,0.4964637756347656,54,0.5717887878417969,17,17,4.424864955978323,,4.032020893008468,7.16195426710874,26.268677025227877,0.24801458785444339,2.985983371734619,True,SolutionResult.kSolutionFound,1,2.97756208,0.04734289618596864,0.1908875465573583,1.1025355971099884,4.960705437190663,1.0,1.0,0.0,0.0,,2.072342136500155,1.0013508964294764,1.2215841670710381,0.39197273800765725,acceleration,139.67783901645964,108.67826530877161,20777.166201239444,37.494607301804606,17.451285775055634
bottom,middle,5,cspace,notebook,snopt,all,True,0.0,1.0,911576914,True,0.4964637756347656,54,0.5717887878417969,17,17,4.424864955978323,,4.032020893008468,7.16195426710874,26.268677025227877,0.13962669443345901,7.444119215011597,True,SolutionResult.kSolutionFound,1,7.429726607,0.16012357959304221,0.6579102018856271,1.146797754131115,5.605912933444305,1.0,1.0,0.0,0.0,,1.8385704942163599,1.0008137012809595,1.1851465400708796,0.45758303258534816,acceleration,178.4967132900095,128.10190827072887,26053.46629866487,47.319063533795905,18.374542175502462
bottom,middle,5,kinetic,notebook,snopt,all,True,0.0,1.0,911576914,True,0.4964637756347656,54,0.5717887878417969,17,17,4.424864955978323,,4.032020893008468,7.16195426710874,26.268677025227877,0.038068152386952006,2.395897150039673,True,SolutionResult.kSolutionFound,1,2.389141219,0.4480058046085045,2.3031547124503398,3.66531977398245,11.768519786688152,0.996,0.996,0.0,0.0,,2.22809657240155,1.0014832032729553,1.245332533638586,0.6562019683657493,acceleration,256.8233968706139,170.28914081106154,31307.132993533807,70.97150071601207,24.17236962467674
bottom,middle,5,parameterized,tight,snopt,all,True,0.0,1.0,911576914,True,0.4964637756347656,54,0.5717887878417969,17,17,4.424864955978323,,4.032020893008468,7.16195426710874,26.268677025227877,0.24801458785444339,6.917048692703247,True,SolutionResult.kSolutionFound,1,6.908508106,0.024489411508708463,0.09874181886059502,0.5251284457320762,2.0294358613007253,1.0,1.0,0.0,6.588364332538177e-05,,1.5376400268331465,1.000958151794944,1.2463517317574313,0.41743087572112625,acceleration,111.398787177766,93.38609666773017,15373.975749736746,20.870119834931366,15.250986667899697
bottom,middle,5,cspace,tight,snopt,all,True,0.0,1.0,911576914,True,0.4964637756347656,54,0.5717887878417969,17,17,4.424864955978323,,4.032020893008468,7.16195426710874,26.268677025227877,0.13962669443345901,85.62968468666077,True,SolutionResult.kSolutionFound,1,85.622192077,0.04192173353125094,0.1518364610510789,0.3002415383487382,1.0814534393249318,1.0,1.0,0.0,0.0,,1.0137341636174746,1.000672426268977,1.1880136434071715,0.38573532273177696,acceleration,112.49798292600033,94.18053820708582,11593.51527064985,17.362998477809462,14.005117978089414
bottom,middle,5,kinetic,tight,snopt,all,True,0.0,1.0,911576914,True,0.4964637756347656,54,0.5717887878417969,17,17,4.424864955978323,,4.032020893008468,7.16195426710874,26.268677025227877,0.038068152386952006,79.63206195831299,True,SolutionResult.kSolutionFound,1,79.62468512,0.0438787738357264,0.16338687753734618,0.32310865657998633,1.1526373381537163,1.0,1.0,0.0,0.0,,1.018794472994137,1.0007376695123682,1.1930851136139968,0.5060267017003186,acceleration,113.545268332879,94.61490529854723,11481.696222245599,17.61916101395542,13.327205879374052
bottom,middle,8,parameterized,notebook,snopt,all,True,0.0,1.0,1222964207,True,0.5219604969024658,53,0.9545786380767822,18,18,5.481883309356471,,4.2711531413488455,12.91632555035943,29.5939583712291,0.23412880945874875,1.8797340393066406,True,SolutionResult.kSolutionFound,1,1.870598999,0.4085554362314311,1.7450028348750266,5.559667152973812,14.057098534245602,1.0,1.0,0.0,0.0,,2.893961414697358,1.0010181840661732,1.2782801713869072,0.7198281650457828,acceleration,281.2120199215059,183.16783134735255,33809.87058362587,63.71558871982553,18.70377891070163
bottom,middle,8,cspace,notebook,snopt,all,True,0.0,1.0,1222964207,True,0.5219604969024658,53,0.9545786380767822,18,18,5.481883309356471,,4.2711531413488455,12.91632555035943,29.5939583712291,0.07742139946079112,2.94077205657959,True,SolutionResult.kSolutionFound,1,2.93210719,0.24652517740322502,1.547497144359792,3.184199447700166,8.568731178712488,1.0,1.0,0.0,0.0,,2.0144307144265117,1.0010194987744692,1.2124678730852805,0.7818039297884292,acceleration,285.4349891701724,184.8618083319218,28055.46198236883,65.68313913678186,30.288635764413755
bottom,middle,8,kinetic,notebook,snopt,all,True,0.0,1.0,1222964207,True,0.5219604969024658,53,0.9545786380767822,18,18,5.481883309356471,,4.2711531413488455,12.91632555035943,29.5939583712291,0.03379068076855134,3.3404197692871094,True,SolutionResult.kSolutionFound,1,3.333355212,0.34521809743849025,1.9520335504626416,4.279899345850813,10.21637000458959,1.0,1.0,0.0,0.0,,2.396301337505943,1.0008205920919613,1.2238030584320214,0.6997160446602687,acceleration,276.90408899900353,181.16947556759783,30677.278315566935,61.24193471190276,25.05718266775792
bottom,middle,8,parameterized,tight,snopt,all,True,0.0,1.0,1222964207,True,0.5219604969024658,53,0.9545786380767822,18,18,5.481883309356471,,4.2711531413488455,12.91632555035943,29.5939583712291,0.23412880945874875,8.033575296401978,True,SolutionResult.kSolutionFound,1,8.027264113,0.02146725507107476,0.0916899339329609,0.49835691657016945,1.9188035887680128,1.0,1.0,0.0,2.79908229634529e-05,,1.5645817718409245,1.0010707928022538,1.2464132828253993,0.414655509693579,acceleration,113.36733071566462,94.74343743996518,15528.762122109792,20.734784551172112,14.06545158387569
bottom,middle,8,cspace,tight,snopt,all,True,0.0,1.0,1222964207,True,0.5219604969024658,53,0.9545786380767822,18,18,5.481883309356471,,4.2711531413488455,12.91632555035943,29.5939583712291,0.07742139946079112,77.89735531806946,True,SolutionResult.kSolutionFound,1,77.890730288,0.020627370842788248,0.13323593563593483,0.2664298370534451,0.9628708816913369,1.0,1.0,0.0,0.0,,1.0101758931407823,1.0004987847624467,1.2035559841952086,0.37771020344730677,acceleration,113.46588192072738,94.51497403916309,11678.841401169782,17.327748441101484,15.890918217942534
bottom,middle,8,kinetic,tight,snopt,all,True,0.0,1.0,1222964207,True,0.5219604969024658,53,0.9545786380767822,18,18,5.481883309356471,,4.2711531413488455,12.91632555035943,29.5939583712291,0.03379068076855134,106.48959445953369,True,SolutionResult.kSolutionFound,3,106.482518471,0.03266498314332449,0.13395614542283624,0.2713637907170429,0.9666861513404452,1.0,1.0,0.0,0.0,,1.0363240156082294,1.0006274310843308,1.210271830980686,0.3526407081189211,acceleration,111.29911127590165,93.45496682371794,11503.954657819195,16.90399051575117,13.663009799144298
middle,bottom,4,parameterized,notebook,snopt,all,True,0.0,1.0,936045014,True,0.7307872772216797,37,0.8962883949279785,10,10,3.4498558817058464,,5.320779814371767,10.120276209412392,37.2336998158603,0.18794237590868465,2.126434326171875,True,SolutionResult.kSolutionFound,1,2.117705767,0.14113929830133193,0.750971129416323,2.84306840754972,12.160454974822922,1.0,1.0,0.0,0.0,,2.146719314465923,1.0007601118252003,1.1068113504144457,0.3679055846333447,acceleration,167.30404702908476,49.553671865596066,22192.01269618115,42.086226758270115,18.055361244236593
middle,bottom,4,cspace,notebook,snopt,all,True,0.0,1.0,936045014,True,0.7307872772216797,37,0.8962883949279785,10,10,3.4498558817058464,,5.320779814371767,10.120276209412392,37.2336998158603,0.09881153234433929,3.4401235580444336,True,SolutionResult.kSolutionFound,1,3.433164635,0.20109648261466206,1.2781819388787794,2.035151948801677,7.541956088833871,1.0,1.0,0.0,0.0,,1.4405328731602105,1.0005656141258785,1.126337721204839,0.47146196703550436,acceleration,186.26186081086968,58.90591017025357,20011.080796465278,43.547501161674354,24.028609564324025
middle,bottom,4,kinetic,notebook,snopt,all,True,0.0,1.0,936045014,True,0.7307872772216797,37,0.8962883949279785,10,10,3.4498558817058464,,5.320779814371767,10.120276209412392,37.2336998158603,0.02685739007795389,4.582352876663208,True,SolutionResult.kSolutionFound,1,4.571014745,0.1734706535875621,1.400840313168655,2.0977348664243376,6.458954242540376,1.0,1.0,0.0,0.0,,1.4040198217448212,1.0002210607542708,1.1093594880844109,0.6167309216946106,acceleration,190.28969115699584,61.489085791548426,19070.232242253907,39.937278699133486,24.891143626554463
middle,bottom,4,parameterized,tight,snopt,all,True,0.0,1.0,936045014,True,0.7307872772216797,37,0.8962883949279785,10,10,3.4498558817058464,,5.320779814371767,10.120276209412392,37.2336998158603,0.18794237590868465,4.846672058105469,True,SolutionResult.kSolutionFound,1,4.837009659,0.03489777495607626,0.18568337655278358,1.0827885381086233,4.125291224062873,1.0,1.0,0.0,2.1239567765896084e-05,,1.5227039676526903,1.000644918356052,1.1641900113402124,0.3597493448895142,acceleration,114.90306033184171,22.273959609864555,14974.392625632428,21.065936686813618,15.220508885422978
middle,bottom,4,cspace,tight,snopt,all,True,0.0,1.0,936045014,True,0.7307872772216797,37,0.8962883949279785,10,10,3.4498558817058464,,5.320779814371767,10.120276209412392,37.2336998158603,0.09881153234433929,28.6862211227417,True,SolutionResult.kSolutionFound,3,28.679839969,0.05198776684655337,0.26441157675527627,0.5261305599976525,1.8968485882118222,1.0,1.0,0.0,0.0,,1.0028080200026532,1.0001911497261464,1.0873600459117063,0.3794347769822038,acceleration,111.72151577692972,20.270860350655326,11338.089552608733,17.575448282103064,15.162270618883767
middle,bottom,4,kinetic,tight,snopt,all,True,0.0,1.0,936045014,True,0.7307872772216797,37,0.8962883949279785,10,10,3.4498558817058464,,5.320779814371767,10.120276209412392,37.2336998158603,0.02685739007795389,39.84259581565857,True,SolutionResult.kSolutionFound,1,39.834637962,0.050510880176703486,0.26332885937036626,0.5275904292879009,1.880706949934266,1.0,1.0,0.0,0.0,,1.007859244430645,1.000198161091803,1.0935805269952295,0.3535846104914249,acceleration,111.29561422699312,20.21871982703953,11247.14661805534,17.39923959689667,15.730171499201363
bottom,top,7,parameterized,notebook,snopt,all,True,0.0,1.0,1956161951,True,0.30150580406188965,48,0.755915641784668,16,16,5.018989425419711,,3.0265934994135124,6.941029855198292,26.003916877498387,0.3304044630353492,1.729684829711914,True,SolutionResult.kSolutionFound,1,1.710775059,0.4741766257743405,1.435139893142454,3.922169477965994,15.083790451869607,1.0,1.0,0.0,0.0,,2.8681303772571995,1.0011547946137835,1.2360061514733922,0.42044449013260826,acceleration,364.002797537196,261.46911464659183,31340.832472342478,80.6345857513386,30.554734666887065
bottom,top,7,cspace,notebook,snopt,all,True,0.0,1.0,1956161951,True,0.30150580406188965,48,0.755915641784668,16,16,5.018989425419711,,3.0265934994135124,6.941029855198292,26.003916877498387,0.14407083975457585,2.795736074447632,True,SolutionResult.kSolutionFound,1,2.785845436,0.3680076976361955,1.5150700837870108,2.5543524162356195,9.940851761533782,1.0,1.0,0.0,0.0,,2.07463123454239,1.0010870809114125,1.2399006552482483,0.48715420992059,acceleration,325.19628936268253,241.49421396044738,29703.306038572857,66.81379957264036,24.45793893877943
bottom,top,7,kinetic,notebook,snopt,all,True,0.0,1.0,1956161951,True,0.30150580406188965,48,0.755915641784668,16,16,5.018989425419711,,3.0265934994135124,6.941029855198292,26.003916877498387,0.038455745136814996,4.314967155456543,True,SolutionResult.kSolutionFound,1,4.306740473,0.36656124001230345,1.6508485409878721,2.7112782777090234,9.532028015792674,0.996,0.996,0.0,0.0,,1.959458275225586,1.0007063343352702,1.1274364428335273,0.6276577850610424,acceleration,336.1894026528154,248.0387073792816,28866.776834756725,67.9808757906236,25.719554693079377
bottom,top,7,parameterized,tight,snopt,all,True,0.0,1.0,1956161951,True,0.30150580406188965,48,0.755915641784668,16,16,5.018989425419711,,3.0265934994135124,6.941029855198292,26.003916877498387,0.3304044630353492,7.603937864303589,True,SolutionResult.kSolutionFound,1,7.598537377,0.16674359690143364,0.5046650864507041,3.0504066204707394,12.511431712807834,1.0,1.0,0.0,3.4518764061353124e-05,,3.0354906800109847,1.0019249378386665,1.2710364099347997,0.35548080758548367,acceleration,294.19156463798754,225.39838453567575,28516.323049277038,60.0707318381195,20.674936655422968
bottom,top,7,cspace,tight,snopt,all,True,0.0,1.0,1956161951,True,0.30150580406188965,48,0.755915641784668,16,16,5.018989425419711,,3.0265934994135124,6.941029855198292,26.003916877498387,0.14407083975457585,120.19495224952698,False,SolutionResult.kSolverSpecificError,41,120.185828485,0.19574986573135764,0.7171015901833526,1.3587056621924103,5.701096296866774,1.0,1.0,0.0,0.0,,1.7399673951420913,1.00068704529203,1.1008772021756617,0.4107620254771748,acceleration,256.5016012208218,205.78075523341948,22862.0388705706,51.01710016821168,21.672094210372713
bottom,top,7,kinetic,tight,snopt,all,True,0.0,1.0,1956161951,True,0.30150580406188965,48,0.755915641784668,16,16,5.018989425419711,,3.0265934994135124,6.941029855198292,26.003916877498387,0.038455745136814996,74.37611150741577,True,SolutionResult.kSolutionFound,1,74.368478966,0.20537854421879617,0.8041212327434599,1.42049420401207,5.340646592287203,1.0,1.0,0.0,0.0,,1.600637918592102,1.0006495050787196,1.0682799108817496,0.3850658138743097,acceleration,261.772382105096,208.97919204501446,21864.726131138137,52.8394143443319,25.284515291783634
bottom,top,2,parameterized,notebook,snopt,all,True,0.0,1.0,82992400,True,0.44530463218688965,54,0.5909767150878906,17,17,5.046509768691552,,3.488910343982315,8.471003426623529,31.398103429618153,0.2866224412228889,2.3277013301849365,True,SolutionResult.kSolutionFound,1,2.318719567,0.30440726614353153,1.0620496596315465,4.077064067939365,17.262318318331197,1.0,1.0,0.0,0.0,,3.2450363107223352,1.0013506604505913,1.3378725361877155,0.529144491914258,acceleration,321.8055866533033,239.62591195446652,33935.157106957275,74.81622942213282,23.588994284942366
bottom,top,2,cspace,notebook,snopt,all,True,0.0,1.0,82992400,True,0.44530463218688965,54,0.5909767150878906,17,17,5.046509768691552,,3.488910343982315,8.471003426623529,31.398103429618153,0.11804976927020222,3.777517318725586,True,SolutionResult.kSolutionFound,1,3.769559738,0.25237843972350893,1.207687962341839,2.137898627703744,9.445133753498911,1.0,1.0,0.0,0.0,,2.133508264845657,1.0008441311873888,1.1911732322458433,0.498017452081179,acceleration,298.2077178300958,227.3282606314573,29574.441563254724,66.10408725672463,27.11931310060417
bottom,top,2,kinetic,notebook,snopt,all,True,0.0,1.0,82992400,True,0.44530463218688965,54,0.5909767150878906,17,17,5.046509768691552,,3.488910343982315,8.471003426623529,31.398103429618153,0.03184905745156218,6.08521294593811,True,SolutionResult.kSolutionFound,1,6.078765471,0.2873037501714348,1.397883489445134,2.3647082343730386,9.020792863599885,1.0,1.0,0.0,0.0,,2.0743197154558137,1.000727923826974,1.2061983481038159,0.5061363465369549,acceleration,300.63144009615746,228.77902338507988,28850.552052489747,67.12321918529258,27.01280795962675
bottom,top,2,parameterized,tight,snopt,all,True,0.0,1.0,82992400,True,0.44530463218688965,54,0.5909767150878906,17,17,5.046509768691552,,3.488910343982315,8.471003426623529,31.398103429618153,0.2866224412228889,10.101112365722656,True,SolutionResult.kSolutionFound,1,10.093093331,0.1353480835162177,0.4722173286179137,2.895407112808127,11.905463394421954,1.0,1.0,0.0,6.276400728211229e-05,,3.0660900796352695,1.0022283487960113,1.2396052477428465,0.356980601188022,acceleration,296.23791130265164,226.34625410396285,28864.974544651384,60.71658740397788,21.118706680113483
bottom,top,2,cspace,tight,snopt,all,True,0.0,1.0,82992400,True,0.44530463218688965,54,0.5909767150878906,17,17,5.046509768691552,,3.488910343982315,8.471003426623529,31.398103429618153,0.11804976927020222,96.380211353302,True,SolutionResult.kSolutionFound,3,96.367789562,0.15313235451196833,0.6884898492447095,1.2971846997978127,5.628356283959568,1.0,1.0,0.0,0.0,,1.7974032618761728,1.0006940914447842,1.1166281661343684,0.43339974713822066,acceleration,257.90447968006913,206.43876529673787,23777.804952204322,50.61653379010053,20.40661685970392
bottom,top,2,kinetic,tight,snopt,all,True,0.0,1.0,82992400,True,0.44530463218688965,54,0.5909767150878906,17,17,5.046509768691552,,3.488910343982315,8.471003426623529,31.398103429618153,0.03184905745156218,93.42602229118347,True,SolutionResult.kSolutionFound,1,93.420033778,0.15906326368408102,0.7524549394324673,1.3288858385107172,4.994284805005401,1.0,1.0,0.0,0.0,,1.6054696332208958,1.0007521963627029,1.0820324231713327,0.3842776979204289,acceleration,260.8568430106519,208.6286064934689,21891.788265247254,52.62869496010826,25.586941590418157
bottom,top,8,parameterized,notebook,snopt,all,True,0.0,1.0,1680323598,True,0.42321038246154785,45,0.5425453186035156,20,20,5.929785204794376,,1.7361266910074606,4.133318350937927,16.954146960003516,0.5759948310106954,5.916747570037842,True,SolutionResult.kSolutionFound,1,5.907096557,0.22755883388125914,0.3950709652757873,2.5816305206958363,10.684106539996149,0.998,0.998,0.0,1.6136754164008948e-06,,3.2153426045981397,1.0030536849578822,1.2060934619157995,0.3516545469131332,acceleration,299.6644674297087,228.4235188569611,30228.918197262115,61.933596163436285,22.2972741294823
bottom,top,8,cspace,notebook,snopt,all,True,0.0,1.0,1680323598,True,0.42321038246154785,45,0.5425453186035156,20,20,5.929785204794376,,1.7361266910074606,4.133318350937927,16.954146960003516,0.24193636083537612,4.416215181350708,True,SolutionResult.kSolutionFound,1,4.40545137,0.36427915160032026,0.8518167644091703,1.5056817021737028,6.46684622596341,0.996,0.996,0.0,0.0,,2.014080228496156,1.000541217941472,1.1720681480397195,0.4432853179327692,acceleration,298.59165021830995,227.7042417543708,28118.582284700977,59.667571891490894,22.63854266434818
bottom,top,8,kinetic,notebook,snopt,all,True,0.0,1.0,1680323598,True,0.42321038246154785,45,0.5425453186035156,20,20,5.929785204794376,,1.7361266910074606,4.133318350937927,16.954146960003516,0.05898261955373499,6.200141191482544,True,SolutionResult.kSolutionFound,1,6.190294741,0.36205522793933403,0.9310323031616794,1.5607160367359616,6.13833754212104,0.996,0.996,0.0,0.0,,1.9447292453843765,1.0004437256662047,1.2147542970122673,0.4798601620933026,acceleration,303.5666069651461,229.76762184248813,27524.19430855262,59.31538045246023,23.48292728269729
bottom,top,8,parameterized,tight,snopt,all,True,0.0,1.0,1680323598,True,0.42321038246154785,45,0.5425453186035156,20,20,5.929785204794376,,1.7361266910074606,4.133318350937927,16.954146960003516,0.5759948310106954,12.676151037216187,True,SolutionResult.kSolutionFound,3,12.670742443,0.22682787703288027,0.3938019315813415,2.5370433211539742,10.399819680573623,1.0,1.0,0.0,2.9074427823960747e-05,,3.160035506569945,1.0029655709092187,1.181973084356954,0.35357991202142486,acceleration,299.71919221006567,227.6831241413379,29566.799190220954,60.993172754096264,22.262342466385906
bottom,top,8,cspace,tight,snopt,all,True,0.0,1.0,1680323598,True,0.42321038246154785,45,0.5425453186035156,20,20,5.929785204794376,,1.7361266910074606,4.133318350937927,16.954146960003516,0.24193636083537612,101.98646306991577,True,SolutionResult.kSolutionFound,3,101.97589037,0.2612302068844003,0.5717867117340191,1.079747607934603,4.665952960153133,0.996,0.996,0.0,0.0,,1.796180117493871,1.0007438738372167,1.163119563628872,0.42287993831336834,acceleration,257.2834157652667,206.43240510764178,23655.806668241166,50.24788748383277,20.70533503567946
bottom,top,8,kinetic,tight,snopt,all,True,0.0,1.0,1680323598,True,0.42321038246154785,45,0.5425453186035156,20,20,5.929785204794376,,1.7361266910074606,4.133318350937927,16.954146960003516,0.05898261955373499,83.05925130844116,False,SolutionResult.kSolverSpecificError,41,83.052459871,0.2481640225505141,0.6250692767883319,1.1089578627066545,4.207409308507042,1.0,1.0,0.0,0.0,,1.6096700411624232,1.0005567745477535,1.166919883807671,0.38282678645641205,acceleration,261.8828661958677,208.98142802062787,22031.432762961587,52.555172135745124,25.05523602253299
bottom,top,5,parameterized,notebook,snopt,all,True,0.0,1.0,446089395,True,0.7692418098449707,42,0.7973809242248535,18,18,5.877713839988203,,3.70798496047286,7.84700276777129,26.45416836391498,0.26968825673782537,2.593691825866699,True,SolutionResult.kSolutionFound,1,2.580426006,0.13863570098329442,0.5140590942306691,5.069296370670195,20.15063335446382,1.0,1.0,0.0,1.935127273089421e-06,,3.9979518706365553,1.004140104488637,1.0003972724831247,0.3445817997448849,velocity,324.41856684729424,240.64416252911178,35278.82040247795,70.78595471504339,19.56903835604982
bottom,top,5,cspace,notebook,snopt,all,True,0.0,1.0,446089395,True,0.7692418098449707,42,0.7973809242248535,18,18,5.877713839988203,,3.70798496047286,7.84700276777129,26.45416836391498,0.12743719221141814,0.4256856441497803,True,SolutionResult.kSolutionFound,1,0.417376474,0.9398927416810663,3.501259819165948,7.375340945379474,23.44645086478048,1.0,1.0,0.0,0.0,,3.2718431759347104,1.0153293017225866,1.366968270022191,0.6134636997417504,acceleration,424.4943894621289,293.33612271840127,39201.68564633258,81.0189487255061,26.981259611219347
bottom,top,5,kinetic,notebook,snopt,all,True,0.0,1.0,446089395,True,0.7692418098449707,42,0.7973809242248535,18,18,5.877713839988203,,3.70798496047286,7.84700276777129,26.45416836391498,0.037801226114673785,2.721601963043213,True,SolutionResult.kSolutionFound,1,2.714181678,0.38174320954711016,2.0334619647094136,3.423681919953578,10.09869913714053,1.0,1.0,0.0,3.597103261476775e-06,,2.284685411765205,1.0010397228994403,1.18549374725585,0.6006749408493086,acceleration,360.95697492523595,260.54621808100705,31025.358262673042,73.29672756922034,25.857872374976402
bottom,top,5,parameterized,tight,snopt,all,True,0.0,1.0,446089395,True,0.7692418098449707,42,0.7973809242248535,18,18,5.877713839988203,,3.70798496047286,7.84700276777129,26.45416836391498,0.26968825673782537,10.769999265670776,True,SolutionResult.kSolutionFound,1,10.76236871,0.12193383827163712,0.4521288384839667,3.768630729057653,15.342629724237742,0.998,0.998,0.0,6.315759405284282e-05,,3.4777557485132014,1.00308093154922,1.0003509480004023,0.34159068807404425,velocity,308.71724127569394,233.61176081366347,31842.885226856983,63.925365375045615,21.240870837883747
bottom,top,5,cspace,tight,snopt,all,True,0.0,1.0,446089395,True,0.7692418098449707,42,0.7973809242248535,18,18,5.877713839988203,,3.70798496047286,7.84700276777129,26.45416836391498,0.12743719221141814,98.79206156730652,True,SolutionResult.kSolutionFound,1,98.786365594,0.16002892229222881,0.6661601253034486,1.2557473961505765,5.3464094838914455,1.0,1.0,0.0,0.0,,1.8132842023895768,1.0008225438159244,1.1199861988407716,0.4310592986001845,acceleration,257.45454776387254,206.1469157869207,24372.64472315253,50.89535246387861,20.840414086177038
bottom,top,5,kinetic,tight,snopt,all,True,0.0,1.0,446089395,True,0.7692418098449707,42,0.7973809242248535,18,18,5.877713839988203,,3.70798496047286,7.84700276777129,26.45416836391498,0.037801226114673785,109.6374785900116,True,SolutionResult.kSolutionFound,1,109.628661781,0.18401470236934583,0.7775978142234269,1.329502789061673,4.867955917914382,0.998,0.998,0.0,0.0,,1.5862642550237902,1.0010125961172747,1.0548600130322079,0.3982314330348753,acceleration,267.3878709761513,211.74537340158605,21965.65507324027,53.84638779133192,26.01458332436771
middle,bottom,2,parameterized,notebook,snopt,all,True,0.0,1.0,1588153571,True,0.5657739639282227,39,1.1515533924102783,14,14,3.8654548935825073,,4.242471927039272,8.095803786619241,32.36714105304995,0.23571163632846429,3.648329973220825,True,SolutionResult.kSolutionFound,1,3.637955355,0.35048412122055334,1.4869190451512302,3.119548320604105,12.382159612609616,1.0,1.0,0.0,0.0,,2.07296384352735,1.0010527368511186,1.2014036219204725,0.5256062387282178,acceleration,301.98689757967975,118.52392901125754,26375.91203807092,65.52287595846154,26.354045289995216
middle,bottom,2,cspace,notebook,snopt,all,True,0.0,1.0,1588153571,True,0.5657739639282227,39,1.1515533924102783,14,14,3.8654548935825073,,4.242471927039272,8.095803786619241,32.36714105304995,0.12352078019143717,5.21529483795166,True,SolutionResult.kSolutionFound,1,5.206672449,0.16530986513735985,0.7563931755528742,1.3383162321445536,5.9585577246444394,0.998,0.998,0.0,0.0,,1.6379187479997017,1.0005987155007359,1.1477360297485584,0.43138053723280945,acceleration,215.50035140048095,73.55115284119995,23544.421245536203,46.825330057080535,21.872726947926903
middle,bottom,2,kinetic,notebook,snopt,all,True,0.0,1.0,1588153571,True,0.5657739639282227,39,1.1515533924102783,14,14,3.8654548935825073,,4.242471927039272,8.095803786619241,32.36714105304995,0.030895530697660125,4.037777662277222,True,SolutionResult.kSolutionFound,1,4.028945604,0.26710836558620976,1.4621498511139164,2.4103079506502034,8.645534145378484,1.0,1.0,0.0,0.0,,1.7123443382409724,1.0007022626224726,1.164365109702659,0.4596178986269962,acceleration,284.78101925246574,110.0860265114306,25360.549562439526,60.37784072824449,27.209310839392874
middle,bottom,2,parameterized,tight,snopt,all,True,0.0,1.0,1588153571,True,0.5657739639282227,39,1.1515533924102783,14,14,3.8654548935825073,,4.242471927039272,8.095803786619241,32.36714105304995,0.23571163632846429,9.365346431732178,True,SolutionResult.kSolutionFound,1,9.358526869,0.02854527285675066,0.12110251874444129,0.6694587903693875,2.5582924049739804,1.0,1.0,0.0,2.6105965454270574e-05,,1.5553506981318324,1.0006572350640786,1.19988869649739,0.3986274030503947,acceleration,112.57628786371643,20.680862486032993,15284.672215265731,20.618863530099834,14.624103789635122
middle,bottom,2,cspace,tight,snopt,all,True,0.0,1.0,1588153571,True,0.5657739639282227,39,1.1515533924102783,14,14,3.8654548935825073,,4.242471927039272,8.095803786619241,32.36714105304995,0.12352078019143717,50.86686563491821,True,SolutionResult.kSolutionFound,3,50.858478237,0.043685971467975225,0.177041889806537,0.35367305323257386,1.2755998437440186,1.0,1.0,0.0,0.0,,1.0077254403490843,1.0003886103408812,1.1429089435773143,0.3854913269505722,acceleration,111.42129732812398,20.267786367252935,11389.038203252252,17.39456586708866,14.787370152562925
middle,bottom,2,kinetic,tight,snopt,all,True,0.0,1.0,1588153571,True,0.5657739639282227,39,1.1515533924102783,14,14,3.8654548935825073,,4.242471927039272,8.095803786619241,32.36714105304995,0.030895530697660125,44.74254608154297,True,SolutionResult.kSolutionFound,1,44.734826732,0.03960195673302935,0.18040440448140527,0.35924357300937004,1.2818021195547429,1.0,1.0,0.0,0.0,,1.0173717108920781,1.0004472930823156,1.143795619937328,0.36292914907381574,acceleration,110.0965215790792,19.82863280374062,11209.238737578156,17.223593332651326,14.163060621092939
bottom,middle,2,parameterized,notebook,snopt,all,True,0.0,1.0,674306801,True,0.5377798080444336,53,1.3673861026763916,20,20,6.700023515075748,,8.237501309708875,14.943682253571167,45.15635307551427,0.12139603532704524,0.7544522285461426,True,SolutionResult.kSolutionFound,1,0.741146541,0.4608491887763959,3.7962457961238405,7.388953956946981,23.17226887753972,1.0,1.0,0.0,0.0,,3.2742757456747595,1.0018181432815816,1.3427844844850816,0.6814553810634109,acceleration,417.33470634305525,252.87611339786807,36365.25216628039,104.5960259116791,30.279528491243042
bottom,middle,2,cspace,notebook,snopt,all,True,0.0,1.0,674306801,True,0.5377798080444336,53,1.3673861026763916,20,20,6.700023515075748,,8.237501309708875,14.943682253571167,45.15635307551427,0.06691791106312,4.563736438751221,True,SolutionResult.kSolutionFound,1,4.552656719,0.22432884187786475,2.2180063626030164,3.3522989333344193,11.158455095074713,0.998,0.998,0.0,0.0,,2.3149968115309343,1.0006552186980002,1.2473951346373782,0.6571515635662626,acceleration,365.43591639011333,225.1088821378895,32270.21551039292,82.60738159579336,28.890144350783636
bottom,middle,2,kinetic,notebook,snopt,all,True,0.0,1.0,674306801,True,0.5377798080444336,53,1.3673861026763916,20,20,6.700023515075748,,8.237501309708875,14.943682253571167,45.15635307551427,0.022145278170000032,5.8834521770477295,True,SolutionResult.kSolutionFound,1,5.874488682,0.368745220392138,3.554697312310565,5.774893588683142,16.651189366935707,1.0,1.0,0.0,0.0,,2.8453375472738567,1.0010126380280608,1.179760742847535,0.6764709618878523,acceleration,397.4220917037084,244.56659659458595,35573.30185803879,96.58915388389096,26.959912400614854
bottom,middle,2,parameterized,tight,snopt,all,True,0.0,1.0,674306801,True,0.5377798080444336,53,1.3673861026763916,20,20,6.700023515075748,,8.237501309708875,14.943682253571167,45.15635307551427,0.12139603532704524,9.849655866622925,True,SolutionResult.kSolutionFound,1,9.841836543,0.009942765470649033,0.08190354358659585,0.43200402413251743,1.6816627645249942,1.0,1.0,0.0,3.846921225836297e-05,,1.5512415220715012,1.0012354924592843,1.2838825225779504,0.4102337312189384,acceleration,113.39109139535299,94.84482259503406,15448.633963929133,20.98866292261041,14.284243532539055
bottom,middle,2,cspace,tight,snopt,all,True,0.0,1.0,674306801,True,0.5377798080444336,53,1.3673861026763916,20,20,6.700023515075748,,8.237501309708875,14.943682253571167,45.15635307551427,0.06691791106312,113.71310114860535,True,SolutionResult.kSolutionFound,3,113.703976013,0.015895689743108656,0.11851349357740425,0.23754013672236596,0.8573239569962706,1.0,1.0,0.0,0.0,,1.016975320408509,1.0004375962658059,1.2368799229152068,0.36272493383191173,acceleration,113.59365670328539,94.83940872437302,11819.819645732567,17.236947217152128,15.964841154247608
bottom,middle,2,kinetic,tight,snopt,all,True,0.0,1.0,674306801,True,0.5377798080444336,53,1.3673861026763916,20,20,6.700023515075748,,8.237501309708875,14.943682253571167,45.15635307551427,0.022145278170000032,109.76151776313782,True,SolutionResult.kSolutionFound,1,109.753288285,0.01914937159629896,0.12103462218664843,0.24127835501222034,0.8647157849766999,1.0,1.0,0.0,0.0,,1.0163066870876827,1.0005717337518691,1.2376372593941112,0.34908241589788663,acceleration,112.31177124662537,94.13613216365626,11595.634751148109,17.19821517329551,14.903443641232899
bottom,middle,9,parameterized,notebook,snopt,all,True,0.0,1.0,1071891321,True,0.21669387817382812,23,0.601801872253418,21,21,4.196833614323591,,0.9829784561953164,1.8629862925241771,8.06458315837323,1.0173162938591418,1.1695961952209473,True,SolutionResult.kSolutionFound,1,1.160639715,0.47033009844902957,0.4623243540756209,0.856959782683469,3.7137656098015386,1.0,1.0,0.0,0.0,,1.5870452360689489,1.0021153860618273,1.1122033625892762,0.3862990206722493,acceleration,201.69905452471184,140.0386799863637,22347.00043630501,44.30752026573993,23.084615483505903
bottom,middle,9,cspace,notebook,snopt,all,True,0.0,1.0,1071891321,True,0.21669387817382812,23,0.601801872253418,21,21,4.196833614323591,,0.9829784561953164,1.8629862925241771,8.06458315837323,0.5367726021457145,4.722143888473511,True,SolutionResult.kSolutionFound,1,4.712903997,0.34327438011548567,0.3523966678391149,0.639515464729884,2.8819068292530097,1.0,1.0,0.0,0.0,,1.4953740483453744,1.0019891218459303,1.2381331523398218,0.4465917167321145,acceleration,188.31575333616212,133.19896725202574,21949.741621420333,38.88810610755445,21.26380750249848
bottom,middle,9,kinetic,notebook,snopt,all,True,0.0,1.0,1071891321,True,0.21669387817382812,23,0.601801872253418,21,21,4.196833614323591,,0.9829784561953164,1.8629862925241771,8.06458315837323,0.12399896936541947,6.057009696960449,True,SolutionResult.kSolutionFound,1,6.048592991,0.38293461401912415,0.46089353159031676,0.7912560710803278,3.0882080389767834,1.0,1.0,0.0,0.0,,1.5301501538032314,1.0014916213709073,1.2395911038166367,0.4015012201388894,acceleration,191.10673869061074,134.62081914549776,21811.93467457979,40.00450479720871,19.743495894990623
bottom,middle,9,parameterized,tight,snopt,all,True,0.0,1.0,1071891321,True,0.21669387817382812,23,0.601801872253418,21,21,4.196833614323591,,0.9829784561953164,1.8629862925241771,8.06458315837323,1.0173162938591418,12.300136089324951,True,SolutionResult.kSolutionFound,1,12.290314216,0.07883689907760287,0.07749497334652848,0.40624042077153205,1.5642415926608684,1.0,1.0,0.0,2.2193036310902414e-06,,1.5509120611682254,1.001399808302712,1.3003808220613942,0.39193831471973245,acceleration,112.10220728657399,94.1261967383773,15490.690500553985,20.593182351904584,14.534995813783727
bottom,middle,9,cspace,tight,snopt,all,True,0.0,1.0,1071891321,True,0.21669387817382812,23,0.601801872253418,21,21,4.196833614323591,,0.9829784561953164,1.8629862925241771,8.06458315837323,0.5367726021457145,116.67853116989136,True,SolutionResult.kSolutionFound,1,116.670596094,0.12157797455117655,0.11316124440388803,0.22649810006169513,0.8221716208634847,1.0,1.0,0.0,0.0,,1.0242570587369433,1.000130364766867,1.2539913282643989,0.37639770130101663,acceleration,114.1692821501561,95.14441207694387,11976.81680972084,17.125261243234604,15.994178810093604
bottom,middle,9,kinetic,tight,snopt,all,True,0.0,1.0,1071891321,True,0.21669387817382812,23,0.601801872253418,21,21,4.196833614323591,,0.9829784561953164,1.8629862925241771,8.06458315837323,0.12399896936541947,104.6541748046875,False,SolutionResult.kSolverSpecificError,41,104.645103967,0.10146488309258282,0.11372981727186982,0.22803110421994333,0.8182719873547522,1.0,1.0,0.0,0.0,,1.0283675249124657,1.000375658303559,1.2564730427220687,0.35443497112772093,acceleration,114.2290174531656,95.16051049614721,11890.328814663579,17.094848590930695,16.87536584137462
middle,bottom,5,parameterized,notebook,snopt,all,True,0.0,1.0,1087232320,True,0.20911312103271484,36,0.748361349105835,13,13,3.785393841287155,,5.530084740301406,9.547084393644596,34.86714016583017,0.18082905542338887,2.902054786682129,True,SolutionResult.kSolutionFound,1,2.887888211,0.3642139002287855,2.0141337318608685,3.760064139371624,14.114334810596914,1.0,1.0,0.0,0.0,,2.11590297754334,1.0018087607769577,1.044039771066312,0.3901654308972967,acceleration,296.128448199211,115.72176392386831,27601.57216061299,66.87724905404707,25.255326090000853
middle,bottom,5,cspace,notebook,snopt,all,True,0.0,1.0,1087232320,True,0.20911312103271484,36,0.748361349105835,13,13,3.785393841287155,,5.530084740301406,9.547084393644596,34.86714016583017,0.10474402013935172,4.09355092048645,True,SolutionResult.kSolutionFound,1,4.08652048,0.15633991812890566,0.8706734860637244,1.492590392472149,6.9860480853852565,0.998,0.998,0.0,0.0,,1.7625331477416433,1.0005519019565277,1.1536287602353448,0.4077351470683546,acceleration,210.56527819560463,70.9152025078425,24631.735123768503,46.332135571299936,20.191588691974516
middle,bottom,5,kinetic,notebook,snopt,all,True,0.0,1.0,1087232320,True,0.20911312103271484,36,0.748361349105835,13,13,3.785393841287155,,5.530084740301406,9.547084393644596,34.86714016583017,0.028680298849975683,6.621123790740967,True,SolutionResult.kSolutionFound,1,6.612882628,0.2224604033965352,1.2136916001406175,2.012687154823507,7.756558066574115,1.0,1.0,0.0,0.0,,1.7679819848469673,1.0004891368287008,1.1366020503272491,0.4685746179008781,acceleration,227.65439062483438,80.2500591653805,24712.64431754961,49.85141218610487,22.811262587112527
middle,bottom,5,parameterized,tight,snopt,all,True,0.0,1.0,1087232320,True,0.20911312103271484,36,0.748361349105835,13,13,3.785393841287155,,5.530084740301406,9.547084393644596,34.86714016583017,0.18082905542338887,6.77262806892395,True,SolutionResult.kSolutionFound,1,6.763185686,0.0237817207594184,0.13151493106977058,0.7150661084715428,2.741104451508643,1.0,1.0,0.0,5.427147033287838e-05,,1.54862778527809,1.0005282346655682,1.1719791047039831,0.3777019799617108,acceleration,112.06613431003788,20.68549461643714,15369.532837204135,20.67108841016607,14.865156151227652
middle,bottom,5,cspace,tight,snopt,all,True,0.0,1.0,1087232320,True,0.20911312103271484,36,0.748361349105835,13,13,3.785393841287155,,5.530084740301406,9.547084393644596,34.86714016583017,0.10474402013935172,48.88900589942932,True,SolutionResult.kSolutionFound,1,48.867115323,0.04117533935856343,0.19796525248581295,0.3931044397931609,1.4131731518536552,1.0,1.0,0.0,0.0,,1.0116456413816086,1.0003798724513835,1.1285387494565526,0.37135973447465565,acceleration,111.12339703694704,20.07409084754279,11360.060174325947,17.340947525228785,13.935343674499194
middle,bottom,5,kinetic,tight,snopt,all,True,0.0,1.0,1087232320,True,0.20911312103271484,36,0.748361349105835,13,13,3.785393841287155,,5.530084740301406,9.547084393644596,34.86714016583017,0.028680298849975683,50.501941204071045,True,SolutionResult.kSolutionFound,1,50.495185991,0.040829611979340034,0.20033451251837125,0.39913482819082613,1.4236118038001078,1.0,1.0,0.0,0.0,,1.0219219559948278,1.000371247252793,1.1295489961302605,0.38356701813488087,acceleration,110.11264328594015,19.68546407714358,11263.67427635172,17.220732415900912,13.46711289270274
bottom,top,3,parameterized,notebook,snopt,all,True,0.0,1.0,1945464198,True,0.31333351135253906,42,0.6573231220245361,18,18,5.703299278176244,,3.876864411182121,8.80714271503479,31.222427297809386,0.25794041110018684,1.7064099311828613,True,SolutionResult.kSolutionFound,1,1.69738873,0.1458999148188916,0.5656341873558639,3.389905089732346,13.582400532597203,1.0,1.0,0.0,3.428924418136248e-05,,3.314800950642181,1.0021735927069007,1.1826378763044416,0.3464278612939951,acceleration,311.7632527322969,234.78990612420938,31993.468413868108,68.34605967174937,20.93901376066308
bottom,top,3,cspace,notebook,snopt,all,True,0.0,1.0,1945464198,True,0.31333351135253906,42,0.6573231220245361,18,18,5.703299278176244,,3.876864411182121,8.80714271503479,31.222427297809386,0.11354420296753984,7.042183876037598,True,SolutionResult.kSolutionFound,1,7.034033591,0.1954356495137661,0.9492584071277872,1.7212296568732572,7.3881416005500915,0.996,0.996,0.0,0.0,,2.06876623952124,1.000727850944946,1.225213773218479,0.4731090158318409,acceleration,288.95773638753826,222.69719732394336,28808.812127980582,60.234439159365984,23.711573013926884
bottom,top,3,kinetic,notebook,snopt,all,True,0.0,1.0,1945464198,True,0.31333351135253906,42,0.6573231220245361,18,18,5.703299278176244,,3.876864411182121,8.80714271503479,31.222427297809386,0.03202825938104311,4.849062204360962,True,SolutionResult.kSolutionFound,1,4.842686819,0.2794759128299584,1.3747889639418398,2.5733475379154904,8.725916369822292,0.992,0.992,0.0,0.0,,2.0331025977362467,1.0004448472748486,1.2059103783678349,0.5317657656326324,acceleration,305.28325330049734,232.3430364619598,27677.758448391833,70.95096652075924,27.99139868198988
bottom,top,3,parameterized,tight,snopt,all,True,0.0,1.0,1945464198,True,0.31333351135253906,42,0.6573231220245361,18,18,5.703299278176244,,3.876864411182121,8.80714271503479,31.222427297809386,0.25794041110018684,5.271054029464722,True,SolutionResult.kSolutionFound,1,5.265704723,0.11457724960111942,0.4442004613097108,2.688216510533316,11.049698121943543,1.0,1.0,0.0,1.0320596766977275e-05,,3.05905282511623,1.002434548726864,1.2657367330755416,0.35512402925773084,acceleration,294.08709190994693,224.0921478709919,28726.59028273771,60.350006443280925,21.36009606577113
bottom,top,3,cspace,tight,snopt,all,True,0.0,1.0,1945464198,True,0.31333351135253906,42,0.6573231220245361,18,18,5.703299278176244,,3.876864411182121,8.80714271503479,31.222427297809386,0.11354420296753984,173.79099416732788,True,SolutionResult.kSolutionFound,3,173.784706054,0.13640688171377494,0.6368073739640003,1.201354874566085,5.101678297601615,1.0,1.0,0.0,0.0,,1.7641287460400374,1.0007541232228019,1.1244363119096652,0.42996635840645964,acceleration,257.7101963204017,206.3646624974765,23241.07708703232,50.60804592774504,21.221532044840913
bottom,top,3,kinetic,tight,snopt,all,True,0.0,1.0,1945464198,True,0.31333351135253906,42,0.6573231220245361,18,18,5.703299278176244,,3.876864411182121,8.80714271503479,31.222427297809386,0.03202825938104311,61.81192350387573,True,SolutionResult.kSolutionFound,3,61.801790784,0.149869262045828,0.7062152986798872,1.2458311026434161,4.679282138402208,1.0,1.0,0.0,0.0,,1.6192217122712622,1.0007927914691472,1.1116591507869178,0.38086904789057396,acceleration,259.90582136238777,207.6959917781018,21946.31154163304,52.08465188226603,25.54854527852522
middle,bottom,1,parameterized,notebook,snopt,all,True,0.0,1.0,1201675609,True,0.2369828224182129,38,0.7266042232513428,17,17,4.3529644038932584,,2.474295196682986,5.839731137202929,23.20792858555339,0.40415549500342135,1.4409010410308838,True,SolutionResult.kSolutionFound,1,1.434420908,0.2918204228457787,0.722049870541309,2.0710156316363015,8.961671939124615,1.0,1.0,0.0,0.0,,2.445178435435013,1.0008812709666743,1.0601135244426672,0.34912586218329256,acceleration,259.74499126387633,96.36173564778454,27527.264118009996,55.03949144634757,23.962640786358794
middle,bottom,1,cspace,notebook,snopt,all,True,0.0,1.0,1201675609,True,0.2369828224182129,38,0.7266042232513428,17,17,4.3529644038932584,,2.474295196682986,5.839731137202929,23.20792858555339,0.1712407603201699,2.6048295497894287,True,SolutionResult.kSolutionFound,1,2.598395129,0.2687733191752845,0.9393327258358066,1.5695639208372905,6.542533965618014,1.0,1.0,0.0,0.0,,1.8482789356040692,1.0004799170030203,1.1604438725936026,0.4192301827456496,acceleration,281.6162401233869,106.88151716809581,25255.76553760684,55.17638815785493,24.363871081214608
middle,bottom,1,kinetic,notebook,snopt,all,True,0.0,1.0,1201675609,True,0.2369828224182129,38,0.7266042232513428,17,17,4.3529644038932584,,2.474295196682986,5.839731137202929,23.20792858555339,0.0430887227316998,3.53729510307312,True,SolutionResult.kSolutionFound,1,3.528826658,0.28528627391597927,1.0559733034076961,1.781916773199912,6.620903471480668,1.0,1.0,0.0,0.0,,1.8846875842223123,1.000643761370624,1.1746384346005971,0.45408985956373105,acceleration,287.7417423090478,110.80542462784214,26160.63704477255,54.981058254405966,25.660808537422618
middle,bottom,1,parameterized,tight,snopt,all,True,0.0,1.0,1201675609,True,0.2369828224182129,38,0.7266042232513428,17,17,4.3529644038932584,,2.474295196682986,5.839731137202929,23.20792858555339,0.40415549500342135,9.777975082397461,True,SolutionResult.kSolutionFound,1,9.770710928,0.04054341667619538,0.1003163811390273,0.5294329908576128,2.048156578210801,1.0,1.0,0.0,5.145203672007881e-05,,1.5248831672704006,1.000992444771746,1.2249278791304956,0.36887647037532484,acceleration,111.5657270736669,20.462024026990633,15242.966747026861,20.950417250352665,15.509188230058616
middle,bottom,1,cspace,tight,snopt,all,True,0.0,1.0,1201675609,True,0.2369828224182129,38,0.7266042232513428,17,17,4.3529644038932584,,2.474295196682986,5.839731137202929,23.20792858555339,0.1712407603201699,75.40265274047852,True,SolutionResult.kSolutionFound,1,75.39639303,0.05123154429466867,0.15144489984402754,0.2991784444245676,1.081851105036921,1.0,1.0,0.0,0.0,,1.0071468238220977,1.0006435145041819,1.1871296493617385,0.4161095275980543,acceleration,111.12609006413163,20.210323503855,11426.285600971489,17.481912191393285,13.889495654493803
middle,bottom,1,kinetic,tight,snopt,all,True,0.0,1.0,1201675609,True,0.2369828224182129,38,0.7266042232513428,17,17,4.3529644038932584,,2.474295196682986,5.839731137202929,23.20792858555339,0.0430887227316998,76.41144895553589,True,SolutionResult.kSolutionFound,1,76.400446089,0.046403868095619485,0.15103991081594176,0.30077789454903037,1.0769376568565763,1.0,1.0,0.0,0.0,,1.0179602031636183,1.0006548099322952,1.1882667540209633,0.4532062693357199,acceleration,111.1236928744174,20.066756913968227,11379.094721497422,17.36603323214682,12.967207689913577
bottom,top,6,parameterized,notebook,snopt,all,True,0.0,1.0,60791049,True,0.39241456985473633,38,0.8989684581756592,18,18,5.49045894538302,,1.852256460262831,6.251276344699553,26.2689665364841,0.5398820419598387,1.8545432090759277,True,SolutionResult.kSolutionFound,1,1.845402988,0.3849432033872714,0.7130135353083382,3.5092960776023054,14.333765442894444,1.0,1.0,0.0,0.0,,3.057651535467199,1.0023256887485221,1.1843203242302514,0.3565307892299087,acceleration,313.8842690126677,235.09222976394602,29057.303589313422,64.34665698234585,26.082446123333167
bottom,top,6,cspace,notebook,snopt,all,True,0.0,1.0,60791049,True,0.39241456985473633,38,0.8989684581756592,18,18,5.49045894538302,,1.852256460262831,6.251276344699553,26.2689665364841,0.1599673322469416,3.2073822021484375,True,SolutionResult.kSolutionFound,1,3.198585456,0.2771552152320869,0.9241675038348734,1.7325738407904583,7.093395479871975,0.994,0.994,0.0,0.0,,1.9375832895545564,1.0004236238628526,1.2063150912693934,0.4108513663753226,acceleration,298.103998475892,226.81024435636868,24260.72528972829,56.18393479407776,23.474083491099737
bottom,top,6,kinetic,notebook,snopt,all,True,0.0,1.0,60791049,True,0.39241456985473633,38,0.8989684581756592,18,18,5.49045894538302,,1.852256460262831,6.251276344699553,26.2689665364841,0.038067732836430127,4.124207496643066,True,SolutionResult.kSolutionFound,1,4.11770996,0.26894890287652684,1.118765867759097,1.9461249807404952,7.065009729687595,0.994,0.994,0.0,0.0,,1.8694023180674264,1.0008348059389345,1.1851036687785577,0.4852816735458263,acceleration,305.116931323221,230.67339948339276,23665.5952240463,57.84384489069491,30.807847140551047
bottom,top,6,parameterized,tight,snopt,all,True,0.0,1.0,60791049,True,0.39241456985473633,38,0.8989684581756592,18,18,5.49045894538302,,1.852256460262831,6.251276344699553,26.2689665364841,0.5398820419598387,9.575888633728027,True,SolutionResult.kSolutionFound,1,9.569731916,0.2423838399682998,0.44895703344458887,2.602219203665457,10.617946448544796,1.0,1.0,0.0,2.7568314616033263e-05,,2.9632118033506987,1.0019991556362775,1.3659631660817717,0.352555448798727,acceleration,289.6683961942601,222.65814159283363,27758.517645635286,59.43359655593339,20.650498209254483
bottom,top,6,cspace,tight,snopt,all,True,0.0,1.0,60791049,True,0.39241456985473633,38,0.8989684581756592,18,18,5.49045894538302,,1.852256460262831,6.251276344699553,26.2689665364841,0.1599673322469416,124.64805912971497,True,SolutionResult.kSolutionFound,1,124.643118892,0.19427638579763631,0.6429021355315176,1.2144753748704882,5.115870879462054,0.996,0.996,0.0,0.0,,1.7264526689595991,1.0005515874181445,1.114152155301585,0.41629454669832566,acceleration,263.07645751994266,209.49410879304793,22141.091487657217,50.56510595146507,24.075304618332414
bottom,top,6,kinetic,tight,snopt,all,True,0.0,1.0,60791049,True,0.39241456985473633,38,0.8989684581756592,18,18,5.49045894538302,,1.852256460262831,6.251276344699553,26.2689665364841,0.038067732836430127,136.21101093292236,True,SolutionResult.kSolutionFound,3,136.204423966,0.17655113788947138,0.6558927096686933,1.232618467188091,4.637815933196715,1.0,1.0,0.0,0.0,,1.6053443289631852,1.0005852645352027,1.038522161669995,0.42821523098914493,acceleration,267.0570775099951,211.26658059966084,19469.52858478724,51.37355376372031,27.231377913108506
middle,bottom,8,parameterized,notebook,snopt,all,True,0.0,1.0,1048356349,True,0.33356714248657227,43,1.0495944023132324,14,14,4.061596455825275,,3.4904423638538207,7.437484570993336,27.935827565133433,0.28649663731902836,3.120173931121826,True,SolutionResult.kSolutionFound,1,3.113718535,0.1901157965739756,0.6635882303996172,2.090180913248483,8.312112279480436,1.0,1.0,0.0,0.0,,2.0647093357963198,1.001312188308532,1.1362519984045127,0.3538954317360685,acceleration,235.6268105421312,84.34323192781753,22989.591850981513,44.511610566343656,20.573500875753364
middle,bottom,8,cspace,notebook,snopt,all,True,0.0,1.0,1048356349,True,0.33356714248657227,43,1.0495944023132324,14,14,4.061596455825275,,3.4904423638538207,7.437484570993336,27.935827565133433,0.1344540604359791,2.369025468826294,True,SolutionResult.kSolutionFound,1,2.361066129,0.2725632283414611,1.2297509502842874,2.0271848054097505,7.107227844197884,1.0,1.0,0.0,0.0,,1.7885672032512356,1.0011388927938705,1.117629325808777,0.3224302829311766,acceleration,266.46017421488364,100.61264700192373,21622.1363172835,52.30779758553717,28.7374591344347
middle,bottom,8,kinetic,notebook,snopt,all,True,0.0,1.0,1048356349,True,0.33356714248657227,43,1.0495944023132324,14,14,4.061596455825275,,3.4904423638538207,7.437484570993336,27.935827565133433,0.03579632633643884,2.241196632385254,True,SolutionResult.kSolutionFound,1,2.233091291,0.2989705654007832,1.704398187339939,2.6803987443873836,8.351990162086727,1.0,1.0,0.0,0.0,,1.901237394257718,1.0003818259896697,1.1616188361997013,0.413152927735565,acceleration,288.1498398941075,111.68349086124749,22981.14249593786,53.26322243202993,27.9104559941043
middle,bottom,8,parameterized,tight,snopt,all,True,0.0,1.0,1048356349,True,0.33356714248657227,43,1.0495944023132324,14,14,4.061596455825275,,3.4904423638538207,7.437484570993336,27.935827565133433,0.28649663731902836,7.208884239196777,True,SolutionResult.kSolutionFound,1,7.198750646,0.03587479852329447,0.12521891656042927,0.6706246671973566,2.567123582098486,1.0,1.0,0.0,6.376016617792857e-05,,1.5438978483860046,1.00064638202931,1.1778676498662142,0.374808411712158,acceleration,110.9720466828408,20.009309146589658,15350.15037773292,20.627682830678864,15.209168902596646
middle,bottom,8,cspace,tight,snopt,all,True,0.0,1.0,1048356349,True,0.33356714248657227,43,1.0495944023132324,14,14,4.061596455825275,,3.4904423638538207,7.437484570993336,27.935827565133433,0.1344540604359791,50.07725167274475,True,SolutionResult.kSolutionFound,1,50.067696206,0.0536660704029946,0.20399799978361646,0.3991405706081143,1.4329388291251801,1.0,1.0,0.0,0.0,,1.0135815850312195,1.0004854590236643,1.1428678488024815,0.3557292716836449,acceleration,111.16585922960661,20.104656707908674,11339.988210896805,17.573532973645708,13.645456485595883
middle,bottom,8,kinetic,tight,snopt,all,True,0.0,1.0,1048356349,True,0.33356714248657227,43,1.0495944023132324,14,14,4.061596455825275,,3.4904423638538207,7.437484570993336,27.935827565133433,0.03579632633643884,35.308114528656006,True,SolutionResult.kSolutionFound,1,35.301969004,0.050628056019769434,0.20162350879809832,0.39840668677530405,1.4143366429261945,1.0,1.0,0.0,0.0,,1.022934313684765,1.0005260666464961,1.143942600255282,0.4168584778767821,acceleration,111.52125125563929,20.231189654382582,11275.58497623714,17.553668616219383,13.65639881682751
middle,bottom,9,parameterized,notebook,snopt,all,True,0.0,1.0,1232835947,True,0.1662921905517578,28,0.9666905403137207,12,12,2.929054465030982,,2.763967159217897,5.654108543375072,17.962444524996528,0.36179879947740184,1.4593513011932373,True,SolutionResult.kSolutionFound,1,1.450993753,0.24295753095727762,0.671526636650583,1.9484643678237692,7.270371985167366,1.0,1.0,0.0,0.0,,1.6356464127405852,1.0011307298711989,1.2200055366314797,0.7486021865957602,acceleration,244.886182463119,88.85713839507656,21188.545319848763,43.713679256820505,34.874334933645855
middle,bottom,9,cspace,notebook,snopt,all,True,0.0,1.0,1232835947,True,0.1662921905517578,28,0.9666905403137207,12,12,2.929054465030982,,2.763967159217897,5.654108543375072,17.962444524996528,0.17686254027997067,5.228487253189087,True,SolutionResult.kSolutionFound,1,5.2219198,0.14236831674166484,0.389291904788708,0.8049659159949754,3.3621511830434616,1.0,1.0,0.0,0.0,,1.2952175601088876,1.000439116179382,1.1287672014560681,0.5075945445331949,acceleration,154.65002737019287,42.554311021343935,16745.71606844472,30.195192096860254,22.28570834993115
middle,bottom,9,kinetic,notebook,snopt,all,True,0.0,1.0,1232835947,True,0.1662921905517578,28,0.9666905403137207,12,12,2.929054465030982,,2.763967159217897,5.654108543375072,17.962444524996528,0.05567170986156147,4.989448070526123,True,SolutionResult.kSolutionFound,1,4.983039595,0.2627537796177947,0.8794771154632979,1.5139736509872597,4.719700190117802,1.0,1.0,0.0,0.0,,1.240926299103526,1.0003914539825456,1.131526445384227,0.646450619748612,acceleration,240.31929499401855,86.95667910617236,18850.309567110075,41.67348027288237,33.516684532283556
middle,bottom,9,parameterized,tight,snopt,all,True,0.0,1.0,1232835947,True,0.1662921905517578,28,0.9666905403137207,12,12,2.929054465030982,,2.763967159217897,5.654108543375072,17.962444524996528,0.36179879947740184,5.382123708724976,True,SolutionResult.kSolutionFound,1,5.375787107,0.05203246149137629,0.1438160147754374,0.7980046134122913,3.047882694696373,1.0,1.0,0.0,2.154012873401001e-05,,1.5481675826205108,1.000465006354874,1.1686168561336947,0.38827388026772314,acceleration,113.07834085793695,21.16613379010107,15202.460064646759,20.65315633103033,13.97767417819799
middle,bottom,9,cspace,tight,snopt,all,True,0.0,1.0,1232835947,True,0.1662921905517578,28,0.9666905403137207,12,12,2.929054465030982,,2.763967159217897,5.654108543375072,17.962444524996528,0.17686254027997067,39.548160552978516,True,SolutionResult.kSolutionFound,1,39.542144535,0.07522914332628874,0.2143589064422321,0.4253537419919569,1.5266931848004088,1.0,1.0,0.0,0.0,,1.01100718208092,1.0003041800835584,1.1156698005648107,0.33681756971356974,acceleration,110.85737206236054,20.007830432218263,11333.337901052542,17.31360069618171,14.524177039253374
middle,bottom,9,kinetic,tight,snopt,all,True,0.0,1.0,1232835947,True,0.1662921905517578,28,0.9666905403137207,12,12,2.929054465030982,,2.763967159217897,5.654108543375072,17.962444524996528,0.05567170986156147,35.248496770858765,True,SolutionResult.kSolutionFound,3,35.242182595,0.08464083655176587,0.21151992289243526,0.427461013756148,1.5203563311103923,1.0,1.0,0.0,0.0,,1.0291982194082925,1.0003088393814987,1.1156148744207703,0.3296767886633485,acceleration,109.99198208774646,19.549827918589365,11251.860413503366,17.025019478823157,13.8829058605502
middle,bottom,3,parameterized,notebook,snopt,all,True,0.0,1.0,699300981,True,0.35383105278015137,31,0.8327889442443848,15,15,3.722248927889014,,3.903699361221895,7.73125168914266,31.34164163919005,0.2561672678827886,2.73125958442688,True,SolutionResult.kSolutionFound,1,2.722825896,0.13978010840566776,0.5456595198947312,1.9010348524244258,8.518152463189132,1.0,1.0,0.0,0.0,,2.1289342568453686,1.0014201779082081,1.2530619570719874,0.4263975405286603,acceleration,230.30638776362693,81.11582433379643,23811.795774074002,50.19116760880575,26.928343643069244
middle,bottom,3,cspace,notebook,snopt,all,True,0.0,1.0,699300981,True,0.35383105278015137,31,0.8327889442443848,15,15,3.722248927889014,,3.903699361221895,7.73125168914266,31.34164163919005,0.1293451617160963,3.7969014644622803,True,SolutionResult.kSolutionFound,1,3.790581127,0.23250301800188938,1.0305298705651842,1.797539350657874,7.089423717743731,1.0,1.0,0.0,0.0,,1.6571993508829739,1.0009830755585059,1.1012006394751317,0.473759116894733,acceleration,259.61010199913716,96.54171669910741,21966.97068352183,55.25858030502647,27.34476042763909
middle,bottom,3,kinetic,notebook,snopt,all,True,0.0,1.0,699300981,True,0.35383105278015137,31,0.8327889442443848,15,15,3.722248927889014,,3.903699361221895,7.73125168914266,31.34164163919005,0.03190643334871091,6.489207744598389,True,SolutionResult.kSolutionFound,1,6.482320866,0.22443436845753822,1.1160966206690044,1.9296326581198098,7.034141547714103,1.0,1.0,0.0,0.0,,1.6662262275091089,1.0006813165758073,1.1591324356867518,0.612821487757069,acceleration,266.28802206073993,100.85074921597817,22554.136781390356,55.78855300292794,28.044336089697545
middle,bottom,3,parameterized,tight,snopt,all,True,0.0,1.0,699300981,True,0.35383105278015137,31,0.8327889442443848,15,15,3.722248927889014,,3.903699361221895,7.73125168914266,31.34164163919005,0.2561672678827886,7.19647479057312,True,SolutionResult.kSolutionFound,1,7.188320757,0.029238252546491574,0.1141373477889806,0.5986723669556318,2.3107348357077466,1.0,1.0,0.0,8.0031141642678e-05,,1.5248379350819155,1.000738055776805,1.1954073818834494,0.371978433969575,acceleration,111.70840938327635,20.551834579876186,15170.501877613322,20.821458842936615,14.996266567591887
middle,bottom,3,cspace,tight,snopt,all,True,0.0,1.0,699300981,True,0.35383105278015137,31,0.8327889442443848,15,15,3.722248927889014,,3.903699361221895,7.73125168914266,31.34164163919005,0.1293451617160963,59.07697653770447,True,SolutionResult.kSolutionFound,1,59.068057854,0.04725674083999424,0.1878733411149364,0.36535375744258236,1.3112323806803379,1.0,1.0,0.0,0.0,,1.0166370696651748,1.0005488453177551,1.15754767039528,0.342264674762096,acceleration,110.8588181687877,20.163475958010046,11347.348843311367,17.555721206309343,13.994672172589015
middle,bottom,3,kinetic,tight,snopt,all,True,0.0,1.0,699300981,True,0.35383105278015137,31,0.8327889442443848,15,15,3.722248927889014,,3.903699361221895,7.73125168914266,31.34164163919005,0.03190643334871091,101.76488184928894,True,SolutionResult.kSolutionFound,1,101.758950552,0.0419570546331377,0.18763344240173052,0.3700699729305373,1.3150029705477206,1.0,1.0,0.0,0.0,,1.0216521385186104,1.0005526941185552,1.1582826939038025,0.4366315391704186,acceleration,111.59967198572492,20.4944212064051,11298.826475340202,17.635948973544004,13.63768692329738
middle,bottom,0,parameterized,notebook,snopt,all,True,0.0,1.0,816262607,True,0.30348730087280273,27,0.5256397724151611,19,19,4.233061000835999,,2.224283686720811,4.543780245382948,14.983944406659015,0.449582940328204,0.9145040512084961,True,SolutionResult.kSolutionFound,1,0.908828465,0.36643465680586373,0.8150546293824199,1.735274510076361,5.815202677292834,1.0,1.0,0.0,0.0,,1.6112233616835996,1.000350442332501,1.1840297527403394,0.7159410076107543,acceleration,249.44896443054344,92.63477674146516,21470.262300786315,57.04200004143502,31.062766238979744
middle,bottom,0,cspace,notebook,snopt,all,True,0.0,1.0,816262607,True,0.30348730087280273,27,0.5256397724151611,19,19,4.233061000835999,,2.224283686720811,4.543780245382948,14.983944406659015,0.22008106598379748,4.598341703414917,True,SolutionResult.kSolutionFound,1,4.592076474,0.23858567374818834,0.6133879591006579,1.0840808712083994,3.8439210246193856,1.0,1.0,0.0,0.0,,1.529715378809986,1.0006409429247174,1.1919526217473142,0.7483273596557106,acceleration,250.4636085080088,92.38661631175621,22223.064289782138,45.138174561436855,31.188776956891743
middle,bottom,0,kinetic,notebook,snopt,all,True,0.0,1.0,816262607,True,0.30348730087280273,27,0.5256397724151611,19,19,4.233061000835999,,2.224283686720811,4.543780245382948,14.983944406659015,0.06673810132101064,7.532575368881226,True,SolutionResult.kSolutionFound,1,7.525782569,0.2212644257357673,0.5663413972675675,1.0076204039842822,3.31541385439607,1.0,1.0,0.0,0.0,,1.3394280981713649,1.0013639205185794,1.2636476351874295,0.7241519807676541,acceleration,242.24524835874976,87.83813544786781,20646.49910254273,45.42448533120472,31.515598367040024
middle,bottom,0,parameterized,tight,snopt,all,True,0.0,1.0,816262607,True,0.30348730087280273,27,0.5256397724151611,19,19,4.233061000835999,,2.224283686720811,4.543780245382948,14.983944406659015,0.449582940328204,11.181023597717285,True,SolutionResult.kSolutionFound,1,11.172240184,0.038783260288083245,0.0862649731766289,0.4512707783334421,1.74499233636104,1.0,1.0,0.0,5.588867439243472e-05,,1.5368189774428704,1.0011620584991245,1.264722318095054,0.37077397776423626,acceleration,112.08815162599583,20.5268932152795,15287.590094887539,20.824241074679502,14.915796267066668
middle,bottom,0,cspace,tight,snopt,all,True,0.0,1.0,816262607,True,0.30348730087280273,27,0.5256397724151611,19,19,4.233061000835999,,2.224283686720811,4.543780245382948,14.983944406659015,0.22008106598379748,103.68389797210693,True,SolutionResult.kSolutionFound,3,103.675354161,0.05658596944074758,0.1294032496943115,0.25711421011071206,0.9260382908735703,1.0,1.0,0.0,0.0,,1.0161999384564073,1.0005491060514917,1.2185411522720901,0.358239745918343,acceleration,111.5602010870926,20.29786461017364,11434.425478443034,17.26154457456959,14.491957520556175
middle,bottom,0,kinetic,tight,snopt,all,True,0.0,1.0,816262607,True,0.30348730087280273,27,0.5256397724151611,19,19,4.233061000835999,,2.224283686720811,4.543780245382948,14.983944406659015,0.06673810132101064,91.61568403244019,True,SolutionResult.kSolutionFound,3,91.607770105,0.061701220644263824,0.1284314258161806,0.2591447074291087,0.9245276599566511,1.0,1.0,0.0,0.0,,1.029666112026056,1.0007439088966124,1.2196193316980422,0.35649174520453886,acceleration,110.83305705933225,19.841741492483195,11371.546840691308,17.057387550798886,13.865248926666476
bottom,top,0,parameterized,notebook,snopt,all,True,0.0,1.0,1794915388,True,0.31157445907592773,40,0.4805428981781006,25,25,6.194747370472466,,1.9570470616712254,5.9265147016340265,23.288710903762997,0.5109739155409209,1.5171499252319336,True,SolutionResult.kSolutionFound,1,1.507606144,0.4717625279700101,0.9232614691703035,2.7834958628364728,11.274038691237223,1.0,1.0,0.0,0.0,,2.9330638019603956,1.001370992227794,1.3257756301129757,0.5377092334016897,acceleration,340.3372177208299,248.6013815815012,34375.66777967695,74.04854070696175,25.07206091059379
bottom,top,0,cspace,notebook,snopt,all,True,0.0,1.0,1794915388,True,0.31157445907592773,40,0.4805428981781006,25,25,6.194747370472466,,1.9570470616712254,5.9265147016340265,23.288710903762997,0.16873323535741597,4.280165433883667,True,SolutionResult.kSolutionFound,1,4.27205561,0.2199329567821657,0.7666304066901507,1.303435901743346,5.586620750878475,0.994,0.994,0.0,0.0,,2.13893256458967,1.0020976343682149,1.409915714526995,0.4772053491470721,acceleration,287.6358960207348,221.7087200961742,30114.59070041139,60.28879217356613,21.110643229483564
bottom,top,0,kinetic,notebook,snopt,all,True,0.0,1.0,1794915388,True,0.31157445907592773,40,0.4805428981781006,25,25,6.194747370472466,,1.9570470616712254,5.9265147016340265,23.288710903762997,0.04293925946061788,7.18064546585083,True,SolutionResult.kSolutionFound,1,7.170543888,0.21965933429813675,0.7717630664968109,1.3005419987689706,5.115582733782338,0.994,0.994,0.0,0.0,,2.0157741415589094,1.001889196373486,1.407100397415473,0.48214700576085223,acceleration,297.41683363222035,227.09375568197697,28957.29038867853,61.10747646826559,21.61921477441081
bottom,top,0,parameterized,tight,snopt,all,True,0.0,1.0,1794915388,True,0.31157445907592773,40,0.4805428981781006,25,25,6.194747370472466,,1.9570470616712254,5.9265147016340265,23.288710903762997,0.5109739155409209,13.746394872665405,True,SolutionResult.kSolutionFound,1,13.740012267,0.16049075608706537,0.31408796262558347,2.374098218501847,9.704963868096286,0.996,0.996,0.0,5.089134367919357e-05,,3.3782398162583513,1.004922395488163,1.0047623935729648,0.3550162150252554,velocity,305.5631430384517,230.87872482674206,31173.677713176512,63.374860302288965,21.4894646594286
bottom,top,0,cspace,tight,snopt,all,True,0.0,1.0,1794915388,True,0.31157445907592773,40,0.4805428981781006,25,25,6.194747370472466,,1.9570470616712254,5.9265147016340265,23.288710903762997,0.16873323535741597,209.46758341789246,True,SolutionResult.kSolutionFound,1,209.461449857,0.15008085559592457,0.47052319133037457,0.88945639712306,3.830582386700995,1.0,1.0,0.0,0.0,,1.8513188948567987,1.0012365295057735,1.2347405191405125,0.4314087833241297,acceleration,258.6119292315783,206.8174730590837,24973.912598734383,50.38078337443493,20.82536430714443
bottom,top,0,kinetic,tight,snopt,all,True,0.0,1.0,1794915388,True,0.31157445907592773,40,0.4805428981781006,25,25,6.194747370472466,,1.9570470616712254,5.9265147016340265,23.288710903762997,0.04293925946061788,68.89361357688904,False,SolutionResult.kSolverSpecificError,41,68.886524768,0.16355603551786704,0.55341559993352,0.964985123436204,3.809009227741199,1.0,1.0,0.0,0.0,,1.792069004302755,1.001149857658047,1.2956462151904893,0.49121454389109837,acceleration,268.7439816271402,211.85547219525557,25531.855703937093,52.930744369077445,23.508417939074153
middle,top,9,parameterized,notebook,snopt,all,True,0.0,1.0,945657374,True,0.12078142166137695,28,0.646812915802002,17,17,4.0827653581125585,,1.6355347867186079,4.82756952813985,16.12178307895864,0.6114208075062172,2.3249499797821045,True,SolutionResult.kSolutionFound,1,2.318920283,0.22769407089199967,0.3724015736734433,2.4456765734899086,9.85681635238203,0.998,0.998,0.0,1.759955023983295e-05,,3.031569151145912,1.0015816595549107,1.3016898841102433,0.3081281385618143,acceleration,236.24311389557408,159.22767317303277,27959.4148516913,50.36527620639086,14.52534131346404
middle,top,9,cspace,notebook,snopt,all,True,0.0,1.0,945657374,True,0.12078142166137695,28,0.646812915802002,17,17,4.0827653581125585,,1.6355347867186079,4.82756952813985,16.12178307895864,0.20714357280014528,3.2971954345703125,True,SolutionResult.kSolutionFound,1,3.289495154,0.27112124251480224,0.7036926182317088,1.3088566487958737,4.5254313230835015,1.0,1.0,0.0,0.0,,1.5354299872604433,1.0001195405521992,1.145655751210882,0.3992709383882792,acceleration,247.9250696915872,165.33538931046593,21435.850479540473,48.08904066477817,30.33441209342472
middle,top,9,kinetic,notebook,snopt,all,True,0.0,1.0,945657374,True,0.12078142166137695,28,0.646812915802002,17,17,4.0827653581125585,,1.6355347867186079,4.82756952813985,16.12178307895864,0.0620278783743934,4.632201433181763,True,SolutionResult.kSolutionFound,1,4.625341838,0.27919183767033745,0.7899071332181891,1.3993766524807119,4.501070244337012,0.998,0.998,0.0,0.0,,1.4999939260109396,1.0001850241336687,1.1928421053151548,0.5394632127404624,acceleration,254.4572568784279,168.6968390428777,20863.505559325375,49.07536852112394,30.935000820474183
middle,top,9,parameterized,tight,snopt,all,True,0.0,1.0,945657374,True,0.12078142166137695,28,0.646812915802002,17,17,4.0827653581125585,,1.6355347867186079,4.82756952813985,16.12178307895864,0.6114208075062172,5.135498285293579,True,SolutionResult.kSolutionFound,1,5.128960265,0.20512665703726102,0.3354917832677391,2.141381556714595,8.644557232417036,1.0,1.0,0.0,2.6975572273268966e-05,,2.756611076722537,1.0016793561151636,1.3667159814550929,0.3102482575793968,acceleration,220.6299099170679,151.00616521292497,26166.529051703816,48.48064672720096,15.071300573399679
middle,top,9,cspace,tight,snopt,all,True,0.0,1.0,945657374,True,0.12078142166137695,28,0.646812915802002,17,17,4.0827653581125585,,1.6355347867186079,4.82756952813985,16.12178307895864,0.20714357280014528,25.133461713790894,False,SolutionResult.kSolverSpecificError,41,25.127801967,0.1907921116599255,0.46789529278527864,0.9210621844589124,3.533434375031989,0.996,0.996,0.0,0.0,,1.5038340870791906,1.000636297664532,1.119250645048114,0.419910633300987,acceleration,204.97774083820474,142.73619591417904,20860.796476193063,39.963945318856354,24.448818502179396
middle,top,9,kinetic,tight,snopt,all,True,0.0,1.0,945657374,True,0.12078142166137695,28,0.646812915802002,17,17,4.0827653581125585,,1.6355347867186079,4.82756952813985,16.12178307895864,0.0620278783743934,27.28495454788208,False,SolutionResult.kSolverSpecificError,41,27.274918041,0.2071340628292258,0.4941470094811564,0.9412875837092053,3.339370429196169,1.0,1.0,0.0,0.0,,1.4602309876069168,1.00058190211013,1.1356156086889766,0.3864279468249199,acceleration,211.2636423107768,146.31851264155182,19469.20070538966,39.6357957889517,28.560174321036513
middle,bottom,6,parameterized,notebook,snopt,all,True,0.0,1.0,1506052346,True,0.21902060508728027,36,0.6299324035644531,13,13,3.1586652563014948,,1.728786089733636,3.5874106350990482,14.525545530799203,0.5784405635483079,1.7476119995117188,True,SolutionResult.kSolutionFound,1,1.732861404,0.19519984117286887,0.3374587701378729,1.4034955120541415,6.471710257718201,1.0,1.0,0.0,0.0,,1.9287997409249098,1.0008206112572733,1.164296748804384,0.3833785314122084,acceleration,179.1702150355111,55.48229219166333,22789.47820708817,37.312200508800665,19.508882543959924
middle,bottom,6,cspace,notebook,snopt,all,True,0.0,1.0,1506052346,True,0.21902060508728027,36,0.6299324035644531,13,13,3.1586652563014948,,1.728786089733636,3.5874106350990482,14.525545530799203,0.2787525883477206,6.8622987270355225,True,SolutionResult.kSolutionFound,1,6.85515584,0.2124120637645697,0.3678877964900078,0.7620092965723548,3.638262403327904,1.0,1.0,0.0,0.0,,1.3599241941453328,1.0006292976336288,1.1475698782453019,0.34346315924992527,acceleration,150.2680084397221,40.2942814577419,18668.56026281701,33.42991949139334,19.150139422619127
middle,bottom,6,kinetic,notebook,snopt,all,True,0.0,1.0,1506052346,True,0.21902060508728027,36,0.6299324035644531,13,13,3.1586652563014948,,1.728786089733636,3.5874106350990482,14.525545530799203,0.06884423017914561,5.468987941741943,True,SolutionResult.kSolutionFound,1,5.461508371,0.3191016226480926,0.6527285353199079,1.170606387193525,4.635125148726775,1.0,1.0,0.0,0.0,,1.4770745903112361,1.0004960783244263,1.135601502146266,0.3338271298519569,acceleration,190.0522657424787,60.8965599038823,20439.794191177512,38.89163627060336,19.842827442315247
middle,bottom,6,parameterized,tight,snopt,all,True,0.0,1.0,1506052346,True,0.21902060508728027,36,0.6299324035644531,13,13,3.1586652563014948,,1.728786089733636,3.5874106350990482,14.525545530799203,0.5784405635483079,6.08627986907959,True,SolutionResult.kSolutionFound,1,6.079708401,0.07613078872463379,0.13161384854759967,0.6980589719620698,2.67966960498833,1.0,1.0,0.0,5.283673379929965e-05,,1.522758300290341,1.000515664457614,1.1697004210185686,0.37109076246329964,acceleration,111.76845205081757,20.411902422141317,15171.996833757406,20.807764754513755,15.304539186565714
middle,bottom,6,cspace,tight,snopt,all,True,0.0,1.0,1506052346,True,0.21902060508728027,36,0.6299324035644531,13,13,3.1586652563014948,,1.728786089733636,3.5874106350990482,14.525545530799203,0.2787525883477206,141.06658291816711,True,SolutionResult.kSolutionFound,1,141.059523622,0.10742259392798498,0.19301520747286383,0.38536895590717984,1.385417827157463,1.0,1.0,0.0,0.0,,1.012189042212756,1.0003489200453535,1.1297743387351633,0.38685494107915125,acceleration,111.13149075309259,20.119221549885538,11336.432411165872,17.297428440995134,14.400087585745897
middle,bottom,6,kinetic,tight,snopt,all,True,0.0,1.0,1506052346,True,0.21902060508728027,36,0.6299324035644531,13,13,3.1586652563014948,,1.728786089733636,3.5874106350990482,14.525545530799203,0.06884423017914561,44.07365798950195,True,SolutionResult.kSolutionFound,1,44.067804414,0.09569556890297076,0.1954776662252096,0.39041435532973606,1.3900303431958339,1.0,1.0,0.0,0.0,,1.02225886072065,1.0003585565139776,1.1319599936112672,0.3812205353926851,acceleration,109.6986179855461,19.405310663160755,11186.916973031117,17.109142517872385,13.479772947259756
middle,bottom,7,parameterized,notebook,snopt,all,True,0.0,1.0,784578668,True,0.2962198257446289,33,0.9413855075836182,18,18,4.3989536967032254,,2.880603511955254,4.609370680221314,18.020036633700425,0.34714947609059693,1.5267367362976074,True,SolutionResult.kSolutionFound,1,1.520475308,0.40955958680875787,1.1797787841162528,2.033961104749553,7.8599557928666925,1.0,1.0,0.0,0.0,,1.9033802960748,1.000681009397265,1.2388878291254997,0.4472459120998522,acceleration,277.8002839418276,106.65111277678899,25075.689291941642,61.89688917462289,27.367303162029174
middle,bottom,7,cspace,notebook,snopt,all,True,0.0,1.0,784578668,True,0.2962198257446289,33,0.9413855075836182,18,18,4.3989536967032254,,2.880603511955254,4.609370680221314,18.020036633700425,0.21694935586130515,2.21797251701355,True,SolutionResult.kSolutionFound,1,2.211741374,0.4155040722176053,1.2091279751440236,1.9152122879923894,7.194982391991227,1.0,1.0,0.0,0.0,,1.8649068742324904,1.0004063244192305,1.1850038276512433,0.467085822954175,acceleration,260.74759425425486,97.37813214403681,24003.171806636296,58.84419876730859,26.167159158402587
middle,bottom,7,kinetic,notebook,snopt,all,True,0.0,1.0,784578668,True,0.2962198257446289,33,0.9413855075836182,18,18,4.3989536967032254,,2.880603511955254,4.609370680221314,18.020036633700425,0.05549378285557067,5.335209131240845,True,SolutionResult.kSolutionFound,1,5.329245118,0.2563302851337529,0.7452436559352384,1.2875141707920814,4.619081128437103,1.0,1.0,0.0,0.0,,1.5364008595899479,1.000412746854428,1.1666341910353144,0.4047568848521296,acceleration,265.592811640277,100.51259103624241,22159.418336084716,51.20816754551535,28.276555230016555
middle,bottom,7,parameterized,tight,snopt,all,True,0.0,1.0,784578668,True,0.2962198257446289,33,0.9413855075836182,18,18,4.3989536967032254,,2.880603511955254,4.609370680221314,18.020036633700425,0.34714947609059693,9.639955520629883,True,SolutionResult.kSolutionFound,1,9.633136062,0.03193115884999663,0.09198100832409993,0.4765661219835987,1.8431375082288923,1.0,1.0,0.0,7.643404233848017e-05,,1.5279096122914744,1.0010659089026197,1.2454567840621948,0.3713031942066704,acceleration,111.74397959826348,20.364501889382815,15213.156122256265,20.81874963473942,14.966851826248092
middle,bottom,7,cspace,tight,snopt,all,True,0.0,1.0,784578668,True,0.2962198257446289,33,0.9413855075836182,18,18,4.3989536967032254,,2.880603511955254,4.609370680221314,18.020036633700425,0.21694935586130515,83.8204402923584,True,SolutionResult.kSolutionFound,1,83.812359963,0.06215031501825731,0.14523552973295617,0.2864738398116737,1.029699841529432,1.0,1.0,0.0,0.0,,1.0176155866586736,1.0006992788457645,1.2027294195665579,0.3548302699315957,acceleration,111.12566355760164,20.254214139459464,11406.93739895753,17.337702610868924,13.978931021386813
middle,bottom,7,kinetic,tight,snopt,all,True,0.0,1.0,784578668,True,0.2962198257446289,33,0.9413855075836182,18,18,4.3989536967032254,,2.880603511955254,4.609370680221314,18.020036633700425,0.05549378285557067,84.02450513839722,True,SolutionResult.kSolutionFound,1,84.018197588,0.05859827866423218,0.14972631613760554,0.29593708149087544,1.0559431282012501,1.0,1.0,0.0,0.0,,1.0213007344571656,1.0007574776108228,1.203641631494416,0.43519603767985127,acceleration,111.87956593388779,20.61999768093142,11349.84387186242,17.51082080369931,13.35483313526037
middle,top,4,parameterized,notebook,snopt,all,True,0.0,1.0,1189931683,True,0.20070147514343262,25,0.8059916496276855,16,16,4.764084484310403,,1.253168083636025,5.001948057844432,20.01970822854421,0.7979775522997151,4.106797218322754,True,SolutionResult.kSolutionFound,1,4.098622993,0.28536111306056894,0.3576054391983554,2.46801196693363,9.93127498229159,1.0,1.0,0.0,1.1524988194455688e-05,,2.871108519121811,1.0017705641135124,1.295053416626641,0.3180869818040825,acceleration,220.73132196481924,151.27910995562146,26624.671361947756,49.055359885872036,13.790811933564822
middle,top,4,cspace,notebook,snopt,all,True,0.0,1.0,1189931683,True,0.20070147514343262,25,0.8059916496276855,16,16,4.764084484310403,,1.253168083636025,5.001948057844432,20.01970822854421,0.19992210803383387,5.393993377685547,True,SolutionResult.kSolutionFound,1,5.387035822,0.21559245385361592,0.5341579304782047,1.0783822558390095,4.158501614661635,1.0,1.0,0.0,0.0,,1.5666569029997315,1.0004234226049793,1.1288958054144724,0.4193227193989727,acceleration,212.26534827920872,146.5175919941006,21786.310076692236,41.26468296824911,24.056496981078794
middle,top,4,kinetic,notebook,snopt,all,True,0.0,1.0,1189931683,True,0.20070147514343262,25,0.8059916496276855,16,16,4.764084484310403,,1.253168083636025,5.001948057844432,20.01970822854421,0.04995077793262713,0.6262178421020508,True,SolutionResult.kSolutionFound,1,0.620548809,0.7214194757243204,1.209618824881164,3.857171625214282,14.44260741439023,1.0,1.0,0.0,0.0,,2.6688912596214913,1.007666821105715,1.6877195402701628,0.38612249612356575,acceleration,254.5914287925292,168.4711384295324,28345.658056477056,49.95034027609091,19.71810993744224
middle,top,4,parameterized,tight,snopt,all,True,0.0,1.0,1189931683,True,0.20070147514343262,25,0.8059916496276855,16,16,4.764084484310403,,1.253168083636025,5.001948057844432,20.01970822854421,0.7979775522997151,5.920369386672974,True,SolutionResult.kSolutionFound,1,5.91437351,0.28524848440679024,0.35746429656413925,2.4397296115907174,9.822219997772777,1.0,1.0,0.0,3.936245311386699e-05,,2.8492706185187755,1.001733243744908,1.3079700174263722,0.3218313873953753,acceleration,220.59671133793614,151.19000578253124,26476.793057941897,48.94592145052816,14.01231098145959
middle,top,4,cspace,tight,snopt,all,True,0.0,1.0,1189931683,True,0.20070147514343262,25,0.8059916496276855,16,16,4.764084484310403,,1.253168083636025,5.001948057844432,20.01970822854421,0.19992210803383387,41.05880355834961,True,SolutionResult.kSolutionFound,3,41.043697877,0.2002161296372133,0.5048151142946455,1.0014706807879883,3.8744747111816484,1.0,1.0,0.0,0.0,,1.5037100664034044,1.000627466961848,1.0928968175318592,0.40034141505952703,acceleration,206.88327473904687,144.23625471936657,21098.471536110184,40.28537628601235,24.404933407941417
middle,top,4,kinetic,tight,snopt,all,True,0.0,1.0,1189931683,True,0.20070147514343262,25,0.8059916496276855,16,16,4.764084484310403,,1.253168083636025,5.001948057844432,20.01970822854421,0.04995077793262713,64.72468256950378,True,SolutionResult.kSolutionFound,1,64.710072944,0.1807365725962761,0.5698982394328959,1.0325422572232312,3.618293449604548,1.0,1.0,0.0,0.0,,1.4160440647768588,1.0005538882060094,1.0695712317732036,0.34309666845897246,acceleration,209.17339313909002,145.55998149591295,20240.443910315254,40.91730516159807,26.440459328954528
middle,top,0,parameterized,notebook,snopt,all,True,0.0,1.0,1098985146,True,0.1521453857421875,32,0.6717827320098877,15,15,3.9447560155247627,,1.7292158989157436,4.252254513992814,15.837825487300853,0.5782967879412987,8.160167932510376,True,SolutionResult.kSolutionFound,1,8.153411906,0.23995618677878705,0.4149360532210788,2.175431622513291,8.870582228282546,0.998,0.998,0.0,0.0,,2.46493221895827,1.0012746681437532,1.122408312784687,0.2940234388272209,acceleration,205.89863975032722,143.59081085386038,24762.387382733446,47.28628832507043,17.256246984822727
middle,top,0,cspace,notebook,snopt,all,True,0.0,1.0,1098985146,True,0.1521453857421875,32,0.6717827320098877,15,15,3.9447560155247627,,1.7292158989157436,4.252254513992814,15.837825487300853,0.2351693664406302,5.578257083892822,True,SolutionResult.kSolutionFound,1,5.57061153,0.28316096192815676,0.6026416650704864,1.2040724785455528,4.773203750476344,0.996,0.996,0.0,0.0,,1.6430372423594621,1.0006004845229577,1.1473626870248748,0.3826260180021845,acceleration,200.90280424856326,141.09966337876247,20859.985097640107,40.43529903987862,20.865863061589554
middle,top,0,kinetic,notebook,snopt,all,True,0.0,1.0,1098985146,True,0.1521453857421875,32,0.6717827320098877,15,15,3.9447560155247627,,1.7292158989157436,4.252254513992814,15.837825487300853,0.06313998097793311,4.901203632354736,True,SolutionResult.kSolutionFound,1,4.890708662,0.2921516098605897,0.6821635923733236,1.272782321964419,4.627046212806023,0.998,0.998,0.0,0.0,,1.6168786062971352,1.0004242875009153,1.1585473808232702,0.3483629585736833,acceleration,205.9943383823935,143.4731669406291,20597.952670769642,39.976901851645366,21.75209891979176
middle,top,0,parameterized,tight,snopt,all,True,0.0,1.0,1098985146,True,0.1521453857421875,32,0.6717827320098877,15,15,3.9447560155247627,,1.7292158989157436,4.252254513992814,15.837825487300853,0.5782967879412987,13.179320096969604,True,SolutionResult.kSolutionFound,1,13.170776093,0.21889252735809317,0.3785124384614601,2.0078424256512504,7.791647312892045,0.998,0.998,0.0,2.756583073582064e-05,,2.3155392863542645,1.0012134405962936,1.226614172763678,0.32075734350371937,acceleration,208.70321165200897,145.19741551064578,22721.606760172883,45.19423658815159,19.92703608586164
middle,top,0,cspace,tight,snopt,all,True,0.0,1.0,1098985146,True,0.1521453857421875,32,0.6717827320098877,15,15,3.9447560155247627,,1.7292158989157436,4.252254513992814,15.837825487300853,0.2351693664406302,50.59735298156738,False,SolutionResult.kSolverSpecificError,41,50.59086043,0.23677674635173004,0.5203451488699802,1.0068349884826764,3.614164853255192,1.0,1.0,0.0,0.0,,1.4530258713062292,1.0004776076690178,1.1048787339522612,0.33634558347585974,acceleration,188.25193117989465,134.21542601737647,17493.828920975684,36.72011248064039,19.326320329073475
middle,top,0,kinetic,tight,snopt,all,True,0.0,1.0,1098985146,True,0.1521453857421875,32,0.6717827320098877,15,15,3.9447560155247627,,1.7292158989157436,4.252254513992814,15.837825487300853,0.06313998097793311,86.41583752632141,True,SolutionResult.kSolutionFound,1,86.410646281,0.21839237727114755,0.5305399489370698,1.0148881312909281,3.458860358977205,0.998,0.998,0.0,0.0,,1.427230947051339,1.0003547742283525,1.0800937572757132,0.3051263281312055,acceleration,192.1158427137935,136.51927353889312,16582.713926250373,35.95910535767551,19.865888694148822
middle,top,8,parameterized,notebook,snopt,all,True,0.0,1.0,1331340936,True,0.2077634334564209,31,0.4624452590942383,16,16,3.9016558450213585,,2.1464508831569433,5.957034753289132,20.50286098103323,0.4658853402362631,1.861750841140747,True,SolutionResult.kSolutionFound,1,1.855991557,0.39134763794424265,0.8400084830868029,2.538545828387162,9.26451010206427,1.0,1.0,0.0,0.0,,2.3012864035817713,1.0011678689165757,1.0551684710813614,0.5784344678142445,acceleration,286.6804512762865,184.20866002374265,30229.604315842225,51.04647734165739,26.26716043426471
middle,top,8,cspace,notebook,snopt,all,True,0.0,1.0,1331340936,True,0.2077634334564209,31,0.4624452590942383,16,16,3.9016558450213585,,2.1464508831569433,5.957034753289132,20.50286098103323,0.1678687537365562,5.812894821166992,True,SolutionResult.kSolutionFound,1,5.806822761,0.23415972490571121,0.7305409979160369,1.3948976190839444,4.820927678838183,1.0,1.0,0.0,0.0,,1.5308071932494307,1.0002089538153218,1.1204357789290786,0.43203455774547195,acceleration,233.4093285551915,157.7710489976059,23159.698184325855,48.03143306725814,30.24085844024131
middle,top,8,kinetic,notebook,snopt,all,True,0.0,1.0,1331340936,True,0.2077634334564209,31,0.4624452590942383,16,16,3.9016558450213585,,2.1464508831569433,5.957034753289132,20.50286098103323,0.04877368094750675,4.839720010757446,True,SolutionResult.kSolutionFound,1,4.833573323,0.25436601126257424,0.8697947736701681,1.6697647034454248,5.215230967216489,1.0,1.0,0.0,0.0,,1.4852463156183722,1.0002592862512891,1.1877608105601918,0.711930364674062,acceleration,251.36725570582712,167.66804386458577,23256.689073480833,52.283189025104875,33.5163415312021
middle,top,8,parameterized,tight,snopt,all,True,0.0,1.0,1331340936,True,0.2077634334564209,31,0.4624452590942383,16,16,3.9016558450213585,,2.1464508831569433,5.957034753289132,20.50286098103323,0.4658853402362631,5.727528810501099,True,SolutionResult.kSolutionFound,1,5.721783747,0.17264489820052456,0.37057379421505754,3.147461124322411,12.635393788454714,0.998,0.998,0.0,4.471296937724745e-05,,3.174264799856805,1.0021809629188243,1.0408736277778414,0.2871782961847689,acceleration,228.71652688968197,154.94766809524208,28583.192720926556,51.45328846463869,12.813128405332357
middle,top,8,cspace,tight,snopt,all,True,0.0,1.0,1331340936,True,0.2077634334564209,31,0.4624452590942383,16,16,3.9016558450213585,,2.1464508831569433,5.957034753289132,20.50286098103323,0.1678687537365562,50.75977540016174,True,SolutionResult.kSolutionFound,3,50.753871225,0.17315227703807823,0.5266230710235384,1.03147413192698,3.8881746804116353,0.998,0.998,0.0,0.0,,1.4871309947865186,1.000698158350896,1.0814257077557585,0.4313907852664722,acceleration,211.8227245972719,146.39885216777367,20927.486697346292,40.79409445454647,26.77793029560785
middle,top,8,kinetic,tight,snopt,all,True,0.0,1.0,1331340936,True,0.2077634334564209,31,0.4624452590942383,16,16,3.9016558450213585,,2.1464508831569433,5.957034753289132,20.50286098103323,0.04877368094750675,61.222922563552856,True,SolutionResult.kSolutionFound,3,61.210762353,0.17958208603806258,0.59401672592673,1.0661274235293605,3.6819465447223463,1.0,1.0,0.0,0.0,,1.4097557869070794,1.0006258069082836,1.0558156739689182,0.35511260304526676,acceleration,212.82907358269168,147.54320949299543,20059.052282882556,41.54268937705781,27.56445989717728
top,bottom,4,parameterized,notebook,snopt,all,True,0.0,1.0,1493919170,True,0.2958333492279053,38,1.0814764499664307,15,15,4.879705043198007,,3.1993014115460015,11.883510060739754,46.06674388719112,0.3125682364253292,1.9282591342926025,True,SolutionResult.kSolutionFound,1,1.916291673,0.1963844763439057,0.6282931323727795,7.1534423761808155,28.211251622032854,0.996,0.996,0.0,0.0,,4.0716607355155325,1.0047296181088248,1.2278462884917571,0.365626890300249,acceleration,325.00115354172164,92.16415268291759,34977.303453713845,72.74679329597846,18.7855028607686
top,bottom,4,cspace,notebook,snopt,all,True,0.0,1.0,1493919170,True,0.2958333492279053,38,1.0814764499664307,15,15,4.879705043198007,,3.1993014115460015,11.883510060739754,46.06674388719112,0.08415022117949464,3.1644368171691895,True,SolutionResult.kSolutionFound,1,3.159305191,0.19566135595562764,1.2849606489010803,2.325143691996683,9.177596408778076,1.0,1.0,0.0,0.0,,1.9776168431470695,1.000619325609167,1.1894798350026834,0.658627468962665,acceleration,308.9108913338847,83.99794214798018,27333.828484553153,66.26389125225944,26.6672133221765
top,bottom,4,kinetic,notebook,snopt,all,True,0.0,1.0,1493919170,True,0.2958333492279053,38,1.0814764499664307,15,15,4.879705043198007,,3.1993014115460015,11.883510060739754,46.06674388719112,0.02170763365539387,2.801908016204834,True,SolutionResult.kSolutionFound,1,2.793845823,0.21862685936610282,1.533289769616799,2.870803897715018,10.071427537279213,1.0,1.0,0.0,0.0,,1.9015469179023814,1.0006234047612943,1.2108205866767447,0.7360416051958342,acceleration,340.6638702164413,100.76149700419865,28055.623266099607,73.75170615297984,31.921975852053492
top,bottom,4,parameterized,tight,snopt,all,True,0.0,1.0,1493919170,True,0.2958333492279053,38,1.0814764499664307,15,15,4.879705043198007,,3.1993014115460015,11.883510060739754,46.06674388719112,0.3125682364253292,5.914210319519043,True,SolutionResult.kSolutionFound,1,5.908997342,0.17631959498440897,0.5640995291168396,5.155193569859338,20.946091414589375,1.0,1.0,0.0,6.068967507433243e-05,,3.5378883369337792,1.0024653039769476,1.2005119169640084,0.33857646682533776,acceleration,306.13187608788763,82.97759172486005,31834.550280660907,64.99655387576794,20.793140583057234
top,bottom,4,cspace,tight,snopt,all,True,0.0,1.0,1493919170,True,0.2958333492279053,38,1.0814764499664307,15,15,4.879705043198007,,3.1993014115460015,11.883510060739754,46.06674388719112,0.08415022117949464,23.166406631469727,False,SolutionResult.kSolverSpecificError,41,23.160844856,0.13171747860541877,0.8184343691184259,1.5652659821827675,6.799730287703586,0.998,0.998,0.0,0.0,,1.829738549776785,1.0005981791754823,1.1602680193954393,0.4407819243983994,acceleration,253.03525811395778,55.158831336738416,24809.91399802558,52.48894035061035,20.89799947299869
top,bottom,4,kinetic,tight,snopt,all,True,0.0,1.0,1493919170,True,0.2958333492279053,38,1.0814764499664307,15,15,4.879705043198007,,3.1993014115460015,11.883510060739754,46.06674388719112,0.02170763365539387,45.20531439781189,True,SolutionResult.kSolutionFound,1,45.199265346,0.1286241968451992,0.9459005281160812,1.6188630721590396,5.925297933763448,1.0,1.0,0.0,0.0,,1.575329192184559,1.0007122382594666,1.154983583385212,0.37721974452568363,acceleration,265.1840976499315,61.596864406786764,21650.53336910236,54.16718685511032,26.307623342942282
middle,top,6,parameterized,notebook,snopt,all,True,0.0,1.0,685935503,True,0.2066783905029297,33,0.9945967197418213,15,15,5.388238530298627,,2.1338159952285696,6.161627476927384,23.15762838032493,0.4686439703498812,4.406352758407593,True,SolutionResult.kSolutionFound,1,4.400270259,0.17696012396230854,0.3776003430284034,2.1696571398103712,8.708613097872178,0.998,0.998,0.0,1.5363224967757105e-05,,2.5701503433070703,1.001143406382849,1.2740532925277661,0.29625370180959976,acceleration,211.84039460080336,146.500016218523,24532.08125224149,46.74366406546989,16.045558206457816
middle,top,6,cspace,notebook,snopt,all,True,0.0,1.0,685935503,True,0.2066783905029297,33,0.9945967197418213,15,15,5.388238530298627,,2.1338159952285696,6.161627476927384,23.15762838032493,0.1622947839259295,0.4173142910003662,True,SolutionResult.kSolutionFound,1,0.410912237,0.8418519842799628,2.0861506131513234,5.187178317845258,18.791582086573044,1.0,1.0,0.0,0.0,,2.9384155820375883,1.0057379188163005,1.4452743108811839,0.6064442009087644,acceleration,297.4926204899971,191.10024538068149,31200.494199490513,58.70115476023314,25.468002381691782
middle,top,6,kinetic,notebook,snopt,all,True,0.0,1.0,685935503,True,0.2066783905029297,33,0.9945967197418213,15,15,5.388238530298627,,2.1338159952285696,6.161627476927384,23.15762838032493,0.043182314854383584,3.123387336730957,True,SolutionResult.kSolutionFound,1,3.117129447,0.2500447328783118,1.1349329742786327,1.8542415771635459,5.79044300245356,0.998,0.998,0.0,0.0,,1.6385621204337701,1.000436664692739,1.1859540816109972,0.6068464575959712,acceleration,258.44469407531153,170.85993992014775,23391.440321289054,50.454228848028905,23.631610251075134
middle,top,6,parameterized,tight,snopt,all,True,0.0,1.0,685935503,True,0.2066783905029297,33,0.9945967197418213,15,15,5.388238530298627,,2.1338159952285696,6.161627476927384,23.15762838032493,0.4686439703498812,7.5080835819244385,True,SolutionResult.kSolutionFound,1,7.50338123,0.1762738910320571,0.37613604822537916,2.093676531153947,8.305059177336805,1.0,1.0,0.0,3.457978868270928e-05,,2.486220296117272,1.0010872450782107,1.2513898313613125,0.3168308494019562,acceleration,211.56902960101507,146.39271954766352,23881.23580692575,46.24320774260461,17.207715538191074
middle,top,6,cspace,tight,snopt,all,True,0.0,1.0,685935503,True,0.2066783905029297,33,0.9945967197418213,15,15,5.388238530298627,,2.1338159952285696,6.161627476927384,23.15762838032493,0.1622947839259295,104.88064980506897,True,SolutionResult.kSolutionFound,3,104.868830725,0.16678101521126573,0.5191271708902498,1.0276424859555793,3.780093502699531,1.0,1.0,0.0,0.0,,1.4819074967147685,1.000584213600425,1.0560646209859463,0.3515288471667094,acceleration,199.60450960462248,140.2049969357393,19119.3416731244,37.650677945375904,23.36428372164896
middle,top,6,kinetic,tight,snopt,all,True,0.0,1.0,685935503,True,0.2066783905029297,33,0.9945967197418213,15,15,5.388238530298627,,2.1338159952285696,6.161627476927384,23.15762838032493,0.043182314854383584,50.57704949378967,True,SolutionResult.kSolutionFound,3,50.571294842,0.1661821780517455,0.5967474626872906,1.090204512572243,3.848385122755312,1.0,1.0,0.0,0.0,,1.4328728293726167,1.0005205740539571,1.0704322347768427,0.34899396089983736,acceleration,207.76685437341376,144.59864277143953,19862.085972208464,40.347357104817,26.642371184555913
top,bottom,8,parameterized,notebook,snopt,all,True,0.0,1.0,1354574313,True,0.3531832695007324,33,0.49842023849487305,13,13,3.907842253073776,,2.1177386476973306,4.717153020767125,20.09263381963747,0.4722017993520233,5.0358803272247314,True,SolutionResult.kSolutionFound,1,5.030579631,0.3007602953100049,0.6369317010708628,3.8919788923366676,15.976435078700193,1.0,1.0,0.0,1.955917552010078e-05,,3.0256809084918004,1.0010915277910424,1.1703423334671348,0.34760736385930907,acceleration,288.46926606523004,73.42461346951357,27996.38555058602,59.95943404610678,19.973374466950922
top,bottom,8,cspace,notebook,snopt,all,True,0.0,1.0,1354574313,True,0.3531832695007324,33,0.49842023849487305,13,13,3.907842253073776,,2.1177386476973306,4.717153020767125,20.09263381963747,0.21199227491614753,4.466564178466797,True,SolutionResult.kSolutionFound,1,4.460503312,0.4074725856725457,1.0341694755858568,1.9221105383850388,8.064424369237713,0.998,0.998,0.0,0.0,,1.73763079073412,1.0007009955115318,1.1619309457589526,0.4003775842458278,acceleration,258.67925035662444,58.20497276250012,23357.013660704815,55.56943082682588,23.96334592010617
top,bottom,8,kinetic,notebook,snopt,all,True,0.0,1.0,1354574313,True,0.3531832695007324,33,0.49842023849487305,13,13,3.907842253073776,,2.1177386476973306,4.717153020767125,20.09263381963747,0.049769483133796685,2.8948540687561035,True,SolutionResult.kSolutionFound,1,2.889329041,0.41704029889500754,1.175782697590327,2.1186141155233438,8.379438013729548,1.0,1.0,0.0,0.0,,1.7538510192673684,1.0003209929971744,1.1082048280459365,0.49200891072443176,acceleration,274.04299421893575,66.18517098603229,24126.37140277691,57.17718060972608,23.09270724899232
top,bottom,8,parameterized,tight,snopt,all,True,0.0,1.0,1354574313,True,0.3531832695007324,33,0.49842023849487305,13,13,3.907842253073776,,2.1177386476973306,4.717153020767125,20.09263381963747,0.4722017993520233,8.889745235443115,True,SolutionResult.kSolutionFound,1,8.88254622,0.3007331266831101,0.6368741650196809,3.8849339600005024,15.921872398829791,1.0,1.0,0.0,2.1878305483724603e-05,,3.019516437945661,1.0010772773348915,1.1725291204551276,0.3473540638008042,acceleration,288.0510838404918,73.49331615162349,27866.981359134494,59.89483801694921,19.947540342402487
top,bottom,8,cspace,tight,snopt,all,True,0.0,1.0,1354574313,True,0.3531832695007324,33,0.49842023849487305,13,13,3.907842253073776,,2.1177386476973306,4.717153020767125,20.09263381963747,0.21199227491614753,32.72024893760681,False,SolutionResult.kSolverSpecificError,41,32.714511945,0.3719022051106042,0.932175531274166,1.7543196102674417,7.10931844895783,0.996,0.996,0.0,0.0,,1.6869071939404339,1.0005078846405377,1.1218073213957063,0.3854049099476374,acceleration,256.5817391115588,57.312171612859274,20832.02856759005,50.73031208426006,25.959228041043783
top,bottom,8,kinetic,tight,snopt,all,True,0.0,1.0,1354574313,True,0.3531832695007324,33,0.49842023849487305,13,13,3.907842253073776,,2.1177386476973306,4.717153020767125,20.09263381963747,0.049769483133796685,28.16798186302185,False,SolutionResult.kSolverSpecificError,41,28.160468639,0.33690820944332467,0.9850080063426099,1.7934970039836582,6.769373283174452,1.0,1.0,0.0,0.0,,1.5815028594062246,1.0004904738728209,1.1323171376290837,0.4571815659406028,acceleration,259.27065639801657,58.64652280938628,20380.741866370405,53.82268124178463,29.55558678700352
middle,top,1,parameterized,notebook,snopt,all,True,0.0,1.0,914759212,True,0.1466844081878662,26,0.543834924697876,16,16,3.9013547151570784,,1.7741402124032426,3.508409465203154,12.360144248985247,0.5636533082384759,6.193871736526489,True,SolutionResult.kSolutionFound,1,6.187836818,0.19768174323275026,0.3507151299271928,1.9222494405484167,7.619161093396979,0.998,0.998,0.0,2.4883001308317887e-05,,2.4570585076484086,1.0013981059854018,1.2929589007169513,0.3104537377407432,acceleration,210.1013834542556,145.73514591869326,23666.56560001339,46.04624338750644,17.082474043229144
middle,top,1,cspace,notebook,snopt,all,True,0.0,1.0,914759212,True,0.1466844081878662,26,0.543834924697876,16,16,3.9013547151570784,,1.7741402124032426,3.508409465203154,12.360144248985247,0.285029444230534,4.205892324447632,True,SolutionResult.kSolutionFound,1,4.199794168,0.3225060054779074,0.6410223809817076,1.1314831222035506,3.967264407217254,1.0,1.0,0.0,0.0,,1.5223314629479212,1.0005860293982696,1.1582364359926298,0.30960757103009295,acceleration,201.21792004553828,141.16354580418627,19795.435171942787,41.26190025636127,21.63570214279953
middle,top,1,kinetic,notebook,snopt,all,True,0.0,1.0,914759212,True,0.1466844081878662,26,0.543834924697876,16,16,3.9013547151570784,,1.7741402124032426,3.508409465203154,12.360144248985247,0.08090520465261551,10.989375591278076,True,SolutionResult.kSolutionFound,1,10.982781203,0.28734074096907963,0.5746305926824313,1.03590501749994,3.5515730069881286,0.998,0.998,0.0,0.0,,1.485966795015391,1.0004164167052265,1.150274959720143,0.27309803594278226,acceleration,191.7865033333773,136.2817958462922,18578.73829530488,38.160087238003726,20.23768757477917
middle,top,1,parameterized,tight,snopt,all,True,0.0,1.0,914759212,True,0.1466844081878662,26,0.543834924697876,16,16,3.9013547151570784,,1.7741402124032426,3.508409465203154,12.360144248985247,0.5636533082384759,8.235764980316162,True,SolutionResult.kSolutionFound,1,8.228591122,0.19759647976598452,0.35056386058215827,1.9022047153292372,7.521334622099927,0.998,0.998,0.0,3.669986451493301e-05,,2.4384785107401497,1.00121387470467,1.2506987323744685,0.3170743241961592,acceleration,210.3000338829122,145.83343695938765,23546.461666639694,45.906078602892336,17.397460631442513
middle,top,1,cspace,tight,snopt,all,True,0.0,1.0,914759212,True,0.1466844081878662,26,0.543834924697876,16,16,3.9013547151570784,,1.7741402124032426,3.508409465203154,12.360144248985247,0.285029444230534,87.70828247070312,True,SolutionResult.kSolutionFound,1,87.700693889,0.266500656736976,0.4767197121530333,0.9349934265788634,3.365004430447091,0.998,0.998,0.0,0.0,,1.4591697787685258,1.0005348503025926,1.0542441957040742,0.3424704527329192,acceleration,192.09465242439978,136.65120812430848,17874.853977684634,36.99555763131169,19.908997996605695
middle,top,1,kinetic,tight,snopt,all,True,0.0,1.0,914759212,True,0.1466844081878662,26,0.543834924697876,16,16,3.9013547151570784,,1.7741402124032426,3.508409465203154,12.360144248985247,0.08090520465261551,91.03373432159424,True,SolutionResult.kSolutionFound,3,91.027898058,0.26014016670482243,0.4907380696363121,0.9414830034677357,3.2153699854266744,1.0,1.0,0.0,0.0,,1.4280014498217617,1.0002732142676591,1.0903066373118642,0.3090424651919526,acceleration,193.2253890247719,137.30570085590665,16628.148289066205,35.935835072254946,19.177104286359025
middle,top,2,parameterized,notebook,snopt,all,True,0.0,1.0,797921174,True,0.2796027660369873,36,0.5187134742736816,18,18,4.151671930959155,,1.091420576271545,2.8785798590449247,10.537106558228786,0.916237078300419,4.902991771697998,True,SolutionResult.kSolutionFound,1,4.896012062,0.4474011801658485,0.48830285388117645,1.6865575966883994,6.61732196134482,1.0,1.0,0.0,0.0,,2.031349585149362,1.0024363933343658,1.2247388717708045,0.37182902603517076,acceleration,247.54011857121841,164.26593877482284,24327.292152682097,44.34952012787859,26.222619020074443
middle,top,2,cspace,notebook,snopt,all,True,0.0,1.0,797921174,True,0.2796027660369873,36,0.5187134742736816,18,18,4.151671930959155,,1.091420576271545,2.8785798590449247,10.537106558228786,0.34739352353135233,17.458250045776367,True,SolutionResult.kSolutionFound,1,17.449980403,0.33293279828434336,0.47613708420239675,0.9583736475567777,3.6509583453475845,1.0,1.0,0.0,0.0,,1.5393811928646266,1.0008519767124817,1.1239884064314976,0.43642855849675344,acceleration,220.18713095982162,150.73011204385017,21288.692530787102,40.76717737969712,27.034036572877667
middle,top,2,kinetic,notebook,snopt,all,True,0.0,1.0,797921174,True,0.2796027660369873,36,0.5187134742736816,18,18,4.151671930959155,,1.091420576271545,2.8785798590449247,10.537106558228786,0.09490271304308544,5.213088035583496,True,SolutionResult.kSolutionFound,1,5.206620117,0.4173623260647885,0.5793194648317899,1.1847428222538285,4.397791303134904,1.0,1.0,0.0,0.0,,1.6549222862606985,1.0005733262160212,1.1813449528578797,0.4254939568459222,acceleration,243.39131930092702,162.21401720080775,22093.807345233738,43.51268099988568,26.019134310785255
middle,top,2,parameterized,tight,snopt,all,True,0.0,1.0,797921174,True,0.2796027660369873,36,0.5187134742736816,18,18,4.151671930959155,,1.091420576271545,2.8785798590449247,10.537106558228786,0.916237078300419,12.069490671157837,False,SolutionResult.kIterationLimit,31,12.063105667,0.34588694191027514,0.37750812546451507,1.541578749888887,6.133943082714192,1.0,1.0,0.0,0.0,,2.0588859245802635,1.0021274419110888,1.276804724803807,0.4085015012299639,acceleration,228.25427079571853,154.57080807674174,22796.975592150913,45.1168079314033,20.424894984710587
middle,top,2,cspace,tight,snopt,all,True,0.0,1.0,797921174,True,0.2796027660369873,36,0.5187134742736816,18,18,4.151671930959155,,1.091420576271545,2.8785798590449247,10.537106558228786,0.34739352353135233,50.58849549293518,False,SolutionResult.kSolverSpecificError,41,50.578995411,0.31873927506566013,0.471481008050208,0.9175164574905895,3.412562914971759,1.0,1.0,0.0,0.0,,1.4914702444193693,1.0008834074726003,1.1140476129521688,0.4516053866735355,acceleration,218.38580734371118,149.69622511380862,20628.25109341146,40.655380404442035,28.14449792897569
middle,top,2,kinetic,tight,snopt,all,True,0.0,1.0,797921174,True,0.2796027660369873,36,0.5187134742736816,18,18,4.151671930959155,,1.091420576271545,2.8785798590449247,10.537106558228786,0.09490271304308544,137.2504918575287,True,SolutionResult.kSolutionFound,1,137.243472064,0.3092610136549086,0.513789938303806,0.9735867723973379,3.258716255187619,1.0,1.0,0.0,0.0,,1.442597781548159,1.0008415666734907,1.0268726873080507,0.46735273765693847,acceleration,235.78185943402406,158.81585296846663,18227.82026146243,39.88658595391836,31.578472458305328
top,bottom,7,parameterized,notebook,snopt,all,True,0.0,1.0,1073886328,True,0.6098289489746094,57,1.2265710830688477,11,11,4.221660712814624,,11.372370393088357,24.90151616604215,64.266909871439,0.08793241562091202,3.506932258605957,True,SolutionResult.kSolutionFound,1,3.50006648,0.19691877869055852,2.239433288623628,6.766728154713302,22.810554264092385,1.0,1.0,0.0,0.0,,2.763987356234424,1.0005989608044843,1.1367655822760026,0.7185557257733837,acceleration,325.5396145452087,94.14741656643008,30561.061031893267,75.20680090625063,23.82544800555684
top,bottom,7,cspace,notebook,snopt,all,True,0.0,1.0,1073886328,True,0.6098289489746094,57,1.2265710830688477,11,11,4.221660712814624,,11.372370393088357,24.90151616604215,64.266909871439,0.04015819732951386,9.073521375656128,True,SolutionResult.kSolutionFound,1,9.067826026,0.09452164031855036,1.2336678155646839,2.3537321544332026,10.157188000198447,1.0,1.0,0.0,0.0,,1.8756980403758752,1.00026837517165,1.1022884177118701,0.4241689765330772,acceleration,264.62025627425203,61.262961756076905,24165.77994824045,55.34233069613615,23.55509656481583
top,bottom,7,kinetic,notebook,snopt,all,True,0.0,1.0,1073886328,True,0.6098289489746094,57,1.2265710830688477,11,11,4.221660712814624,,11.372370393088357,24.90151616604215,64.266909871439,0.015560107090887409,6.350402593612671,True,SolutionResult.kSolutionFound,1,6.345213338,0.31806970551881364,4.378760343162893,7.785031107907421,20.441357097412745,1.0,1.0,0.0,0.0,,2.490282197685892,1.000389970264423,1.1623372324921042,0.6956027058884897,acceleration,324.92026748631207,94.11694181779691,30828.072891665946,72.93222893232907,29.361355005948067
top,bottom,7,parameterized,tight,snopt,all,True,0.0,1.0,1073886328,True,0.6098289489746094,57,1.2265710830688477,11,11,4.221660712814624,,11.372370393088357,24.90151616604215,64.266909871439,0.08793241562091202,10.420577049255371,True,SolutionResult.kSolutionFound,1,10.413033939,0.0675611829306574,0.7683307964826362,5.07082239653516,20.879867014553177,0.998,0.998,0.0,7.14646671262642e-06,,3.089781487776018,1.0008177031273535,1.1402913319342056,0.34838244299207977,acceleration,292.7264921662148,75.42687654636806,28513.29556755953,61.38711210329436,20.2691610676191
top,bottom,7,cspace,tight,snopt,all,True,0.0,1.0,1073886328,True,0.6098289489746094,57,1.2265710830688477,11,11,4.221660712814624,,11.372370393088357,24.90151616604215,64.266909871439,0.04015819732951386,56.078084230422974,True,SolutionResult.kSolutionFound,1,56.072399933,0.08428488874977122,1.1102880985339108,2.098821519755492,8.719421351967537,1.0,1.0,0.0,0.0,,1.731194725447846,1.0003031197308114,1.1026537331902582,0.4103202613042561,acceleration,252.24894944995776,55.05181885862016,22424.77413387923,51.43788616402982,22.557631251735785
top,bottom,7,kinetic,tight,snopt,all,True,0.0,1.0,1073886328,True,0.6098289489746094,57,1.2265710830688477,11,11,4.221660712814624,,11.372370393088357,24.90151616604215,64.266909871439,0.015560107090887409,35.55247974395752,True,SolutionResult.kSolutionFound,1,35.546939737,0.1280364874485925,1.2913613499397556,2.2256162366936962,8.228509399114325,1.0,1.0,0.0,0.0,,1.5716304057205026,1.000398341876248,1.0988492410170396,0.38240609309872364,acceleration,261.2868793028037,59.492418896503935,21479.48434294117,54.22624694472428,26.207068057450698
middle,top,7,parameterized,notebook,snopt,all,True,0.0,1.0,1608891161,True,0.45636606216430664,31,0.7434670925140381,15,15,4.827429548879668,,3.043223422468486,12.034016519652303,34.97944871111754,0.3285989430210346,1.7251832485198975,True,SolutionResult.kSolutionFound,1,1.717095217,0.3114964789405328,0.9479533807282935,6.174645442810737,21.194312759672318,1.0,1.0,0.0,0.0,,3.5911243881200665,1.0020826992772593,1.283921615312155,0.5630639681338063,acceleration,274.70849272144153,179.9997091866092,31844.69956733244,68.45538803282948,21.58011425893313
middle,top,7,cspace,notebook,snopt,all,True,0.0,1.0,1608891161,True,0.45636606216430664,31,0.7434670925140381,15,15,4.827429548879668,,3.043223422468486,12.034016519652303,34.97944871111754,0.08309777524128685,7.126401424407959,True,SolutionResult.kSolutionFound,1,7.119853222,0.2613487523206069,1.3503239264059552,3.1450752028167015,9.633580208210562,1.0,1.0,0.0,0.0,,1.9911064043284896,1.0010256654016934,1.265922940165903,0.7562046990783212,acceleration,310.9274953902613,197.93245306321825,25720.132069576583,62.44769704344492,25.988535172008802
middle,top,7,kinetic,notebook,snopt,all,True,0.0,1.0,1608891161,True,0.45636606216430664,31,0.7434670925140381,15,15,4.827429548879668,,3.043223422468486,12.034016519652303,34.97944871111754,0.028588214990425773,4.137040615081787,True,SolutionResult.kSolutionFound,1,4.131173228,0.267415860985288,1.4373784895302286,3.5277214314584073,9.354059393874222,0.998,0.998,0.0,0.0,,2.023442427749172,1.0006131497510202,1.2548074937316893,0.7604474443870478,acceleration,276.7122371531891,181.83001537333976,24549.945556064187,62.33543980994791,22.03424225587269
middle,top,7,parameterized,tight,snopt,all,True,0.0,1.0,1608891161,True,0.45636606216430664,31,0.7434670925140381,15,15,4.827429548879668,,3.043223422468486,12.034016519652303,34.97944871111754,0.3285989430210346,6.963968515396118,True,SolutionResult.kSolutionFound,1,6.95796654,0.13061791569162165,0.39749950042675575,3.1934424689832173,12.856713599391677,0.996,0.996,0.0,5.747279750867307e-05,,3.0798903905526855,1.0018086646687494,1.086916992257208,0.2882400527306154,acceleration,227.55155354790958,154.7795181356979,28140.225910051853,50.93267873362676,12.837189954779054
middle,top,7,cspace,tight,snopt,all,True,0.0,1.0,1608891161,True,0.45636606216430664,31,0.7434670925140381,15,15,4.827429548879668,,3.043223422468486,12.034016519652303,34.97944871111754,0.08309777524128685,85.50899696350098,False,SolutionResult.kSolverSpecificError,41,85.502917326,0.09684149862129308,0.5942480021519401,1.165392194196527,4.409699398154071,1.0,1.0,0.0,0.0,,1.490688091946528,1.0006115625195884,1.0558930200089798,0.4235587896593541,acceleration,214.45584795886478,148.04051987498758,21085.880139530676,41.377700186548985,25.872128031155988
middle,top,7,kinetic,tight,snopt,all,True,0.0,1.0,1608891161,True,0.45636606216430664,31,0.7434670925140381,15,15,4.827429548879668,,3.043223422468486,12.034016519652303,34.97944871111754,0.028588214990425773,112.5554769039154,True,SolutionResult.kSolutionFound,1,112.547951099,0.11449062975902524,0.624880361939113,1.1806990760402742,4.004819111559372,1.0,1.0,0.0,0.0,,1.4079019773054318,1.0006282785030116,1.0069684899966753,0.35403602565010994,acceleration,234.97634941419273,158.39889108483217,18265.683755943057,41.7820327313864,32.80983394290386
middle,top,5,parameterized,notebook,snopt,all,True,0.0,1.0,837540405,True,0.24426889419555664,38,0.8207902908325195,16,16,5.0278348928276415,,3.0449467687065117,6.694303339775448,22.400550014508074,0.3284129661238046,6.278880834579468,True,SolutionResult.kSolutionFound,1,6.272196588,0.1205155689082467,0.3669634921259934,2.1941129149500056,8.9087897148011,0.998,0.998,0.0,0.0,,2.677970593435858,1.001510314724908,1.3274040200124284,0.30145988761608794,acceleration,215.22256551286736,148.19665515157504,25822.885897565975,48.44754853385036,14.934262344759516
middle,top,5,cspace,notebook,snopt,all,True,0.0,1.0,837540405,True,0.24426889419555664,38,0.8207902908325195,16,16,5.0278348928276415,,3.0449467687065117,6.694303339775448,22.400550014508074,0.14938074198973236,7.4083192348480225,True,SolutionResult.kSolutionFound,1,7.402236365,0.24913229760680247,1.119464080667485,1.6677671719151486,5.872665392909366,1.0,1.0,0.0,0.0,,1.7284211241198815,1.000657809300691,1.1891270739724074,0.42308890133012944,acceleration,235.06927296230393,159.23802078309492,24229.734643722317,52.433179671623925,22.590907126002623
middle,top,5,kinetic,notebook,snopt,all,True,0.0,1.0,837540405,True,0.24426889419555664,38,0.8207902908325195,16,16,5.0278348928276415,,3.0449467687065117,6.694303339775448,22.400550014508074,0.04464176099927609,5.088771820068359,True,SolutionResult.kSolutionFound,1,5.082669934,0.29608814389416593,1.5589485337058748,2.1737452536192228,6.632537276004127,1.0,1.0,0.0,0.0,,1.8592050973499903,1.0006246701182602,1.1729727139007782,0.3520593434863119,acceleration,247.40367208222324,165.49579444895437,25734.698731657227,51.75181512007225,20.68881276325333
middle,top,5,parameterized,tight,snopt,all,True,0.0,1.0,837540405,True,0.24426889419555664,38,0.8207902908325195,16,16,5.0278348928276415,,3.0449467687065117,6.694303339775448,22.400550014508074,0.3284129661238046,8.856475353240967,True,SolutionResult.kSolutionFound,1,8.850267174,0.11541864120221784,0.3514436185771901,2.0404806525696557,8.148750037466177,1.0,1.0,0.0,2.2798749357733072e-05,,2.583853588563778,1.0013087130659046,1.2965556883934468,0.3152437877445019,acceleration,213.9431837596638,147.72016387662296,24595.47836872351,46.92045372463583,15.801476854878889
middle,top,5,cspace,tight,snopt,all,True,0.0,1.0,837540405,True,0.24426889419555664,38,0.8207902908325195,16,16,5.0278348928276415,,3.0449467687065117,6.694303339775448,22.400550014508074,0.14938074198973236,125.73282289505005,True,SolutionResult.kSolutionFound,1,125.726674882,0.14139692093693954,0.4868910307480402,0.9465538800621196,3.4533842763420863,1.0,1.0,0.0,0.0,,1.4688822571946045,1.0006140475376284,1.0614006113501884,0.3793734197430106,acceleration,196.31792947205506,138.78870729646124,18800.38302190696,37.427855387602605,21.21401948876375
middle,top,5,kinetic,tight,snopt,all,True,0.0,1.0,837540405,True,0.24426889419555664,38,0.8207902908325195,16,16,5.0278348928276415,,3.0449467687065117,6.694303339775448,22.400550014508074,0.04464176099927609,82.88942337036133,True,SolutionResult.kSolutionFound,3,82.88365268,0.14467799292206238,0.49274224758795143,0.9484808259186231,3.2408666164493036,1.0,1.0,0.0,0.0,,1.421722430401578,1.0003681729271303,1.0665510956107092,0.31419327298803146,acceleration,194.93237365703777,137.90828391765018,16573.99762793673,36.348460192368535,19.15106899618765
middle,top,3,parameterized,notebook,snopt,all,True,0.0,1.0,1485340416,True,0.20511746406555176,36,0.7623465061187744,20,20,4.755634518427983,,0.9423536486871622,2.4568618952890238,7.489590094955108,1.0611727363640473,4.740383148193359,True,SolutionResult.kSolutionFound,1,4.734188296,0.2958194281131088,0.27876651743493425,1.4895007721090192,5.776957188277742,0.998,0.998,0.0,4.922002561524863e-06,,2.361188479952547,1.00193323194221,1.3795411851106711,0.33640811686014754,acceleration,211.54313594098778,146.3830557907877,23094.866616313037,45.21646065714817,19.752833378378046
middle,top,3,cspace,notebook,snopt,all,True,0.0,1.0,1485340416,True,0.20511746406555176,36,0.7623465061187744,20,20,4.755634518427983,,0.9423536486871622,2.4568618952890238,7.489590094955108,0.40702328523938486,4.878712892532349,True,SolutionResult.kSolutionFound,1,4.869466401,0.36875910817481067,0.5233049971547097,0.9059902014154558,3.044526325727261,1.0,1.0,0.0,0.0,,1.4700196799554153,1.000317107555241,1.2281396210271898,0.36905476887315797,acceleration,206.70645024049225,144.25727436638653,18668.465900283674,41.768313116950026,23.51342228645566
middle,top,3,kinetic,notebook,snopt,all,True,0.0,1.0,1485340416,True,0.20511746406555176,36,0.7623465061187744,20,20,4.755634518427983,,0.9423536486871622,2.4568618952890238,7.489590094955108,0.13351865553678127,10.344614505767822,True,SolutionResult.kSolutionFound,1,10.338237672,0.3908737581099922,0.5456624007843922,0.9156446410054985,2.927484227118477,0.996,0.996,0.0,0.0,,1.474001724283894,1.0002188176727114,1.2152022781232317,0.34323099956298037,acceleration,208.66835135095783,145.5468899768723,18313.027018800334,40.43671607400203,23.647946119302176
middle,top,3,parameterized,tight,snopt,all,True,0.0,1.0,1485340416,True,0.20511746406555176,36,0.7623465061187744,20,20,4.755634518427983,,0.9423536486871622,2.4568618952890238,7.489590094955108,1.0611727363640473,8.150068283081055,True,SolutionResult.kSolutionFound,1,8.143643744,0.2940981663239412,0.277144480107573,1.4650090904507187,5.659222393218779,0.998,0.998,0.0,1.685818851449028e-05,,2.306529170669557,1.0019797634652698,1.331701285453917,0.3651913791496591,acceleration,210.81921376949919,146.1420057066813,22778.254413331277,45.11598191265374,19.803342192754904
middle,top,3,cspace,tight,snopt,all,True,0.0,1.0,1485340416,True,0.20511746406555176,36,0.7623465061187744,20,20,4.755634518427983,,0.9423536486871622,2.4568618952890238,7.489590094955108,0.40702328523938486,109.20685148239136,True,SolutionResult.kSolutionFound,3,109.200767565,0.297365759244955,0.3805196868178019,0.7305866028526197,2.5690854619828474,0.998,0.998,0.0,0.0,,1.4483497871728908,1.000168658926259,1.1637397132078349,0.29784746220222325,acceleration,190.3727852358664,135.38308616993345,17120.330556593864,36.07018690165867,19.22887672331706
middle,top,3,kinetic,tight,snopt,all,True,0.0,1.0,1485340416,True,0.20511746406555176,36,0.7623465061187744,20,20,4.755634518427983,,0.9423536486871622,2.4568618952890238,7.489590094955108,0.13351865553678127,118.58604788780212,True,SolutionResult.kSolutionFound,3,118.580290453,0.3356916478799726,0.3883456449623478,0.7391318702873504,2.5141928409210013,1.0,1.0,0.0,0.0,,1.4367342929063487,1.0001781880086618,1.154309952202406,0.30979019938486896,acceleration,193.84312569360117,137.46746042498347,16629.565722783158,35.66695700742354,19.502654946167628
top,middle,3,parameterized,notebook,snopt,all,True,0.0,1.0,34585784,True,0.14677071571350098,29,0.9376542568206787,14,14,3.4933868981716802,,1.8653072979458643,3.3971546508527934,12.915493923535909,0.5361046949750488,2.382506847381592,True,SolutionResult.kSolutionFound,1,2.375242986,0.24939599394228504,0.4652001675790077,2.971441150316503,12.293570436715218,1.0,1.0,0.0,0.0,,2.7985289390775723,1.000630524758096,1.076567406119614,0.35816822344128774,acceleration,230.64598068205152,80.16241819221543,27875.745878875663,50.775158358338466,19.39116174347872
top,middle,3,cspace,notebook,snopt,all,True,0.0,1.0,34585784,True,0.14677071571350098,29,0.9376542568206787,14,14,3.4933868981716802,,1.8653072979458643,3.3971546508527934,12.915493923535909,0.2943639906852543,5.850780725479126,True,SolutionResult.kSolutionFound,1,5.84408898,0.38440872391401054,0.6819280858455545,1.3058958842728683,5.174063151766794,1.0,1.0,0.0,0.0,,1.614254274379626,1.0005772269494453,1.1603612284291414,0.3853346253033635,acceleration,202.5446433931571,65.79708389468085,22877.60801053045,42.3599336734496,27.262054617982205
top,middle,3,kinetic,notebook,snopt,all,True,0.0,1.0,34585784,True,0.14677071571350098,29,0.9376542568206787,14,14,3.4933868981716802,,1.8653072979458643,3.3971546508527934,12.915493923535909,0.07742638461373123,4.533430099487305,True,SolutionResult.kSolutionFound,1,4.527013776,0.39840709238647826,0.8733092590361496,1.4929602529123112,5.145624380811172,1.0,1.0,0.0,0.0,,1.5160551286528374,1.0004838288034632,1.1320805116621708,0.3737351248430101,acceleration,207.32707587834196,69.33359946192381,22582.628558326905,45.13974657758254,24.67121082664414
top,middle,3,parameterized,tight,snopt,all,True,0.0,1.0,34585784,True,0.14677071571350098,29,0.9376542568206787,14,14,3.4933868981716802,,1.8653072979458643,3.3971546508527934,12.915493923535909,0.5361046949750488,6.53311824798584,True,SolutionResult.kSolutionFound,1,6.526231264,0.22144660709637468,0.41306597232221726,2.7214112872116,10.958773382354636,1.0,1.0,0.0,3.52894261590464e-06,,2.785908799725769,1.00113353443487,1.1733254880281156,0.3135252845440931,acceleration,217.93068860068925,73.96502137790645,25909.436614328057,48.47526812449506,14.533665999461215
top,middle,3,cspace,tight,snopt,all,True,0.0,1.0,34585784,True,0.14677071571350098,29,0.9376542568206787,14,14,3.4933868981716802,,1.8653072979458643,3.3971546508527934,12.915493923535909,0.2943639906852543,32.89465808868408,False,SolutionResult.kSolverSpecificError,41,32.889178531,0.34876966498070006,0.6039530375624035,1.1848244894655557,4.459793738214739,1.0,1.0,0.0,0.0,,1.4777610948361137,1.0005023995761715,1.16396456836208,0.4052920140982158,acceleration,209.68949760866207,69.68310384189071,20531.558927461134,40.767597921096,28.214259056207382
top,middle,3,kinetic,tight,snopt,all,True,0.0,1.0,34585784,True,0.14677071571350098,29,0.9376542568206787,14,14,3.4933868981716802,,1.8653072979458643,3.3971546508527934,12.915493923535909,0.07742638461373123,27.756383657455444,False,SolutionResult.kSolverSpecificError,41,27.750495059,0.334749134312818,0.7005768635847798,1.255475016146361,4.323450410126107,1.0,1.0,0.0,0.0,,1.3962822832179704,1.0005563752720017,1.137618807858467,0.35188643609745635,acceleration,216.0280520844274,73.31694746126941,19892.41020352987,42.04344807473158,28.34995629464997
bottom,middle,7,parameterized,notebook,snopt,all,True,0.0,1.0,1482419838,True,0.12749505043029785,19,0.3845832347869873,27,27,5.055122577854277,,0.3723556946007378,1.5285977214529471,7.441299408518447,2.685604153502366,2.0678627490997314,True,SolutionResult.kSolutionFound,1,2.050487999,0.32187997453049827,0.11985384149437447,0.5851345601003114,2.82267934220348,1.0,1.0,0.0,0.0,,2.102691334593939,1.0023395474755832,1.3551427967102363,0.3785982259344687,acceleration,143.9229082544788,110.14450826860255,22303.96553575725,34.91482054226857,13.24394033451699
bottom,middle,7,cspace,notebook,snopt,all,True,0.0,1.0,1482419838,True,0.12749505043029785,19,0.3845832347869873,27,27,5.055122577854277,,0.3723556946007378,1.5285977214529471,7.441299408518447,0.6541943547119056,6.015958309173584,True,SolutionResult.kSolutionFound,1,6.005134332,0.25268732846078085,0.16822590853655933,0.3862572745251821,1.7981428678711742,0.998,0.998,0.0,0.0,,1.4761042065857026,1.0004114800572557,1.2824958103527182,0.44051182391849897,acceleration,153.19333321509768,115.16264119710257,19469.64847446652,32.65898152807745,18.324190313485598
bottom,middle,7,kinetic,notebook,snopt,all,True,0.0,1.0,1482419838,True,0.12749505043029785,19,0.3845832347869873,27,27,5.055122577854277,,0.3723556946007378,1.5285977214529471,7.441299408518447,0.1343851315611958,6.418929815292358,True,SolutionResult.kSolutionFound,1,6.411952824,0.2079934441116607,0.18564219749172028,0.37871960159657764,1.5477414926438153,0.998,0.998,0.0,0.0,,1.3444553611610097,1.0003669804866835,1.2620843013776506,0.6177356116016989,acceleration,175.77665282035923,126.24534289771103,19167.23440303648,32.297136128515106,21.203409060191635
bottom,middle,7,parameterized,tight,snopt,all,True,0.0,1.0,1482419838,True,0.12749505043029785,19,0.3845832347869873,27,27,5.055122577854277,,0.3723556946007378,1.5285977214529471,7.441299408518447,2.685604153502366,15.523967504501343,True,SolutionResult.kSolutionFound,1,15.517821101,0.1588292232715396,0.05914096575417689,0.3207709287343342,1.2309206075621797,1.0,1.0,0.0,4.585201482498746e-06,,1.5917386358214651,1.0021212022800867,1.413039527021098,0.4069948485986835,acceleration,112.20895945058899,93.81048429485456,15675.615350878776,20.424320282914735,13.788566845845466
bottom,middle,7,cspace,tight,snopt,all,True,0.0,1.0,1482419838,True,0.12749505043029785,19,0.3845832347869873,27,27,5.055122577854277,,0.3723556946007378,1.5285977214529471,7.441299408518447,0.6541943547119056,183.04941701889038,False,SolutionResult.kSolverSpecificError,41,183.043503796,0.11355476068206057,0.0868993248271316,0.17357954843873244,0.6298901544193825,1.0,1.0,0.0,0.0,,1.0294547771874565,1.0002006594683945,1.3591474926790086,0.3926281965629849,acceleration,116.89429826152157,96.19314391392993,12275.793857430368,17.021461882976972,16.6674251720738
bottom,middle,7,kinetic,tight,snopt,all,True,0.0,1.0,1482419838,True,0.12749505043029785,19,0.3845832347869873,27,27,5.055122577854277,,0.3723556946007378,1.5285977214529471,7.441299408518447,0.1343851315611958,267.58121824264526,True,SolutionResult.kSolutionFound,3,267.572951122,0.0838036453324149,0.08630290131455023,0.173438529370207,0.6236080164437885,1.0,1.0,0.0,0.0,,1.0307811393496606,1.0001454315035683,1.362674501120276,0.37481234734571023,acceleration,115.43247860204703,95.4313187070073,12143.850109720628,17.001563000348092,18.111977713545325
top,bottom,5,parameterized,notebook,snopt,all,True,0.0,1.0,772560212,True,0.669299840927124,32,0.6174044609069824,16,16,5.2616798328597785,,1.461115595684748,5.481944095049798,21.758461636077897,0.6844085457395673,2.1271748542785645,True,SolutionResult.kSolutionFound,1,2.120271274,0.515955134081075,0.7538700930794742,3.483289791853602,14.346976591820592,1.0,1.0,0.0,0.0,,3.132988248168818,1.00273074947501,1.2023936768980161,0.5592784300441102,acceleration,326.35140488926476,93.1369875432922,31016.527873520765,66.97615772131212,27.045461808786055
top,bottom,5,cspace,notebook,snopt,all,True,0.0,1.0,772560212,True,0.669299840927124,32,0.6174044609069824,16,16,5.2616798328597785,,1.461115595684748,5.481944095049798,21.758461636077897,0.18241703721550193,4.431936979293823,True,SolutionResult.kSolutionFound,1,4.42653066,0.305313896118718,0.8759938720396578,1.6737137099646542,7.151349959900044,0.998,0.998,0.0,0.0,,1.8981017125926194,1.0004600037191251,1.1482694004976763,0.5052186751157811,acceleration,280.8525302431807,69.00421739251229,25325.67738698366,57.7581414199343,23.271972394296352
top,bottom,5,kinetic,notebook,snopt,all,True,0.0,1.0,772560212,True,0.669299840927124,32,0.6174044609069824,16,16,5.2616798328597785,,1.461115595684748,5.481944095049798,21.758461636077897,0.04595913151975281,4.543812990188599,True,SolutionResult.kSolutionFound,1,4.535023943,0.35544309055269807,1.0465886654694643,1.9504338988089467,7.733894849599843,1.0,1.0,0.0,0.0,,1.9185222535643902,1.0009688442493976,1.1743002955054749,0.616227004259021,acceleration,304.2812120630283,81.5898926176094,25497.774994186304,61.202079582044924,27.332396801402506
top,bottom,5,parameterized,tight,snopt,all,True,0.0,1.0,772560212,True,0.669299840927124,32,0.6174044609069824,16,16,5.2616798328597785,,1.461115595684748,5.481944095049798,21.758461636077897,0.6844085457395673,6.02524471282959,True,SolutionResult.kSolutionFound,1,6.019748606,0.34378644275797915,0.5023117330986677,3.3212932410922154,13.622184742513715,1.0,1.0,0.0,4.2687891974591e-05,,3.1619633876775177,1.0018050665207041,1.2178688860913973,0.3482351894494695,acceleration,297.16066134239674,77.34956771129828,29364.390081471178,61.42111603371417,22.46484910342804
top,bottom,5,cspace,tight,snopt,all,True,0.0,1.0,772560212,True,0.669299840927124,32,0.6174044609069824,16,16,5.2616798328597785,,1.461115595684748,5.481944095049798,21.758461636077897,0.18241703721550193,86.09225726127625,True,SolutionResult.kSolutionFound,3,86.086771528,0.25313498233041315,0.7359811106060529,1.3876718216367436,5.881465897433501,1.0,1.0,0.0,0.0,,1.7738049116735994,1.000694030100805,1.1745127941021107,0.4332298097646353,acceleration,252.08957779713867,54.715583802091885,23349.90403400424,51.14070816126833,20.887031192510637
top,bottom,5,kinetic,tight,snopt,all,True,0.0,1.0,772560212,True,0.669299840927124,32,0.6174044609069824,16,16,5.2616798328597785,,1.461115595684748,5.481944095049798,21.758461636077897,0.04595913151975281,64.53441858291626,True,SolutionResult.kSolutionFound,3,64.527465445,0.24678597353889978,0.829020875637561,1.444331867111191,5.369683137568287,1.0,1.0,0.0,0.0,,1.5875152278915163,1.0007498938715917,1.1699864201428187,0.3656319545152667,acceleration,261.97324526895085,59.89121208686346,21771.144695935152,53.31758144899127,25.709594012447926
top,middle,0,parameterized,notebook,snopt,all,True,0.0,1.0,453438722,True,0.11647295951843262,27,0.5197188854217529,16,16,3.9752523600215075,,1.1707174605855868,3.090520589778436,13.341808619071141,0.8541770612183449,3.399101972579956,True,SolutionResult.kSolutionFound,1,3.393531983,0.37422597663542656,0.43811288505178664,1.960894662689945,8.444022294578613,1.0,1.0,0.0,0.0,,2.4057869970008685,1.0007552742779815,1.1785377214034682,0.3129758101807326,acceleration,213.46531110103214,71.97196349299168,25732.549688713996,47.1298546403405,14.935007519960807
top,middle,0,cspace,notebook,snopt,all,True,0.0,1.0,453438722,True,0.11647295951843262,27,0.5197188854217529,16,16,3.9752523600215075,,1.1707174605855868,3.090520589778436,13.341808619071141,0.3235700817873184,4.78038215637207,True,SolutionResult.kSolutionFound,1,4.774723311,0.36135036303468027,0.540094721996624,1.1167607370825923,4.558745930236691,0.996,0.996,0.0,0.0,,1.6364912115307266,1.0004738335407617,1.1796944152900803,0.4190379711953843,acceleration,214.53252395098636,71.98742552045125,22525.650003169718,42.728282401296354,24.05442117317276
top,middle,0,kinetic,notebook,snopt,all,True,0.0,1.0,453438722,True,0.11647295951843262,27,0.5197188854217529,16,16,3.9752523600215075,,1.1707174605855868,3.090520589778436,13.341808619071141,0.0749523568019536,4.398383855819702,True,SolutionResult.kSolutionFound,1,4.393387993,0.36294160344222304,0.6529455846729959,1.2773821532733258,4.84229741302495,1.0,1.0,0.0,0.0,,1.6146955122038589,1.0009701122104335,1.1648708091871516,0.4157777089508281,acceleration,238.52272936574815,84.36522364702768,22484.41915543322,44.6898988188686,26.85809717624923
top,middle,0,parameterized,tight,snopt,all,True,0.0,1.0,453438722,True,0.11647295951843262,27,0.5197188854217529,16,16,3.9752523600215075,,1.1707174605855868,3.090520589778436,13.341808619071141,0.8541770612183449,9.772533178329468,True,SolutionResult.kSolutionFound,1,9.766722559,0.30050714114048016,0.351808957163812,1.8969522015893987,7.55235329152292,0.998,0.998,0.0,8.030415523885281e-05,,2.4570439835813462,1.0012228659760154,1.2083990326206013,0.2870913313445071,acceleration,210.64956682642128,70.50206110572935,23608.77788152166,46.11123088989473,16.73090240062305
top,middle,0,cspace,tight,snopt,all,True,0.0,1.0,453438722,True,0.11647295951843262,27,0.5197188854217529,16,16,3.9752523600215075,,1.1707174605855868,3.090520589778436,13.341808619071141,0.3235700817873184,71.79880499839783,False,SolutionResult.kSolverSpecificError,41,71.793391209,0.30646262394078355,0.4795437378047653,0.9471290492865174,3.523476258723488,0.998,0.998,0.0,0.0,,1.4831902909646855,1.0005602257642194,1.1894661157799584,0.3843200609202582,acceleration,196.3539767861938,62.83556896282352,19067.532218562133,37.71130026026982,21.69696858315187
top,middle,0,kinetic,tight,snopt,all,True,0.0,1.0,453438722,True,0.11647295951843262,27,0.5197188854217529,16,16,3.9752523600215075,,1.1707174605855868,3.090520589778436,13.341808619071141,0.0749523568019536,32.33165764808655,False,SolutionResult.kSolverSpecificError,41,32.326267982,0.27192466766041135,0.5326810498241631,0.9982942966994143,3.6279668747297324,1.0,1.0,0.0,0.0,,1.445316037158558,1.0004681374544095,1.2009587590200717,0.32671041615359964,acceleration,204.67517293760704,67.32221989608243,20126.098778691543,40.02682722305866,24.29117633110068
top,bottom,9,parameterized,notebook,snopt,all,True,0.0,1.0,666507647,True,0.28703808784484863,40,1.007417917251587,17,17,4.366362590179977,,3.359552875971882,6.888480246966244,25.179687449359623,0.29765865783871936,1.7519989013671875,True,SolutionResult.kSolutionFound,1,1.745461817,0.2413244924168664,0.8107423925415413,2.771867934691889,11.336166273978938,1.0,1.0,0.0,0.0,,2.7894811380860687,1.000873794515594,1.203226221969781,0.38984155083499983,acceleration,300.145979537818,79.94704212344121,28641.313884768257,64.04327179433001,22.261285991411892
top,bottom,9,cspace,notebook,snopt,all,True,0.0,1.0,666507647,True,0.28703808784484863,40,1.007417917251587,17,17,4.366362590179977,,3.359552875971882,6.888480246966244,25.179687449359623,0.14516990165434676,3.0370309352874756,True,SolutionResult.kSolutionFound,1,3.029880049,0.3697275846981176,1.4179914109525376,2.546861163951522,9.01546282253487,1.0,1.0,0.0,0.0,,1.9915910522185933,1.000598790055071,1.0968636986343292,0.48386980557576537,acceleration,316.9368361844163,88.12246029996938,25641.905073731465,66.20864527923314,29.473821298295828
top,bottom,9,kinetic,notebook,snopt,all,True,0.0,1.0,666507647,True,0.28703808784484863,40,1.007417917251587,17,17,4.366362590179977,,3.359552875971882,6.888480246966244,25.179687449359623,0.039714551739816466,5.7847230434417725,True,SolutionResult.kSolutionFound,1,5.777376488,0.30973127788456983,1.379027466098289,2.348708485898199,7.798936770424219,0.998,0.998,0.0,0.0,,1.8751894815831471,1.0003934950788067,1.1772368269118811,0.5919005082067577,acceleration,315.42721801923517,87.54297448715681,25731.443859515268,64.29193550741022,25.782750984853934
top,bottom,9,parameterized,tight,snopt,all,True,0.0,1.0,666507647,True,0.28703808784484863,40,1.007417917251587,17,17,4.366362590179977,,3.359552875971882,6.888480246966244,25.179687449359623,0.29765865783871936,7.563844442367554,True,SolutionResult.kSolutionFound,1,7.552470236,0.1404064696643817,0.47170295896603015,2.8992638240559647,11.905370023470688,1.0,1.0,0.0,6.09603623851207e-05,,3.0694014768064872,1.0019444549249823,1.234209755238297,0.3503330204422316,acceleration,292.0853015681595,75.82453244101634,28527.73066191907,60.60341240460472,21.159851032803264
top,bottom,9,cspace,tight,snopt,all,True,0.0,1.0,666507647,True,0.28703808784484863,40,1.007417917251587,17,17,4.366362590179977,,3.359552875971882,6.888480246966244,25.179687449359623,0.14516990165434676,93.06624507904053,False,SolutionResult.kSolverSpecificError,41,93.059841563,0.18420561651901596,0.6720939620968345,1.2688967507714808,5.2405613755620974,1.0,1.0,0.0,0.0,,1.7377307490910567,1.000769191058675,1.189811619352393,0.4318736202494184,acceleration,253.83416251601722,55.39340141889453,22411.63381380178,50.41623292308319,22.670311367149907
top,bottom,9,kinetic,tight,snopt,all,True,0.0,1.0,666507647,True,0.28703808784484863,40,1.007417917251587,17,17,4.366362590179977,,3.359552875971882,6.888480246966244,25.179687449359623,0.039714551739816466,31.49531054496765,False,SolutionResult.kSolverSpecificError,41,31.490145583,0.19794266321315032,0.7578099975229537,1.3342546776694568,4.98413439260098,1.0,1.0,0.0,0.0,,1.607040071750578,1.0006509288989736,1.1855880632546494,0.37543883256099136,acceleration,258.94771216963784,58.442680510242624,21728.1691405281,52.513002762214626,25.84562153982126
top,middle,8,parameterized,notebook,snopt,all,True,0.0,1.0,366830896,True,0.21294307708740234,28,0.5304038524627686,19,19,3.97988085599736,,1.867370786943093,3.517616464852421,8.540934735612224,0.5355122865754001,8.183916568756104,False,SolutionResult.kIterationLimit,31,8.17618487,1.1013843612568077,2.056692981406945,16.02253639871455,54.76370370724214,0.93,0.934,0.0,0.0034510401786307376,,4.589915226203827,1.008277898553862,1.2898077693995424,0.460121036540334,acceleration,496.5736174904812,215.7901160660437,55462.765231596575,70.78172651268892,23.436201156103394
top,middle,8,cspace,notebook,snopt,all,True,0.0,1.0,366830896,True,0.21294307708740234,28,0.5304038524627686,19,19,3.97988085599736,,1.867370786943093,3.517616464852421,8.540934735612224,0.2842834089480401,7.387334585189819,False,SolutionResult.kIterationLimit,31,7.382106447,39.22430729828728,27.968826644993673,137.9760691748863,351.0511614744889,0.594,0.648,0.22761780891425287,0.05359452111386975,,12.872921420973153,3.163775398377485,44.448613518128155,9.544793725386585,acceleration,1541.688528067677,874.7382312654408,311837.8284113046,170.01446776054686,43.8039209381278
top,middle,8,kinetic,notebook,snopt,all,True,0.0,1.0,366830896,True,0.21294307708740234,28,0.5304038524627686,19,19,3.97988085599736,,1.867370786943093,3.517616464852421,8.540934735612224,0.11708320353162363,10.939904689788818,False,SolutionResult.kIterationLimit,31,10.932344233,1.7087452347066936,2.548336628178423,4.508619586955416,14.594281529418268,1.0,1.0,0.0,0.0,,2.8199651013705074,1.0047651295429885,1.2699668421468937,0.6159167966726949,acceleration,386.56570144527075,160.0060159393451,40495.97454446805,51.206455906364,23.380404291155106
top,middle,8,parameterized,tight,snopt,all,True,0.0,1.0,366830896,True,0.21294307708740234,28,0.5304038524627686,19,19,3.97988085599736,,1.867370786943093,3.517616464852421,8.540934735612224,0.5355122865754001,5.095829248428345,False,SolutionResult.kIterationLimit,31,5.092177903,1.1013843612568077,2.056692981406945,16.02253639871455,54.76370370724214,0.93,0.934,0.0,0.0034510401786307376,,4.589915226203827,1.008277898553862,1.2898077693995424,0.460121036540334,acceleration,496.5736174904812,215.7901160660437,55462.765231596575,70.78172651268892,23.436201156103394
top,middle,8,cspace,tight,snopt,all,True,0.0,1.0,366830896,True,0.21294307708740234,28,0.5304038524627686,19,19,3.97988085599736,,1.867370786943093,3.517616464852421,8.540934735612224,0.2842834089480401,4.298966646194458,False,SolutionResult.kIterationLimit,31,4.295313349,39.22430729828728,27.968826644993673,137.9760691748863,351.0511614744889,0.594,0.648,0.22761780891425287,0.05359452111386975,,12.872921420973153,3.163775398377485,44.448613518128155,9.544793725386585,acceleration,1541.688528067677,874.7382312654408,311837.8284113046,170.01446776054686,43.8039209381278
top,middle,8,kinetic,tight,snopt,all,True,0.0,1.0,366830896,True,0.21294307708740234,28,0.5304038524627686,19,19,3.97988085599736,,1.867370786943093,3.517616464852421,8.540934735612224,0.11708320353162363,7.1410911083221436,False,SolutionResult.kIterationLimit,31,7.137461288,1.7087452347066936,2.548336628178423,4.508619586955416,14.594281529418268,1.0,1.0,0.0,0.0,,2.8199651013705074,1.0047651295429885,1.2699668421468937,0.6159167966726949,acceleration,386.56570144527075,160.0060159393451,40495.97454446805,51.206455906364,23.380404291155106
top,bottom,1,parameterized,notebook,snopt,all,True,0.0,1.0,694260045,True,0.30455660820007324,37,0.8946330547332764,12,12,4.065702133917505,,3.306691817495521,7.751809652284141,28.125879011852895,0.30241705462512597,2.270571708679199,True,SolutionResult.kSolutionFound,1,2.264445399,0.34985841696026476,1.1568739646444446,3.9672957855311384,15.153072028640981,1.0,1.0,0.0,0.0,,2.4748808396860005,1.000785489386561,1.0473643457730761,0.3298925135990066,acceleration,334.0294475238002,96.74099198496094,24062.827189011754,60.22570673523914,19.783470894691884
top,bottom,1,cspace,notebook,snopt,all,True,0.0,1.0,694260045,True,0.30455660820007324,37,0.8946330547332764,12,12,4.065702133917505,,3.306691817495521,7.751809652284141,28.125879011852895,0.12900213561169435,3.25595760345459,True,SolutionResult.kSolutionFound,1,3.249674139,0.2949434546058171,1.2106291106575326,2.286345518291403,9.12793195645987,1.0,1.0,0.0,0.0,,1.8011701144580627,1.0006618893470378,1.1429806809473495,0.4170352603964135,acceleration,309.415704978039,83.64819592569472,22073.892328084876,54.661256790768,33.24362335113329
top,bottom,1,kinetic,notebook,snopt,all,True,0.0,1.0,694260045,True,0.30455660820007324,37,0.8946330547332764,12,12,4.065702133917505,,3.306691817495521,7.751809652284141,28.125879011852895,0.035554444345671,10.724458694458008,True,SolutionResult.kSolutionFound,1,10.717815236,0.26372599532495933,1.0662222690186156,1.9622281874005474,7.417525436790289,1.0,1.0,0.0,0.0,,1.6117290980526178,1.0003791241739655,1.1226153696358927,0.4664910059967447,acceleration,271.3875652196812,64.72296261299772,20591.061938089668,52.96443772571107,33.64570378972837
top,bottom,1,parameterized,tight,snopt,all,True,0.0,1.0,694260045,True,0.30455660820007324,37,0.8946330547332764,12,12,4.065702133917505,,3.306691817495521,7.751809652284141,28.125879011852895,0.30241705462512597,9.792453289031982,True,SolutionResult.kSolutionFound,1,9.786940378,0.21031163266025715,0.695435754841794,4.370400214300949,17.945558797708212,0.998,0.998,0.0,1.897883840262793e-05,,3.0549073660651267,1.000887133029185,1.1578136156205714,0.34893642564419153,acceleration,289.3683090015354,73.73895723677896,28100.78444321116,60.26372833172224,19.987424367928686
top,bottom,1,cspace,tight,snopt,all,True,0.0,1.0,694260045,True,0.30455660820007324,37,0.8946330547332764,12,12,4.065702133917505,,3.306691817495521,7.751809652284141,28.125879011852895,0.12900213561169435,185.55922508239746,False,SolutionResult.kSolverSpecificError,41,185.553278691,0.24439690857183435,1.005935357008297,1.89451831485555,7.961518845696529,1.0,1.0,0.0,0.0,,1.7322560301923118,1.000376808622926,1.1166172632372915,0.40821554718231856,acceleration,253.10506479932562,55.3267439193838,22353.755989022975,51.24895351992953,22.661181590973396
top,bottom,1,kinetic,tight,snopt,all,True,0.0,1.0,694260045,True,0.30455660820007324,37,0.8946330547332764,12,12,4.065702133917505,,3.306691817495521,7.751809652284141,28.125879011852895,0.035554444345671,16.291967630386353,False,SolutionResult.kSolverSpecificError,41,16.287060396,0.26207230813887744,1.059373110543965,1.967846791366231,7.371014031071101,1.0,1.0,0.0,0.0,,1.5988977039982046,1.0004329001675725,1.1205341092409293,0.4975970139566591,acceleration,271.60816839074795,64.77989270089603,20455.48415030344,53.09920771660894,35.976684449903544
top,bottom,2,parameterized,notebook,snopt,all,True,0.0,1.0,812171511,True,0.5872087478637695,50,0.7226955890655518,22,22,5.958598491500872,,1.9867642652363235,5.311122889965684,20.887614197399035,0.5033309776593203,6.809419393539429,True,SolutionResult.kSolutionFound,1,6.803679184,0.18157236245396743,0.36074148127807887,2.7737338376176695,11.419773532963346,0.996,0.996,0.0,3.986430944769026e-05,,3.4122224248501096,1.0042178303494311,1.3004707255629973,0.33857450066176026,acceleration,301.57562085872445,80.58932383146552,31501.2909801993,64.16593918193689,21.461734519364953
top,bottom,2,cspace,notebook,snopt,all,True,0.0,1.0,812171511,True,0.5872087478637695,50,0.7226955890655518,22,22,5.958598491500872,,1.9867642652363235,5.311122889965684,20.887614197399035,0.1882841012564974,4.269567012786865,True,SolutionResult.kSolutionFound,1,4.263169465,0.3523306942883892,1.025855430369864,1.8712716152725666,7.732083116254142,0.994,0.994,0.0,0.0,,2.201571876525712,1.0009648085666867,1.1177824611423177,0.5779926512945887,acceleration,306.13100933286626,83.44551527509168,32306.437459688485,65.93352046794395,21.77036804896983
top,bottom,2,kinetic,notebook,snopt,all,True,0.0,1.0,812171511,True,0.5872087478637695,50,0.7226955890655518,22,22,5.958598491500872,,1.9867642652363235,5.311122889965684,20.887614197399035,0.04787526189202221,6.305448293685913,True,SolutionResult.kSolutionFound,1,6.290859209,0.32341003823943676,1.029176977140831,1.8136053442159223,6.755264106311421,0.994,0.994,0.0,0.0,,2.045446564619963,1.000713812702656,1.2776609243550732,0.63326605832668,acceleration,304.86962790721896,82.80957329652794,29206.821812420843,64.90546484347418,23.258411611184773
top,bottom,2,parameterized,tight,snopt,all,True,0.0,1.0,812171511,True,0.5872087478637695,50,0.7226955890655518,22,22,5.958598491500872,,1.9867642652363235,5.311122889965684,20.887614197399035,0.5033309776593203,10.677436828613281,True,SolutionResult.kSolutionFound,1,10.664046168,0.1810589892555996,0.35972152975283617,2.7244051122088138,11.136171777766503,0.998,0.998,0.0,6.936915610022965e-05,,3.361265843123377,1.0041178687319565,1.3191033040922178,0.33808719938120574,acceleration,302.1291907821537,80.43733999542718,30839.052075921485,63.34567179120088,21.033621337118923
top,bottom,2,cspace,tight,snopt,all,True,0.0,1.0,812171511,True,0.5872087478637695,50,0.7226955890655518,22,22,5.958598491500872,,1.9867642652363235,5.311122889965684,20.887614197399035,0.1882841012564974,114.46046280860901,True,SolutionResult.kSolutionFound,1,114.45447083,0.1945847715739434,0.5459309251234967,1.0334636343451147,4.490472951031088,0.998,0.998,0.0,0.0,,1.8489565055620751,1.0011676169894788,1.2702124532955854,0.4352025702034591,acceleration,253.50354695776446,55.27577752817427,24841.347501551434,51.07150620143216,20.734545093285778
top,bottom,2,kinetic,tight,snopt,all,True,0.0,1.0,812171511,True,0.5872087478637695,50,0.7226955890655518,22,22,5.958598491500872,,1.9867642652363235,5.311122889965684,20.887614197399035,0.04787526189202221,77.83191752433777,True,SolutionResult.kSolutionFound,1,77.824461086,0.18821943331815147,0.6279820949904814,1.073465910999778,3.931454907602621,1.0,1.0,0.0,0.0,,1.588116257572442,1.001278690432419,1.2653498591869843,0.4754104352447587,acceleration,266.7009240851829,62.48179684909341,21958.1830984466,53.62895064701992,25.042973702386025
top,bottom,0,parameterized,notebook,snopt,all,True,0.0,1.0,1583784411,True,0.184128999710083,32,0.5123782157897949,22,22,6.402711863743014,,3.092167645723201,10.31060325478944,36.988688407178756,0.3233977308387878,1.321894884109497,True,SolutionResult.kSolutionFound,1,1.316116301,0.3199554794921482,0.9893559817574725,4.055448913274463,15.3856285434388,1.0,1.0,0.0,0.0,,3.383681007872012,1.0027214296799773,1.031447195034052,0.5990696957597695,acceleration,404.80207305222063,134.2399892733551,36255.900706196684,81.06220824733964,29.21050706998754
top,bottom,0,cspace,notebook,snopt,all,True,0.0,1.0,1583784411,True,0.184128999710083,32,0.5123782157897949,22,22,6.402711863743014,,3.092167645723201,10.31060325478944,36.988688407178756,0.09698753557756032,3.502112627029419,True,SolutionResult.kSolutionFound,1,3.496620071,0.2216282560251115,1.2753102966740006,2.285121017925822,9.067829554001664,1.0,1.0,0.0,0.0,,2.166862489203096,1.000991483989799,1.3425982906491103,0.6989335704776426,acceleration,357.7933121041448,109.1241389173934,30733.63422183923,69.84498356315399,26.531991450193466
top,bottom,0,kinetic,notebook,snopt,all,True,0.0,1.0,1583784411,True,0.184128999710083,32,0.5123782157897949,22,22,6.402711863743014,,3.092167645723201,10.31060325478944,36.988688407178756,0.027035292222092423,2.253530502319336,True,SolutionResult.kSolutionFound,1,2.248168886,0.23309949721341489,1.3715218486499037,2.458295912891184,8.622044670297038,1.0,1.0,0.0,0.0,,2.0915210564488578,1.0013074788325176,1.098379742731138,0.5536195028661296,acceleration,378.7522972154061,120.03976814512963,29248.857188980175,69.61306404553777,31.91737230824036
top,bottom,0,parameterized,tight,snopt,all,True,0.0,1.0,1583784411,True,0.184128999710083,32,0.5123782157897949,22,22,6.402711863743014,,3.092167645723201,10.31060325478944,36.988688407178756,0.3233977308387878,19.510541677474976,True,SolutionResult.kSolutionFound,3,19.504720954,0.11599075729765362,0.35866286691874427,2.626225229879736,10.759825343988792,0.994,0.994,0.0,4.227996326555683e-05,,3.314820773326975,1.003149151743067,1.31980751612489,0.34335236181617546,acceleration,300.4037461420405,79.73774747835597,30524.37480249053,62.951782855375036,21.715937354139633
top,bottom,0,cspace,tight,snopt,all,True,0.0,1.0,1583784411,True,0.184128999710083,32,0.5123782157897949,22,22,6.402711863743014,,3.092167645723201,10.31060325478944,36.988688407178756,0.09698753557756032,151.09115529060364,True,SolutionResult.kSolutionFound,3,151.079102748,0.09633095154400764,0.5259431110847576,0.9932302225266085,4.204175570718418,1.0,1.0,0.0,0.0,,1.8155051558258672,1.001186174351437,1.2704097326360093,0.426916649145245,acceleration,252.63267152903921,54.48031301691222,24075.417016237705,50.23169416260312,20.766816680092717
top,bottom,0,kinetic,tight,snopt,all,True,0.0,1.0,1583784411,True,0.184128999710083,32,0.5123782157897949,22,22,6.402711863743014,,3.092167645723201,10.31060325478944,36.988688407178756,0.027035292222092423,70.03237342834473,True,SolutionResult.kSolutionFound,1,70.023639785,0.10305894449458143,0.6019966091277554,1.0337645834358755,3.812015185482804,1.0,1.0,0.0,0.0,,1.5933172817417298,1.0010602338536274,1.2653252440228604,0.3880272061272037,acceleration,262.18488628603234,60.519519940084265,21761.91904904689,52.99705401246861,26.04542929704797
top,middle,7,parameterized,notebook,snopt,all,True,0.0,1.0,90339489,True,0.3215749263763428,39,0.728020191192627,15,15,3.9950290391840793,,2.130651607901498,4.759477614490596,16.23728781799023,0.4693399879602611,3.6764931678771973,True,SolutionResult.kSolutionFound,1,3.669791345,0.17840459563411382,0.380118038544838,2.3369665302362583,9.390229577886183,1.0,1.0,0.0,0.0,,2.685404120337009,1.0009337735858932,1.1809530696848107,0.3378086583204265,acceleration,214.85888481587915,72.8795687300446,25328.718964034102,47.81824593719399,15.305929102085098
top,middle,7,cspace,notebook,snopt,all,True,0.0,1.0,90339489,True,0.3215749263763428,39,0.728020191192627,15,15,3.9950290391840793,,2.130651607901498,4.759477614490596,16.23728781799023,0.2101070917857504,7.840566873550415,True,SolutionResult.kSolutionFound,1,7.832864709,0.2354552456253376,0.5854453193049798,1.1206439707681792,4.241542143889853,1.0,1.0,0.0,0.0,,1.5420672664188881,1.0005263815897467,1.1446450632415872,0.38433872350893444,acceleration,199.50992485359663,64.74964518294698,21220.649370218693,40.562166849140155,23.620353860328436
top,middle,7,kinetic,notebook,snopt,all,True,0.0,1.0,90339489,True,0.3215749263763428,39,0.728020191192627,15,15,3.9950290391840793,,2.130651607901498,4.759477614490596,16.23728781799023,0.061586640035538584,3.335502862930298,True,SolutionResult.kSolutionFound,1,3.330219798,0.3211739979793995,1.0978011281049904,1.7708841232953332,5.214994644846121,1.0,1.0,0.0,0.0,,1.556785277285294,1.0003031079883364,1.232462316100913,0.34708290369567807,acceleration,235.34311663933403,83.93917562201004,22091.546614409075,48.175169315083366,26.712718290714747
top,middle,7,parameterized,tight,snopt,all,True,0.0,1.0,90339489,True,0.3215749263763428,39,0.728020191192627,15,15,3.9950290391840793,,2.130651607901498,4.759477614490596,16.23728781799023,0.4693399879602611,5.382467746734619,True,SolutionResult.kSolutionFound,1,5.377101734,0.17805946935078032,0.3793826946743267,2.2805408807798453,9.15881091268797,1.0,1.0,0.0,2.4706086844350494e-05,,2.6506052168724423,1.00117404484501,1.189539078411013,0.31758454365697014,acceleration,214.64058703314367,72.31011868502466,25035.099140231654,47.433348385986996,15.485629877106739
top,middle,7,cspace,tight,snopt,all,True,0.0,1.0,90339489,True,0.3215749263763428,39,0.728020191192627,15,15,3.9950290391840793,,2.130651607901498,4.759477614490596,16.23728781799023,0.2101070917857504,37.438480377197266,False,SolutionResult.kSolverSpecificError,41,37.433040812,0.21888799988193502,0.5241192779109177,1.0417925355186899,3.9210218111989534,1.0,1.0,0.0,0.0,,1.489529296143483,1.0005245945155108,1.180408358773885,0.3927263781034843,acceleration,202.17731969518522,66.09971770540115,19866.84738885443,38.956141365403916,24.943716182509977
top,middle,7,kinetic,tight,snopt,all,True,0.0,1.0,90339489,True,0.3215749263763428,39,0.728020191192627,15,15,3.9950290391840793,,2.130651607901498,4.759477614490596,16.23728781799023,0.061586640035538584,17.996493101119995,True,SolutionResult.kSolutionFound,3,17.992571072,0.2386383899281928,0.6097966022256557,1.1080430936095476,3.874840221685848,1.0,1.0,0.0,0.0,,1.4200210319566002,1.0005726507607198,1.1544897845492186,0.3700723000791367,acceleration,210.97312673952467,70.61676223263933,19898.714890144212,40.806667704160176,26.834619514640497
top,bottom,3,parameterized,notebook,snopt,all,True,0.0,1.0,1198518369,True,0.5868613719940186,38,1.3105318546295166,17,17,4.494201162962678,,3.718275578636857,8.287659469642357,25.7117773617593,0.2689418734171947,3.837852716445923,True,SolutionResult.kSolutionFound,1,3.832296497,0.1519465106637476,0.5649789998600979,4.1492569492917895,16.586157276429507,0.998,0.998,0.0,0.0,,3.5510125363766822,1.0020422894339454,1.30733008774783,0.3730128200508071,acceleration,314.1903528421103,86.70581532128529,31255.818259623105,66.74031130373416,20.778118462349326
top,bottom,3,cspace,notebook,snopt,all,True,0.0,1.0,1198518369,True,0.5868613719940186,38,1.3105318546295166,17,17,4.494201162962678,,3.718275578636857,8.287659469642357,25.7117773617593,0.12066132828731604,2.802293300628662,True,SolutionResult.kSolutionFound,1,2.793086604,0.3390067539781392,1.6042714735217145,2.809572534879642,8.538581308908263,1.0,1.0,0.0,0.0,,1.8927085223851672,1.0017309727048564,1.0513368042835785,0.6418418320663151,acceleration,331.98805314532575,96.95342970538812,24628.732821476937,69.79799898726603,28.311733836851715
top,bottom,3,kinetic,notebook,snopt,all,True,0.0,1.0,1198518369,True,0.5868613719940186,38,1.3105318546295166,17,17,4.494201162962678,,3.718275578636857,8.287659469642357,25.7117773617593,0.03889268275507408,5.213951587677002,True,SolutionResult.kSolutionFound,1,5.201729885,0.27416471566307904,1.3845263019884806,2.3693179571136707,7.049262129579132,1.0,1.0,0.0,0.0,,1.7131544626675663,1.0009239242485546,1.223231704983552,0.7112727688267565,acceleration,333.89039267006547,97.82058399683568,23078.127806287957,68.20676289530621,31.055335345724636
top,bottom,3,parameterized,tight,snopt,all,True,0.0,1.0,1198518369,True,0.5868613719940186,38,1.3105318546295166,17,17,4.494201162962678,,3.718275578636857,8.287659469642357,25.7117773617593,0.2689418734171947,7.715237140655518,True,SolutionResult.kSolutionFound,1,7.705364127,0.12702606793579,0.472317926255914,3.4294185927353253,14.03469989418991,0.998,0.998,0.0,1.5041532979598315e-05,,3.2891738202181844,1.0019516013571494,1.2336888425478558,0.3440453745704703,acceleration,299.6524835826468,79.21751392194666,30220.88221842017,62.48081900020227,22.605523735661215
top,bottom,3,cspace,tight,snopt,all,True,0.0,1.0,1198518369,True,0.5868613719940186,38,1.3105318546295166,17,17,4.494201162962678,,3.718275578636857,8.287659469642357,25.7117773617593,0.12066132828731604,179.917715549469,True,SolutionResult.kSolutionFound,3,179.90592498,0.15995695570972304,0.6968699124506756,1.325668778722849,5.469699554293888,1.0,1.0,0.0,0.0,,1.759687285507288,1.000780868273125,1.1895994191044743,0.4431108957404359,acceleration,252.86816994298493,55.231634228523696,23081.165380884864,51.28099284411056,22.073573778342716
top,bottom,3,kinetic,tight,snopt,all,True,0.0,1.0,1198518369,True,0.5868613719940186,38,1.3105318546295166,17,17,4.494201162962678,,3.718275578636857,8.287659469642357,25.7117773617593,0.03889268275507408,26.680864810943604,True,SolutionResult.kSolutionFound,1,26.677256694,0.19666617357332428,0.7798186354400015,1.378236155878477,5.056636869506424,1.0,1.0,0.0,0.0,,1.562705497500792,1.0008505312359741,1.1845049109201682,0.46401848281572633,acceleration,267.1505910417811,62.52661070883523,21219.876852373607,54.334150089962755,29.423258227639078
top,middle,1,parameterized,notebook,snopt,all,True,0.0,1.0,1812061588,True,0.3061497211456299,41,0.439892053604126,17,17,4.4699085122182405,,1.4814223127255748,5.671495343699293,21.043101174212765,0.6750269598411567,2.5139904022216797,True,SolutionResult.kSolutionFound,1,2.508908798,0.24943668160134067,0.3695210657364518,2.3638927448293456,9.605426282751417,1.0,1.0,0.0,0.0,,2.9591213836933172,1.0016129251574843,1.2071162661863608,0.2797718590878077,acceleration,218.26446182351324,74.2372435665719,27122.43621914985,49.93811468657556,12.508068950057995
top,middle,1,cspace,notebook,snopt,all,True,0.0,1.0,1812061588,True,0.3061497211456299,41,0.439892053604126,17,17,4.4699085122182405,,1.4814223127255748,5.671495343699293,21.043101174212765,0.1763203422375975,5.529978275299072,True,SolutionResult.kSolutionFound,1,5.521180519,0.2049255250154553,0.5934868919021641,1.1622341609302875,4.215031361526871,0.996,0.996,0.0,0.0,,1.5916546555046163,1.00028271959921,1.156448000794227,0.41287795417269824,acceleration,216.68430129715296,73.14019810650714,22415.92409760721,44.21349133296293,22.56979526137201
top,middle,1,kinetic,notebook,snopt,all,True,0.0,1.0,1812061588,True,0.3061497211456299,41,0.439892053604126,17,17,4.4699085122182405,,1.4814223127255748,5.671495343699293,21.043101174212765,0.047521512714364,4.2279205322265625,True,SolutionResult.kSolutionFound,1,4.220255872,0.21704365824922858,0.7744298805650882,1.4544251697829633,4.567271659759776,0.996,0.996,0.0,0.0,,1.5580351883746526,1.0002986981251012,1.196383828388416,0.4945111398351127,acceleration,248.3194667724663,89.90549077565828,22572.85506692437,48.25312185710636,28.839907950171387
top,middle,1,parameterized,tight,snopt,all,True,0.0,1.0,1812061588,True,0.3061497211456299,41,0.439892053604126,17,17,4.4699085122182405,,1.4814223127255748,5.671495343699293,21.043101174212765,0.6750269598411567,5.380539178848267,True,SolutionResult.kSolutionFound,1,5.36996787,0.2230698208001964,0.3304606098291104,2.0324958063572014,8.126382185244918,1.0,1.0,0.0,6.673473364937621e-05,,2.679404912852943,1.001571337075745,1.220660910386708,0.3119944921710442,acceleration,213.8900878732451,72.04497601105763,24972.630560746795,47.41523389018259,15.897311961351734
top,middle,1,cspace,tight,snopt,all,True,0.0,1.0,1812061588,True,0.3061497211456299,41,0.439892053604126,17,17,4.4699085122182405,,1.4814223127255748,5.671495343699293,21.043101174212765,0.1763203422375975,62.72126126289368,False,SolutionResult.kSolverSpecificError,41,62.715720593,0.15675183011962276,0.4492770031509137,0.8890172746397832,3.3013933622369183,0.998,0.998,0.0,0.0,,1.4854914434783137,1.0006268790601134,1.2061648323994114,0.38663244331130475,acceleration,198.25441662278467,63.78466105075987,19224.14541810331,37.806891989538975,22.11473906167288
top,middle,1,kinetic,tight,snopt,all,True,0.0,1.0,1812061588,True,0.3061497211456299,41,0.439892053604126,17,17,4.4699085122182405,,1.4814223127255748,5.671495343699293,21.043101174212765,0.047521512714364,66.26566886901855,True,SolutionResult.kSolutionFound,3,66.259221237,0.14749917492317166,0.46801564678399243,0.90667870352839,3.103840061021209,1.0,1.0,0.0,0.0,,1.4214051783018236,1.0005184955434712,1.19995016061145,0.34389921644847365,acceleration,198.46637529931405,63.89207050841831,16803.89773817723,36.92452610672177,21.430721551910356
top,bottom,6,parameterized,notebook,snopt,all,True,0.0,1.0,923075822,True,0.3671586513519287,48,0.7581932544708252,27,27,6.8454312759483935,,2.5055994703691575,5.348530291779243,17.346476223371422,0.39910608691686345,3.153782367706299,True,SolutionResult.kSolutionFound,1,3.14577293,0.568469076962612,1.4243558181587668,2.9177308540899305,9.479252001633627,0.998,0.998,0.0,0.0,,2.649404328881639,1.0018022800674593,1.0243003757263114,0.6050258414017616,acceleration,398.7334981418512,131.0750759512308,31798.413026102437,85.48419531266163,34.18946488543108
top,bottom,6,cspace,notebook,snopt,all,True,0.0,1.0,923075822,True,0.3671586513519287,48,0.7581932544708252,27,27,6.8454312759483935,,2.5055994703691575,5.348530291779243,17.346476223371422,0.1869672499634175,3.0435330867767334,True,SolutionResult.kSolutionFound,1,3.034579983,0.4971306124237458,1.5364590609978468,2.6589181395191703,8.283932382498637,1.0,1.0,0.0,0.0,,2.316307949598783,1.0012849161390895,1.3255447122278983,0.7063305077119921,acceleration,388.8053342961684,126.05641534241346,31791.37124280692,81.23036331367558,25.915632991949238
top,bottom,6,kinetic,notebook,snopt,all,True,0.0,1.0,923075822,True,0.3671586513519287,48,0.7581932544708252,27,27,6.8454312759483935,,2.5055994703691575,5.348530291779243,17.346476223371422,0.05764859601010321,6.504636526107788,True,SolutionResult.kSolutionFound,1,6.499044954,0.35893040312475893,1.2925961963916477,2.1586779027106333,6.2261777036487524,1.0,1.0,0.0,0.0,,2.0434922837742846,1.0004084252144168,1.3045000133813498,0.7001206874665,acceleration,390.6305037518969,127.43842353141264,31030.09133327104,76.89977119561158,30.28205455014259
top,bottom,6,parameterized,tight,snopt,all,True,0.0,1.0,923075822,True,0.3671586513519287,48,0.7581932544708252,27,27,6.8454312759483935,,2.5055994703691575,5.348530291779243,17.346476223371422,0.39910608691686345,13.339224338531494,True,SolutionResult.kSolutionFound,1,13.332898026,0.11464710052414125,0.2872597143526454,2.034058200051889,8.321444076863488,0.998,0.998,0.0,4.4679927845514555e-05,,3.2814336131038626,1.0046409343783633,1.4140368924471618,0.3499086984024355,acceleration,299.7346683745947,79.0644617732406,30374.863502304415,62.606860685265076,22.00362345119073
top,bottom,6,cspace,tight,snopt,all,True,0.0,1.0,923075822,True,0.3671586513519287,48,0.7581932544708252,27,27,6.8454312759483935,,2.5055994703691575,5.348530291779243,17.346476223371422,0.1869672499634175,107.50005340576172,False,SolutionResult.kSolverSpecificError,41,107.489730778,0.14819079440997834,0.41836202146723955,0.7926029528645991,3.350379660145378,1.0,1.0,0.0,0.0,,1.8264831002488326,1.0005489048502023,1.3606672854874775,0.43039238214741543,acceleration,252.92579078365466,54.656643359845134,24214.398136525524,49.90111673860342,20.778436006038838
top,bottom,6,kinetic,tight,snopt,all,True,0.0,1.0,923075822,True,0.3671586513519287,48,0.7581932544708252,27,27,6.8454312759483935,,2.5055994703691575,5.348530291779243,17.346476223371422,0.05764859601010321,115.07910251617432,True,SolutionResult.kSolutionFound,1,115.071579509,0.17763062406483582,0.4891383753295747,0.8382175283544009,3.081265396883301,1.0,1.0,0.0,0.0,,1.6054119095965915,1.0003839985902938,1.3540135568150913,0.48469062938825436,acceleration,263.9570525544807,61.48265133359237,22148.86990805285,52.59660009615934,24.612846927202586
top,middle,5,parameterized,notebook,snopt,all,True,0.0,1.0,1802246541,True,0.24657440185546875,35,0.664085865020752,17,17,4.820234593809579,,2.1597148155334946,5.819530463190786,25.95306126320613,0.46302409596286404,1.1445887088775635,True,SolutionResult.kSolutionFound,1,1.139289324,0.34947010078023266,0.7547557542410487,2.674626832561919,11.518747865517373,1.0,1.0,0.0,0.0,,2.747496005470241,1.003056753281837,1.0091466057329168,0.3434705104744925,acceleration,243.4295455448567,87.19834621333337,31720.585076886015,60.89949564054114,17.534082720635453
top,middle,5,cspace,notebook,snopt,all,True,0.0,1.0,1802246541,True,0.24657440185546875,35,0.664085865020752,17,17,4.820234593809579,,2.1597148155334946,5.819530463190786,25.95306126320613,0.17183516888950365,4.546054124832153,True,SolutionResult.kSolutionFound,1,4.540798963,0.2558100887952775,0.9022422659368523,1.4886946045356577,6.539738160901955,0.996,0.996,0.0,0.0,,1.9523369677757998,1.000454922758421,1.1616940036222214,0.44162652650405254,acceleration,216.91688052476468,73.60342240761462,29603.878246087625,53.92021578576591,19.7411408149978
top,middle,5,kinetic,notebook,snopt,all,True,0.0,1.0,1802246541,True,0.24657440185546875,35,0.664085865020752,17,17,4.820234593809579,,2.1597148155334946,5.819530463190786,25.95306126320613,0.03853110004474533,6.117190361022949,True,SolutionResult.kSolutionFound,1,6.11181208,0.24311402190089532,0.9337993203193077,1.5191127774420115,6.309553104338373,0.996,0.996,0.0,0.0,,1.9355829556835085,1.0005607445452505,1.190228909159399,0.5191503042744262,acceleration,224.29804764793602,77.54071238640117,29441.210634958425,53.29967597600297,22.15097856874734
top,middle,5,parameterized,tight,snopt,all,True,0.0,1.0,1802246541,True,0.24657440185546875,35,0.664085865020752,17,17,4.820234593809579,,2.1597148155334946,5.819530463190786,25.95306126320613,0.46302409596286404,4.7445714473724365,True,SolutionResult.kSolutionFound,1,4.739268156,0.15408604016032462,0.33278190380114003,2.003878695782663,8.077957020859333,0.998,0.998,0.0,3.5961014888119536e-05,,2.678229028939509,1.0016039664104792,1.2209499929882142,0.3428454178057781,acceleration,215.81194406991165,72.84331394175166,25307.209910308182,47.72095050421551,14.853127182671404
top,middle,5,cspace,tight,snopt,all,True,0.0,1.0,1802246541,True,0.24657440185546875,35,0.664085865020752,17,17,4.820234593809579,,2.1597148155334946,5.819530463190786,25.95306126320613,0.17183516888950365,75.89095854759216,False,SolutionResult.kSolverSpecificError,41,75.884899697,0.15444882909073535,0.4563117504161134,0.8988196658976823,3.4006165544368803,1.0,1.0,0.0,0.0,,1.4892579298246067,1.0005196170644293,1.209618354409467,0.3936455919344433,acceleration,200.66056272298337,65.41370142244983,19886.590849917597,38.74260425204102,23.139382598488517
top,middle,5,kinetic,tight,snopt,all,True,0.0,1.0,1802246541,True,0.24657440185546875,35,0.664085865020752,17,17,4.820234593809579,,2.1597148155334946,5.819530463190786,25.95306126320613,0.03853110004474533,47.70952224731445,True,SolutionResult.kSolutionFound,1,47.705963343,0.12940458920340903,0.5183098118000107,0.9479993179958008,3.3584452313360975,1.0,1.0,0.0,0.0,,1.4244807170954987,1.0006389674653673,1.1821617814345775,0.34470349060225014,acceleration,206.49806135826455,68.09153427879866,20041.56165135712,40.42963283984249,25.495344111918286
top,middle,2,parameterized,notebook,snopt,all,True,0.0,1.0,1963494446,True,0.1321408748626709,25,0.8233489990234375,22,22,5.886202175369215,,1.300668746516617,4.851355941082392,18.091886661603493,0.7688352646883749,1.6543998718261719,True,SolutionResult.kSolutionFound,1,1.647925497,0.43033227090457643,0.5597197353831027,1.7504886921727294,6.514577110276086,1.0,1.0,0.0,0.0,,2.4733343833174994,1.0029133741690153,1.2814040661752795,0.46135418663693084,acceleration,230.00272930662197,80.80206221066386,28099.15145081971,48.6166570709731,17.44692120419378
top,middle,2,cspace,notebook,snopt,all,True,0.0,1.0,1963494446,True,0.1321408748626709,25,0.8233489990234375,22,22,5.886202175369215,,1.300668746516617,4.851355941082392,18.091886661603493,0.20612793869272117,4.165167331695557,True,SolutionResult.kSolutionFound,1,4.155593561,0.21614781246035478,0.6097679669805877,1.048609974131505,3.4932743461632194,0.998,0.998,0.0,0.0,,1.5748386223501532,1.0012845178669816,1.2232598306547666,0.6109690921828455,acceleration,229.67072397048875,80.14734566602343,22166.483758948983,45.33358168162504,25.736350789090608
top,middle,2,kinetic,notebook,snopt,all,True,0.0,1.0,1963494446,True,0.1321408748626709,25,0.8233489990234375,22,22,5.886202175369215,,1.300668746516617,4.851355941082392,18.091886661603493,0.05527339512480505,3.784724473953247,True,SolutionResult.kSolutionFound,1,3.776192797,0.2059025565593379,0.7197226134668374,1.1941632190784837,3.725165716605943,1.0,1.0,0.0,0.0,,1.6279004752957857,1.0006705990903486,1.238121443815949,0.6384357317952478,acceleration,256.1492577864735,94.09374683716432,22355.896772080203,46.95737481058737,27.36280074539803
top,middle,2,parameterized,tight,snopt,all,True,0.0,1.0,1963494446,True,0.1321408748626709,25,0.8233489990234375,22,22,5.886202175369215,,1.300668746516617,4.851355941082392,18.091886661603493,0.7688352646883749,8.981672286987305,True,SolutionResult.kSolutionFound,1,8.97332607,0.1939881845965702,0.2523143688982542,1.6118599470669692,6.481870758849093,1.0,1.0,0.0,5.052780755310238e-05,,2.774038398956887,1.0027014375969499,1.3016192456796876,0.2968843570447811,acceleration,216.5656108951606,73.60762345243371,25765.832547592905,48.08484007069758,13.993667043626278
top,middle,2,cspace,tight,snopt,all,True,0.0,1.0,1963494446,True,0.1321408748626709,25,0.8233489990234375,22,22,5.886202175369215,,1.300668746516617,4.851355941082392,18.091886661603493,0.20612793869272117,32.16424918174744,True,SolutionResult.kSolutionFound,3,32.154229483,0.14867872318941533,0.3689709667535146,0.7212934070575147,2.688947816058138,1.0,1.0,0.0,0.0,,1.4825464191512987,1.0006927608311162,1.3009297747799349,0.47176579190606355,acceleration,213.56065818194674,71.83210149869205,20601.493878473244,40.231546501385864,26.579808051874558
top,middle,2,kinetic,tight,snopt,all,True,0.0,1.0,1963494446,True,0.1321408748626709,25,0.8233489990234375,22,22,5.886202175369215,,1.300668746516617,4.851355941082392,18.091886661603493,0.05527339512480505,130.41119074821472,True,SolutionResult.kSolutionFound,1,130.405049892,0.1402678816393693,0.3934160966493727,0.7472182657699555,2.5377106168826833,1.0,1.0,0.0,0.0,,1.420234843819335,1.0003579846497175,1.3063093594224762,0.48439124595890226,acceleration,221.05906147363547,75.82442940909755,18106.193558523195,39.81360652381399,30.352195055672187
top,middle,6,parameterized,notebook,snopt,all,True,0.0,1.0,1919240247,True,0.12493205070495605,43,0.4705941677093506,17,17,5.3955423979027675,,2.0886484964569005,13.175604870664106,50.44834235186612,0.47877850279564027,1.6385869979858398,True,SolutionResult.kSolutionFound,1,1.633353914,0.4091169529646896,0.8545015086847291,6.149018117507602,21.671750925188267,1.0,1.0,0.0,0.0,,3.395976601559409,1.0082547349224626,1.0031743228712597,0.41394444153973015,velocity,266.43599396210834,100.35140003323284,31432.34384629008,67.02957436422481,15.457373343444988
top,middle,6,cspace,notebook,snopt,all,True,0.0,1.0,1919240247,True,0.12493205070495605,43,0.4705941677093506,17,17,5.3955423979027675,,2.0886484964569005,13.175604870664106,50.44834235186612,0.07589784376628743,3.763822555541992,True,SolutionResult.kSolutionFound,1,3.758857107,0.21024814494639366,0.9715250308492205,2.7701464826037983,10.050586001060557,0.998,0.998,0.0,0.0,,2.3284839541173517,1.0021701123113715,1.2968346907164447,0.6368215872488213,acceleration,264.46824696073537,98.30724074560698,27900.729860392068,59.32012471473525,26.01026103830446
top,middle,6,kinetic,notebook,snopt,all,True,0.0,1.0,1919240247,True,0.12493205070495605,43,0.4705941677093506,17,17,5.3955423979027675,,2.0886484964569005,13.175604870664106,50.44834235186612,0.019822256854848064,5.349127292633057,True,SolutionResult.kSolutionFound,1,5.343428937,0.1360520848793251,0.936354847000677,2.007250625297442,6.863602155677342,0.996,0.996,0.0,0.0,,1.748071729624846,1.0006268565148841,1.0976030749810004,0.5933293694979013,acceleration,269.0934838925101,101.0046199776479,26569.808148101365,53.30409638580498,28.018320248566916
top,middle,6,parameterized,tight,snopt,all,True,0.0,1.0,1919240247,True,0.12493205070495605,43,0.4705941677093506,17,17,5.3955423979027675,,2.0886484964569005,13.175604870664106,50.44834235186612,0.47877850279564027,6.539379835128784,True,SolutionResult.kSolutionFound,1,6.534101091,0.1575941317875443,0.32915874640848575,1.7408695815051114,6.8012010148181705,0.998,0.998,0.0,8.256456178301619e-06,,2.3516345576238566,1.0014696376201593,1.231151070546117,0.32600610195072316,acceleration,207.51236735896708,69.0886909919586,22802.884352997888,45.40527733765266,19.05043736424993
top,middle,6,cspace,tight,snopt,all,True,0.0,1.0,1919240247,True,0.12493205070495605,43,0.4705941677093506,17,17,5.3955423979027675,,2.0886484964569005,13.175604870664106,50.44834235186612,0.07589784376628743,84.15925550460815,True,SolutionResult.kSolutionFound,1,84.153889188,0.06620956486919505,0.4503253330078699,0.8723510653751172,3.1243598757923245,1.0,1.0,0.0,0.0,,1.444224247957521,1.0003566871503475,1.1939063553738247,0.3497665877402957,acceleration,189.10431016553628,59.37217107049709,17532.230711380795,36.854356593370674,19.113036164079727
top,middle,6,kinetic,tight,snopt,all,True,0.0,1.0,1919240247,True,0.12493205070495605,43,0.4705941677093506,17,17,5.3955423979027675,,2.0886484964569005,13.175604870664106,50.44834235186612,0.019822256854848064,64.68508291244507,True,SolutionResult.kSolutionFound,3,64.680369265,0.05961306747206789,0.45916810542999426,0.8799518664476109,3.007380436475776,1.0,1.0,0.0,0.0,,1.4256969136838005,1.0002287232681162,1.1795111448544644,0.3251632857314401,acceleration,191.82728624777093,60.8753017163883,16570.56853021231,35.88296809803917,19.48706203965176
top,middle,4,parameterized,notebook,snopt,all,True,0.0,1.0,476784923,True,0.18262338638305664,29,0.6718158721923828,20,20,4.523993463878699,,1.215939180968611,2.3120876107319583,6.824307100334433,0.82240955440173,3.5198020935058594,True,SolutionResult.kSolutionFound,1,3.512864868,0.24217789243006296,0.29447358817011726,1.8131419406460412,6.988179046713176,1.0,1.0,0.0,0.0,,2.719440649881612,1.0026288301068387,1.3055305500012782,0.29892428687491274,acceleration,227.87256958760574,79.05821751467903,25225.775936947608,47.96318771739001,15.065852827546024
top,middle,4,cspace,notebook,snopt,all,True,0.0,1.0,476784923,True,0.18262338638305664,29,0.6718158721923828,20,20,4.523993463878699,,1.215939180968611,2.3120876107319583,6.824307100334433,0.43250956207642194,4.142598390579224,True,SolutionResult.kSolutionFound,1,4.136391789,0.45458913647192906,0.5517113766647287,1.0510499104100866,3.3527595107709676,0.998,0.998,0.0,0.0,,1.5146090016404186,1.0001368394964472,1.2700699928571386,0.45422156781760953,acceleration,251.95944501838298,91.45559122310576,20293.349694421187,44.93978493582864,28.073854261039717
top,middle,4,kinetic,notebook,snopt,all,True,0.0,1.0,476784923,True,0.18262338638305664,29,0.6718158721923828,20,20,4.523993463878699,,1.215939180968611,2.3120876107319583,6.824307100334433,0.14653502330676088,8.71009111404419,True,SolutionResult.kSolutionFound,1,8.703560039,0.4540241031210564,0.530959285526605,0.9895031657144984,3.0983999106519997,0.998,0.998,0.0,0.0,,1.496963087704445,1.0002521580584778,1.2611174088932005,0.38155491422991483,acceleration,237.494272798719,84.3230263186172,19363.184822117124,42.649385501540806,30.251473342712117
top,middle,4,parameterized,tight,snopt,all,True,0.0,1.0,476784923,True,0.18262338638305664,29,0.6718158721923828,20,20,4.523993463878699,,1.215939180968611,2.3120876107319583,6.824307100334433,0.82240955440173,7.270898103713989,True,SolutionResult.kSolutionFound,1,7.265205,0.2295478811563026,0.27911626260627787,1.7754993551680844,7.150592929722385,1.0,1.0,0.0,3.091258381937578e-05,,2.7688737581264937,1.0021608565496198,1.2681779334563021,0.3354298159122491,acceleration,216.99376053699496,73.45685618531272,25829.65688358338,48.161094801696336,14.515715485920962
top,middle,4,cspace,tight,snopt,all,True,0.0,1.0,476784923,True,0.18262338638305664,29,0.6718158721923828,20,20,4.523993463878699,,1.215939180968611,2.3120876107319583,6.824307100334433,0.43250956207642194,58.46993660926819,True,SolutionResult.kSolutionFound,3,58.464653549,0.3300935479792551,0.3907690947248392,0.7632052026653912,2.8394452707003666,1.0,1.0,0.0,0.0,,1.4741890921877696,1.0005801949246784,1.264246682297916,0.44031521209583463,acceleration,204.3495723582392,67.0466539353436,19893.9780468959,39.053041224686545,24.598056511835914
top,middle,4,kinetic,tight,snopt,all,True,0.0,1.0,476784923,True,0.18262338638305664,29,0.6718158721923828,20,20,4.523993463878699,,1.215939180968611,2.3120876107319583,6.824307100334433,0.14653502330676088,94.26713633537292,True,SolutionResult.kSolutionFound,1,94.263327045,0.39459168797087346,0.4143391671588492,0.791182211696916,2.6928148579525804,1.0,1.0,0.0,0.0,,1.4159951496291312,1.0004414336576766,1.2611462332674732,0.3653068406841166,acceleration,208.74901003744677,69.29949741407101,17420.86194320676,38.26940061928345,25.420084485561354
top,middle,9,parameterized,notebook,snopt,all,True,0.0,1.0,1658475942,True,0.24180173873901367,31,0.9097232818603516,20,20,4.980069353119344,,2.464819229256543,4.007594845401985,12.682612589665313,0.40570926586840506,1.5104858875274658,True,SolutionResult.kSolutionFound,1,1.498005079,0.42646101516522583,1.0511493107075136,2.031806952944153,7.083088693692251,1.0,1.0,0.0,0.0,,2.2611793720182862,1.003532190436401,1.3882887565090711,0.33780378146733564,acceleration,300.132633387254,115.56174360317274,29078.41181878833,55.653430482791485,24.280819831301482
top,middle,9,cspace,notebook,snopt,all,True,0.0,1.0,1658475942,True,0.24180173873901367,31,0.9097232818603516,20,20,4.980069353119344,,2.464819229256543,4.007594845401985,12.682612589665313,0.24952622173055375,11.202745914459229,True,SolutionResult.kSolutionFound,1,11.196205284,0.24639220717911733,0.59489106309344,0.9874401394382485,3.6686603596841216,1.0,1.0,0.0,0.0,,1.6234088288220845,1.0006626819036617,1.2192326227357602,0.4196168890670178,acceleration,204.66600119333373,67.71853961118812,22804.790957548095,45.971703683125455,22.822497587144923
top,middle,9,kinetic,notebook,snopt,all,True,0.0,1.0,1658475942,True,0.24180173873901367,31,0.9097232818603516,20,20,4.980069353119344,,2.464819229256543,4.007594845401985,12.682612589665313,0.0788481074329173,24.483461618423462,True,SolutionResult.kSolutionFound,1,24.476562312,0.3005687868167364,0.7377586401987943,1.1864298530955284,3.8119974797423706,0.998,0.998,0.0,0.0,,1.631257990741624,1.0004654172362712,1.2450965115718862,0.3046891644368295,acceleration,218.93602729534365,75.43028961070337,21517.04168924701,47.32233491527697,25.851860735405317
top,middle,9,parameterized,tight,snopt,all,True,0.0,1.0,1658475942,True,0.24180173873901367,31,0.9097232818603516,20,20,4.980069353119344,,2.464819229256543,4.007594845401985,12.682612589665313,0.40570926586840506,5.9532599449157715,True,SolutionResult.kSolutionFound,1,5.949819489,0.11194897336936808,0.2759339822563485,1.4820486071214467,5.8801059670116835,0.998,0.998,0.0,4.1260835879963764e-05,,2.444697523082827,1.0017650390919486,1.2740933732870057,0.33483937031545274,acceleration,210.186052633199,70.29672024185513,23569.258259336806,46.02353938720371,16.715320190564444
top,middle,9,cspace,tight,snopt,all,True,0.0,1.0,1658475942,True,0.24180173873901367,31,0.9097232818603516,20,20,4.980069353119344,,2.464819229256543,4.007594845401985,12.682612589665313,0.24952622173055375,85.19192910194397,True,SolutionResult.kSolutionFound,1,85.1883838,0.1835730120735585,0.379615958752712,0.7356862569409093,2.6492487283928514,0.998,0.998,0.0,0.0,,1.453614068869587,1.0000979677058695,1.248459162535941,0.3636005925571887,acceleration,194.55363273078808,62.112165796258964,18210.52744655124,37.137267056935116,21.0477723422178
top,middle,9,kinetic,tight,snopt,all,True,0.0,1.0,1658475942,True,0.24180173873901367,31,0.9097232818603516,20,20,4.980069353119344,,2.464819229256543,4.007594845401985,12.682612589665313,0.0788481074329173,54.828473806381226,True,SolutionResult.kSolutionFound,1,54.825394927,0.22180278733476827,0.44353865569430834,0.803422186128507,2.81303882307479,1.0,1.0,0.0,0.0,,1.4311360543887917,1.0003297528045203,1.2689196050480713,0.4303976661742614,acceleration,212.01891096175615,71.01130234837979,19904.56807882532,40.4340082571761,28.114512638529835
