start,goal,trial,metric,solver_setting,solver,toppra_limits,shortcut,payload_mass,torque_limit_scale,seed,rrt_success,rrt_time,rrt_waypoints,shortcut_time,shortcut_waypoints,num_control_points,shortcut_duration,shortcut_toppra_note,initial_parameterized,initial_cspace,initial_kinetic,cost_scale,solve_time,trajopt_success,solution_result,solver_exit_code,final_cost,final_parameterized,final_cspace,final_kinetic,feasible_fraction,collision_free_fraction,worst_reachability_violation,worst_joint_limit_violation,toppra_note,duration,peak_velocity_utilization,peak_acceleration_utilization,peak_torque_utilization,median_velocity_utilization,velocity_active_fraction,median_acceleration_utilization,acceleration_active_fraction,median_torque_utilization,torque_active_fraction,binding_limit,mechanical_work,positive_work,thermal_integral,kinetic_energy_integral,peak_kinetic_energy
bottom,middle,4,parameterized,notebook,ipopt,all,True,0.0,1.0,1095942084,True,0.3526322841644287,42,0.5648078918457031,11,11,3.1784319115945876,,6.300809260908588,12.030618147434614,41.17774215319822,0.15870977180728021,5.453299522399902,True,SolutionResult.kSolutionFound,5,0.025373396305716694,0.1598729304237646,0.8352494212694872,3.079980142619809,1.0,1.0,0.0,0.0,,1.4882086511631119,1.0004582732046934,1.160596867675185,0.3740368475995528,1.000000735393268,0.64,0.11217821131423084,0.1775,0.1948256242983763,0.0,acceleration,108.78361836742837,92.43226140932205,14996.014793357032,20.255506303380603,15.713647962512326
bottom,middle,4,cspace,notebook,ipopt,all,True,0.0,1.0,1095942084,True,0.3526322841644287,42,0.5648078918457031,11,11,3.1784319115945876,,6.300809260908588,12.030618147434614,41.17774215319822,0.08312124844667587,25.55159306526184,True,SolutionResult.kSolutionFound,5,0.03908299120101226,0.23760820181031178,0.47019254319892523,1.6868624234214853,1.0,1.0,0.0,0.0,,1.0059635099442656,1.0002161466647084,1.0944468396671092,0.36283993806246345,0.9999366850504223,0.5375,0.6857249439752313,0.285,0.2164759553541649,0.0,acceleration,112.12152029597007,94.03729540813157,11407.266143802188,17.460045579151355,15.468822172234786
bottom,middle,4,kinetic,notebook,ipopt,all,True,0.0,1.0,1095942084,True,0.3526322841644287,42,0.5648078918457031,11,11,3.1784319115945876,,6.300809260908588,12.030618147434614,41.17774215319822,0.02428496434504803,29.872854232788086,True,SolutionResult.kSolutionFound,5,0.04092011961713395,0.24151870850573004,0.4754135888230584,1.68499813447237,1.0,1.0,0.0,0.0,,1.012390466982345,1.0002688790873546,1.1070848265780935,0.3490952267311385,0.9999392992096809,0.535,0.6125933620968569,0.2975,0.21548554397636033,0.0,acceleration,110.42252258890362,93.03233499232063,11307.674425764042,17.35892646949719,14.465397696225413
bottom,middle,4,parameterized,tight,ipopt,all,True,0.0,1.0,1095942084,True,0.3526322841644287,42,0.5648078918457031,11,11,3.1784319115945876,,6.300809260908588,12.030618147434614,41.17774215319822,0.15870977180728021,11.455748796463013,True,SolutionResult.kSolutionFound,0,0.02523690262834943,0.15901290979735505,0.8574535410262502,3.278439630255967,1.0,1.0,0.0,1.6178079014661506e-05,,1.5253802696979264,1.0003532434970965,1.1424543751312144,0.37243385179385946,1.00000206401339,0.6275,0.11920403640612331,0.185,0.1967659779502376,0.0,acceleration,112.31195003472132,94.18356233772701,15190.335743512433,20.78734771983912,15.006593748770154
bottom,middle,4,cspace,tight,ipopt,all,True,0.0,1.0,1095942084,True,0.3526322841644287,42,0.5648078918457031,11,11,3.1784319115945876,,6.300809260908588,12.030618147434614,41.17774215319822,0.08312124844667587,61.532052755355835,True,SolutionResult.kSolutionFound,5,0.038933384183329436,0.23640222043677306,0.46839267829700676,1.6798708945440735,1.0,1.0,0.0,0.0,,1.0081614977409272,1.0002397654057873,1.1008632261201063,0.35387645215785346,0.9999306381443526,0.5325,0.6718224842012512,0.2975,0.21610725180114074,0.0,acceleration,111.44131690407934,93.4248060365388,11431.929330173998,17.37425799968551,15.015532202422738
bottom,middle,4,kinetic,tight,ipopt,all,True,0.0,1.0,1095942084,True,0.3526322841644287,42,0.5648078918457031,11,11,3.1784319115945876,,6.300809260908588,12.030618147434614,41.17774215319822,0.02428496434504803,91.8674726486206,True,SolutionResult.kSolutionFound,5,0.04084082059835733,0.23928247113492024,0.4733367727760039,1.6817327799241848,1.0,1.0,0.0,0.0,,1.011607978911842,1.0002580920025888,1.1028329462845676,0.36685857183554993,0.9999470071827117,0.535,0.6207824505085364,0.2925,0.21677468776616524,0.0,acceleration,110.51222685036706,93.41271833514739,11316.528325611427,17.32470362441932,14.727697126497956
bottom,top,5,parameterized,notebook,ipopt,all,True,0.0,1.0,446089395,True,0.5762617588043213,42,0.6141304969787598,18,18,5.877713839988203,,3.70798496047286,7.84700276777129,26.45416836391498,0.26968825673782537,5.552420139312744,True,SolutionResult.kSolutionFound,5,0.12309877110670311,0.456448391916344,3.1059278023313492,13.016666280941713,0.998,0.998,0.0,0.0,,3.2216432685991054,1.0030417703145693,1.0491357244596258,0.3721762634040985,0.9999983402947221,0.74,0.19374174352205098,0.145,0.21396531762124538,0.0,acceleration,304.35546354798,229.87424396611442,30446.284156483423,63.030669288301624,24.211537046339732
bottom,top,5,cspace,notebook,ipopt,all,True,0.0,1.0,446089395,True,0.5762617588043213,42,0.6141304969787598,18,18,5.877713839988203,,3.70798496047286,7.84700276777129,26.45416836391498,0.12743719221141814,60.33759832382202,False,SolutionResult.kSolverSpecificError,3,8.480306147506107,18.517725692296786,66.54498581102831,178.03207840746438,0.996,0.996,0.0,0.0,,5.868514495819962,1.258662909233824,1.016369746669311,0.6941459374446703,1.0005458806212684,0.675,0.5267961721818193,0.125,0.23957576987681642,0.0,velocity,805.3288612668157,489.7532763033031,55922.14874206124,153.3563466076981,29.954990644825685
bottom,top,5,kinetic,notebook,ipopt,all,True,0.0,1.0,446089395,True,0.5762617588043213,42,0.6141304969787598,18,18,5.877713839988203,,3.70798496047286,7.84700276777129,26.45416836391498,0.037801226114673785,60.20431995391846,False,SolutionResult.kSolverSpecificError,3,0.17855156180523218,0.707663696737588,1.3018734854632172,4.723433077635582,1.0,1.0,0.0,0.0,,1.6685328567910813,1.0009219049090956,1.0371819747686373,0.44313863430476885,0.9999678907521272,0.6325,0.49992132443209125,0.145,0.20510858117357794,0.0,acceleration,273.48873519414235,214.38625263978145,20038.70320815224,50.8221036588466,30.905341999462888
bottom,top,5,parameterized,tight,ipopt,all,True,0.0,1.0,446089395,True,0.5762617588043213,42,0.6141304969787598,18,18,5.877713839988203,,3.70798496047286,7.84700276777129,26.45416836391498,0.26968825673782537,16.73975443840027,True,SolutionResult.kSolutionFound,5,0.12006857473204133,0.4452124693318219,3.3160964081906275,13.560948637681701,0.998,0.998,0.0,5.1366827211296595e-05,,3.338473284015987,1.0028541549052492,1.0110943676210602,0.3451849266584421,0.9999963383596335,0.7175,0.19466058908557446,0.1275,0.21415737807482493,0.0,acceleration,305.2789243219472,230.96910681501168,30807.137180245063,62.845491764522976,22.50730943859374
bottom,top,5,cspace,tight,ipopt,all,True,0.0,1.0,446089395,True,0.5762617588043213,42,0.6141304969787598,18,18,5.877713839988203,,3.70798496047286,7.84700276777129,26.45416836391498,0.12743719221141814,48.306474924087524,False,SolutionResult.kInfeasibleConstraints,6,8.506514936882994,18.545541704799845,66.75064625380867,178.6892891089354,0.996,0.996,0.0,0.0,,5.873706809378128,1.260321985405697,1.0204180962725042,0.6951951231074661,1.0004592605966747,0.6725,0.5300348884742747,0.1175,0.2396055993960624,0.0,velocity,806.5519271278442,492.40270605671725,56035.55425959479,153.91512726138959,30.20908832584957
bottom,top,5,kinetic,tight,ipopt,all,True,0.0,1.0,446089395,True,0.5762617588043213,42,0.6141304969787598,18,18,5.877713839988203,,3.70798496047286,7.84700276777129,26.45416836391498,0.037801226114673785,120.04034352302551,False,SolutionResult.kSolverSpecificError,3,0.17624819269520892,0.6900213500551798,1.2771481710333035,4.662499363394787,1.0,1.0,0.0,0.0,,1.6513292241815591,1.0008279968961882,1.0317123262928567,0.4591384211124123,0.9999904346999846,0.6525,0.4473795475411152,0.145,0.2110762124368059,0.0,acceleration,274.0065951137877,215.34467908811885,20399.03914552935,51.01173809855109,33.691908785163044
bottom,middle,6,parameterized,notebook,ipopt,all,True,0.0,1.0,794615528,True,0.18575215339660645,45,0.5843906402587891,14,14,3.5157339506043286,,3.957795291090048,7.850812382362247,25.368120749656427,0.2526659229322045,4.00562047958374,True,SolutionResult.kSolutionFound,5,0.03230023312967384,0.12783771058173368,0.5991827264168356,2.1572535151429064,1.0,1.0,0.0,0.0,,1.4162684819863363,1.0004941956593856,1.150704904659023,0.3895383870723636,0.9999531586734072,0.6325,0.19579297356422085,0.14,0.19978213449883314,0.0,acceleration,109.10033229374864,92.7539504335059,14584.737559121399,19.80170523098674,13.998563366000031
bottom,middle,6,cspace,notebook,ipopt,all,True,0.0,1.0,794615528,True,0.18575215339660645,45,0.5843906402587891,14,14,3.5157339506043286,,3.957795291090048,7.850812382362247,25.368120749656427,0.12737535318594737,39.450814962387085,True,SolutionResult.kSolutionFound,5,0.04560841777155536,0.1812096002794327,0.3580631309808771,1.2889004178230625,1.0,1.0,0.0,0.0,,1.0083453930640403,1.0004395476839643,1.1455473126722868,0.37093341921316636,0.9998636892916477,0.5325,0.7253391612810152,0.285,0.20973475970450217,0.0,acceleration,112.12804179352639,94.10640890988901,11486.40784017463,17.415209569390626,14.869269783185718
bottom,middle,6,kinetic,notebook,ipopt,all,True,0.0,1.0,794615528,True,0.18575215339660645,45,0.5843906402587891,14,14,3.5157339506043286,,3.957795291090048,7.850812382362247,25.368120749656427,0.03941955377256486,43.37450361251831,True,SolutionResult.kSolutionFound,5,0.0511607844117025,0.18374135441575257,0.3658905828151343,1.297852956603209,1.0,1.0,0.0,0.0,,1.0215331441170556,1.00045432867331,1.1479115180580803,0.32093841808073065,0.9998728915677085,0.535,0.5373469509339639,0.27,0.20215308713204538,0.0,acceleration,110.96174637890829,93.34825314820705,11291.121321958057,17.236955035017907,13.642413906880543
bottom,middle,6,parameterized,tight,ipopt,all,True,0.0,1.0,794615528,True,0.18575215339660645,45,0.5843906402587891,14,14,3.5157339506043286,,3.957795291090048,7.850812382362247,25.368120749656427,0.2526659229322045,13.98110318183899,True,SolutionResult.kSolutionFound,5,0.03052470694610082,0.12081054141318157,0.6259216754405723,2.411215523737901,1.0,1.0,0.0,9.417812024903327e-06,,1.5186157814982422,1.0006170570699653,1.1879308035526281,0.37962274610584323,0.9999685912221279,0.6225,0.1236043193897218,0.2,0.196496155036602,0.0,acceleration,111.37953216292107,93.69103610596204,15216.025861878692,20.741649317642356,14.962631229683991
bottom,middle,6,cspace,tight,ipopt,all,True,0.0,1.0,794615528,True,0.18575215339660645,45,0.5843906402587891,14,14,3.5157339506043286,,3.957795291090048,7.850812382362247,25.368120749656427,0.12737535318594737,95.53218078613281,True,SolutionResult.kSolutionFound,5,0.04556564706535917,0.18106548531009317,0.3577273461910697,1.28656503735442,1.0,1.0,0.0,0.0,,1.009375079285856,1.0004209975568392,1.1426977021588491,0.36163861907169564,0.9998373847710685,0.53,0.7607516793711226,0.285,0.20924299474223335,0.0,acceleration,111.84611065162375,93.8715722082238,11484.775061879402,17.356636833424076,14.669213214011975
bottom,middle,6,kinetic,tight,ipopt,all,True,0.0,1.0,794615528,True,0.18575215339660645,45,0.5843906402587891,14,14,3.5157339506043286,,3.957795291090048,7.850812382362247,25.368120749656427,0.03941955377256486,120.04016470909119,False,SolutionResult.kSolverSpecificError,3,0.05106756016239319,0.1830357805002932,0.36475150885795016,1.2954880325899345,1.0,1.0,0.0,0.0,,1.0209010931552567,1.0004529385218681,1.145775942692746,0.31870436893889614,0.9998894692118204,0.535,0.5560095253097586,0.2775,0.20503317500592566,0.0,acceleration,110.64303034212224,93.12271920101016,11307.127885827962,17.194034654482067,13.679336059313238
bottom,top,1,parameterized,notebook,ipopt,all,True,0.0,1.0,502992042,True,0.11612725257873535,27,0.45374298095703125,16,16,4.942076152851608,,1.8186302897418822,5.849342098841292,24.082646596949488,0.5498643708072902,8.60368824005127,True,SolutionResult.kSolutionFound,5,0.2763544263640605,0.5025865304899212,3.183664896818389,13.078818553978412,0.998,0.998,0.0,6.801196809202992e-05,,3.1045697558239795,1.0016555071553683,1.238856820454827,0.3528263512831453,1.0000009029228987,0.7175,0.17388829522980945,0.19,0.21305992113283892,0.0,acceleration,297.58750758177814,227.5402951873026,29158.802037583257,60.74815533821411,21.966834352605282
bottom,top,1,cspace,notebook,ipopt,all,True,0.0,1.0,502992042,True,0.11612725257873535,27,0.45374298095703125,16,16,4.942076152851608,,1.8186302897418822,5.849342098841292,24.082646596949488,0.17095939733087112,54.44655251502991,True,SolutionResult.kSolutionFound,5,0.23183396127530492,0.7224101112239837,1.3560761496287828,5.454657183059019,1.0,1.0,0.0,0.0,,1.6945035895258145,1.0006727803570143,1.0891432751412213,0.4113882341521624,0.9999991373056323,0.6725,0.3756049654412878,0.155,0.2203135888224594,0.0,acceleration,259.06777887521093,206.79182604819147,21966.650169874192,50.88028768186168,24.44696444051338
bottom,top,1,kinetic,notebook,ipopt,all,True,0.0,1.0,502992042,True,0.11612725257873535,27,0.45374298095703125,16,16,4.942076152851608,,1.8186302897418822,5.849342098841292,24.082646596949488,0.0415236753973157,60.149576902389526,False,SolutionResult.kSolverSpecificError,3,0.21990727779046124,0.8111317036495262,1.443681559364264,5.295949255124877,1.0,1.0,0.0,0.0,,1.5687276743015124,1.0007254611000258,1.04946134150782,0.38418276866469536,0.9999959145296402,0.6675,0.5847092912329912,0.1325,0.22721877497832357,0.0,acceleration,269.94206907687976,213.3434074055369,20938.999137073304,54.22566800063886,32.47177028937074
bottom,top,1,parameterized,tight,ipopt,all,True,0.0,1.0,502992042,True,0.11612725257873535,27,0.45374298095703125,16,16,4.942076152851608,,1.8186302897418822,5.849342098841292,24.082646596949488,0.5498643708072902,11.818257093429565,True,SolutionResult.kSolutionFound,5,0.27635437239661065,0.5025864323430848,3.1833240769286184,13.076188471109033,0.998,0.998,0.0,6.800495292846875e-05,,3.104103383638797,1.001656612947504,1.2387403854937797,0.35290313777164123,1.0000008592161937,0.7175,0.17407171854355125,0.19,0.2130360217561773,0.0,acceleration,297.5768896600679,227.52520509398593,29153.71599506159,60.743657967336134,21.96351425926508
bottom,top,1,cspace,tight,ipopt,all,True,0.0,1.0,502992042,True,0.11612725257873535,27,0.45374298095703125,16,16,4.942076152851608,,1.8186302897418822,5.849342098841292,24.082646596949488,0.17095939733087112,120.07538199424744,False,SolutionResult.kSolverSpecificError,3,0.23179159475931518,0.72311450755804,1.3558283333832228,5.451209822500849,1.0,1.0,0.0,0.0,,1.69292455454211,1.000663334631246,1.090620192063162,0.40655752523612204,0.9999996485098543,0.675,0.38633832169079657,0.1325,0.22036791655404048,0.0,acceleration,259.1903921650203,207.14249188037795,21960.23768310004,50.902746033718415,24.397843966358987
bottom,top,1,kinetic,tight,ipopt,all,True,0.0,1.0,502992042,True,0.11612725257873535,27,0.45374298095703125,16,16,4.942076152851608,,1.8186302897418822,5.849342098841292,24.082646596949488,0.0415236753973157,120.16051435470581,False,SolutionResult.kSolverSpecificError,3,0.21946132909453742,0.8081205474060982,1.4390281532908684,5.285209630280572,1.0,1.0,0.0,0.0,,1.5716724989516184,1.0006953047181657,1.0496426087042146,0.38736710365050586,0.9999997321190477,0.6575,0.5895024117818839,0.15,0.23158626258334622,0.0,acceleration,268.5278094076943,212.27198304450673,20958.003449367658,54.04444838648483,32.214761283734575
bottom,middle,0,parameterized,notebook,ipopt,all,True,0.0,1.0,1178565597,True,0.3095095157623291,49,0.2593402862548828,17,17,5.190776545362005,,4.239167263994292,8.653506838271408,23.43304246023828,0.2358953864579915,8.35533094406128,True,SolutionResult.kSolutionFound,5,0.02371049629695848,0.10051275971512497,0.5211061166941219,2.0247460743169428,1.0,1.0,0.0,0.0,,1.5247970946115177,1.0014083389578048,1.2682260207673186,0.38629657757747327,0.9999429629415086,0.615,0.24440286463410188,0.2075,0.2000420065220922,0.0,acceleration,112.71826475833302,94.76733954603512,15467.59858714159,21.2373817705609,13.702948209261518
bottom,middle,0,cspace,notebook,ipopt,all,True,0.0,1.0,1178565597,True,0.3095095157623291,49,0.2593402862548828,17,17,5.190776545362005,,4.239167263994292,8.653506838271408,23.43304246023828,0.11556008664341175,45.98490071296692,True,SolutionResult.kSolutionFound,5,0.033189360230011074,0.14436848944918723,0.28720435570825387,1.044767535054259,1.0,1.0,0.0,0.0,,0.9994666255363478,1.0005522629344556,1.181121829236187,0.370304460772614,0.9779715074223108,0.4825,0.8403227672223168,0.27,0.21662456890705653,0.0,acceleration,117.79638480811286,96.60410722456916,11775.26943741642,17.815256295062923,16.88990333294868
bottom,middle,0,kinetic,notebook,ipopt,all,True,0.0,1.0,1178565597,True,0.3095095157623291,49,0.2593402862548828,17,17,5.190776545362005,,4.239167263994292,8.653506838271408,23.43304246023828,0.042674782913777534,60.382022857666016,False,SolutionResult.kSolverSpecificError,3,0.0461551112528596,0.16442843204785304,0.31340420901836813,1.0815546817452808,1.0,1.0,0.0,0.0,,1.0327865885484684,1.00050071588491,1.1849937601841103,0.374263360661624,0.9998132328294742,0.54,0.7933743822142778,0.1875,0.2178051041897775,0.0,acceleration,120.74481691743219,98.38490500415278,11609.971011956193,17.69799589401022,15.567400694344887
bottom,middle,0,parameterized,tight,ipopt,all,True,0.0,1.0,1178565597,True,0.3095095157623291,49,0.2593402862548828,17,17,5.190776545362005,,4.239167263994292,8.653506838271408,23.43304246023828,0.2358953864579915,20.8820538520813,True,SolutionResult.kSolutionFound,5,0.02290596747057553,0.0971022274513815,0.5200376949351179,1.9947841249178913,1.0,1.0,0.0,1.791786701454967e-05,,1.557858134509258,1.000933802219597,1.2348011138341402,0.4159156712340534,0.999953559319072,0.6125,0.10332551461372166,0.1825,0.19579510504142686,0.0,acceleration,111.86254025029008,93.90358475542115,15441.96885601982,20.588546004231326,14.243473044280318
bottom,middle,0,cspace,tight,ipopt,all,True,0.0,1.0,1178565597,True,0.3095095157623291,49,0.2593402862548828,17,17,5.190776545362005,,4.239167263994292,8.653506838271408,23.43304246023828,0.11556008664341175,121.6670172214508,False,SolutionResult.kSolverSpecificError,3,0.032896534777639076,0.1424644350982846,0.28467038865373295,1.0295289330795718,1.0,1.0,0.0,0.0,,1.0105555882203208,1.0004768777668591,1.1879327790678011,0.3702661507552892,0.9742870886384453,0.4825,0.8338604767359571,0.2625,0.21297928089065182,0.0,acceleration,113.78874436188335,94.71537987995526,11664.317125178495,17.303949554804845,16.158549756231377
bottom,middle,0,kinetic,tight,ipopt,all,True,0.0,1.0,1178565597,True,0.3095095157623291,49,0.2593402862548828,17,17,5.190776545362005,,4.239167263994292,8.653506838271408,23.43304246023828,0.042674782913777534,120.32278800010681,False,SolutionResult.kSolverSpecificError,3,0.04374216002518468,0.14391965697824993,0.28764826645383806,1.02501189317269,1.0,1.0,0.0,0.0,,1.0180984355614686,1.0004933048363418,1.1907500736440875,0.3285274635025852,0.9998216068103621,0.5275,0.7642503251190658,0.2225,0.20308302606003364,0.0,acceleration,111.73910376984892,93.68130691129254,11435.82083601978,17.15639149560218,14.967083783505215
bottom,middle,1,parameterized,notebook,ipopt,all,True,0.0,1.0,825772875,True,0.08129048347473145,24,0.3152334690093994,16,16,4.379428565987746,,1.221998592071885,3.4438232943464855,12.753214069933273,0.8183315484058874,5.3082497119903564,True,SolutionResult.kSolutionFound,5,0.08623331176491002,0.10537698556641376,0.5820733379025695,2.2634398088954195,1.0,1.0,0.0,0.0,,1.5596382218991212,1.0008821907380987,1.2127559380654165,0.38173212448584143,0.9999596716329194,0.615,0.08354327832941248,0.1875,0.19575507626459612,0.0,acceleration,113.5049507130797,94.64250757066435,15572.37725808202,21.132745572134752,14.469640199203402
bottom,middle,1,cspace,notebook,ipopt,all,True,0.0,1.0,825772875,True,0.08129048347473145,24,0.3152334690093994,16,16,4.379428565987746,,1.221998592071885,3.4438232943464855,12.753214069933273,0.29037494509129985,60.31497573852539,False,SolutionResult.kSolverSpecificError,3,0.08872983736521983,0.15273462162836854,0.30556988082191916,1.1029420656444962,1.0,1.0,0.0,0.0,,1.011042023952688,1.0005021490054917,1.1766542736129117,0.37203683478473626,0.998929494644492,0.525,0.8245379599142766,0.24,0.2179082925351119,0.0,acceleration,113.30461587026747,94.41679636407505,11720.104237165371,17.32805190522749,16.61317046776838
bottom,middle,1,kinetic,notebook,ipopt,all,True,0.0,1.0,825772875,True,0.08129048347473145,24,0.3152334690093994,16,16,4.379428565987746,,1.221998592071885,3.4438232943464855,12.753214069933273,0.07841160624423144,59.09392690658569,True,SolutionResult.kSolutionFound,5,0.08574747628949367,0.15305227648588715,0.3058228581535288,1.0935559210764398,1.0,1.0,0.0,0.0,,1.0114820460922158,1.0005368886960528,1.172977908848749,0.3613152619743149,0.9995195608577938,0.52,0.8347542889277733,0.2575,0.20661892337186444,0.0,acceleration,113.02179142288938,94.3534666457004,11592.897945782759,17.292142490026034,16.576344793335398
bottom,middle,1,parameterized,tight,ipopt,all,True,0.0,1.0,825772875,True,0.08129048347473145,24,0.3152334690093994,16,16,4.379428565987746,,1.221998592071885,3.4438232943464855,12.753214069933273,0.8183315484058874,15.35903525352478,True,SolutionResult.kSolutionFound,5,0.08602102486648125,0.10511757127541932,0.5798479836011124,2.2182112268544327,1.0,1.0,0.0,2.7162897411336928e-05,,1.5591811698290048,1.0008860235035553,1.2144836568612234,0.3827007443583598,0.9999586453710099,0.6175,0.09835344119847347,0.2125,0.19649227171323724,0.0,acceleration,113.18170956092868,94.69523915725843,15429.203235065506,20.626243483501643,13.832972045272735
bottom,middle,1,cspace,tight,ipopt,all,True,0.0,1.0,825772875,True,0.08129048347473145,24,0.3152334690093994,16,16,4.379428565987746,,1.221998592071885,3.4438232943464855,12.753214069933273,0.29037494509129985,120.18834209442139,False,SolutionResult.kSolverSpecificError,3,0.08872228658187646,0.15272855792591386,0.3055438772583507,1.1023343700115413,1.0,1.0,0.0,0.0,,1.011356905300916,1.000508535648849,1.172851797894154,0.37076361721697065,0.9977213855301817,0.525,0.8420653457660444,0.2375,0.21843205208273545,0.0,acceleration,113.27355905630253,94.43800572140863,11746.7972320038,17.31836068645658,16.721543236181756
bottom,middle,1,kinetic,tight,ipopt,all,True,0.0,1.0,825772875,True,0.08129048347473145,24,0.3152334690093994,16,16,4.379428565987746,,1.221998592071885,3.4438232943464855,12.753214069933273,0.07841160624423144,120.02100825309753,False,SolutionResult.kSolverSpecificError,3,0.08566108508398916,0.15279397820948695,0.305955676371475,1.0924541555388811,1.0,1.0,0.0,0.0,,1.0133031051410095,1.0005327748861559,1.1740640170678203,0.33442789186923627,0.9992610711206289,0.5175,0.8392600550897149,0.275,0.21373855889967194,0.0,acceleration,112.96479705319535,94.24901389509017,11599.300992717934,17.278063725752673,16.79892783837171
bottom,top,7,parameterized,notebook,ipopt,all,True,0.0,1.0,1956161951,True,0.7213068008422852,48,1.0800743103027344,16,16,5.018989425419711,,3.0265934994135124,6.941029855198292,26.003916877498387,0.3304044630353492,5.883590459823608,True,SolutionResult.kSolutionFound,5,0.1665285685904268,0.5040142831624206,3.1724683954965935,13.069018529502292,1.0,1.0,0.0,0.0,,3.101040282312081,1.0019096604053652,1.2143067431284538,0.35907650314598905,1.00000095049282,0.715,0.17518790978048454,0.1825,0.21191773665599772,0.0,acceleration,299.6330209936742,228.24037829051207,29248.93387063993,60.91033275502702,22.46674967624511
bottom,top,7,cspace,notebook,ipopt,all,True,0.0,1.0,1956161951,True,0.7213068008422852,48,1.0800743103027344,16,16,5.018989425419711,,3.0265934994135124,6.941029855198292,26.003916877498387,0.14407083975457585,60.22499942779541,False,SolutionResult.kSolverSpecificError,3,0.19563690134865197,0.7194232200385409,1.3579215730394756,5.63460965767715,1.0,1.0,0.0,0.0,,1.7445908617494421,1.0006165671954348,1.096931427437936,0.4054354095447124,1.000000180254344,0.665,0.3285854749721676,0.165,0.22220451618849893,0.0,acceleration,257.3399204514037,206.34676658075605,22798.212057411394,50.59844287790184,22.02461636992727
bottom,top,7,kinetic,notebook,ipopt,all,True,0.0,1.0,1956161951,True,0.7213068008422852,48,1.0800743103027344,16,16,5.018989425419711,,3.0265934994135124,6.941029855198292,26.003916877498387,0.038455745136814996,60.21980547904968,False,SolutionResult.kSolverSpecificError,3,0.2020937060459639,0.7724772381119425,1.446715058266529,5.255227933484837,0.998,0.998,0.0,0.0,,1.6671654548267012,1.0007990862505658,1.0003090431633554,0.36140110494977873,0.9999828316020403,0.6375,0.343007357367039,0.21,0.19275139072512099,0.0,velocity,267.20754803849826,212.0884405669533,19199.433034285496,49.45663043213104,28.77090640408367
bottom,top,7,parameterized,tight,ipopt,all,True,0.0,1.0,1956161951,True,0.7213068008422852,48,1.0800743103027344,16,16,5.018989425419711,,3.0265934994135124,6.941029855198292,26.003916877498387,0.3304044630353492,12.969244480133057,True,SolutionResult.kSolutionFound,5,0.16623791439276622,0.5031345910572074,3.188953481515919,13.128461271262408,0.998,0.998,0.0,7.04607636827781e-05,,3.109253526576182,1.0016452215914697,1.242937012812287,0.35504553871239003,1.000001168463251,0.72,0.179405260752228,0.1875,0.21338383461178684,0.0,acceleration,296.8151029558604,225.8511972794065,29213.11934850338,61.03257490143181,21.789801934339888
bottom,top,7,cspace,tight,ipopt,all,True,0.0,1.0,1956161951,True,0.7213068008422852,48,1.0800743103027344,16,16,5.018989425419711,,3.0265934994135124,6.941029855198292,26.003916877498387,0.14407083975457585,120.13484954833984,False,SolutionResult.kSolverSpecificError,3,0.19558590156058941,0.7199879255002052,1.3575675819879254,5.605125008613333,1.0,1.0,0.0,0.0,,1.7356053330154737,1.0006853608366952,1.091324372247936,0.40744960345012776,0.9999980791690921,0.665,0.32862552048686233,0.1725,0.2199841011762092,0.0,acceleration,258.538943739556,207.2762703135185,22664.72544673391,50.572453102826124,22.35749441234302
bottom,top,7,kinetic,tight,ipopt,all,True,0.0,1.0,1956161951,True,0.7213068008422852,48,1.0800743103027344,16,16,5.018989425419711,,3.0265934994135124,6.941029855198292,26.003916877498387,0.038455745136814996,120.02192854881287,False,SolutionResult.kSolverSpecificError,3,0.20077850747988152,0.7624965231618839,1.434148970652812,5.221027619295028,0.998,0.998,0.0,0.0,,1.645458602598508,1.0008636451496686,1.0062023591402278,0.4014020331193454,0.9999982561135203,0.6375,0.42316453472239834,0.2275,0.19922345897846994,0.0,acceleration,264.12944293897357,210.14227096950944,19355.14336954791,50.01258590758021,28.512976793215774
bottom,middle,8,parameterized,notebook,ipopt,all,True,0.0,1.0,1222964207,True,0.3705005645751953,53,0.44335389137268066,18,18,5.481883309356471,,4.2711531413488455,12.91632555035943,29.5939583712291,0.23412880945874875,10.1004159450531,True,SolutionResult.kSolutionFound,5,0.022451816922907247,0.09589514837926283,0.4816048228914036,1.774079533928797,1.0,1.0,0.0,0.0,,1.5034363110466633,1.0011762704666827,1.015442914424063,0.3844102889578934,0.9999273773356878,0.6275,0.28649811694978133,0.1825,0.19933674540047758,0.0,acceleration,111.29860838123773,93.48659614726029,15076.923152066716,19.43384118145357,12.133650147999866
bottom,middle,8,cspace,notebook,ipopt,all,True,0.0,1.0,1222964207,True,0.3705005645751953,53,0.44335389137268066,18,18,5.481883309356471,,4.2711531413488455,12.91632555035943,29.5939583712291,0.07742139946079112,49.558948278427124,True,SolutionResult.kSolutionFound,5,0.020877609193730773,0.13578992388485667,0.2696619970594036,0.9802600595034469,1.0,1.0,0.0,0.0,,0.995626402100334,1.0005752046476888,1.2273000093835738,0.38793346038776694,0.9935558741786059,0.505,0.8233532154699579,0.2825,0.2262214788837339,0.0,acceleration,117.16337952097606,96.49207117803239,11754.070826469553,17.95650430397297,17.803659535961348
bottom,middle,8,kinetic,notebook,ipopt,all,True,0.0,1.0,1222964207,True,0.3705005645751953,53,0.44335389137268066,18,18,5.481883309356471,,4.2711531413488455,12.91632555035943,29.5939583712291,0.03379068076855134,60.109854221343994,False,SolutionResult.kSolverSpecificError,3,0.03338903762851674,0.14621161158990004,0.2824640686180063,0.9881137896337265,1.0,1.0,0.0,0.0,,1.0241376065655934,1.0006552040500893,1.2082968577016202,0.34435565793719575,0.9997485407818062,0.53,0.7953157983241383,0.21,0.21840666306001633,0.0,acceleration,118.21039905337443,96.96731368856538,11654.285713639532,17.521256326970935,15.103327774049077
bottom,middle,8,parameterized,tight,ipopt,all,True,0.0,1.0,1222964207,True,0.3705005645751953,53,0.44335389137268066,18,18,5.481883309356471,,4.2711531413488455,12.91632555035943,29.5939583712291,0.23412880945874875,22.371697902679443,True,SolutionResult.kSolutionFound,0,0.02140594181400568,0.0914280556224214,0.49381728336068287,1.8918928435345883,1.0,1.0,0.0,3.465463470142538e-05,,1.5627014411148956,1.0010357521031008,1.2490185934188311,0.4309875521734088,0.9999711802491587,0.6125,0.07905399432356877,0.195,0.1960160032956324,0.0,acceleration,112.78330454634121,94.43692292937152,15523.371152483422,20.569918058715114,14.33303460010605
bottom,middle,8,cspace,tight,ipopt,all,True,0.0,1.0,1222964207,True,0.3705005645751953,53,0.44335389137268066,18,18,5.481883309356471,,4.2711531413488455,12.91632555035943,29.5939583712291,0.07742139946079112,120.14757871627808,False,SolutionResult.kSolverSpecificError,3,0.020613834541304353,0.13328512934224918,0.26625499777673106,0.9632124667257657,1.0,1.0,0.0,0.0,,1.0102057172698164,1.0004923106693082,1.2030372182466504,0.3910895046346706,0.9934911267849068,0.5075,0.8282610607510437,0.285,0.2148407138274413,0.0,acceleration,113.88981233784071,94.85611988359237,11794.515329737136,17.320050479020978,16.587084661412167
bottom,middle,8,kinetic,tight,ipopt,all,True,0.0,1.0,1222964207,True,0.3705005645751953,53,0.44335389137268066,18,18,5.481883309356471,,4.2711531413488455,12.91632555035943,29.5939583712291,0.03379068076855134,120.37015151977539,False,SolutionResult.kSolverSpecificError,3,0.032391343294770794,0.13400267722783343,0.2680802632268373,0.9585880650536377,1.0,1.0,0.0,0.0,,1.0167511410338361,1.0004932837268046,1.2120255531348332,0.38478917572859966,0.999707994273995,0.5275,0.7933524929080862,0.2175,0.20518064638360142,0.0,acceleration,113.23080864784396,94.50681621036551,11620.595533624653,17.17284332036049,16.028901755207368
bottom,middle,2,parameterized,notebook,ipopt,all,True,0.0,1.0,674306801,True,0.391707181930542,53,0.8041534423828125,20,20,6.700023515075748,,8.237501309708875,14.943682253571167,45.15635307551427,0.12139603532704524,3.9578301906585693,True,SolutionResult.kSolutionFound,5,0.01655488811386979,0.13637091252008698,0.7354281474726798,2.6546724124144165,1.0,1.0,0.0,0.0,,1.5184783685846215,1.0020567157836504,1.1369521506043334,0.4791468273752385,0.8180531636729267,0.33,0.9502863543359044,0.2925,0.24497082822246347,0.0,acceleration,187.71962085803096,132.70120484263873,18402.24264720769,29.47049901970087,18.767237008001718
bottom,middle,2,cspace,notebook,ipopt,all,True,0.0,1.0,674306801,True,0.391707181930542,53,0.8041534423828125,20,20,6.700023515075748,,8.237501309708875,14.943682253571167,45.15635307551427,0.06691791106312,60.05497074127197,False,SolutionResult.kSolverSpecificError,3,0.01681264380957934,0.12827693106663549,0.25124280693282386,0.9196939476553139,1.0,1.0,0.0,0.0,,0.9904017027612992,1.0004330935403947,1.2276823589805013,0.3755402322070643,0.9209917072136975,0.425,0.8906812967480804,0.2875,0.22383777204395422,0.0,acceleration,126.96207430281683,101.61047132811586,12394.370613789746,19.030543939020617,16.53175746213754
bottom,middle,2,kinetic,notebook,ipopt,all,True,0.0,1.0,674306801,True,0.391707181930542,53,0.8041534423828125,20,20,6.700023515075748,,8.237501309708875,14.943682253571167,45.15635307551427,0.022145278170000032,60.226318359375,False,SolutionResult.kSolverSpecificError,3,0.024059923278748722,0.20397316687083866,0.33224017761128666,1.0864583905449618,1.0,1.0,0.0,0.0,,1.1186388038193498,1.001200793450053,1.2363121652508189,0.5788473379580926,0.9695627590159999,0.47,0.8685743808586093,0.245,0.25221844090138357,0.0,acceleration,140.166695905601,108.44940095896283,13167.894446408667,19.51866707401178,17.344129927181466
bottom,middle,2,parameterized,tight,ipopt,all,True,0.0,1.0,674306801,True,0.391707181930542,53,0.8041534423828125,20,20,6.700023515075748,,8.237501309708875,14.943682253571167,45.15635307551427,0.12139603532704524,17.937767028808594,True,SolutionResult.kSolutionFound,5,0.009989728110544499,0.08229039839425104,0.46441647270057096,1.7731087934129748,1.0,1.0,0.0,9.409269434224043e-05,,1.5958550425597138,1.001417037992777,1.2815976584148094,0.41649046452084004,0.9999390005624005,0.6025,0.07186310093535758,0.22,0.19542102718290288,0.0,acceleration,113.72921675704174,94.91013218047064,15714.97403405929,20.467470835437993,13.858680022223272
bottom,middle,2,cspace,tight,ipopt,all,True,0.0,1.0,674306801,True,0.391707181930542,53,0.8041534423828125,20,20,6.700023515075748,,8.237501309708875,14.943682253571167,45.15635307551427,0.06691791106312,120.12169981002808,False,SolutionResult.kSolverSpecificError,3,0.015860004112399365,0.11896339654319935,0.23700686199602808,0.8570819207697519,1.0,1.0,0.0,0.0,,1.011370446568594,1.0002166211628594,1.2361673944720382,0.37300208815883823,0.9790210862179713,0.4875,0.8044694105199808,0.235,0.207518823376106,0.0,acceleration,113.55923018974977,94.38575186988308,11774.982609711325,17.27199149196862,16.476651966939865
bottom,middle,2,kinetic,tight,ipopt,all,True,0.0,1.0,674306801,True,0.391707181930542,53,0.8041534423828125,20,20,6.700023515075748,,8.237501309708875,14.943682253571167,45.15635307551427,0.022145278170000032,120.24709725379944,False,SolutionResult.kSolverSpecificError,3,0.019098183614526625,0.12160542609517695,0.24209920079864805,0.8624043223985653,1.0,1.0,0.0,0.0,,1.0192097159226194,1.0005721375531913,1.2521094996172573,0.3431481429929221,0.9996995596490501,0.5225,0.7766263796474487,0.2325,0.2080051409294707,0.0,acceleration,113.0763813181581,94.36700273629809,11488.125420257002,17.235895779549015,14.993554298861191
bottom,top,3,parameterized,notebook,ipopt,all,True,0.0,1.0,1945464198,True,0.3809318542480469,42,0.6879658699035645,18,18,5.703299278176244,,3.876864411182121,8.80714271503479,31.222427297809386,0.25794041110018684,7.008305549621582,True,SolutionResult.kSolutionFound,5,0.11448779567599007,0.4438536605709358,2.8368222816966426,11.74470427200115,1.0,1.0,0.0,0.0,,3.147851430981561,1.002238002556806,1.178763248599854,0.3615112816899532,0.9999975661594189,0.725,0.18235542987645076,0.18,0.2129666262690767,0.0,acceleration,302.6213326752645,229.71181719484252,29770.77996024061,61.33325121982845,23.01419873377285
bottom,top,3,cspace,notebook,ipopt,all,True,0.0,1.0,1945464198,True,0.3809318542480469,42,0.6879658699035645,18,18,5.703299278176244,,3.876864411182121,8.80714271503479,31.222427297809386,0.11354420296753984,60.129544496536255,False,SolutionResult.kSolverSpecificError,3,0.13511593771607402,0.6335447191207333,1.1899853465412153,4.894105295893231,1.0,1.0,0.0,0.0,,1.7386384725475348,1.0008169640356017,1.1307035830319003,0.4292428782435788,0.9999964414613491,0.6675,0.35209947126720437,0.1275,0.22352331354918964,0.0,acceleration,258.0873813992107,206.6310601390815,22601.91514272735,50.374682768680486,22.728788498502848
bottom,top,3,kinetic,notebook,ipopt,all,True,0.0,1.0,1945464198,True,0.3809318542480469,42,0.6879658699035645,18,18,5.703299278176244,,3.876864411182121,8.80714271503479,31.222427297809386,0.03202825938104311,60.387551069259644,False,SolutionResult.kSolverSpecificError,3,0.15271073477627226,0.7486475860628905,1.3092805172627753,4.767999814147212,1.0,1.0,0.0,0.0,,1.5978414236749867,1.000917481507691,1.0789031220199878,0.4545794977169515,0.9999788728011125,0.645,0.5184719824806238,0.125,0.2333884946480016,0.0,acceleration,276.6659146660019,216.58122460439063,21059.57331253891,54.41524073411327,33.71036095774613
bottom,top,3,parameterized,tight,ipopt,all,True,0.0,1.0,1945464198,True,0.3809318542480469,42,0.6879658699035645,18,18,5.703299278176244,,3.876864411182121,8.80714271503479,31.222427297809386,0.25794041110018684,16.47540855407715,True,SolutionResult.kSolutionFound,0,0.11385298704428388,0.44139259357876226,2.9291890480264717,12.00430734342891,1.0,1.0,0.0,2.2642156459085072e-05,,3.1873040667652477,1.002611784698477,1.1083153807850314,0.3538401547090152,0.9999973975838972,0.71,0.18195220052637134,0.175,0.21370812841154901,0.0,acceleration,301.4716780666676,229.21565682364968,29812.872365734136,61.380223901955446,22.557538044518317
bottom,top,3,cspace,tight,ipopt,all,True,0.0,1.0,1945464198,True,0.3809318542480469,42,0.6879658699035645,18,18,5.703299278176244,,3.876864411182121,8.80714271503479,31.222427297809386,0.11354420296753984,120.24708199501038,False,SolutionResult.kSolverSpecificError,3,0.134892820178542,0.6320401885917803,1.1880203185459437,4.847922378217683,1.0,1.0,0.0,0.0,,1.724445097489635,1.0007806739982767,1.1188969613644313,0.42510850749984036,0.9999981759823154,0.655,0.35049441617235516,0.1375,0.2217996299108269,0.0,acceleration,259.0035163858596,206.67783223579158,22338.80842224775,50.27780049869993,23.537450194215765
bottom,top,3,kinetic,tight,ipopt,all,True,0.0,1.0,1945464198,True,0.3809318542480469,42,0.6879658699035645,18,18,5.703299278176244,,3.876864411182121,8.80714271503479,31.222427297809386,0.03202825938104311,120.01095366477966,False,SolutionResult.kSolverSpecificError,3,0.15019092923332886,0.7332203583531942,1.2920993806723964,4.689325368778045,1.0,1.0,0.0,0.0,,1.5698771526539357,1.000833204450257,1.0734945176867778,0.43835498601997713,0.999985534006586,0.6275,0.535565461082397,0.125,0.2331716380649378,0.0,acceleration,270.436499563385,213.62113283914428,21203.582060437122,54.20437542770563,31.61437072887159
bottom,top,2,parameterized,notebook,ipopt,all,True,0.0,1.0,82992400,True,0.6218159198760986,54,0.8736519813537598,17,17,5.046509768691552,,3.488910343982315,8.471003426623529,31.398103429618153,0.2866224412228889,7.238731622695923,True,SolutionResult.kSolutionFound,5,0.1355178575357596,0.4728096549508317,3.138189878755569,12.853795477470225,1.0,1.0,0.0,0.0,,3.1970451466833234,1.0026268939295462,1.122109166125815,0.3573502443494068,1.0000063055125543,0.725,0.19577858347636096,0.15,0.21436814888456573,0.0,acceleration,302.28843950724786,228.6927346863375,29801.44786434202,61.63318296481948,22.70001138705317
bottom,top,2,cspace,notebook,ipopt,all,True,0.0,1.0,82992400,True,0.6218159198760986,54,0.8736519813537598,17,17,5.046509768691552,,3.488910343982315,8.471003426623529,31.398103429618153,0.11804976927020222,60.16834092140198,False,SolutionResult.kSolverSpecificError,3,0.1504426050968642,0.6734933470215838,1.274399823285707,5.3196881425804685,1.0,1.0,0.0,0.0,,1.7566736566752421,1.0006899926076802,1.116892071398782,0.4261284089468955,0.9999963578242599,0.67,0.3112401449613976,0.1425,0.22216776236750263,0.0,acceleration,255.9751045939858,205.38712555930366,22966.774947049315,50.72781370828649,21.498982913214654
bottom,top,2,kinetic,notebook,ipopt,all,True,0.0,1.0,82992400,True,0.6218159198760986,54,0.8736519813537598,17,17,5.046509768691552,,3.488910343982315,8.471003426623529,31.398103429618153,0.03184905745156218,60.11022877693176,False,SolutionResult.kSolverSpecificError,3,0.16188326127187097,0.7932934376333403,1.3891724568500052,5.082827380938105,1.0,1.0,0.0,0.0,,1.5780294432192552,1.0007158116162014,1.0534732371549065,0.42552211033713094,0.9999777827139013,0.67,0.6020715006813405,0.155,0.2376063274265918,0.0,acceleration,277.3223940116426,216.69170946832895,21332.84731159133,55.161324591388464,35.792862181832476
bottom,top,2,parameterized,tight,ipopt,all,True,0.0,1.0,82992400,True,0.6218159198760986,54,0.8736519813537598,17,17,5.046509768691552,,3.488910343982315,8.471003426623529,31.398103429618153,0.2866224412228889,16.939222812652588,True,SolutionResult.kSolutionFound,0,0.13470673164527774,0.4699797094412605,3.104449246316082,12.717775533419818,1.0,1.0,0.0,7.156178446710015e-06,,3.1670846432165067,1.0023349769314067,1.1158729299173706,0.35472557299365054,0.9999997615453954,0.7125,0.18529306037775573,0.175,0.2133519618343832,0.0,acceleration,299.8759893856874,227.91136137037074,29493.680242576058,61.1230989094727,22.686096686565318
bottom,top,2,cspace,tight,ipopt,all,True,0.0,1.0,82992400,True,0.6218159198760986,54,0.8736519813537598,17,17,5.046509768691552,,3.488910343982315,8.471003426623529,31.398103429618153,0.11804976927020222,120.19150757789612,False,SolutionResult.kSolverSpecificError,3,0.15011712296125268,0.6732676930188779,1.2716426629996371,5.2579460008788885,1.0,1.0,0.0,0.0,,1.743851571608684,1.0007608795520655,1.106453540852679,0.42574939614748375,0.9999998216026225,0.6625,0.3120219792446798,0.155,0.22252881925463683,0.0,acceleration,256.7725859040409,205.76376464570328,22773.800973737976,50.42897637653145,22.33979014750216
bottom,top,2,kinetic,tight,ipopt,all,True,0.0,1.0,82992400,True,0.6218159198760986,54,0.8736519813537598,17,17,5.046509768691552,,3.488910343982315,8.471003426623529,31.398103429618153,0.03184905745156218,120.30295896530151,False,SolutionResult.kSolverSpecificError,3,0.15891127509199585,0.7731365299320198,1.3662889248091294,4.989512651470987,1.0,1.0,0.0,0.0,,1.5658073257105571,1.0007935026242973,1.0515942711519912,0.3752200178667796,0.999985773016791,0.655,0.5586593268904113,0.15,0.2332621874026205,0.0,acceleration,269.9786875206362,212.96052623069045,21170.404444478703,54.41342300129628,32.505500211171324
bottom,top,8,parameterized,notebook,ipopt,all,True,0.0,1.0,1680323598,True,0.7226743698120117,45,0.3880879878997803,20,20,5.929785204794376,,1.7361266910074606,4.133318350937927,16.954146960003516,0.5759948310106954,8.280730962753296,True,SolutionResult.kSolutionFound,5,0.2276692880997707,0.3952627277926772,2.5083037125365344,10.360985320307837,1.0,1.0,0.0,0.0,,3.1465383155918984,1.0029497757867112,1.194422937936741,0.35823496202831784,0.9999963526478217,0.7175,0.18527751029361603,0.185,0.21321377674730663,0.0,acceleration,300.755887232953,228.56141791716817,29671.665380585742,61.07795272639963,22.754748715744274
bottom,top,8,cspace,notebook,ipopt,all,True,0.0,1.0,1680323598,True,0.7226743698120117,45,0.3880879878997803,20,20,5.929785204794376,,1.7361266910074606,4.133318350937927,16.954146960003516,0.24193636083537612,60.03113794326782,False,SolutionResult.kSolverSpecificError,3,0.26437931898034006,0.5857889055261287,1.0927638907499113,4.168599491183389,0.998,0.998,0.0,0.0,,1.6659305410975407,1.000759722079795,1.1014873600063855,0.38176696858059317,0.9999372106825637,0.5975,0.4390026739015592,0.2025,0.20699451015320744,0.0,acceleration,262.4642541045377,209.00806662798595,19872.691237182724,49.83033968963061,23.749339249733875
bottom,top,8,kinetic,notebook,ipopt,all,True,0.0,1.0,1680323598,True,0.7226743698120117,45,0.3880879878997803,20,20,5.929785204794376,,1.7361266910074606,4.133318350937927,16.954146960003516,0.05898261955373499,60.40316820144653,False,SolutionResult.kSolverSpecificError,3,0.2519111842638662,0.6637097517028794,1.1392919103304335,4.270939238878113,1.0,1.0,0.0,0.0,,1.610590298454384,1.0008908731228348,1.1456832365723835,0.35748334508381774,0.9999842121643348,0.6625,0.5180783207313607,0.1225,0.23356438729420276,0.0,acceleration,265.86171084718717,210.78508616876718,21994.825666477147,53.290081259536564,25.777254731028062
bottom,top,8,parameterized,tight,ipopt,all,True,0.0,1.0,1680323598,True,0.7226743698120117,45,0.3880879878997803,20,20,5.929785204794376,,1.7361266910074606,4.133318350937927,16.954146960003516,0.5759948310106954,16.933833599090576,True,SolutionResult.kSolutionFound,0,0.22707625953829116,0.3942331550785617,2.555815670902093,10.50190871959617,1.0,1.0,0.0,1.2802989478366555e-05,,3.1692145021551044,1.0028122838226667,1.1927750834232689,0.35372534472400186,0.9999952681342886,0.71,0.1907171916211829,0.165,0.21413813063540665,0.0,acceleration,301.2207852981228,229.0569938052032,29773.274077935603,61.24370311452816,22.543658032494754
bottom,top,8,cspace,tight,ipopt,all,True,0.0,1.0,1680323598,True,0.7226743698120117,45,0.3880879878997803,20,20,5.929785204794376,,1.7361266910074606,4.133318350937927,16.954146960003516,0.24193636083537612,120.17153644561768,False,SolutionResult.kSolverSpecificError,3,0.2634185958594202,0.5850869635644533,1.0887929162440428,4.1873225148886775,0.998,0.998,0.0,0.0,,1.6716189833854505,1.0007706394547804,1.1146767645179891,0.41692193993196636,0.9999478148305654,0.5775,0.40333384192668875,0.205,0.2091855842401526,0.0,acceleration,261.1973819463775,208.34559813640243,20222.873034550903,49.86731604232284,24.892274024846454
bottom,top,8,kinetic,tight,ipopt,all,True,0.0,1.0,1680323598,True,0.7226743698120117,45,0.3880879878997803,20,20,5.929785204794376,,1.7361266910074606,4.133318350937927,16.954146960003516,0.05898261955373499,120.1129047870636,False,SolutionResult.kSolverSpecificError,3,0.2484480886901387,0.6516422347331401,1.122510493378029,4.212225407584599,1.0,1.0,0.0,0.0,,1.5904599732904874,1.0007658534426336,1.117790384941823,0.40658059554515913,0.9999721920673543,0.64,0.5000756561759643,0.135,0.23495057588063412,0.0,acceleration,264.14457400231316,210.50718160737952,22001.761364840553,53.34102343504244,26.060127563021354
bottom,middle,3,parameterized,notebook,ipopt,all,True,0.0,1.0,1597385319,True,0.25327491760253906,39,0.45369505882263184,19,19,4.765447899295766,,2.277619520966076,4.187202175071336,13.761522523822563,0.43905489516345536,5.356476783752441,True,SolutionResult.kSolutionFound,5,0.03870063749066713,0.0881453274225768,0.4360492864939799,1.6925687452677152,1.0,1.0,0.0,0.0,,1.5074368578456738,1.0015138285360956,1.2559136944136366,0.38542423631858647,0.999931297993456,0.615,0.14274549425944255,0.2075,0.1961349556594023,0.0,acceleration,110.40199254938874,92.96330797832958,15398.45026605003,20.79091274583547,14.831435617503216
bottom,middle,3,cspace,notebook,ipopt,all,True,0.0,1.0,1597385319,True,0.25327491760253906,39,0.45369505882263184,19,19,4.765447899295766,,2.277619520966076,4.187202175071336,13.761522523822563,0.23882295580412552,60.085381746292114,False,SolutionResult.kSolverSpecificError,3,0.06280856528163192,0.13385221880236398,0.2629921611603592,0.950575913166236,1.0,1.0,0.0,0.0,,1.0010464951105142,1.000747058627834,1.221457043311809,0.3934775026404131,0.9997017440396101,0.52,0.8083798191620343,0.2375,0.20212675139031008,0.0,acceleration,115.05967762801197,95.53767075250873,11687.55381650409,17.68692216823201,15.343102691151074
bottom,middle,3,kinetic,notebook,ipopt,all,True,0.0,1.0,1597385319,True,0.25327491760253906,39,0.45369505882263184,19,19,4.765447899295766,,2.277619520966076,4.187202175071336,13.761522523822563,0.07266637817646271,60.35246658325195,False,SolutionResult.kSolverSpecificError,3,0.06948639414814416,0.1367408822348052,0.2711670922396639,0.956238578168898,1.0,1.0,0.0,0.0,,1.0506947232915083,1.0004544006509308,1.2098677416214618,0.34174625794847757,0.9998122096461418,0.55,0.4855604702071745,0.21,0.21792966068907826,0.0,acceleration,115.77702259313149,95.88594488956926,11635.356859286683,17.26903040418454,13.481904073916041
bottom,middle,3,parameterized,tight,ipopt,all,True,0.0,1.0,1597385319,True,0.25327491760253906,39,0.45369505882263184,19,19,4.765447899295766,,2.277619520966076,4.187202175071336,13.761522523822563,0.43905489516345536,22.064685106277466,True,SolutionResult.kSolutionFound,5,0.03806821392107554,0.0867049071549567,0.4454125538677064,1.7200456296506204,1.0,1.0,0.0,6.76781478512467e-05,,1.5234672382835635,1.0011638816075392,1.2718202044845248,0.3812490847302867,0.9999679482156583,0.6125,0.07243098436169107,0.185,0.19489396662447878,0.0,acceleration,111.20214313486794,93.78289288058045,15333.39072583471,20.773053938060226,14.949304726535543
bottom,middle,3,cspace,tight,ipopt,all,True,0.0,1.0,1597385319,True,0.25327491760253906,39,0.45369505882263184,19,19,4.765447899295766,,2.277619520966076,4.187202175071336,13.761522523822563,0.23882295580412552,120.45118808746338,False,SolutionResult.kSolverSpecificError,3,0.0624843845875856,0.1326043672839536,0.2616347510531322,0.942848460909866,1.0,1.0,0.0,0.0,,1.0119889471153227,1.0007484123052224,1.2179159841319194,0.3716046004108208,0.9997593328750596,0.525,0.7928689495542114,0.225,0.20223609557104102,0.0,acceleration,112.6414979486901,94.38297350483232,11663.200796618577,17.335869469852625,14.802174680827092
bottom,middle,3,kinetic,tight,ipopt,all,True,0.0,1.0,1597385319,True,0.25327491760253906,39,0.45369505882263184,19,19,4.765447899295766,,2.277619520966076,4.187202175071336,13.761522523822563,0.07266637817646271,120.18980193138123,False,SolutionResult.kSolverSpecificError,3,0.06744673910124546,0.1286204246469341,0.2598173318342545,0.9281698193001735,1.0,1.0,0.0,0.0,,1.0229968972003787,1.0007479051945254,1.2289725548137522,0.3082521042468626,0.9997973993354927,0.5375,0.6395745723352027,0.2125,0.20295554406880761,0.0,acceleration,112.52827349617836,94.04029830381435,11429.666016506708,17.18907829357422,13.591884353749125
bottom,middle,9,parameterized,notebook,ipopt,all,True,0.0,1.0,1071891321,True,0.17838525772094727,23,0.4274120330810547,21,21,4.196833614323591,,0.9829784561953164,1.8629862925241771,8.06458315837323,1.0173162938591418,10.68753981590271,True,SolutionResult.kSolutionFound,5,0.07932813708833915,0.07797784972794786,0.4203303278152929,1.5969297723231617,1.0,1.0,0.0,0.0,,1.5731304963061978,1.0016951622937262,1.330911108748844,0.38120392435183637,0.999927492020054,0.6025,0.1876419709801697,0.2075,0.19276964036321073,0.0,acceleration,112.04077971144977,93.86265156174929,15537.315544530895,20.16950879115639,12.852567485421496
bottom,middle,9,cspace,notebook,ipopt,all,True,0.0,1.0,1071891321,True,0.17838525772094727,23,0.4274120330810547,21,21,4.196833614323591,,0.9829784561953164,1.8629862925241771,8.06458315837323,0.5367726021457145,60.060776710510254,False,SolutionResult.kSolverSpecificError,3,0.12447562692772982,0.11724515903676008,0.23189638671971408,0.8480024237360592,1.0,1.0,0.0,0.0,,1.0059494849457784,1.000337829747867,1.2549776826690304,0.4293636700917302,0.955890831069587,0.4775,0.8033793995119553,0.2325,0.23085419606492952,0.0,acceleration,116.96015904327143,96.06313030558904,11873.65225201238,17.773437756601638,17.490604486188776
bottom,middle,9,kinetic,notebook,ipopt,all,True,0.0,1.0,1071891321,True,0.17838525772094727,23,0.4274120330810547,21,21,4.196833614323591,,0.9829784561953164,1.8629862925241771,8.06458315837323,0.12399896936541947,60.407461404800415,False,SolutionResult.kSolverSpecificError,3,3.0523308909638764,6.145382398790399,10.931305630499708,24.615776297049635,0.992,0.992,0.0,0.0,,3.0593082588880263,1.0680313610097878,1.019481828273187,0.5645368062245723,1.0000017417281701,0.5375,0.5477195575765779,0.1525,0.24874826431249553,0.0,velocity,336.981190071337,212.44214251644922,26641.057540045767,64.37428976887023,25.118518793792024
bottom,middle,9,parameterized,tight,ipopt,all,True,0.0,1.0,1071891321,True,0.17838525772094727,23,0.4274120330810547,21,21,4.196833614323591,,0.9829784561953164,1.8629862925241771,8.06458315837323,1.0173162938591418,22.211215019226074,True,SolutionResult.kSolutionFound,5,0.07870562136956145,0.07736593018773986,0.4271264980403763,1.634512063678948,1.0,1.0,0.0,4.404175875949434e-05,,1.5818337055881602,1.001417073935304,1.3014549823395867,0.38999442411569823,0.9999346891777126,0.605,0.06128586831769693,0.205,0.19541118441857303,0.0,acceleration,112.62664482773187,94.21686002766518,15582.875140853757,20.52269683368045,13.722514709198721
bottom,middle,9,cspace,tight,ipopt,all,True,0.0,1.0,1071891321,True,0.17838525772094727,23,0.4274120330810547,21,21,4.196833614323591,,0.9829784561953164,1.8629862925241771,8.06458315837323,0.5367726021457145,120.2706127166748,False,SolutionResult.kSolverSpecificError,3,0.12348182342245248,0.11554635910474281,0.2300449444119198,0.8387537855736544,1.0,1.0,0.0,0.0,,1.014651457906822,1.0003087672419275,1.251554500802192,0.370742700184783,0.9487249164459763,0.47,0.8191169526857311,0.235,0.22827898040211492,0.0,acceleration,114.6906637741949,95.34703803792196,11948.08366265773,17.27277387771167,15.916799583624586
bottom,middle,9,kinetic,tight,ipopt,all,True,0.0,1.0,1071891321,True,0.17838525772094727,23,0.4274120330810547,21,21,4.196833614323591,,0.9829784561953164,1.8629862925241771,8.06458315837323,0.12399896936541947,120.05941605567932,False,SolutionResult.kSolverSpecificError,3,2.8431391259718226,6.142334286582266,10.377527599314131,22.928731912224343,0.996,0.996,0.0,0.0,,2.9341831500433653,1.0738314202229908,1.038267208038942,0.5836339601748338,0.994214855600664,0.5075,0.6203637570946893,0.1375,0.2470471086103091,0.0,velocity,338.46962839438265,212.87018668536047,25946.67038337561,60.858334074581634,24.17438097973225
bottom,middle,5,parameterized,notebook,ipopt,all,True,0.0,1.0,911576914,True,0.31122422218322754,54,0.47850990295410156,17,17,4.424864955978323,,4.032020893008468,7.16195426710874,26.268677025227877,0.24801458785444339,11.345899105072021,True,SolutionResult.kSolutionFound,5,0.025319222584243312,0.10208763445440329,0.5221724198549548,1.8919555094883829,1.0,1.0,0.0,0.0,,1.464394576490029,1.0009570674501909,1.1648106742344455,0.3836316360822568,0.9999559343187272,0.635,0.15249170964112507,0.16,0.1994597258644764,0.0,acceleration,109.64621168947912,92.78123558061452,14828.874977625017,20.08878209102601,14.721518985370414
bottom,middle,5,cspace,notebook,ipopt,all,True,0.0,1.0,911576914,True,0.31122422218322754,54,0.47850990295410156,17,17,4.424864955978323,,4.032020893008468,7.16195426710874,26.268677025227877,0.13962669443345901,60.24984407424927,False,SolutionResult.kSolverSpecificError,3,0.04061544152052684,0.14579121428348674,0.29088593470844265,1.051607178276518,1.0,1.0,0.0,0.0,,1.000297348300424,1.000531876027753,1.1847333400761002,0.39272526397353064,0.9931849264576393,0.5075,0.8049931185998537,0.205,0.21504970902487786,0.0,acceleration,117.25684553062334,96.75202004222224,11742.782488367196,17.75744115182364,16.878454234311
bottom,middle,5,kinetic,notebook,ipopt,all,True,0.0,1.0,911576914,True,0.31122422218322754,54,0.47850990295410156,17,17,4.424864955978323,,4.032020893008468,7.16195426710874,26.268677025227877,0.038068152386952006,60.41051411628723,False,SolutionResult.kSolverSpecificError,3,0.04073172978561334,0.15893680321628995,0.3058227671398115,1.069968654417131,1.0,1.0,0.0,0.0,,1.0592071905812874,1.000633719564392,1.185569721884378,0.319822011390577,0.9999016814441102,0.5575,0.5717128494664008,0.22,0.2115751461996898,0.0,acceleration,113.26106405887032,94.6804030518764,11553.73650881929,17.00056337673618,13.49319558527311
bottom,middle,5,parameterized,tight,ipopt,all,True,0.0,1.0,911576914,True,0.31122422218322754,54,0.47850990295410156,17,17,4.424864955978323,,4.032020893008468,7.16195426710874,26.268677025227877,0.24801458785444339,23.235095262527466,True,SolutionResult.kSolutionFound,5,0.02419666576495614,0.09756146190544682,0.5357118571040999,2.049393135808927,1.0,1.0,0.0,2.598756164839955e-05,,1.551280165201837,1.000956509088148,1.2326536568068458,0.39023052005406583,0.9999473947884809,0.6225,0.07412549441564625,0.1925,0.19500942391385587,0.0,acceleration,112.34998195237002,93.97118394159007,15432.183568601406,20.74616156399358,14.768050978852996
bottom,middle,5,cspace,tight,ipopt,all,True,0.0,1.0,911576914,True,0.31122422218322754,54,0.47850990295410156,17,17,4.424864955978323,,4.032020893008468,7.16195426710874,26.268677025227877,0.13962669443345901,120.21049880981445,False,SolutionResult.kSolverSpecificError,3,0.04003062713034972,0.1443518776580237,0.28669752079124705,1.0328484699503684,1.0,1.0,0.0,0.0,,1.0124009317145306,1.0005539192941881,1.18763921516272,0.38640083803270026,0.9997996829185712,0.525,0.7728870104491138,0.2275,0.20386415807025204,0.0,acceleration,112.46927145238713,94.26488255355352,11651.05353815442,17.264667159810493,15.071661916913182
bottom,middle,5,kinetic,tight,ipopt,all,True,0.0,1.0,911576914,True,0.31122422218322754,54,0.47850990295410156,17,17,4.424864955978323,,4.032020893008468,7.16195426710874,26.268677025227877,0.038068152386952006,120.40629148483276,False,SolutionResult.kSolverSpecificError,3,0.03977172922252057,0.14746338063487702,0.29398016500286944,1.04475070968121,1.0,1.0,0.0,0.0,,1.0237692189996874,1.0006922202037833,1.2011113658154602,0.3065868095959001,0.9997488890716546,0.5275,0.6528779134722648,0.265,0.200617186355456,0.0,acceleration,111.85731805832287,93.89268522711578,11389.353261552627,17.19509722662393,13.976109145313165
bottom,top,6,parameterized,notebook,ipopt,all,True,0.0,1.0,60791049,True,0.24622201919555664,38,0.6170196533203125,18,18,5.49045894538302,,1.852256460262831,6.251276344699553,26.2689665364841,0.5398820419598387,15.330362558364868,True,SolutionResult.kSolutionFound,5,0.23883787398039416,0.4423889950356229,2.7483425901501577,11.27228066495713,1.0,1.0,0.0,6.48106518776892e-05,,3.0904132966237277,1.0024887841678884,1.2211358613762355,0.35420948554477166,0.9999971833492001,0.7075,0.1824499293238787,0.18,0.21372223785922842,0.0,acceleration,296.03788768608206,226.12019937167463,28940.43740925769,60.460026342297354,21.700890158274447
bottom,top,6,cspace,notebook,ipopt,all,True,0.0,1.0,60791049,True,0.24622201919555664,38,0.6170196533203125,18,18,5.49045894538302,,1.852256460262831,6.251276344699553,26.2689665364841,0.1599673322469416,60.160682678222656,False,SolutionResult.kSolverSpecificError,3,0.19073098484963072,0.6273427975650253,1.1923120937917453,4.887952939354129,0.998,0.998,0.0,0.0,,1.72819984485892,1.0007982081847973,1.1284808233659773,0.41478779022601414,0.9999947093005936,0.6475,0.34984691879637153,0.1325,0.2184617117166932,0.0,acceleration,260.5556527279507,207.60328774262138,21966.95854719502,50.05748790586051,24.809418998673745
bottom,top,6,kinetic,notebook,ipopt,all,True,0.0,1.0,60791049,True,0.24622201919555664,38,0.6170196533203125,18,18,5.49045894538302,,1.852256460262831,6.251276344699553,26.2689665364841,0.038067732836430127,60.06678557395935,False,SolutionResult.kSolverSpecificError,3,0.17786186906272522,0.6995936609058098,1.268820030338077,4.6722474865252455,1.0,1.0,0.0,0.0,,1.6325020198321694,1.0006308099224444,1.0560675498531036,0.45958036395320373,0.9999472041051949,0.605,0.41551147864612237,0.2,0.20287946798171408,0.0,acceleration,272.2993885237242,213.57548004331693,19975.110498946284,51.871979336997335,31.50974338357907
bottom,top,6,parameterized,tight,ipopt,all,True,0.0,1.0,60791049,True,0.24622201919555664,38,0.6170196533203125,18,18,5.49045894538302,,1.852256460262831,6.251276344699553,26.2689665364841,0.5398820419598387,19.735265254974365,True,SolutionResult.kSolutionFound,0,0.23883785802890517,0.44238896548937834,2.748189599281747,11.271506426092758,1.0,1.0,0.0,6.482363558291127e-05,,3.090239106517492,1.002488575405164,1.2212231588419806,0.3541987737904168,0.9999973566013785,0.7075,0.1825005972734316,0.18,0.2137319368609411,0.0,acceleration,296.04319329308834,226.12790928784943,28939.7372502253,60.459795348814346,21.704965497714785
bottom,top,6,cspace,tight,ipopt,all,True,0.0,1.0,60791049,True,0.24622201919555664,38,0.6170196533203125,18,18,5.49045894538302,,1.852256460262831,6.251276344699553,26.2689665364841,0.1599673322469416,120.0760064125061,False,SolutionResult.kSolverSpecificError,3,0.19042530335266117,0.6284582674647616,1.1904011942807269,4.843200252271042,0.998,0.998,0.0,0.0,,1.7223578664758081,1.0006247394971624,1.1129707204249362,0.4177809376338843,0.999995753151426,0.645,0.3712371695911574,0.14,0.21624640149913293,0.0,acceleration,260.72585533483084,208.05515791733137,21782.465715560407,49.80347929739326,24.570145857659067
bottom,top,6,kinetic,tight,ipopt,all,True,0.0,1.0,60791049,True,0.24622201919555664,38,0.6170196533203125,18,18,5.49045894538302,,1.852256460262831,6.251276344699553,26.2689665364841,0.038067732836430127,120.1314685344696,False,SolutionResult.kSolverSpecificError,3,0.1744722233613161,0.6684656531330668,1.2457060955889896,4.583204997024393,1.0,1.0,0.0,0.0,,1.630789590329802,1.0007895914567464,1.0242885155617465,0.4387466254633379,0.9999982252338395,0.6425,0.48031353881972827,0.17,0.20152889575973595,0.0,acceleration,268.4399722980303,212.26759621587277,19577.872994181063,50.685922959590656,29.720340197926784
bottom,top,0,parameterized,notebook,ipopt,all,True,0.0,1.0,1794915388,True,0.2542550563812256,40,0.500424861907959,25,25,6.194747370472466,,1.9570470616712254,5.9265147016340265,23.288710903762997,0.5109739155409209,16.157751321792603,True,SolutionResult.kSolutionFound,5,0.16075171750782716,0.3145986764072959,2.3651708468237853,9.696007614553968,0.998,0.998,0.0,0.0,,3.377047121017892,1.004415376008983,1.0132230412844165,0.3448771264103705,0.9999797116146153,0.72,0.20166386602973296,0.145,0.2154625785974721,0.0,acceleration,307.2235164072764,232.51555500979498,31393.720667566253,63.47531996923215,21.200674377986687
bottom,top,0,cspace,notebook,ipopt,all,True,0.0,1.0,1794915388,True,0.2542550563812256,40,0.500424861907959,25,25,6.194747370472466,,1.9570470616712254,5.9265147016340265,23.288710903762997,0.16873323535741597,60.03573203086853,False,SolutionResult.kSolverSpecificError,3,0.1477526730238739,0.4570366606802582,0.875658388881714,3.330943788029106,1.0,1.0,0.0,0.0,,1.6869134778074957,1.0003554670179005,1.1435668919462159,0.4310287730160519,0.9998359795900807,0.585,0.3990768960655302,0.1625,0.2055282414940928,0.0,acceleration,269.1219474458008,212.13319161771076,20081.55534989626,49.975764268676556,25.161747080626427
bottom,top,0,kinetic,notebook,ipopt,all,True,0.0,1.0,1794915388,True,0.2542550563812256,40,0.500424861907959,25,25,6.194747370472466,,1.9570470616712254,5.9265147016340265,23.288710903762997,0.04293925946061788,60.042999029159546,False,SolutionResult.kSolverSpecificError,3,2.1669084795886646,10.306260869246806,17.020967262632023,50.46450513605304,0.996,0.996,0.0,0.0,,5.000916936511545,1.2816416793737957,1.0540752258680355,0.5369694889841318,1.0001861568274326,0.6175,0.5633691381894756,0.0925,0.2411434673043774,0.0,velocity,611.7909547465629,392.1645975310216,46541.223154489555,119.55448354703046,28.69837295241137
bottom,top,0,parameterized,tight,ipopt,all,True,0.0,1.0,1794915388,True,0.2542550563812256,40,0.500424861907959,25,25,6.194747370472466,,1.9570470616712254,5.9265147016340265,23.288710903762997,0.5109739155409209,29.65868043899536,True,SolutionResult.kSolutionFound,5,0.1604942017848646,0.31409470601834044,2.3621363967091633,9.663634870072332,0.996,0.996,0.0,5.260754561042802e-05,,3.3769223083366513,1.004865085013655,1.0016271802580272,0.3543570238948028,0.9999941800648311,0.715,0.200143513775576,0.13,0.21381767622210485,0.0,velocity,305.652421828602,230.96513294072525,31176.513254633952,63.294264384717124,21.35225131224556
bottom,top,0,cspace,tight,ipopt,all,True,0.0,1.0,1794915388,True,0.2542550563812256,40,0.500424861907959,25,25,6.194747370472466,,1.9570470616712254,5.9265147016340265,23.288710903762997,0.16873323535741597,120.04865670204163,False,SolutionResult.kSolverSpecificError,3,0.14144305067072532,0.4404629111110676,0.8382643192440201,3.306789172976129,1.0,1.0,0.0,0.0,,1.7281934449729714,1.0003466967530519,1.194638286868375,0.4618467063898392,0.9999703291136994,0.615,0.41567438408062435,0.16,0.2158675963434826,0.0,acceleration,259.2246946243014,207.43924368319983,21449.67625330565,48.93742113485295,23.832820858442314
bottom,top,0,kinetic,tight,ipopt,all,True,0.0,1.0,1794915388,True,0.2542550563812256,40,0.500424861907959,25,25,6.194747370472466,,1.9570470616712254,5.9265147016340265,23.288710903762997,0.04293925946061788,120.44993662834167,False,SolutionResult.kSolverSpecificError,3,1.6514990014946653,10.325325235937786,14.88390815256928,38.46128280366253,0.99,0.99,0.0,0.0,,3.9222646432542487,1.4399061403808124,1.2944099415052774,0.5949739229129312,1.0000714764891963,0.7975,0.41917027428146425,0.07,0.22849809799218734,0.0,velocity,519.7751519845091,344.2072825666652,34607.13040117783,115.2752200806298,29.213464484782943
bottom,middle,7,parameterized,notebook,ipopt,all,True,0.0,1.0,1482419838,True,0.09481644630432129,19,0.26055169105529785,27,27,5.055122577854277,,0.3723556946007378,1.5285977214529471,7.441299408518447,2.685604153502366,11.963645219802856,True,SolutionResult.kSolutionFound,5,0.15847520024570905,0.05900914326448762,0.31713562235343845,1.1916342143926804,1.0,1.0,0.0,0.0,,1.5932268461915025,1.0019762411561415,1.4128199002597044,0.3903487209960612,0.999938801627458,0.6,0.05800470609426148,0.165,0.19432251335457454,0.0,acceleration,109.4244585423929,92.58221818569729,15766.98727599742,19.908575923486836,13.59649557292306
bottom,middle,7,cspace,notebook,ipopt,all,True,0.0,1.0,1482419838,True,0.09481644630432129,19,0.26055169105529785,27,27,5.055122577854277,,0.3723556946007378,1.5285977214529471,7.441299408518447,0.6541943547119056,60.35648322105408,False,SolutionResult.kSolverSpecificError,3,0.1242905841174103,0.0972578330370745,0.18999030367992925,0.7090727477981846,1.0,1.0,0.0,0.0,,1.019920111730713,1.0002767105379187,1.4020041149381555,0.5751479491114329,0.9011966552172347,0.3275,0.9293146791048936,0.2375,0.2546650289639418,0.0,acceleration,139.6556828317673,107.78006788129059,13335.693990987227,19.295571590769235,15.584288583125705
bottom,middle,7,kinetic,notebook,ipopt,all,True,0.0,1.0,1482419838,True,0.09481644630432129,19,0.26055169105529785,27,27,5.055122577854277,,0.3723556946007378,1.5285977214529471,7.441299408518447,0.1343851315611958,60.0579309463501,False,SolutionResult.kSolverSpecificError,3,0.11933676601940282,0.1339397208189676,0.25934221173159877,0.8880206063946867,1.0,1.0,0.0,0.0,,1.293972972261742,1.0004127707062738,1.4247057099418574,0.6652494457994225,0.675896085291396,0.1625,0.9407875720074413,0.255,0.3125863966600614,0.0,acceleration,165.5572125691182,120.66839801444803,17606.747550304506,17.64627900742523,14.53923685209924
bottom,middle,7,parameterized,tight,ipopt,all,True,0.0,1.0,1482419838,True,0.09481644630432129,19,0.26055169105529785,27,27,5.055122577854277,,0.3723556946007378,1.5285977214529471,7.441299408518447,2.685604153502366,39.51788663864136,True,SolutionResult.kSolutionFound,5,0.15827295992733006,0.05893383793025442,0.31591357222669314,1.2128255877304008,1.0,1.0,0.0,3.469237866760011e-06,,1.5876412863778486,1.0020963020357507,1.4182623102632554,0.39303515823378354,0.9999400076214366,0.5975,0.06192841858829682,0.1575,0.1944624020929468,0.0,acceleration,111.9829852039966,93.87848712928901,15693.294195130411,20.370314285611904,13.486821234452805
bottom,middle,7,cspace,tight,ipopt,all,True,0.0,1.0,1482419838,True,0.09481644630432129,19,0.26055169105529785,27,27,5.055122577854277,,0.3723556946007378,1.5285977214529471,7.441299408518447,0.6541943547119056,120.02849578857422,False,SolutionResult.kSolverSpecificError,3,0.1135246147193804,0.08721009569334745,0.17353346738886855,0.6312864501653289,1.0,1.0,0.0,0.0,,1.0177872333509723,1.0001027917931424,1.358004288390508,0.41143151452918814,0.9341762120866787,0.47,0.7654090180796561,0.21,0.22498972239523413,0.0,acceleration,115.33904779236815,95.50111824689152,12059.069576749273,17.18872725735448,15.627382197036816
bottom,middle,7,kinetic,tight,ipopt,all,True,0.0,1.0,1482419838,True,0.09481644630432129,19,0.26055169105529785,27,27,5.055122577854277,,0.3723556946007378,1.5285977214529471,7.441299408518447,0.1343851315611958,120.00216960906982,False,SolutionResult.kSolverSpecificError,3,0.08652115229690807,0.09096619918866124,0.17923114155828027,0.6438297994113164,1.0,1.0,0.0,0.0,,1.0113523193903278,1.000143911650816,1.365009397777126,0.41289546964912316,0.9837752452019635,0.495,0.7416623898998971,0.2025,0.2075768567836671,0.0,acceleration,119.24911575612242,97.74398869399806,12416.328725911504,17.829485114405415,16.39944757191664
bottom,top,4,parameterized,notebook,ipopt,all,True,0.0,1.0,1838282789,True,0.22916316986083984,29,0.5511767864227295,19,19,5.01493635947735,,2.155158726431325,4.53338186016062,17.213330786207926,0.46400294685295673,19.474804639816284,True,SolutionResult.kSolutionFound,5,0.19420273902265373,0.4185377277015358,2.5587978979855848,10.460605551574051,1.0,1.0,0.0,0.0,,3.060110489597914,1.0026147551316904,1.2721226042988665,0.3521826871750593,0.9999964520276543,0.7075,0.18643180593147174,0.1925,0.2121587243638944,0.0,acceleration,295.23071407507666,225.8354195955898,28656.185707473247,60.174586293944735,21.09986603631355
bottom,top,4,cspace,notebook,ipopt,all,True,0.0,1.0,1838282789,True,0.22916316986083984,29,0.5511767864227295,19,19,5.01493635947735,,2.155158726431325,4.53338186016062,17.213330786207926,0.22058587404427682,60.01580476760864,False,SolutionResult.kSolverSpecificError,3,0.2710792060904284,0.6491795408550913,1.22890555555709,4.525960947108363,1.0,1.0,0.0,0.0,,1.7292467733792443,1.0009592993414953,1.2186860529856205,0.42120420277919296,1.0000002965815336,0.7025,0.31658315947556415,0.17,0.185661282511278,0.0,acceleration,255.27339044563269,205.16204172010958,18482.92921986284,48.46705502362164,20.977258837818525
bottom,top,4,kinetic,notebook,ipopt,all,True,0.0,1.0,1838282789,True,0.22916316986083984,29,0.5511767864227295,19,19,5.01493635947735,,2.155158726431325,4.53338186016062,17.213330786207926,0.05809450898377226,60.1573371887207,False,SolutionResult.kSolverSpecificError,3,0.25863381407770064,0.6719253754420651,1.2428444822751195,4.451949394218063,0.996,0.996,0.0,0.0,,1.7033949676813398,1.0012596167516035,1.0162697853424438,0.370942839061103,1.0000002544902038,0.625,0.30188913586000754,0.19,0.19936487587838717,0.0,acceleration,263.13712134653827,209.50323212415867,19301.868753292918,49.20213412929551,25.808056362829454
bottom,top,4,parameterized,tight,ipopt,all,True,0.0,1.0,1838282789,True,0.22916316986083984,29,0.5511767864227295,19,19,5.01493635947735,,2.155158726431325,4.53338186016062,17.213330786207926,0.46400294685295673,32.21064829826355,True,SolutionResult.kSolutionFound,0,0.19418994985679133,0.4185101650191243,2.554079740317306,10.436754605799859,1.0,1.0,0.0,5.796705812910474e-05,,3.057531770674395,1.0026668159586152,1.2721136905682364,0.3517573513621079,0.9999950990401338,0.7075,0.18413217151443423,0.1825,0.21201524551006717,0.0,acceleration,294.3035373659481,225.11832461100042,28540.23040959271,60.115854528596934,21.126376631696118
bottom,top,4,cspace,tight,ipopt,all,True,0.0,1.0,1838282789,True,0.22916316986083984,29,0.5511767864227295,19,19,5.01493635947735,,2.155158726431325,4.53338186016062,17.213330786207926,0.22058587404427682,120.10587668418884,False,SolutionResult.kSolverSpecificError,3,0.2582384248351076,0.6278357522125516,1.1706933907439285,4.473735085506823,0.996,0.996,0.0,0.0,,1.6695495244141016,1.0008694028645324,1.095294144870356,0.38084742349040174,0.9999862580940845,0.62,0.3450865192225402,0.14,0.19421202005685972,0.0,acceleration,265.3745609979704,210.38519285112346,19327.73282584356,49.43772762679323,23.424007861152933
bottom,top,4,kinetic,tight,ipopt,all,True,0.0,1.0,1838282789,True,0.22916316986083984,29,0.5511767864227295,19,19,5.01493635947735,,2.155158726431325,4.53338186016062,17.213330786207926,0.05809450898377226,120.14884424209595,False,SolutionResult.kSolverSpecificError,3,0.25290950921023847,0.6461839349213376,1.2077094646997955,4.353415041013334,0.996,0.996,0.0,0.0,,1.6854599022443002,1.001026933336765,1.033841726737994,0.3924845610235869,0.9999937167657019,0.6225,0.3356547305583153,0.1925,0.19596660126741416,0.0,acceleration,260.024630019788,207.25791996837137,19274.266650785255,48.854801988084546,26.61026776311174
bottom,top,9,parameterized,notebook,ipopt,all,True,0.0,1.0,320898200,True,0.5497908592224121,40,0.7963829040527344,14,14,4.394375261374594,,2.2827666939619564,5.828449017289443,24.712468704372494,0.4380649159833351,23.35177779197693,True,SolutionResult.kSolutionFound,5,0.25540925337004494,0.5830397369228317,3.6619757560615263,15.03750589565913,0.998,0.998,0.0,4.291066897366136e-06,,3.0755882730776545,1.0012820515671965,1.2558607386184206,0.35517692500688364,1.0000242762102292,0.715,0.17884088184776442,0.215,0.21160669160354356,0.0,acceleration,296.8608784605651,226.75460681043452,28784.881807028018,60.46379412471451,21.040173308111005
bottom,top,9,cspace,notebook,ipopt,all,True,0.0,1.0,320898200,True,0.5497908592224121,40,0.7963829040527344,14,14,4.394375261374594,,2.2827666939619564,5.828449017289443,24.712468704372494,0.17157223079992837,60.00478720664978,False,SolutionResult.kSolverSpecificError,3,0.2747492567280724,0.8538708102761708,1.6013620353777385,6.268293960034848,1.0,1.0,0.0,0.0,,1.6700779812861928,1.0005184501069957,1.0096843980771166,0.3638212522693216,1.0000009473204212,0.6425,0.4079378330262643,0.205,0.20580868664103202,0.0,acceleration,258.2265173277266,206.9426079030024,20268.405078685184,50.03633988078502,24.49769395073391
bottom,top,9,kinetic,notebook,ipopt,all,True,0.0,1.0,320898200,True,0.5497908592224121,40,0.7963829040527344,14,14,4.394375261374594,,2.2827666939619564,5.828449017289443,24.712468704372494,0.04046540278766505,60.22856140136719,False,SolutionResult.kSolverSpecificError,3,0.24784700503195337,0.913712426333271,1.7027740974046908,6.1249113553246,0.996,0.996,0.0,0.0,,1.6443546360446681,1.0007196022345484,1.014717600536498,0.36102916831338144,1.0000068086926714,0.65,0.3757162374339861,0.1925,0.19623074294222942,0.0,acceleration,266.1729575265285,211.10047596408407,18940.57705033315,50.077235959570835,28.58281520870585
bottom,top,9,parameterized,tight,ipopt,all,True,0.0,1.0,320898200,True,0.5497908592224121,40,0.7963829040527344,14,14,4.394375261374594,,2.2827666939619564,5.828449017289443,24.712468704372494,0.4380649159833351,27.129000902175903,True,SolutionResult.kSolutionFound,5,0.25540925133552705,0.5830397322785005,3.6618944261502375,15.037085768428229,0.998,0.998,0.0,4.296372832168771e-06,,3.0755254883115986,1.0012827626517828,1.255765783512904,0.35521050695564005,1.000024004522889,0.715,0.1788786090815285,0.215,0.2116024594663603,0.0,acceleration,296.86611128359743,226.76023637407525,28784.628780820218,60.46295092097347,21.040880257118605
bottom,top,9,cspace,tight,ipopt,all,True,0.0,1.0,320898200,True,0.5497908592224121,40,0.7963829040527344,14,14,4.394375261374594,,2.2827666939619564,5.828449017289443,24.712468704372494,0.17157223079992837,120.70540690422058,False,SolutionResult.kSolverSpecificError,3,0.27421608188214547,0.8548184757954338,1.5982544529709524,6.298716207091572,0.998,0.998,0.0,0.0,,1.6666877149487036,1.0005406395237253,1.0381722008430774,0.360499586838502,1.0000001417717543,0.65,0.42302629354111676,0.1825,0.20943621719103833,0.0,acceleration,259.0704602953566,207.44109579614678,20542.63526132187,50.44738884029079,25.398390360487436
bottom,top,9,kinetic,tight,ipopt,all,True,0.0,1.0,320898200,True,0.5497908592224121,40,0.7963829040527344,14,14,4.394375261374594,,2.2827666939619564,5.828449017289443,24.712468704372494,0.04046540278766505,120.44688725471497,False,SolutionResult.kSolverSpecificError,3,0.245266710779148,0.8831480054013975,1.6648426539426282,6.061145914354076,0.996,0.996,0.0,0.0,,1.6140445641899097,1.0007904784006247,1.0032860726576582,0.39168845018855303,0.9999999116658174,0.6625,0.4276615122442273,0.165,0.20091029106454159,0.0,acceleration,264.5134469189125,210.176607935639,18922.71065448204,50.822018436292474,27.87354763280445
middle,bottom,0,parameterized,notebook,ipopt,all,True,0.0,1.0,816262607,True,0.3797905445098877,27,0.6631073951721191,19,19,4.233061000835999,,2.224283686720811,4.543780245382948,14.983944406659015,0.449582940328204,6.549586534500122,True,SolutionResult.kSolutionFound,5,0.03953014636312408,0.08792625968918324,0.43718246854154585,1.6847167201434734,1.0,1.0,0.0,0.0,,1.5017344194574718,1.0007949169443278,1.2192550204933446,0.37431092165764585,0.9999401393086229,0.6225,0.17242934808190558,0.1575,0.1946590165383713,0.0,acceleration,109.28404680523043,19.687347062741512,15158.077419288684,20.685115448163298,14.63643237217934
middle,bottom,0,cspace,notebook,ipopt,all,True,0.0,1.0,816262607,True,0.3797905445098877,27,0.6631073951721191,19,19,4.233061000835999,,2.224283686720811,4.543780245382948,14.983944406659015,0.22008106598379748,60.15917134284973,False,SolutionResult.kSolverSpecificError,3,0.055927064739838744,0.12871855514697883,0.2541202919471324,0.9185151876537527,1.0,1.0,0.0,0.0,,1.002934756247276,1.0005051780113208,1.218945812383935,0.36072942834602145,0.9893237845627797,0.5,0.7888052281798398,0.235,0.21831163194314912,0.0,acceleration,113.13210541040739,21.22942018002345,11551.763712471044,17.51763328623429,16.40987670548869
middle,bottom,0,kinetic,notebook,ipopt,all,True,0.0,1.0,816262607,True,0.3797905445098877,27,0.6631073951721191,19,19,4.233061000835999,,2.224283686720811,4.543780245382948,14.983944406659015,0.06673810132101064,60.06199026107788,False,SolutionResult.kSolverSpecificError,3,0.06318195295211382,0.1345660493423679,0.2697818902228535,0.9467148705386189,1.0,1.0,0.0,0.0,,1.0368305215163776,1.0005737781617914,1.23603185563787,0.46465919101124964,0.9997851852206487,0.5475,0.5523548781710256,0.2275,0.2250942767246325,0.0,acceleration,121.36856383252012,25.20962712438721,11651.78358550751,17.469924495168428,13.790964021504642
middle,bottom,0,parameterized,tight,ipopt,all,True,0.0,1.0,816262607,True,0.3797905445098877,27,0.6631073951721191,19,19,4.233061000835999,,2.224283686720811,4.543780245382948,14.983944406659015,0.449582940328204,19.587514638900757,True,SolutionResult.kSolutionFound,5,0.03885995702424995,0.0864355684757114,0.4449876475746196,1.7153710762008847,1.0,1.0,0.0,6.73319941815187e-05,,1.5328390791813806,1.001165578666617,1.265888945478138,0.3711500359201882,0.9999848437046677,0.62,0.06029622039826323,0.165,0.1942101621799295,0.0,acceleration,111.02589005958873,20.242274919179994,15191.56455348954,20.642998010495873,14.66519449012378
middle,bottom,0,cspace,tight,ipopt,all,True,0.0,1.0,816262607,True,0.3797905445098877,27,0.6631073951721191,19,19,4.233061000835999,,2.224283686720811,4.543780245382948,14.983944406659015,0.22008106598379748,120.01057600975037,False,SolutionResult.kSolverSpecificError,3,0.05563310339066358,0.12754249587502253,0.2527845961758442,0.9113242578790057,1.0,1.0,0.0,0.0,,1.012755910666979,1.0004626633022378,1.2195645027881883,0.3559479952373239,0.9936301672813437,0.505,0.814218281821486,0.245,0.20348578105190837,0.0,acceleration,112.27252820293161,20.743975197476964,11611.450181902499,17.24876592767376,15.755112195571646
middle,bottom,0,kinetic,tight,ipopt,all,True,0.0,1.0,816262607,True,0.3797905445098877,27,0.6631073951721191,19,19,4.233061000835999,,2.224283686720811,4.543780245382948,14.983944406659015,0.06673810132101064,120.07737612724304,False,SolutionResult.kSolverSpecificError,3,0.061281771867789395,0.12911379092790348,0.25713214757694214,0.9182426628085167,1.0,1.0,0.0,0.0,,1.0223757059552914,1.0006301331381724,1.2398616172213515,0.3578126061847643,0.9995779920345238,0.5275,0.6940377942748142,0.2625,0.2029592330020252,0.0,acceleration,111.47054004869196,20.35516778833061,11345.419800108335,17.163980856254668,14.335010925438512
middle,bottom,4,parameterized,notebook,ipopt,all,True,0.0,1.0,936045014,True,0.5325376987457275,37,0.6694109439849854,10,10,3.4498558817058464,,5.320779814371767,10.120276209412392,37.2336998158603,0.18794237590868465,7.3347907066345215,True,SolutionResult.kSolutionFound,5,0.03519381258745167,0.18725852760609613,0.9554332708068554,3.3521197325518783,1.0,1.0,0.0,0.0,,1.4249582978436899,1.0002527103888668,1.1222237161964859,0.37082711630077103,1.0000009872452573,0.655,0.18852011661274226,0.23,0.19149496849741804,0.0,acceleration,105.14898532679138,17.382692726225187,14081.399054658938,20.452607804694786,11.894162193734594
middle,bottom,4,cspace,notebook,ipopt,all,True,0.0,1.0,936045014,True,0.5325376987457275,37,0.6694109439849854,10,10,3.4498558817058464,,5.320779814371767,10.120276209412392,37.2336998158603,0.09881153234433929,33.260112047195435,True,SolutionResult.kSolutionFound,5,0.05187011646593114,0.26445446670720774,0.5249399056496129,1.8872412814802595,1.0,1.0,0.0,0.0,,1.0017922457042394,1.0001946706923335,1.0876634546681112,0.36631493250136304,0.9999426413566523,0.535,0.6809525579342661,0.2775,0.229357351757287,0.0,acceleration,110.96158076028573,20.138449148225437,11264.37066495174,17.51193878662457,14.574139966089334
middle,bottom,4,kinetic,notebook,ipopt,all,True,0.0,1.0,936045014,True,0.5325376987457275,37,0.6694109439849854,10,10,3.4498558817058464,,5.320779814371767,10.120276209412392,37.2336998158603,0.02685739007795389,49.83352303504944,True,SolutionResult.kSolutionFound,5,0.05040489907088671,0.2639030174180645,0.5266160315522219,1.876760881254131,1.0,1.0,0.0,0.0,,1.0102092912303011,1.0002058482997687,1.091715543205581,0.34350179427734434,0.9999531693726811,0.54,0.5876368367296398,0.28,0.22508758439856297,0.0,acceleration,110.64206227665726,19.834298569137346,11164.163562350546,17.327113653732155,14.413107955139637
middle,bottom,4,parameterized,tight,ipopt,all,True,0.0,1.0,936045014,True,0.5325376987457275,37,0.6694109439849854,10,10,3.4498558817058464,,5.320779814371767,10.120276209412392,37.2336998158603,0.18794237590868465,13.254823923110962,True,SolutionResult.kSolutionFound,0,0.033616682545906454,0.17886696591640014,0.970975475234061,3.716496800696765,1.0,1.0,0.0,1.1829749326786043e-06,,1.517665786459519,1.0003104955375581,1.1381133636961671,0.3661237317974253,1.0000083038403749,0.6325,0.11957556251745148,0.2025,0.1960611262850319,0.0,acceleration,112.27357572663217,21.106796768394428,14995.119820066775,20.794169171954195,15.215478672554495
middle,bottom,4,cspace,tight,ipopt,all,True,0.0,1.0,936045014,True,0.5325376987457275,37,0.6694109439849854,10,10,3.4498558817058464,,5.320779814371767,10.120276209412392,37.2336998158603,0.09881153234433929,66.6382372379303,True,SolutionResult.kSolutionFound,5,0.05186773002224411,0.26443974409163296,0.524915754180342,1.8873963346214553,1.0,1.0,0.0,0.0,,1.0018439004148763,1.0001962407116654,1.0893988098693175,0.363161827091452,0.9999429573179273,0.5325,0.6704929140185809,0.27,0.2296854954644834,0.0,acceleration,110.94900845299227,20.117113256891933,11258.536696648433,17.512985303978937,14.539155764028907
middle,bottom,4,kinetic,tight,ipopt,all,True,0.0,1.0,936045014,True,0.5325376987457275,37,0.6694109439849854,10,10,3.4498558817058464,,5.320779814371767,10.120276209412392,37.2336998158603,0.02685739007795389,92.06443333625793,True,SolutionResult.kSolutionFound,5,0.05040081880048017,0.26394052222115366,0.5266443896966694,1.8766089576906466,1.0,1.0,0.0,0.0,,1.010506269614574,1.0002088808398957,1.0917345257223787,0.34178489079390234,0.9999579582239848,0.54,0.5849381578785904,0.2825,0.22513904647449529,0.0,acceleration,110.58621277270345,19.770940629065286,11162.55903660994,17.31929950405228,14.381723780855669
middle,bottom,9,parameterized,notebook,ipopt,all,True,0.0,1.0,1232835947,True,0.11462855339050293,28,0.6392319202423096,12,12,2.929054465030982,,2.763967159217897,5.654108543375072,17.962444524996528,0.36179879947740184,4.457890272140503,True,SolutionResult.kSolutionFound,5,0.052316990071502825,0.1446024424267653,0.7873334939336868,3.0286348803900465,1.0,1.0,0.0,0.0,,1.531279710051503,1.0005184293978575,1.1583797072494084,0.3809854286170788,0.9999980990684214,0.6325,0.178219570277999,0.22,0.19302044044233846,0.0,acceleration,113.84565186887806,21.405311598586017,15208.291092251839,21.07890795041053,14.750751063873627
middle,bottom,9,cspace,notebook,ipopt,all,True,0.0,1.0,1232835947,True,0.11462855339050293,28,0.6392319202423096,12,12,2.929054465030982,,2.763967159217897,5.654108543375072,17.962444524996528,0.17686254027997067,33.962313652038574,True,SolutionResult.kSolutionFound,5,0.07509190188666771,0.2140331957588891,0.4245777639956906,1.524014972970463,1.0,1.0,0.0,0.0,,1.0092871381852482,1.000286058959085,1.1163468467197863,0.3290288134548802,0.9999018199025157,0.5275,0.6195399686813918,0.2925,0.21667119999758727,0.0,acceleration,110.9769536934771,20.103955749674935,11315.265291223384,17.357887055118248,14.818265606312496
middle,bottom,9,kinetic,notebook,ipopt,all,True,0.0,1.0,1232835947,True,0.11462855339050293,28,0.6392319202423096,12,12,2.929054465030982,,2.763967159217897,5.654108543375072,17.962444524996528,0.05567170986156147,53.176214933395386,True,SolutionResult.kSolutionFound,5,0.08429124090717449,0.212217679376437,0.42440157634409315,1.5140767387382401,1.0,1.0,0.0,0.0,,1.011571022745675,1.000301208512326,1.1146881301550797,0.341689574739794,0.999922307184974,0.535,0.5908031605683075,0.2525,0.21746050638924377,0.0,acceleration,110.01747039877841,19.56297149626367,11156.32675101409,17.301283308506257,14.616637646075374
middle,bottom,9,parameterized,tight,ipopt,all,True,0.0,1.0,1232835947,True,0.11462855339050293,28,0.6392319202423096,12,12,2.929054465030982,,2.763967159217897,5.654108543375072,17.962444524996528,0.36179879947740184,9.310609817504883,True,SolutionResult.kSolutionFound,5,0.05219835229496068,0.14427453150855535,0.779667557001017,2.984825317318281,1.0,1.0,0.0,2.218979714641023e-05,,1.5347172013196486,1.0004490197629425,1.1662927698167183,0.36992641455832886,0.9999980601120446,0.63,0.12528881439145034,0.2125,0.19677104639705628,0.0,acceleration,113.26630828672276,21.266039635172078,15133.759644115064,20.69557911289992,14.398895719163576
middle,bottom,9,cspace,tight,ipopt,all,True,0.0,1.0,1232835947,True,0.11462855339050293,28,0.6392319202423096,12,12,2.929054465030982,,2.763967159217897,5.654108543375072,17.962444524996528,0.17686254027997067,63.61216759681702,True,SolutionResult.kSolutionFound,5,0.07507157261218225,0.2140106377007328,0.42446282007114167,1.522964619255245,1.0,1.0,0.0,0.0,,1.0098692851125066,1.0002932367850945,1.1166870932734474,0.3271470294858514,0.9999188886832907,0.5325,0.6359698651426438,0.295,0.21872717491257765,0.0,acceleration,110.71936374434664,19.86515264715894,11318.695397989743,17.33648023043048,14.954140598166116
middle,bottom,9,kinetic,tight,ipopt,all,True,0.0,1.0,1232835947,True,0.11462855339050293,28,0.6392319202423096,12,12,2.929054465030982,,2.763967159217897,5.654108543375072,17.962444524996528,0.05567170986156147,94.09074997901917,True,SolutionResult.kSolutionFound,5,0.08418143761659762,0.21203800592766148,0.4240966343667107,1.5121044032225903,1.0,1.0,0.0,0.0,,1.0133891620449313,1.0003157158694516,1.118786939663212,0.3468758521036158,0.9999137236997846,0.535,0.6041801478240825,0.235,0.21852259324891388,0.0,acceleration,109.83496830508871,19.30832886531453,11189.846589795376,17.238643002957843,14.28421695182833
middle,bottom,2,parameterized,notebook,ipopt,all,True,0.0,1.0,1588153571,True,0.327333927154541,39,0.535362958908081,14,14,3.8654548935825073,,4.242471927039272,8.095803786619241,32.36714105304995,0.23571163632846429,5.379302740097046,True,SolutionResult.kSolutionFound,5,0.028791930600464692,0.12214895729773723,0.6318224226514728,2.3184204242800783,1.0,1.0,0.0,0.0,,1.4884868868821306,1.0007158157729334,1.2053986726166483,0.37644270266600627,0.9999620869748147,0.64,0.13337704546942059,0.215,0.1910458811554796,0.0,acceleration,107.50311230400233,18.51166063323803,14788.259224136491,20.262173881468378,14.703568286367732
middle,bottom,2,cspace,notebook,ipopt,all,True,0.0,1.0,1588153571,True,0.327333927154541,39,0.535362958908081,14,14,3.8654548935825073,,4.242471927039272,8.095803786619241,32.36714105304995,0.12352078019143717,44.458972215652466,True,SolutionResult.kSolutionFound,5,0.04374659182136574,0.17827103436392217,0.35416382371909916,1.2766466623446278,1.0,1.0,0.0,0.0,,1.0054637817976801,1.000361374938354,1.1388423073462222,0.3464735724946585,0.9998505366272439,0.53,0.7151320413476595,0.25,0.21980190776094807,0.0,acceleration,112.02596591342733,20.54658848495507,11411.214354747146,17.427637257273005,15.299696546626711
middle,bottom,2,kinetic,notebook,ipopt,all,True,0.0,1.0,1588153571,True,0.327333927154541,39,0.535362958908081,14,14,3.8654548935825073,,4.242471927039272,8.095803786619241,32.36714105304995,0.030895530697660125,55.91338634490967,True,SolutionResult.kSolutionFound,5,0.039635175228279064,0.18127752533535085,0.36041582831708774,1.28287730727606,1.0,1.0,0.0,0.0,,1.017635067440657,1.000452998383266,1.1474997650723064,0.34065888084932594,0.9998268996571738,0.535,0.6937114523140819,0.28,0.21377472555569432,0.0,acceleration,111.34379985170511,20.21462700245806,11248.317073493283,17.31590624095267,14.46821858022351
middle,bottom,2,parameterized,tight,ipopt,all,True,0.0,1.0,1588153571,True,0.327333927154541,39,0.535362958908081,14,14,3.8654548935825073,,4.242471927039272,8.095803786619241,32.36714105304995,0.23571163632846429,15.076250314712524,True,SolutionResult.kSolutionFound,0,0.028409678141007685,0.120527261969449,0.6406691282343807,2.4584917453728643,1.0,1.0,0.0,4.1515023520677374e-05,,1.5294518746538994,1.0006112313254356,1.192388017133798,0.3735265938732446,0.9999665299536742,0.625,0.12248624412121757,0.22,0.1959984801631613,0.0,acceleration,111.99133741426942,20.832679670461317,15083.272666528897,20.7546549337112,14.486438035988563
middle,bottom,2,cspace,tight,ipopt,all,True,0.0,1.0,1588153571,True,0.327333927154541,39,0.535362958908081,14,14,3.8654548935825073,,4.242471927039272,8.095803786619241,32.36714105304995,0.12352078019143717,120.55349040031433,False,SolutionResult.kSolverSpecificError,3,0.04369387597990961,0.17820286025619989,0.3537370466102236,1.2733116931227397,1.0,1.0,0.0,0.0,,1.0068539276664465,1.0003821758594655,1.1444899148667345,0.35253927936599055,0.9998442233015865,0.53,0.7689021399491118,0.245,0.21557360471208312,0.0,acceleration,110.96583333353735,20.038546756917235,11390.682680479738,17.352458708958427,15.105468343675645
middle,bottom,2,kinetic,tight,ipopt,all,True,0.0,1.0,1588153571,True,0.327333927154541,39,0.535362958908081,14,14,3.8654548935825073,,4.242471927039272,8.095803786619241,32.36714105304995,0.030895530697660125,120.1094319820404,False,SolutionResult.kSolverSpecificError,3,0.03944452966136714,0.17930623800610446,0.35775411877713836,1.276706655320683,1.0,1.0,0.0,0.0,,1.017271742210404,1.0004034767266063,1.1456014531809813,0.35328176856699794,0.9998983788427602,0.5375,0.6797993264786084,0.2875,0.21403211010377138,0.0,acceleration,110.87783249769626,19.9234749971381,11286.880166661906,17.206203186372747,14.437968151668523
middle,bottom,1,parameterized,notebook,ipopt,all,True,0.0,1.0,1201675609,True,0.11072969436645508,38,0.44862818717956543,17,17,4.3529644038932584,,2.474295196682986,5.839731137202929,23.20792858555339,0.40415549500342135,5.702286720275879,True,SolutionResult.kSolutionFound,5,0.04022222229893824,0.09952165143417631,0.49498326678610605,1.8740997094045233,1.0,1.0,0.0,0.0,,1.5091887374826323,1.0005815867523855,1.1890825540341523,0.37271989052405324,0.9999494104191682,0.6275,0.12550012345135778,0.1775,0.19556886136580862,0.0,acceleration,108.27227001137697,19.256507417472683,14995.975820251082,20.19412106599799,14.388843765564081
middle,bottom,1,cspace,notebook,ipopt,all,True,0.0,1.0,1201675609,True,0.11072969436645508,38,0.44862818717956543,17,17,4.3529644038932584,,2.474295196682986,5.839731137202929,23.20792858555339,0.1712407603201699,60.1197874546051,False,SolutionResult.kSolverSpecificError,3,0.05101017634993523,0.15040608081150086,0.2978857151449293,1.0715327756081794,1.0,1.0,0.0,0.0,,1.0153846113393328,1.0006379576600257,1.19038072712368,0.35390375615163977,0.9998009093410212,0.525,0.6354277435825213,0.245,0.20701032589892657,0.0,acceleration,111.39101675806947,20.294426693924393,11414.273654938104,17.37148613364239,14.28053560563842
middle,bottom,1,kinetic,notebook,ipopt,all,True,0.0,1.0,1201675609,True,0.11072969436645508,38,0.44862818717956543,17,17,4.3529644038932584,,2.474295196682986,5.839731137202929,23.20792858555339,0.0430887227316998,60.028982639312744,False,SolutionResult.kSolverSpecificError,3,0.04649094375450746,0.15511739630997431,0.30534024759007833,1.0789585025295887,1.0,1.0,0.0,0.0,,1.0170937887488944,1.0006364600005948,1.1931570142886545,0.3536380599107825,0.9996966953751847,0.5275,0.6536497036484583,0.2475,0.20644205634395085,0.0,acceleration,113.16548546794385,20.999874557268097,11406.511845471468,17.473584897517526,14.0007029296457
middle,bottom,1,parameterized,tight,ipopt,all,True,0.0,1.0,1201675609,True,0.11072969436645508,38,0.44862818717956543,17,17,4.3529644038932584,,2.474295196682986,5.839731137202929,23.20792858555339,0.40415549500342135,18.234299898147583,True,SolutionResult.kSolutionFound,5,0.039761637492475466,0.09838202865988235,0.5002891157335151,1.9346714839879888,1.0,1.0,0.0,8.425847425108657e-05,,1.5125500719334928,1.0009212897182873,1.2287061411687732,0.36918344372823664,0.9999671961210171,0.6225,0.06950186665806402,0.19,0.19442464779787116,0.0,acceleration,111.6850235712764,20.40941063907175,15143.82091012001,20.832602320048878,15.100290263453358
middle,bottom,1,cspace,tight,ipopt,all,True,0.0,1.0,1201675609,True,0.11072969436645508,38,0.44862818717956543,17,17,4.3529644038932584,,2.474295196682986,5.839731137202929,23.20792858555339,0.1712407603201699,120.28921413421631,False,SolutionResult.kSolverSpecificError,3,0.05094369196071539,0.15082115602397347,0.29749746418706413,1.0689478208374672,1.0,1.0,0.0,0.0,,1.01638165642566,1.0006248489294745,1.1873248503729108,0.34904215734522687,0.9998039503251099,0.525,0.6557462477775728,0.2475,0.20424524620138026,0.0,acceleration,110.8537764931996,20.028433078412533,11383.252484467095,17.286427299243275,14.11560611492314
middle,bottom,1,kinetic,tight,ipopt,all,True,0.0,1.0,1201675609,True,0.11072969436645508,38,0.44862818717956543,17,17,4.3529644038932584,,2.474295196682986,5.839731137202929,23.20792858555339,0.0430887227316998,120.05907607078552,False,SolutionResult.kSolverSpecificError,3,0.04623632514864848,0.15163386858150685,0.3017388146433666,1.0730493321082601,1.0,1.0,0.0,0.0,,1.0203235968572812,1.0006439289666045,1.1887154474104036,0.3463122394651243,0.9997967717071485,0.5275,0.6161710434651977,0.24,0.2024333509131798,0.0,acceleration,110.88159135874007,20.176844656106915,11298.25929689077,17.311705937156095,13.653650351704227
middle,bottom,8,parameterized,notebook,ipopt,all,True,0.0,1.0,1048356349,True,0.4432549476623535,43,0.960742712020874,14,14,4.061596455825275,,3.4904423638538207,7.437484570993336,27.935827565133433,0.28649663731902836,7.739773273468018,True,SolutionResult.kSolutionFound,5,0.03483829999913864,0.12160107820164316,0.6131994078748471,2.289175427205895,1.0,1.0,0.0,0.0,,1.5014145200351143,1.0005948015640955,1.1845470061810826,0.380269871136567,0.9999843201190015,0.6325,0.10746248335260006,0.185,0.19351853280822295,0.0,acceleration,107.83928383966867,18.435246343751686,14980.027082497254,19.994540275843427,14.772088160438358
middle,bottom,8,cspace,notebook,ipopt,all,True,0.0,1.0,1048356349,True,0.4432549476623535,43,0.960742712020874,14,14,4.061596455825275,,3.4904423638538207,7.437484570993336,27.935827565133433,0.1344540604359791,36.685184478759766,True,SolutionResult.kSolutionFound,5,0.05254273314237096,0.200189591413086,0.39078576706420426,1.402166861451305,1.0,1.0,0.0,0.0,,1.0113701173034682,1.000438620302674,1.1386983833657336,0.34701348652660885,0.9998267947842268,0.5225,0.5427919181442848,0.26,0.21831727901865472,0.0,acceleration,111.80141205072562,20.309045397599295,11353.294989050537,17.653552325663725,13.93318428886748
middle,bottom,8,kinetic,notebook,ipopt,all,True,0.0,1.0,1048356349,True,0.4432549476623535,43,0.960742712020874,14,14,4.061596455825275,,3.4904423638538207,7.437484570993336,27.935827565133433,0.03579632633643884,60.113279819488525,False,SolutionResult.kSolverSpecificError,3,0.04560631256417663,0.17942949019836096,0.3567716571541554,1.2740500836744166,1.0,1.0,0.0,0.0,,1.0074448655543937,1.0003997562386158,1.1647519908119457,0.3480333158249508,0.9998429122229204,0.525,0.7884237764650326,0.245,0.21610406764286305,0.0,acceleration,111.84214129387333,20.518435286304044,11336.973342196005,17.38814980942584,15.516907819297131
middle,bottom,8,parameterized,tight,ipopt,all,True,0.0,1.0,1048356349,True,0.4432549476623535,43,0.960742712020874,14,14,4.061596455825275,,3.4904423638538207,7.437484570993336,27.935827565133433,0.28649663731902836,16.269763946533203,True,SolutionResult.kSolutionFound,5,0.0346383210777629,0.12090306330259827,0.6258354220379966,2.4102956945201464,1.0,1.0,0.0,5.5063664691878955e-05,,1.5128117988967393,1.000609274692136,1.1859396597835536,0.3680208962838725,0.9999714789400583,0.625,0.11035062392680073,0.1725,0.19543856472668286,0.0,acceleration,110.89968176458483,20.466470139105283,15037.0893864385,20.825419000153627,15.376261329913321
middle,bottom,8,cspace,tight,ipopt,all,True,0.0,1.0,1048356349,True,0.4432549476623535,43,0.960742712020874,14,14,4.061596455825275,,3.4904423638538207,7.437484570993336,27.935827565133433,0.1344540604359791,87.23122096061707,True,SolutionResult.kSolutionFound,5,0.052406129920354316,0.19969294812567845,0.38976978270810725,1.3961425874563584,1.0,1.0,0.0,0.0,,1.0175357274541794,1.0004539556552636,1.1428761202001452,0.33759857087269285,0.999869580671425,0.5275,0.5499879791078395,0.25,0.20587925794825573,0.0,acceleration,110.47501502174396,19.752911129825144,11305.857782879657,17.473735023704045,13.758002001767938
middle,bottom,8,kinetic,tight,ipopt,all,True,0.0,1.0,1048356349,True,0.4432549476623535,43,0.960742712020874,14,14,4.061596455825275,,3.4904423638538207,7.437484570993336,27.935827565133433,0.03579632633643884,120.2879478931427,False,SolutionResult.kSolverSpecificError,3,0.04547697562741291,0.1778692128433186,0.35595120366077976,1.2704369493111827,1.0,1.0,0.0,0.0,,1.015740727640971,1.0003974946750402,1.1465459296621228,0.35679605751225146,0.9998907123823779,0.535,0.7135279589535852,0.2425,0.21478267713624083,0.0,acceleration,110.61855251723173,19.988375513836022,11294.432019228456,17.20501418353577,14.70850513095595
middle,bottom,6,parameterized,notebook,ipopt,all,True,0.0,1.0,1506052346,True,0.18033838272094727,36,0.46502161026000977,13,13,3.1586652563014948,,1.728786089733636,3.5874106350990482,14.525545530799203,0.5784405635483079,11.380248308181763,True,SolutionResult.kSolutionFound,5,0.0767540180969729,0.1326912788172111,0.7022955960172428,2.692788559381441,1.0,1.0,0.0,0.0,,1.5218372985564188,1.0006626849053633,1.1730841586462342,0.375517366112283,0.9999981357501992,0.63,0.13199927308793497,0.2275,0.1969937596411721,0.0,acceleration,109.76775422794768,19.602682968307327,15082.152243696995,20.65982609255907,14.369260536209245
middle,bottom,6,cspace,notebook,ipopt,all,True,0.0,1.0,1506052346,True,0.18033838272094727,36,0.46502161026000977,13,13,3.1586652563014948,,1.728786089733636,3.5874106350990482,14.525545530799203,0.2787525883477206,47.82619333267212,True,SolutionResult.kSolutionFound,5,0.1078915535160277,0.19408763523250427,0.3870513065207559,1.3953872733622608,1.0,1.0,0.0,0.0,,1.0047129546212004,1.0003526920379981,1.1317757415286887,0.3647313290263543,0.9998935462665504,0.53,0.7807515523438082,0.265,0.22297706861047167,0.0,acceleration,111.09036287183436,20.193732329821014,11305.753426958749,17.447153796466104,15.648966645529907
middle,bottom,6,kinetic,notebook,ipopt,all,True,0.0,1.0,1506052346,True,0.18033838272094727,36,0.46502161026000977,13,13,3.1586652563014948,,1.728786089733636,3.5874106350990482,14.525545530799203,0.06884423017914561,60.30154037475586,False,SolutionResult.kSolverSpecificError,3,0.09517388902179377,0.19238468242060908,0.3864623783257032,1.3824526583292955,1.0,1.0,0.0,0.0,,1.0140111189813406,1.00036521688203,1.1414944639203646,0.374740916993252,0.9999079216767081,0.5375,0.6422835526515773,0.2875,0.2158348760035455,0.0,acceleration,110.79645546629635,20.107572984255086,11227.627078093676,17.301305257006142,15.151712723585273
middle,bottom,6,parameterized,tight,ipopt,all,True,0.0,1.0,1506052346,True,0.18033838272094727,36,0.46502161026000977,13,13,3.1586652563014948,,1.728786089733636,3.5874106350990482,14.525545530799203,0.5784405635483079,18.09501004219055,True,SolutionResult.kSolutionFound,5,0.07616744662481584,0.1316772222155111,0.7199575429711863,2.7554678278701172,1.0,1.0,0.0,4.052976103263717e-05,,1.5395765913430328,1.0005556806914728,1.1835492775535703,0.3738533401567805,0.9999974997343384,0.625,0.12477085696054982,0.21,0.1965793881054016,0.0,acceleration,112.43309515318764,20.91405535043502,15211.019398259767,20.7550894822039,14.770504041730872
middle,bottom,6,cspace,tight,ipopt,all,True,0.0,1.0,1506052346,True,0.18033838272094727,36,0.46502161026000977,13,13,3.1586652563014948,,1.728786089733636,3.5874106350990482,14.525545530799203,0.2787525883477206,82.49269819259644,True,SolutionResult.kSolutionFound,5,0.10786079233108847,0.1943115975326399,0.38694095351875674,1.3942890319222427,1.0,1.0,0.0,0.0,,1.0052929950433769,1.0003558504387227,1.1321943564103127,0.3602625850873849,0.9998542708830446,0.5325,0.7758456861046522,0.2775,0.22034460821558718,0.0,acceleration,111.11718133009714,20.136984659506375,11323.802209546115,17.41817002495752,15.486379768139466
middle,bottom,6,kinetic,tight,ipopt,all,True,0.0,1.0,1506052346,True,0.18033838272094727,36,0.46502161026000977,13,13,3.1586652563014948,,1.728786089733636,3.5874106350990482,14.525545530799203,0.06884423017914561,120.25663161277771,False,SolutionResult.kSolverSpecificError,3,0.0947719262497277,0.19274581143672642,0.38533666360477703,1.3766139297819635,1.0,1.0,0.0,0.0,,1.0132299912708138,1.000353095607668,1.1328861522043825,0.36280279107096747,0.9998965957910093,0.5325,0.7068363647501081,0.28,0.21597831216748922,0.0,acceleration,110.76439319611193,20.007473971255045,11276.85912391716,17.24970670374958,15.25407800137996
middle,bottom,3,parameterized,notebook,ipopt,all,True,0.0,1.0,699300981,True,0.21229076385498047,31,0.4785313606262207,15,15,3.722248927889014,,3.903699361221895,7.73125168914266,31.34164163919005,0.2561672678827886,4.874588251113892,True,SolutionResult.kSolutionFound,5,0.029330232375158704,0.11449640938739777,0.572698339827365,2.2042896486187544,1.0,1.0,0.0,0.0,,1.4904838187457943,1.0007962549787166,1.1953665837252028,0.37359113840121255,0.9999650218096438,0.6325,0.0988796706328181,0.1675,0.19066533288257462,0.0,acceleration,108.73769712627387,18.900347649473627,15047.755859039282,21.16786306848121,14.808165893957016
middle,bottom,3,cspace,notebook,ipopt,all,True,0.0,1.0,699300981,True,0.21229076385498047,31,0.4785313606262207,15,15,3.722248927889014,,3.903699361221895,7.73125168914266,31.34164163919005,0.1293451617160963,48.295677185058594,True,SolutionResult.kSolutionFound,5,0.04249760692644512,0.1648014465928026,0.32855969533459967,1.1890485515107947,1.0,1.0,0.0,0.0,,1.0052164624122584,1.0004642405994766,1.1611370922621327,0.39220745341510366,0.9997346927652995,0.53,0.8428210492896824,0.25,0.2272770684090535,0.0,acceleration,113.10015906466997,20.92531998911358,11478.246405105683,17.481272038954536,15.950090851419068
middle,bottom,3,kinetic,notebook,ipopt,all,True,0.0,1.0,699300981,True,0.21229076385498047,31,0.4785313606262207,15,15,3.722248927889014,,3.903699361221895,7.73125168914266,31.34164163919005,0.03190643334871091,60.315510511398315,False,SolutionResult.kSolverSpecificError,3,213.44291418534314,1689.6313436966987,1861.0833371711951,6689.651326821419,0.432,0.466,1.2534627883640832,0.43057062364620835,,34.739833528098615,11.22979471014334,197.35258168352806,41.89427156669561,1.0012750130276686,0.665,0.3115256963372025,0.0625,0.23001835464143,0.01,acceleration,23289.964112677142,21358.395094578776,10354441.870936455,981.8621009851531,741.5628405892651
middle,bottom,3,parameterized,tight,ipopt,all,True,0.0,1.0,699300981,True,0.21229076385498047,31,0.4785313606262207,15,15,3.722248927889014,,3.903699361221895,7.73125168914266,31.34164163919005,0.2561672678827886,17.397369861602783,True,SolutionResult.kSolutionFound,5,0.02886309348364484,0.11267283959499237,0.5729769837144363,2.2174081833002712,1.0,1.0,0.0,9.309367416054926e-05,,1.5092066057882005,1.0006780794123507,1.1977211385209694,0.3703818058717552,0.9999605899474273,0.625,0.10166287008050107,0.2025,0.1953504771331807,0.0,acceleration,111.76176432523532,20.495961030877556,15056.848473792561,20.80777947278817,14.998678870525975
middle,bottom,3,cspace,tight,ipopt,all,True,0.0,1.0,699300981,True,0.21229076385498047,31,0.4785313606262207,15,15,3.722248927889014,,3.903699361221895,7.73125168914266,31.34164163919005,0.1293451617160963,120.3960452079773,False,SolutionResult.kSolverSpecificError,3,0.04246825526541135,0.16462684066774225,0.32833277025565305,1.187747654943929,1.0,1.0,0.0,0.0,,1.0061777833630576,1.0004409054902887,1.1573168499428697,0.3937709753775337,0.9997219676001062,0.5275,0.8503073539695212,0.26,0.22606481386102298,0.0,acceleration,112.16387841524208,20.44112096536584,11454.290958745321,17.423950468282406,15.855885310882154
middle,bottom,3,kinetic,tight,ipopt,all,True,0.0,1.0,699300981,True,0.21229076385498047,31,0.4785313606262207,15,15,3.722248927889014,,3.903699361221895,7.73125168914266,31.34164163919005,0.03190643334871091,120.09245038032532,False,SolutionResult.kSolverSpecificError,3,230.47362751777078,1785.2804157077358,1926.3535104493837,7223.421840946144,0.334,0.39,1.4330503048804912,0.38700768928814266,,38.89966248867829,9.311598897918891,100.68569738246967,21.42586149305517,1.0014069240526338,0.645,0.32441454631035244,0.075,0.22882028911811125,0.01,acceleration,15092.756516736576,11386.046512472267,3479161.72925558,1090.821881165216,498.96800120729984
middle,top,1,parameterized,notebook,ipopt,all,True,0.0,1.0,914759212,True,0.12134814262390137,26,0.4209787845611572,16,16,3.9013547151570784,,1.7741402124032426,3.508409465203154,12.360144248985247,0.5636533082384759,3.8998963832855225,True,SolutionResult.kSolutionFound,5,0.19837087831467876,0.3519377521878242,1.8220623225208918,7.242503263382697,0.998,0.998,0.0,0.0,,2.371287243634196,1.00121246462881,1.1868854940178852,0.31872337183864796,0.999999359102759,0.7275,0.1659119146590101,0.165,0.21057916010989342,0.0,acceleration,207.1867842506359,144.5028992965845,23121.045347336276,45.591558267815564,18.170371011667072
middle,top,1,cspace,notebook,ipopt,all,True,0.0,1.0,914759212,True,0.12134814262390137,26,0.4209787845611572,16,16,3.9013547151570784,,1.7741402124032426,3.508409465203154,12.360144248985247,0.285029444230534,60.17794060707092,False,SolutionResult.kSolverSpecificError,3,0.2667419330070396,0.4785204356432412,0.9358399225284836,3.3799254667586034,0.998,0.998,0.0,0.0,,1.4587206061131048,1.0005029589006054,1.0566499750467129,0.3135315225762424,0.9996841216354738,0.5175,0.5926394727500635,0.255,0.21506090027352784,0.0,acceleration,193.35312730056086,137.35687820448666,18055.738702697774,37.13182803795817,19.863606703618387
middle,top,1,kinetic,notebook,ipopt,all,True,0.0,1.0,914759212,True,0.12134814262390137,26,0.4209787845611572,16,16,3.9013547151570784,,1.7741402124032426,3.508409465203154,12.360144248985247,0.08090520465261551,60.32971978187561,False,SolutionResult.kSolverSpecificError,3,0.26280914561196733,0.5083199360493987,0.960332349771688,3.248358949716485,1.0,1.0,0.0,0.0,,1.4238207904379523,1.000541423894184,1.1576683218253023,0.3054334754957377,0.9998444555145354,0.555,0.40454649890053285,0.19,0.21826418290523208,0.0,acceleration,192.1886404700054,136.5887724586184,16588.951731308633,36.28387307739219,19.421181505316284
middle,top,1,parameterized,tight,ipopt,all,True,0.0,1.0,914759212,True,0.12134814262390137,26,0.4209787845611572,16,16,3.9013547151570784,,1.7741402124032426,3.508409465203154,12.360144248985247,0.5636533082384759,10.868919134140015,True,SolutionResult.kSolutionFound,0,0.19820282442617368,0.35163960102637404,1.8318717977397774,7.216468392348077,0.998,0.998,0.0,7.319552065521151e-05,,2.3622612511387766,1.001222614926031,1.221203141687068,0.3207109066634929,0.9999998015363321,0.7325,0.17475172505722125,0.1525,0.20975592013292382,0.0,acceleration,208.77080422915367,145.1312373242661,23080.940975283585,45.54152043440606,18.284727283836045
middle,top,1,cspace,tight,ipopt,all,True,0.0,1.0,914759212,True,0.12134814262390137,26,0.4209787845611572,16,16,3.9013547151570784,,1.7741402124032426,3.508409465203154,12.360144248985247,0.285029444230534,120.17944121360779,False,SolutionResult.kSolverSpecificError,3,0.2665665984045371,0.478949262848199,0.9352247769494859,3.359645972868606,0.998,0.998,0.0,0.0,,1.4520584084532848,1.0005229392027593,1.0522514124290738,0.3229049474333753,0.9997394442859873,0.5175,0.6060404814994941,0.26,0.21165442284364727,0.0,acceleration,192.7059798609244,136.64858474947147,17849.14465414035,37.08789539682385,19.629550269045286
middle,top,1,kinetic,tight,ipopt,all,True,0.0,1.0,914759212,True,0.12134814262390137,26,0.4209787845611572,16,16,3.9013547151570784,,1.7741402124032426,3.508409465203154,12.360144248985247,0.08090520465261551,120.23296308517456,False,SolutionResult.kSolverSpecificError,3,0.2608009577775806,0.49634873190644274,0.9479683412000321,3.223537458404407,1.0,1.0,0.0,0.0,,1.4227801254019883,1.0003970882666684,1.0854676898794011,0.3114329531037531,0.9999088820640842,0.555,0.47222101433873154,0.1975,0.21009571891586865,0.0,acceleration,193.99801341586246,137.49006153669845,16557.117609926892,36.07807013893357,19.29829530994324
middle,bottom,7,parameterized,notebook,ipopt,all,True,0.0,1.0,784578668,True,0.22954082489013672,33,0.7785389423370361,18,18,4.3989536967032254,,2.880603511955254,4.609370680221314,18.020036633700425,0.34714947609059693,5.494341611862183,True,SolutionResult.kSolutionFound,5,0.03253079927499063,0.09370833463824994,0.4650572711683503,1.7835672174415689,1.0,1.0,0.0,0.00010191482593269185,,1.5057857851259937,1.0011013506419801,1.2597079881726854,0.37251281385779006,0.9999369834369005,0.6225,0.14654934839716188,0.1875,0.19245588833479083,0.0,acceleration,108.26764990562302,18.731908701671326,15051.40067935046,20.584968448871866,14.546707004257888
middle,bottom,7,cspace,notebook,ipopt,all,True,0.0,1.0,784578668,True,0.22954082489013672,33,0.7785389423370361,18,18,4.3989536967032254,,2.880603511955254,4.609370680221314,18.020036633700425,0.21694935586130515,60.1330509185791,False,SolutionResult.kSolverSpecificError,3,0.059052166919546935,0.1374894817515497,0.2721933268024946,0.9857234326553667,1.0,1.0,0.0,0.0,,0.9995919071600874,1.0005221229937702,1.2109301932967964,0.3652496718977918,0.9995001349559729,0.5175,0.7806715999272464,0.245,0.21278023045696876,0.0,acceleration,115.7974783212224,22.539739983932837,11667.107903347696,17.791528192486652,16.10185409713759
middle,bottom,7,kinetic,notebook,ipopt,all,True,0.0,1.0,784578668,True,0.22954082489013672,33,0.7785389423370361,18,18,4.3989536967032254,,2.880603511955254,4.609370680221314,18.020036633700425,0.05549378285557067,60.13413596153259,False,SolutionResult.kSolverSpecificError,3,0.05623623180987162,0.14568140223155254,0.2875653093539658,1.0133789573551555,1.0,1.0,0.0,0.0,,1.0267620544819756,1.0007270827931238,1.2034877358786396,0.4082071281356847,0.9997983122797699,0.53,0.5033928850111193,0.24,0.21194302115894692,0.0,acceleration,114.85835622254316,21.781057292596927,11327.753377140616,17.619438552184018,13.533578199324857
middle,bottom,7,parameterized,tight,ipopt,all,True,0.0,1.0,784578668,True,0.22954082489013672,33,0.7785389423370361,18,18,4.3989536967032254,,2.880603511955254,4.609370680221314,18.020036633700425,0.34714947609059693,15.38169002532959,True,SolutionResult.kSolutionFound,5,0.03211384719059573,0.09250726099962303,0.4690397317608384,1.8156029655167536,1.0,1.0,0.0,9.588567095031308e-05,,1.5175095480944516,1.001019342240705,1.2440891360395279,0.36973617813468707,0.9999708472881867,0.615,0.08875891257151183,0.18,0.1937153681586973,0.0,acceleration,110.78951685729308,20.09061606918472,15095.93177305404,20.748353911044248,14.940552646308902
middle,bottom,7,cspace,tight,ipopt,all,True,0.0,1.0,784578668,True,0.22954082489013672,33,0.7785389423370361,18,18,4.3989536967032254,,2.880603511955254,4.609370680221314,18.020036633700425,0.21694935586130515,120.09399271011353,False,SolutionResult.kSolverSpecificError,3,0.05841537536347953,0.13620131621403897,0.26925811847454495,0.9704445485111155,1.0,1.0,0.0,0.0,,1.0125337271052472,1.000505521523708,1.2035302586234669,0.3528735222974431,0.9996227228842252,0.5225,0.7986072441245995,0.2325,0.2052590307746895,0.0,acceleration,111.66426622167705,20.35561683883111,11436.795853314392,17.276935646334202,14.824740779671641
middle,bottom,7,kinetic,tight,ipopt,all,True,0.0,1.0,784578668,True,0.22954082489013672,33,0.7785389423370361,18,18,4.3989536967032254,,2.880603511955254,4.609370680221314,18.020036633700425,0.05549378285557067,120.10673403739929,False,SolutionResult.kSolverSpecificError,3,0.05554908584768974,0.1415734667289465,0.2814056406113686,1.0009965619439387,1.0,1.0,0.0,0.0,,1.0221639761116343,1.0007020658798826,1.203821054231882,0.35055716796722736,0.999752642824487,0.525,0.6010266255039463,0.2675,0.20205633513227972,0.0,acceleration,110.84645237411974,19.924696520265194,11266.250108303157,17.288182903092043,13.432212503474325
middle,top,3,parameterized,notebook,ipopt,all,True,0.0,1.0,1485340416,True,0.1674046516418457,36,0.6185390949249268,20,20,4.755634518427983,,0.9423536486871622,2.4568618952890238,7.489590094955108,1.0611727363640473,4.01433539390564,True,SolutionResult.kSolutionFound,5,0.29484697197977283,0.27785011984950375,1.4641688176511767,5.690594259511432,0.998,0.998,0.0,2.2126882818884752e-05,,2.3186286261755225,1.0018079312001804,1.3043559405049256,0.3396414315039477,0.9999986614800496,0.7375,0.18575245288208064,0.16,0.20816664537767526,0.0,acceleration,207.81208754236496,144.42061432191053,22714.936280118753,45.00941667484052,19.249451777976606
middle,top,3,cspace,notebook,ipopt,all,True,0.0,1.0,1485340416,True,0.1674046516418457,36,0.6185390949249268,20,20,4.755634518427983,,0.9423536486871622,2.4568618952890238,7.489590094955108,0.40702328523938486,60.0087833404541,False,SolutionResult.kSolverSpecificError,3,0.29838854735978754,0.379840277801635,0.7330994519989065,2.6063470032163343,0.998,0.998,0.0,0.0,,1.4574743621249795,1.0002442257573951,1.1687139704664506,0.29968732823779853,0.9997715376798639,0.5375,0.4769795974987977,0.19,0.2141265400590277,0.0,acceleration,190.32866299516147,135.46507885636274,17535.517136525465,36.53278091605294,19.806567696048916
middle,top,3,kinetic,notebook,ipopt,all,True,0.0,1.0,1485340416,True,0.1674046516418457,36,0.6185390949249268,20,20,4.755634518427983,,0.9423536486871622,2.4568618952890238,7.489590094955108,0.13351865553678127,60.34594464302063,False,SolutionResult.kSolverSpecificError,3,0.3533775968908954,0.42893676719173945,0.7936241995366214,2.646653349453089,1.0,1.0,0.0,0.0,,1.4669622263665028,1.0006346824187058,1.2333488049065495,0.35407162860022123,0.9998722684424601,0.565,0.5204115394444975,0.1875,0.21894234593856152,0.0,acceleration,197.12758606994834,139.24768940769658,17028.3913112489,36.62453970585858,23.422413423764464
middle,top,3,parameterized,tight,ipopt,all,True,0.0,1.0,1485340416,True,0.1674046516418457,36,0.6185390949249268,20,20,4.755634518427983,,0.9423536486871622,2.4568618952890238,7.489590094955108,1.0611727363640473,13.842241764068604,True,SolutionResult.kSolutionFound,5,0.2947346044890307,0.27774422993460757,1.4570717178636858,5.626105772780457,0.998,0.998,0.0,1.493977911115607e-05,,2.3002554985339394,1.0019703986749775,1.2878677081050909,0.3493510645257694,1.0000012693782727,0.7325,0.18709289405779772,0.1325,0.20796438508317144,0.0,acceleration,208.0943922174788,144.64228616815203,22647.25898466241,44.89987824671884,20.159350880442087
middle,top,3,cspace,tight,ipopt,all,True,0.0,1.0,1485340416,True,0.1674046516418457,36,0.6185390949249268,20,20,4.755634518427983,,0.9423536486871622,2.4568618952890238,7.489590094955108,0.40702328523938486,120.223548412323,False,SolutionResult.kSolverSpecificError,3,0.2966579330563893,0.3780816863494528,0.7288475716614451,2.572080020117143,0.998,0.998,0.0,0.0,,1.4501139062698918,1.0001752614795147,1.1691294954810236,0.2941002436168193,0.9997629013648892,0.5375,0.5225025282258748,0.1875,0.2187631224348845,0.0,acceleration,190.50167790330482,135.3834427564319,17277.83195370067,36.18850595610422,18.976462686781673
middle,top,3,kinetic,tight,ipopt,all,True,0.0,1.0,1485340416,True,0.1674046516418457,36,0.6185390949249268,20,20,4.755634518427983,,0.9423536486871622,2.4568618952890238,7.489590094955108,0.13351865553678127,120.17143821716309,False,SolutionResult.kSolverSpecificError,3,0.3381016489651567,0.396565522687771,0.7499434125447717,2.5322427611774265,1.0,1.0,0.0,0.0,,1.4299936902555257,1.0001625994062537,1.1538926181773275,0.3081228919085745,0.9999321076650503,0.56,0.4685566679220182,0.165,0.2129464254533556,0.0,acceleration,197.02976520465464,138.991827908655,16611.360736732968,36.04874591041067,19.782928827079957
middle,top,4,parameterized,notebook,ipopt,all,True,0.0,1.0,1189931683,True,0.15408825874328613,25,0.6283102035522461,16,16,4.764084484310403,,1.253168083636025,5.001948057844432,20.01970822854421,0.7979775522997151,5.388474941253662,True,SolutionResult.kSolutionFound,5,0.2858630222601629,0.35823441578817045,2.174711835239067,8.797323688597292,0.998,0.998,0.0,6.724791018353216e-05,,2.6879003018083116,1.0013057474445657,1.2957254758149501,0.3214336867843608,0.9999993867552406,0.7575,0.15669730007886407,0.1375,0.21333561173494126,0.0,acceleration,217.8744120212461,149.6989744838948,25675.03715431676,47.97513225482682,15.897243490896672
middle,top,4,cspace,notebook,ipopt,all,True,0.0,1.0,1189931683,True,0.15408825874328613,25,0.6283102035522461,16,16,4.764084484310403,,1.253168083636025,5.001948057844432,20.01970822854421,0.19992210803383387,60.05941081047058,False,SolutionResult.kSolverSpecificError,3,0.19144048806872058,0.5070208592079113,0.957575377488127,3.3173384775471773,0.994,0.994,0.0,0.0,,1.4171288989801842,1.0006072269274984,1.1119673338600462,0.32797829963203173,0.9999413590198771,0.5625,0.4626706005665169,0.225,0.21737884235838362,0.0,acceleration,192.06586604612502,136.42084203218513,16598.218206610913,36.85353139225212,20.760772907439485
middle,top,4,kinetic,notebook,ipopt,all,True,0.0,1.0,1189931683,True,0.15408825874328613,25,0.6283102035522461,16,16,4.764084484310403,,1.253168083636025,5.001948057844432,20.01970822854421,0.04995077793262713,60.27086520195007,False,SolutionResult.kSolverSpecificError,3,0.16346008947399115,0.5244890790893819,0.9782099176092618,3.2724232982810344,0.998,0.998,0.0,0.0,,1.412187489994054,1.0003895848057223,1.1038382829057185,0.30815196986432075,0.9998940883903387,0.5625,0.4596218180972439,0.2025,0.2169856674223311,0.0,acceleration,196.14318841376502,138.77186777846003,16443.387557812708,36.958208342422864,20.29261213111586
middle,top,4,parameterized,tight,ipopt,all,True,0.0,1.0,1189931683,True,0.15408825874328613,25,0.6283102035522461,16,16,4.764084484310403,,1.253168083636025,5.001948057844432,20.01970822854421,0.7979775522997151,11.577794313430786,True,SolutionResult.kSolutionFound,5,0.2858417327726052,0.3582077364818466,2.1782062237622934,8.814308431567323,0.998,0.998,0.0,6.335019898573435e-05,,2.690359694985928,1.0012741211499783,1.2894072004502772,0.3216794698409629,0.999998160087356,0.7575,0.15405643509257938,0.135,0.21336563468726633,0.0,acceleration,217.95079858939062,149.9633854392151,25697.521426067033,48.020620839995985,15.890016043699983
middle,top,4,cspace,tight,ipopt,all,True,0.0,1.0,1189931683,True,0.15408825874328613,25,0.6283102035522461,16,16,4.764084484310403,,1.253168083636025,5.001948057844432,20.01970822854421,0.19992210803383387,120.12441563606262,False,SolutionResult.kSolverSpecificError,3,0.19120181296734368,0.5060956824817565,0.9563815370283392,3.311301207562082,0.994,0.994,0.0,0.0,,1.4137410391002436,1.0005956538740473,1.1090433637845913,0.3265199684843558,0.9999468160112152,0.565,0.42630706604601365,0.235,0.21893250050750246,0.0,acceleration,192.7643923194566,137.24650953103122,16602.42099019917,36.827648243177194,20.540989729689112
middle,top,4,kinetic,tight,ipopt,all,True,0.0,1.0,1189931683,True,0.15408825874328613,25,0.6283102035522461,16,16,4.764084484310403,,1.253168083636025,5.001948057844432,20.01970822854421,0.04995077793262713,120.04277086257935,False,SolutionResult.kSolverSpecificError,3,0.16117090176816348,0.5037342124581361,0.9540369411152815,3.2265944283299928,1.0,1.0,0.0,0.0,,1.4212503339538016,1.0003401105170875,1.085787686367512,0.31285733235645685,0.9999043723282115,0.5625,0.5152856608280153,0.2,0.20777489933574442,0.0,acceleration,194.63018189540372,137.54720625554603,16414.797407515158,36.213288672429485,19.8265735148897
middle,top,0,parameterized,notebook,ipopt,all,True,0.0,1.0,1098985146,True,0.13007736206054688,32,0.560492753982544,15,15,3.9447560155247627,,1.7292158989157436,4.252254513992814,15.837825487300853,0.5782967879412987,10.552103519439697,True,SolutionResult.kSolutionFound,5,0.21861787412548256,0.3780375037249445,1.9720208043168383,7.698458309921472,0.998,0.998,0.0,0.0,,2.3135749675031887,1.0011559691083016,1.176172069165742,0.315067573592958,1.0000022507581279,0.73,0.1743850973757547,0.1625,0.20855915542825704,0.0,acceleration,207.58555586366262,144.38017684058892,22686.8460812092,45.07026744666716,19.24330945717175
middle,top,0,cspace,notebook,ipopt,all,True,0.0,1.0,1098985146,True,0.13007736206054688,32,0.560492753982544,15,15,3.9447560155247627,,1.7292158989157436,4.252254513992814,15.837825487300853,0.2351693664406302,60.13208293914795,False,SolutionResult.kSolverSpecificError,3,0.23677360230351022,0.5249711918501299,1.006821619189441,3.525225799383698,0.998,0.998,0.0,0.0,,1.4374724959195255,1.000498723113997,1.0920691021519298,0.2933313125157824,0.9999405108199974,0.555,0.40428996597938716,0.21,0.22302368719814225,0.0,acceleration,188.6299472397318,134.79623528742462,16883.44670679286,36.270242019000776,19.64423294922087
middle,top,0,kinetic,notebook,ipopt,all,True,0.0,1.0,1098985146,True,0.13007736206054688,32,0.560492753982544,15,15,3.9447560155247627,,1.7292158989157436,4.252254513992814,15.837825487300853,0.06313998097793311,60.091116428375244,False,SolutionResult.kSolverSpecificError,3,0.21773562341954092,0.5425692694108564,1.025507572384114,3.448458806087346,0.998,0.998,0.0,0.0,,1.3928543441923837,1.0009483698377573,1.0832767687331213,0.32936945511900134,0.9999930909026424,0.605,0.41653457247976905,0.2,0.21582591622106845,0.0,acceleration,192.36542943548397,136.59159561304406,16072.445819348655,36.6606215986455,21.18234400528153
middle,top,0,parameterized,tight,ipopt,all,True,0.0,1.0,1098985146,True,0.13007736206054688,32,0.560492753982544,15,15,3.9447560155247627,,1.7292158989157436,4.252254513992814,15.837825487300853,0.5782967879412987,19.80232882499695,True,SolutionResult.kSolutionFound,0,0.21860596412200262,0.3780169087575719,1.9695541823408416,7.678272376435209,0.998,0.998,0.0,5.220556545282307e-06,,2.3095416819530237,1.0011649273330205,1.1776837253927508,0.3163349173318281,1.0000028258579339,0.73,0.17338474813610022,0.1675,0.20879225010782132,0.0,acceleration,207.4048384138396,144.38045544180193,22655.363598892138,45.04997945100115,19.215753472056463
middle,top,0,cspace,tight,ipopt,all,True,0.0,1.0,1098985146,True,0.13007736206054688,32,0.560492753982544,15,15,3.9447560155247627,,1.7292158989157436,4.252254513992814,15.837825487300853,0.2351693664406302,120.0050060749054,False,SolutionResult.kSolverSpecificError,3,0.23670438494603938,0.5248342646603579,1.0065272893686887,3.5240517705327603,0.998,0.998,0.0,0.0,,1.4380310369004872,1.0005033480828893,1.0932330210838535,0.29485665619607737,0.9999180200294081,0.555,0.4043094385509407,0.2125,0.22310312070951008,0.0,acceleration,189.17031731735804,134.86964539901064,16865.67660309148,36.22661319390275,19.438044595926623
middle,top,0,kinetic,tight,ipopt,all,True,0.0,1.0,1098985146,True,0.13007736206054688,32,0.560492753982544,15,15,3.9447560155247627,,1.7292158989157436,4.252254513992814,15.837825487300853,0.06313998097793311,120.25964498519897,False,SolutionResult.kSolverSpecificError,3,0.2174768607058301,0.5423146798165875,1.0251139302863144,3.4443605673849733,0.998,0.998,0.0,0.0,,1.3975556800737954,1.0009090508915457,1.0759088489757842,0.3421213463349826,0.9999937710061158,0.615,0.39200933437302654,0.18,0.21363787120327288,0.0,acceleration,192.25592104453398,136.8276072669837,16125.656994907691,36.42757146443313,21.64352105070043
middle,top,2,parameterized,notebook,ipopt,all,True,0.0,1.0,797921174,True,0.1953427791595459,36,0.4221045970916748,18,18,4.151671930959155,,1.091420576271545,2.8785798590449247,10.537106558228786,0.916237078300419,11.985913515090942,True,SolutionResult.kSolutionFound,5,0.2845022702694864,0.31051163176808527,1.6272398396555798,6.35549494832968,0.998,0.998,0.0,0.0,,2.3314832295594115,1.0016161699340573,1.261816722051955,0.32193842362597636,1.0000003602177943,0.735,0.17682540164787192,0.125,0.21038563026453697,0.0,acceleration,208.422308005933,145.47909455385675,22850.37271483415,45.32443334472909,19.28084117604337
middle,top,2,cspace,notebook,ipopt,all,True,0.0,1.0,797921174,True,0.1953427791595459,36,0.4221045970916748,18,18,4.151671930959155,,1.091420576271545,2.8785798590449247,10.537106558228786,0.34739352353135233,60.0023250579834,False,SolutionResult.kSolverSpecificError,3,0.2941679060127497,0.44644198292377985,0.846785809425722,2.9144544577042746,0.994,0.994,0.0,0.0,,1.3995128240182981,1.0004983373623662,1.1410436070803176,0.34717221647470614,0.9999741508985762,0.57,0.4358594885940143,0.18,0.22314144396028474,0.0,acceleration,193.04061557353344,136.82038456320663,16221.668598469007,37.05285487681919,20.94418235671613
middle,top,2,kinetic,notebook,ipopt,all,True,0.0,1.0,797921174,True,0.1953427791595459,36,0.4221045970916748,18,18,4.151671930959155,,1.091420576271545,2.8785798590449247,10.537106558228786,0.09490271304308544,60.18588995933533,False,SolutionResult.kSolverSpecificError,3,0.27922202352389214,0.4734102015717497,0.8861465452686602,2.9421922152755156,1.0,1.0,0.0,0.0,,1.4235317636116605,1.000343785001873,1.1438384258835659,0.37226356606870786,0.9998288038129259,0.55,0.6309919120647797,0.2125,0.2134323918485634,0.0,acceleration,201.06597487423787,141.28662371879244,16873.401875892345,37.442787088884664,23.328966753064535
middle,top,2,parameterized,tight,ipopt,all,True,0.0,1.0,797921174,True,0.1953427791595459,36,0.4221045970916748,18,18,4.151671930959155,,1.091420576271545,2.8785798590449247,10.537106558228786,0.916237078300419,21.665690898895264,True,SolutionResult.kSolutionFound,5,0.28439966226781593,0.3103996432837778,1.6147327184412026,6.28278306719336,0.998,0.998,0.0,2.296281159042124e-05,,2.3160301484587205,1.0015054679352702,1.2572246201545454,0.32977756928634544,1.0000021350941604,0.73,0.17781256919333194,0.16,0.20835551880243952,0.0,acceleration,208.08176431980104,144.4123010884217,22731.439488433054,45.11641998289676,19.517478218527458
middle,top,2,cspace,tight,ipopt,all,True,0.0,1.0,797921174,True,0.1953427791595459,36,0.4221045970916748,18,18,4.151671930959155,,1.091420576271545,2.8785798590449247,10.537106558228786,0.34739352353135233,120.23810720443726,False,SolutionResult.kSolverSpecificError,3,0.2934567649064719,0.44493106847248587,0.8447387329602517,2.9028319544709396,0.994,0.994,0.0,0.0,,1.3903943761851794,1.0010087292262062,1.1337568259691695,0.3452503392007084,0.9999887882209046,0.58,0.4429238611802543,0.1975,0.22104578320014062,0.0,acceleration,191.92627417023954,136.22343071737987,16189.526678130904,37.150513310464426,20.403415319452744
middle,top,2,kinetic,tight,ipopt,all,True,0.0,1.0,797921174,True,0.1953427791595459,36,0.4221045970916748,18,18,4.151671930959155,,1.091420576271545,2.8785798590449247,10.537106558228786,0.09490271304308544,120.11028242111206,False,SolutionResult.kSolverSpecificError,3,0.27392280270777203,0.4496298307136474,0.8563099684265885,2.8863537608604743,1.0,1.0,0.0,0.0,,1.4204048463705026,1.0004059798153258,1.058908627815258,0.3216347138700363,0.9998397601784443,0.5425,0.6970744602364227,0.21,0.209618225633033,0.0,acceleration,200.7784525619693,140.8663448071102,16574.29382793406,36.715856900823624,21.514637633507085
middle,top,9,parameterized,notebook,ipopt,all,True,0.0,1.0,945657374,True,0.13141751289367676,28,0.6050372123718262,17,17,4.0827653581125585,,1.6355347867186079,4.82756952813985,16.12178307895864,0.6114208075062172,4.260528087615967,True,SolutionResult.kSolutionFound,5,0.20478659542630173,0.33493560067338424,2.135516642327474,8.631816430636029,0.998,0.998,0.0,0.0,,2.7589564239493023,1.0017117244891687,1.3718907525651831,0.30911405691255883,1.0000011849730766,0.775,0.16282167670777525,0.135,0.21189049441225982,0.0,acceleration,217.46952861710167,149.07781025622933,26007.352327182427,48.311950425693034,14.488474947714401
middle,top,9,cspace,notebook,ipopt,all,True,0.0,1.0,945657374,True,0.13141751289367676,28,0.6050372123718262,17,17,4.0827653581125585,,1.6355347867186079,4.82756952813985,16.12178307895864,0.20714357280014528,60.23276972770691,False,SolutionResult.kSolverSpecificError,3,0.19002383779416487,0.4687466120110142,0.9173532889553001,3.3947501476232493,1.0,1.0,0.0,0.0,,1.4765650461790465,1.0006574027683959,1.0840147514961374,0.39588744187463026,0.9991501469074825,0.5175,0.7248880085033641,0.2275,0.21772696178437406,0.0,acceleration,205.43018478713734,143.16792715306175,19863.346655701072,39.03540697643542,26.52320827334573
middle,top,9,kinetic,notebook,ipopt,all,True,0.0,1.0,945657374,True,0.13141751289367676,28,0.6050372123718262,17,17,4.0827653581125585,,1.6355347867186079,4.82756952813985,16.12178307895864,0.0620278783743934,60.017162799835205,False,SolutionResult.kSolverSpecificError,3,0.2026517898874032,0.5035991044504395,0.961492963682471,3.2671081971274183,1.0,1.0,0.0,0.0,,1.4366850713283525,1.0006287094214077,1.0231212176585622,0.4249450244326106,0.9838496360761892,0.4875,0.842817009966372,0.235,0.21580500420032028,0.0,acceleration,213.27142880949393,147.2798069496177,18024.449081587547,38.818100714414356,26.90108263464933
middle,top,9,parameterized,tight,ipopt,all,True,0.0,1.0,945657374,True,0.13141751289367676,28,0.6050372123718262,17,17,4.0827653581125585,,1.6355347867186079,4.82756952813985,16.12178307895864,0.6114208075062172,13.845204591751099,True,SolutionResult.kSolutionFound,5,0.20416250600921274,0.33391488072171094,2.1725576471291292,8.752774385826257,0.998,0.998,0.0,3.0435133625328348e-05,,2.782822761074105,1.0018957791828766,1.3807757314131435,0.32085079076487183,0.9999994212980241,0.78,0.15167722675054807,0.1625,0.21094041707587632,0.0,acceleration,220.1951612722604,151.3707442350702,26191.106951254227,48.58756470404912,14.236137932369871
middle,top,9,cspace,tight,ipopt,all,True,0.0,1.0,945657374,True,0.13141751289367676,28,0.6050372123718262,17,17,4.0827653581125585,,1.6355347867186079,4.82756952813985,16.12178307895864,0.20714357280014528,120.28260564804077,False,SolutionResult.kSolverSpecificError,3,0.18991496359034826,0.46774951401271747,0.9168276911665543,3.3869367902371605,1.0,1.0,0.0,0.0,,1.4759737044695,1.0006294182803908,1.0848679537166404,0.40717960381240914,0.9985014366199512,0.515,0.7710840985766642,0.23,0.21731427101080525,0.0,acceleration,206.7779235427749,143.84440788064524,19835.533832989666,39.03167539004741,26.488861309337373
middle,top,9,kinetic,tight,ipopt,all,True,0.0,1.0,945657374,True,0.13141751289367676,28,0.6050372123718262,17,17,4.0827653581125585,,1.6355347867186079,4.82756952813985,16.12178307895864,0.0620278783743934,120.07530164718628,False,SolutionResult.kSolverSpecificError,3,0.20047523994906935,0.488177688264666,0.945287367477461,3.2320183311610804,1.0,1.0,0.0,0.0,,1.427273176717041,1.0006322459701675,1.0113091462345412,0.3576668137710149,0.9874445608223344,0.495,0.8435007832027726,0.2475,0.20860060173946335,0.0,acceleration,210.067891026588,145.53495762946977,17521.740546817105,38.160390885871095,26.47263211646477
middle,top,6,parameterized,notebook,ipopt,all,True,0.0,1.0,685935503,True,0.21602249145507812,33,0.8158056735992432,15,15,5.388238530298627,,2.1338159952285696,6.161627476927384,23.15762838032493,0.4686439703498812,11.12609314918518,True,SolutionResult.kSolutionFound,5,0.17669140714910025,0.37702695079419635,2.006005592742406,7.897179993563133,1.0,1.0,0.0,3.0608356877515064e-05,,2.375928256513243,1.0011356438137724,1.2134223009414442,0.2910053575678799,0.9999992351898516,0.735,0.1728067159986731,0.1825,0.2103011220886586,0.0,acceleration,208.8700961415923,145.22910760009646,23095.89715100104,45.58891748741007,18.256918510001466
middle,top,6,cspace,notebook,ipopt,all,True,0.0,1.0,685935503,True,0.21602249145507812,33,0.8158056735992432,15,15,5.388238530298627,,2.1338159952285696,6.161627476927384,23.15762838032493,0.1622947839259295,59.52097797393799,True,SolutionResult.kSolutionFound,5,0.16758566582869222,0.528849565755964,1.0326004433092408,3.81772200676686,1.0,1.0,0.0,0.0,,1.477032620092289,1.0005419188795623,1.0600505027005738,0.3582471219147819,0.9997360235800812,0.5175,0.6212516284072716,0.24,0.21463944034664367,0.0,acceleration,200.14807810089343,140.31565380589868,19480.9121559932,38.3161487366918,23.78537446301102
middle,top,6,kinetic,notebook,ipopt,all,True,0.0,1.0,685935503,True,0.21602249145507812,33,0.8158056735992432,15,15,5.388238530298627,,2.1338159952285696,6.161627476927384,23.15762838032493,0.043182314854383584,60.042877435684204,False,SolutionResult.kSolverSpecificError,3,0.15642886979163032,0.5643988210115788,1.076519306712312,3.6225216345888116,1.0,1.0,0.0,0.0,,1.4183269821159852,1.0007431472808772,1.1206461655735427,0.3302732819137613,0.9997094689279956,0.5225,0.5579769685953904,0.245,0.2155636515528195,0.0,acceleration,201.30488510720392,141.2375851214112,16888.62011523688,37.34438288298256,22.553585853799024
middle,top,6,parameterized,tight,ipopt,all,True,0.0,1.0,685935503,True,0.21602249145507812,33,0.8158056735992432,15,15,5.388238530298627,,2.1338159952285696,6.161627476927384,23.15762838032493,0.4686439703498812,20.967698574066162,True,SolutionResult.kSolutionFound,0,0.17666973082906623,0.37698069751578833,1.9974155552476114,7.857474006256119,1.0,1.0,0.0,5.5817622562237545e-05,,2.36986794399955,1.0010956679028764,1.2119712656192239,0.29119604394109755,0.999999177651772,0.735,0.17278835644143276,0.1875,0.20992640810504654,0.0,acceleration,208.2257256038646,144.71180001156995,23006.945317194866,45.508080537978415,18.041000602787445
middle,top,6,cspace,tight,ipopt,all,True,0.0,1.0,685935503,True,0.21602249145507812,33,0.8158056735992432,15,15,5.388238530298627,,2.1338159952285696,6.161627476927384,23.15762838032493,0.1622947839259295,120.17220497131348,False,SolutionResult.kSolverSpecificError,3,0.16753633342563165,0.5280411731956083,1.03229647541904,3.799817639925805,1.0,1.0,0.0,0.0,,1.4756431022522096,1.0005596936029897,1.0540286646636703,0.3585671684260757,0.9997464850915271,0.5175,0.6279930743949196,0.22,0.2140903307739082,0.0,acceleration,199.70621067931378,140.1049909859155,19300.59260134761,38.10427235028319,23.279207944972917
middle,top,6,kinetic,tight,ipopt,all,True,0.0,1.0,685935503,True,0.21602249145507812,33,0.8158056735992432,15,15,5.388238530298627,,2.1338159952285696,6.161627476927384,23.15762838032493,0.043182314854383584,120.26695251464844,False,SolutionResult.kSolverSpecificError,3,0.15515797805933262,0.5508235573202546,1.0607138257675257,3.5930907961406344,1.0,1.0,0.0,0.0,,1.4115790723982502,1.0007767709561703,1.0003009343896405,0.3253987174623685,0.9998200058557737,0.53,0.6445883933840237,0.215,0.21037978157382986,0.0,velocity,205.20998944225857,143.31598830465896,16706.594012739704,37.49903808943182,22.82398554917785
middle,top,8,parameterized,notebook,ipopt,all,True,0.0,1.0,1331340936,True,0.1695082187652588,31,0.38149023056030273,16,16,3.9016558450213585,,2.1464508831569433,5.957034753289132,20.50286098103323,0.4658853402362631,10.589808464050293,True,SolutionResult.kSolutionFound,5,0.1649359456035174,0.35402690610499743,2.0088312401423423,8.080082114825252,0.996,0.996,0.0,2.4920201179057244e-05,,2.5718776400656345,1.0015350140445942,1.319420324436865,0.3249292077432713,1.0000002134423478,0.7475,0.1560104289954824,0.13,0.21272329218359154,0.0,acceleration,214.3503984654032,148.09741883350495,24699.829464352457,46.97158757625914,15.826807890414978
middle,top,8,cspace,notebook,ipopt,all,True,0.0,1.0,1331340936,True,0.1695082187652588,31,0.38149023056030273,16,16,3.9016558450213585,,2.1464508831569433,5.957034753289132,20.50286098103323,0.1678687537365562,60.12800216674805,False,SolutionResult.kSolverSpecificError,3,91.74991397848973,356.95593584180097,546.5574261811514,2049.910698102071,0.81,0.812,0.6921218320913396,0.3746722303353347,,18.277861705867792,4.981111989240011,16.45465237467984,3.608103020937007,1.0002015228428953,0.615,0.41556715234629316,0.1125,0.20656597610958055,0.01,acceleration,2489.310264606111,1452.0314707250077,178378.3725844158,509.4725549362032,119.90396048171995
middle,top,8,kinetic,notebook,ipopt,all,True,0.0,1.0,1331340936,True,0.1695082187652588,31,0.38149023056030273,16,16,3.9016558450213585,,2.1464508831569433,5.957034753289132,20.50286098103323,0.04877368094750675,60.15912127494812,False,SolutionResult.kSolverSpecificError,3,0.7354997082758293,4.049301661743009,4.890218232377021,15.079848270369824,0.992,0.992,0.0,0.0,,2.1774820209293186,1.0319400435467692,1.1050672239572716,0.512218364552606,0.9999291760815672,0.5475,0.5957711926487177,0.1575,0.2278079325450048,0.0,acceleration,333.10489078117917,210.10764324516052,23301.413671525715,63.02339844014112,29.88613173289755
middle,top,8,parameterized,tight,ipopt,all,True,0.0,1.0,1331340936,True,0.1695082187652588,31,0.38149023056030273,16,16,3.9016558450213585,,2.1464508831569433,5.957034753289132,20.50286098103323,0.4658853402362631,18.997305154800415,True,SolutionResult.kSolutionFound,5,0.16492584351198952,0.3540052224617155,2.0070097345256914,8.07111629585626,0.996,0.996,0.0,3.2424735388225656e-05,,2.5735089881688933,1.0013268016262074,1.2873298235522455,0.32653479650366585,0.9999987388644964,0.7475,0.15640294706550187,0.14,0.21242554197732377,0.0,acceleration,214.2053475082746,148.07753555721828,24685.39557310197,46.95322938797253,15.73771341586936
middle,top,8,cspace,tight,ipopt,all,True,0.0,1.0,1331340936,True,0.1695082187652588,31,0.38149023056030273,16,16,3.9016558450213585,,2.1464508831569433,5.957034753289132,20.50286098103323,0.1678687537365562,120.03680992126465,False,SolutionResult.kSolverSpecificError,3,98.93509628162518,442.7328200730043,589.3598068696475,2070.5495815009563,0.874,0.898,0.6504193877022748,0.3656097153346418,,19.207610564210455,3.4566170639770784,9.561435312866772,2.1211396707973127,1.0003585955189704,0.6325,0.393593172697971,0.1325,0.20931629090720727,0.005,acceleration,2430.5891407773397,1371.1906372439032,162428.61351288334,541.8202600529464,77.46487410089959
middle,top,8,kinetic,tight,ipopt,all,True,0.0,1.0,1331340936,True,0.1695082187652588,31,0.38149023056030273,16,16,3.9016558450213585,,2.1464508831569433,5.957034753289132,20.50286098103323,0.04877368094750675,120.03905868530273,False,SolutionResult.kSolverSpecificError,3,0.6704677179739648,3.963033562871213,4.548269693069506,13.74650641389079,0.992,0.992,0.0,0.0,,2.204442782555761,1.054650670783912,1.174019597510434,0.3706834262495827,0.9999881200154015,0.5575,0.34451361282989995,0.16,0.21505341681344436,0.0,acceleration,276.06998745484105,179.19584935740414,23385.11562109565,48.49472335917155,21.57108354595309
middle,top,7,parameterized,notebook,ipopt,all,True,0.0,1.0,1608891161,True,0.15216636657714844,31,0.38596224784851074,15,15,4.827429548879668,,3.043223422468486,12.034016519652303,34.97944871111754,0.3285989430210346,4.786338806152344,True,SolutionResult.kSolutionFound,5,0.13152231443706822,0.4002517878721499,3.108419159277449,12.619960991148131,0.998,0.998,0.0,0.0,,3.044275611885509,1.0021299076931576,1.0959523988127113,0.29467657623478155,0.9999940041822069,0.785,0.1376418722913212,0.11,0.21347066435447704,0.0,acceleration,228.8529017335538,155.4653694933844,28150.93857875633,50.88115933372821,14.326440978744253
middle,top,7,cspace,notebook,ipopt,all,True,0.0,1.0,1608891161,True,0.15216636657714844,31,0.38596224784851074,15,15,4.827429548879668,,3.043223422468486,12.034016519652303,34.97944871111754,0.08309777524128685,60.015933990478516,False,SolutionResult.kSolverSpecificError,3,0.09141900511074524,0.5591428059483309,1.1001378177128864,4.122853556944226,1.0,1.0,0.0,0.0,,1.4767851733167552,1.0005839962527163,1.0624036794760632,0.43794665749454986,0.9996946011079775,0.5275,0.559647596598351,0.2575,0.22289936742770872,0.0,acceleration,213.14180943457774,146.9749910424153,20570.772203710316,40.704400538040304,27.32288369458757
middle,top,7,kinetic,notebook,ipopt,all,True,0.0,1.0,1608891161,True,0.15216636657714844,31,0.38596224784851074,15,15,4.827429548879668,,3.043223422468486,12.034016519652303,34.97944871111754,0.028588214990425773,60.213178634643555,False,SolutionResult.kSolverSpecificError,3,0.10710447764056624,0.5809775563109109,1.112750618059406,3.7464555823592223,1.0,1.0,0.0,0.0,,1.416905082236705,1.0007958713388982,1.0018160837985164,0.3466046030345184,0.9994666400147139,0.5175,0.8542826088400812,0.265,0.21342437059185268,0.0,acceleration,209.97900923826057,145.5926943976117,17336.2868390376,38.63386986344608,26.820819589770515
middle,top,7,parameterized,tight,ipopt,all,True,0.0,1.0,1608891161,True,0.15216636657714844,31,0.38596224784851074,15,15,4.827429548879668,,3.043223422468486,12.034016519652303,34.97944871111754,0.3285989430210346,97.36639785766602,True,SolutionResult.kSolutionFound,5,0.13089023508520586,0.3983282291837018,3.0678840799473037,12.384017185195157,0.996,0.996,0.0,7.863111556050129e-05,,3.010557102985218,1.0017594829737464,1.1231654140785134,0.28894062443208035,0.9999978592292189,0.785,0.14523431150146748,0.12,0.21418741206900926,0.0,acceleration,226.97005673781814,154.13978631689804,27810.079072267195,50.63976648616967,13.676101328957344
middle,top,7,cspace,tight,ipopt,all,True,0.0,1.0,1608891161,True,0.15216636657714844,31,0.38596224784851074,15,15,4.827429548879668,,3.043223422468486,12.034016519652303,34.97944871111754,0.08309777524128685,105.46174788475037,True,SolutionResult.kSolutionFound,5,0.09141034828495671,0.5585135540247775,1.1000336413283398,4.119156561075933,1.0,1.0,0.0,0.0,,1.4757525659510113,1.000581578898322,1.0605673730519012,0.4402267292266888,0.999711267571266,0.5275,0.5646538442543332,0.2525,0.22188537398184205,0.0,acceleration,213.4894442162999,146.85462290973956,20530.103020823164,40.73821545812862,27.373623228740854
middle,top,7,kinetic,tight,ipopt,all,True,0.0,1.0,1608891161,True,0.15216636657714844,31,0.38596224784851074,15,15,4.827429548879668,,3.043223422468486,12.034016519652303,34.97944871111754,0.028588214990425773,120.01170945167542,False,SolutionResult.kSolverSpecificError,3,0.10643822690128604,0.5662080982560216,1.0946016961159704,3.7231504987958273,1.0,1.0,0.0,0.0,,1.4200106957081895,1.0007741371843086,1.0004193420999579,0.3850473557182588,0.9978174905579555,0.505,0.839488953345036,0.2375,0.20917582494031756,0.0,velocity,213.09355135485998,147.1733807626859,17331.30883191363,38.58070127397677,27.017418208346772
middle,bottom,5,parameterized,notebook,ipopt,all,True,0.0,1.0,1087232320,True,0.1731405258178711,36,0.5752997398376465,13,13,3.785393841287155,,5.530084740301406,9.547084393644596,34.86714016583017,0.18082905542338887,60.061888217926025,False,SolutionResult.kSolverSpecificError,3,160.03270723680703,884.9944322393889,1056.7114726817865,3793.9113763931628,0.652,0.706,0.153378405205568,0.6203427465776516,,30.276396274141653,4.039522640683702,16.57532670081082,3.5072790363266138,1.0009175089737599,0.785,0.23329253381990156,0.0525,0.18554489053655465,0.01,acceleration,3373.714815156084,1896.7753110262665,267134.368540721,715.6056484587866,104.50457660692805
middle,bottom,5,cspace,notebook,ipopt,all,True,0.0,1.0,1087232320,True,0.1731405258178711,36,0.5752997398376465,13,13,3.785393841287155,,5.530084740301406,9.547084393644596,34.86714016583017,0.10474402013935172,46.47401285171509,True,SolutionResult.kSolutionFound,5,0.040774397614951524,0.19508706864148667,0.38927661512996303,1.4067187140206387,1.0,1.0,0.0,0.0,,0.9988270683482917,1.0003952397406246,1.1363276149139592,0.37398241449414127,0.9998274911884887,0.5275,0.841958724094956,0.3,0.2270621824888719,0.0,acceleration,112.97010537834169,21.01233000548916,11414.133716721728,17.636866770154167,16.203830865961447
middle,bottom,5,kinetic,notebook,ipopt,all,True,0.0,1.0,1087232320,True,0.1731405258178711,36,0.5752997398376465,13,13,3.785393841287155,,5.530084740301406,9.547084393644596,34.86714016583017,0.028680298849975683,57.69053363800049,True,SolutionResult.kSolutionFound,5,0.039831776075696754,0.19368532371593822,0.38956030694990673,1.3888201194852794,1.0,1.0,0.0,0.0,,1.0139671730838438,1.000363076101787,1.1296830288788484,0.3732421001675015,0.9999293074964832,0.54,0.6502702093997099,0.265,0.21897452893589717,0.0,acceleration,111.00234537829786,19.90427597132785,11283.360301855531,17.386156456767655,15.638450056325265
middle,bottom,5,parameterized,tight,ipopt,all,True,0.0,1.0,1087232320,True,0.1731405258178711,36,0.5752997398376465,13,13,3.785393841287155,,5.530084740301406,9.547084393644596,34.86714016583017,0.18082905542338887,120.22433090209961,False,SolutionResult.kSolverSpecificError,3,215.3558466102729,1190.9360810741603,1378.4793128227723,5016.655424660988,0.588,0.664,0.12388973227101396,0.5112554206489448,,34.38146564999362,6.451101867625089,178.4937041218052,28.9012731733622,1.0012065831976573,0.7675,0.2188828935395684,0.055,0.19678022643321585,0.0025,acceleration,14243.660183452263,1644.5696614595145,7325707.44981185,865.5376073363798,342.79901692174184
middle,bottom,5,cspace,tight,ipopt,all,True,0.0,1.0,1087232320,True,0.1731405258178711,36,0.5752997398376465,13,13,3.785393841287155,,5.530084740301406,9.547084393644596,34.86714016583017,0.10474402013935172,121.48288941383362,False,SolutionResult.kSolverSpecificError,3,0.04072085278559185,0.19465998584671512,0.38876541812522303,1.4040487536196353,1.0,1.0,0.0,0.0,,1.0052708334421485,1.0003468326905163,1.1314590091331127,0.3758655070891303,0.9998584670219772,0.5325,0.8290251302025468,0.2975,0.22700109261240906,0.0,acceleration,112.36481531868807,20.669092039531485,11439.211683537646,17.463749926910268,15.823298621798786
middle,bottom,5,kinetic,tight,ipopt,all,True,0.0,1.0,1087232320,True,0.1731405258178711,36,0.5752997398376465,13,13,3.785393841287155,,5.530084740301406,9.547084393644596,34.86714016583017,0.028680298849975683,120.14426302909851,False,SolutionResult.kSolverSpecificError,3,0.03946467884780591,0.19235190815434228,0.3851473466635429,1.3760204889859213,1.0,1.0,0.0,0.0,,1.0120708631786444,1.000372978621843,1.133287959426311,0.35236076110792297,0.999910713417329,0.5325,0.76478758475754,0.28,0.21695041000921583,0.0,acceleration,110.72625000244784,20.07723940554485,11288.453621371751,17.268164749655767,15.55718358233738
middle,top,5,parameterized,notebook,ipopt,all,True,0.0,1.0,837540405,True,0.2643764019012451,38,0.912445068359375,16,16,5.0278348928276415,,3.0449467687065117,6.694303339775448,22.400550014508074,0.3284129661238046,60.08362865447998,False,SolutionResult.kSolverSpecificError,3,20.295435666174043,61.79852125120753,183.4549686675895,573.1962477026211,0.954,0.954,0.009697170190907212,0.0,,9.365647336870817,4.3355844157993895,51.60170093255834,10.94366735416875,1.0007444567250838,0.7225,0.35561744415855556,0.1075,0.21702710388322244,0.005,acceleration,1720.1635114868118,910.3191491795463,327030.5543938888,233.27348449542475,95.46498013192999
middle,top,5,cspace,notebook,ipopt,all,True,0.0,1.0,837540405,True,0.2643764019012451,38,0.912445068359375,16,16,5.0278348928276415,,3.0449467687065117,6.694303339775448,22.400550014508074,0.14938074198973236,60.12693667411804,False,SolutionResult.kSolverSpecificError,3,0.1437519890640467,0.5054289788868676,0.9623194204908119,3.321644477360205,0.996,0.996,0.0,0.0,,1.4076904226371076,1.0008096510464757,1.1167692247267362,0.3121872215331479,0.9999399776355724,0.565,0.4499681314996867,0.205,0.21451541051551268,0.0,acceleration,194.12040374562415,137.6137622952234,16425.21154641144,36.8304292952662,21.247729816021305
middle,top,5,kinetic,notebook,ipopt,all,True,0.0,1.0,837540405,True,0.2643764019012451,38,0.912445068359375,16,16,5.0278348928276415,,3.0449467687065117,6.694303339775448,22.400550014508074,0.04464176099927609,60.13563847541809,False,SolutionResult.kSolverSpecificError,3,0.1599884065029406,0.6655851902815166,1.136545979540557,3.5838283016105708,1.0,1.0,0.0,0.0,,1.4726264455488374,1.0005009346718519,1.1728509389139123,0.3086976901138127,0.9999952340647147,0.5925,0.4548607060064753,0.1825,0.21570321039002732,0.0,acceleration,204.14326752730395,143.0294303510792,16916.844368042075,38.78257650962894,23.665353792846638
middle,top,5,parameterized,tight,ipopt,all,True,0.0,1.0,837540405,True,0.2643764019012451,38,0.912445068359375,16,16,5.0278348928276415,,3.0449467687065117,6.694303339775448,22.400550014508074,0.3284129661238046,120.24913597106934,False,SolutionResult.kSolverSpecificError,3,18.476175616695294,56.25897124211039,179.2232310896515,551.2627079246818,0.946,0.958,0.017588428188202165,0.0583092237382119,,10.605678908353957,6.620353152815299,144.91102512277934,30.622244188404867,1.0004146730985348,0.68,0.3530989964277045,0.085,0.218814523708281,0.005,acceleration,3155.16720839175,2654.684963812706,1342788.7475302797,246.5114195410074,222.5828221518362
middle,top,5,cspace,tight,ipopt,all,True,0.0,1.0,837540405,True,0.2643764019012451,38,0.912445068359375,16,16,5.0278348928276415,,3.0449467687065117,6.694303339775448,22.400550014508074,0.14938074198973236,120.11467909812927,False,SolutionResult.kSolverSpecificError,3,0.1428922193108575,0.5036959747784389,0.9565638609605998,3.2939533805518186,0.994,0.994,0.0,0.0,,1.3930635658565529,1.000615017029287,1.1046581437735825,0.3147770912630338,0.9999928673406293,0.5725,0.4258410741041933,0.2175,0.2187038827701961,0.0,acceleration,191.83881410436226,136.36024516430655,16195.70126908698,37.110949149018126,21.083555477366545
middle,top,5,kinetic,tight,ipopt,all,True,0.0,1.0,837540405,True,0.2643764019012451,38,0.912445068359375,16,16,5.0278348928276415,,3.0449467687065117,6.694303339775448,22.400550014508074,0.04464176099927609,120.24838733673096,False,SolutionResult.kSolverSpecificError,3,0.14506816447562917,0.5063132438571649,0.9602575286780559,3.249606673849215,0.998,0.998,0.0,0.0,,1.4086103890492678,1.000927793156855,1.1099134508603536,0.3355700208725223,0.9999677540673977,0.5975,0.46544492444030783,0.19,0.21407796417304867,0.0,acceleration,194.8412394471485,138.10766082848562,16307.578952966525,36.68663322791764,20.13570297246811
top,bottom,0,parameterized,notebook,ipopt,all,True,0.0,1.0,1583784411,True,0.17340707778930664,32,0.48386049270629883,22,22,6.402711863743014,,3.092167645723201,10.31060325478944,36.988688407178756,0.3233977308387878,5.869831800460815,True,SolutionResult.kSolutionFound,5,0.11887571645666252,0.3675836442894557,2.597512920283373,10.844805008009779,1.0,1.0,0.0,0.0,,3.267931340644731,1.0038675181549814,1.2886751181494587,0.3445197489358361,0.9999649882662383,0.6975,0.20058080068286535,0.19,0.21341648305584596,0.0,acceleration,302.1318939377651,80.19918944326997,30751.810866624015,63.47412931931067,22.846760834568094
top,bottom,0,cspace,notebook,ipopt,all,True,0.0,1.0,1583784411,True,0.17340707778930664,32,0.48386049270629883,22,22,6.402711863743014,,3.092167645723201,10.31060325478944,36.988688407178756,0.09698753557756032,60.02589964866638,False,SolutionResult.kSolverSpecificError,3,0.09565038892423058,0.5266662525732891,0.9862132113640475,4.025780775337465,1.0,1.0,0.0,0.0,,1.7391625442013887,1.0008548347531419,1.2712751492492511,0.42947641640813766,0.9999911057803839,0.64,0.26062908122584494,0.14,0.22191153972517713,0.0,acceleration,258.8909710689386,57.8460225573412,22813.227571371986,50.68509266777774,23.88917466570873
top,bottom,0,kinetic,notebook,ipopt,all,True,0.0,1.0,1583784411,True,0.17340707778930664,32,0.48386049270629883,22,22,6.402711863743014,,3.092167645723201,10.31060325478944,36.988688407178756,0.027035292222092423,60.11210823059082,False,SolutionResult.kSolverSpecificError,3,0.11073240253467978,0.6256843629190023,1.1191581801729664,4.0958463339335625,1.0,1.0,0.0,0.0,,1.6714165539591965,1.0012866297968803,1.2712259971975293,0.608181341556782,0.9999533721026208,0.615,0.5263121335444876,0.1775,0.2454273539248523,0.0,acceleration,298.76490041107036,78.97363343249967,22493.244319149806,54.93570425661882,38.112090216659126
top,bottom,0,parameterized,tight,ipopt,all,True,0.0,1.0,1583784411,True,0.17340707778930664,32,0.48386049270629883,22,22,6.402711863743014,,3.092167645723201,10.31060325478944,36.988688407178756,0.3233977308387878,23.35447406768799,True,SolutionResult.kSolutionFound,5,0.11663655663929812,0.3606597867486046,2.798090638792585,11.419120655233614,0.996,0.996,0.0,3.871180298986587e-05,,3.389241426797104,1.004243629062089,1.3194143959855917,0.3368181989280459,0.999995290908799,0.715,0.19685854698982927,0.165,0.2132181820975022,0.0,acceleration,301.8382595712536,80.17282806118149,30970.345423106766,63.55254880887033,21.426586039075325
top,bottom,0,cspace,tight,ipopt,all,True,0.0,1.0,1583784411,True,0.17340707778930664,32,0.48386049270629883,22,22,6.402711863743014,,3.092167645723201,10.31060325478944,36.988688407178756,0.09698753557756032,120.33543062210083,False,SolutionResult.kSolverSpecificError,3,0.0953196281151375,0.5194472205838716,0.9828028678892556,4.056726886816348,1.0,1.0,0.0,0.0,,1.7656514191123265,1.0012237997841655,1.269362855045545,0.4374449759240038,0.9999954633340795,0.6475,0.270595489922165,0.14,0.22228641741544902,0.0,acceleration,254.32914477587573,55.8547825311528,23150.678336284716,50.32964185160136,22.45140396903844
top,bottom,0,kinetic,tight,ipopt,all,True,0.0,1.0,1583784411,True,0.17340707778930664,32,0.48386049270629883,22,22,6.402711863743014,,3.092167645723201,10.31060325478944,36.988688407178756,0.027035292222092423,120.26392221450806,False,SolutionResult.kSolverSpecificError,3,0.10400064933796,0.5890076563308986,1.0436315716236975,3.8468476125060658,1.0,1.0,0.0,0.0,,1.5875775736894515,1.0008810717860843,1.270773549615718,0.5253683698547468,0.9999113640419275,0.5975,0.5236173078748907,0.1525,0.2323112244009659,0.0,acceleration,276.8168551959935,67.04107146727833,21669.10334988892,54.31973862289736,35.06331531974265
top,bottom,7,parameterized,notebook,ipopt,all,True,0.0,1.0,1073886328,True,0.3404805660247803,57,0.932349443435669,11,11,4.221660712814624,,11.372370393088357,24.90151616604215,64.266909871439,0.08793241562091202,5.4104533195495605,True,SolutionResult.kSolutionFound,5,0.07050086947272001,0.8017620006785499,5.536261762938782,23.21444512398443,1.0,1.0,0.0,0.0,,3.2139402012541853,1.001483681917218,1.1242914794828751,0.3503118536640608,1.0000318761022422,0.6975,0.21593773618418588,0.1975,0.21576121657929925,0.0,acceleration,303.68387164710816,80.5842497452243,30039.5563431272,63.89022096684985,23.75606834833826
top,bottom,7,cspace,notebook,ipopt,all,True,0.0,1.0,1073886328,True,0.3404805660247803,57,0.932349443435669,11,11,4.221660712814624,,11.372370393088357,24.90151616604215,64.266909871439,0.04015819732951386,21.9985830783844,True,SolutionResult.kSolutionFound,5,0.08399292386189897,1.1051618485006873,2.0915511513802243,8.58192738054024,1.0,1.0,0.0,0.0,,1.7065806549195595,1.0003101762222608,1.1041300385718777,0.43232917247012137,1.0000075162102857,0.6925,0.3519851818952471,0.165,0.2203538090211091,0.0,acceleration,254.561125648475,55.65705671959908,22089.49804232765,51.560253060748444,23.13844789190214
top,bottom,7,kinetic,notebook,ipopt,all,True,0.0,1.0,1073886328,True,0.3404805660247803,57,0.932349443435669,11,11,4.221660712814624,,11.372370393088357,24.90151616604215,64.266909871439,0.015560107090887409,48.396129846572876,True,SolutionResult.kSolutionFound,5,0.12684640550653864,1.1876445849724206,2.226313440118649,8.152026510204722,1.0,1.0,0.0,0.0,,1.639469690606363,1.000441340620401,1.1102685669768286,0.4403838933224125,1.0000085916826496,0.695,0.4169766255657694,0.16,0.21042022364914553,0.0,acceleration,264.7524346132088,61.727521165254984,19581.233125461134,51.35034815900675,32.59424047505201
top,bottom,7,parameterized,tight,ipopt,all,True,0.0,1.0,1073886328,True,0.3404805660247803,57,0.932349443435669,11,11,4.221660712814624,,11.372370393088357,24.90151616604215,64.266909871439,0.08793241562091202,10.729275941848755,True,SolutionResult.kSolutionFound,0,0.06774904448348903,0.7704672276440537,5.523069828910177,22.694502908007046,0.998,0.998,0.0,3.0689995582644514e-05,,3.199445576370673,1.0009609349694724,1.1401783175623457,0.3514397478353357,1.0000493275856215,0.73,0.1812881691226827,0.1975,0.2124973943101176,0.0,acceleration,299.0658570530391,79.36117966422826,29374.598454972558,61.957233799855,21.73386606142752
top,bottom,7,cspace,tight,ipopt,all,True,0.0,1.0,1073886328,True,0.3404805660247803,57,0.932349443435669,11,11,4.221660712814624,,11.372370393088357,24.90151616604215,64.266909871439,0.04015819732951386,68.93962836265564,True,SolutionResult.kSolutionFound,5,0.08391907699632921,1.1072233287412971,2.0897122524634284,8.577195646783771,1.0,1.0,0.0,0.0,,1.708929960001343,1.0003098299993949,1.1025407544104695,0.4255768268973863,1.0000099613134448,0.69,0.3454574563835944,0.165,0.22031937613122032,0.0,acceleration,253.70720135187722,55.72359401532596,22062.111425597486,51.412636225893465,22.61919744118936
top,bottom,7,kinetic,tight,ipopt,all,True,0.0,1.0,1073886328,True,0.3404805660247803,57,0.932349443435669,11,11,4.221660712814624,,11.372370393088357,24.90151616604215,64.266909871439,0.015560107090887409,104.23507785797119,True,SolutionResult.kSolutionFound,5,0.12669561618327815,1.1883053536459407,2.2303501679014452,8.142335746357166,1.0,1.0,0.0,0.0,,1.6372391544729936,1.0004281497850085,1.1073008832278481,0.4200469114449665,1.000004532143972,0.6825,0.4224056647609804,0.17,0.21263591010751048,0.0,acceleration,265.43088753203864,61.978735824215704,19689.92904608503,51.37498461376857,32.44721869274236
top,bottom,1,parameterized,notebook,ipopt,all,True,0.0,1.0,694260045,True,0.17058491706848145,37,0.5156090259552002,12,12,4.065702133917505,,3.306691817495521,7.751809652284141,28.125879011852895,0.30241705462512597,16.203452348709106,True,SolutionResult.kSolutionFound,5,0.21028563639695239,0.6953497932106452,4.343962283357976,17.889551390315813,0.998,0.998,0.0,0.0,,3.05193681514864,1.0008195807644324,1.155946490090247,0.3485265819559882,1.0000143420452923,0.71,0.17519915479104972,0.2075,0.20786806739119795,0.0,acceleration,290.4958344897039,74.50968103622732,28209.775226534875,60.51748131186222,19.88750042337835
top,bottom,1,cspace,notebook,ipopt,all,True,0.0,1.0,694260045,True,0.17058491706848145,37,0.5156090259552002,12,12,4.065702133917505,,3.306691817495521,7.751809652284141,28.125879011852895,0.12900213561169435,60.07832217216492,False,SolutionResult.kSolverSpecificError,3,0.2519383999009428,1.046661985994462,1.95297852013315,7.559466547824089,0.994,0.994,0.0,0.0,,1.644425238438029,1.0006036270900986,1.120893046484535,0.4389681651448211,0.9999988121719445,0.655,0.4057580057838711,0.22,0.20131827700118596,0.0,acceleration,257.73999627190415,57.266042187030145,19416.633884027313,50.59309803349606,26.352225856685656
top,bottom,1,kinetic,notebook,ipopt,all,True,0.0,1.0,694260045,True,0.17058491706848145,37,0.5156090259552002,12,12,4.065702133917505,,3.306691817495521,7.751809652284141,28.125879011852895,0.035554444345671,60.369901180267334,False,SolutionResult.kSolverSpecificError,3,0.2673349227060655,1.1501981581209004,2.080512768373202,7.519029691673846,1.0,1.0,0.0,0.0,,1.6389832603253325,1.0006745054162076,1.1190563747291584,0.4091527088259303,1.000003101106301,0.6675,0.40709384518569774,0.205,0.1971485957814464,0.0,acceleration,265.5378834358087,61.9290629967962,18904.24739073032,51.91094073258526,29.491489122027144
top,bottom,1,parameterized,tight,ipopt,all,True,0.0,1.0,694260045,True,0.17058491706848145,37,0.5156090259552002,12,12,4.065702133917505,,3.306691817495521,7.751809652284141,28.125879011852895,0.30241705462512597,21.249059438705444,True,SolutionResult.kSolutionFound,0,0.2102836673905784,0.695343282313374,4.338191717726368,17.86242083976842,0.998,0.998,0.0,1.7071887292274823e-05,,3.0496602595080704,1.0008151448934919,1.1561115382019527,0.34862408644300424,1.0000146594347017,0.71,0.17490781256266635,0.2025,0.207854230151177,0.0,acceleration,290.2249614948894,74.36479916112913,28186.60978264434,60.48392987420876,19.803905854112106
top,bottom,1,cspace,tight,ipopt,all,True,0.0,1.0,694260045,True,0.17058491706848145,37,0.5156090259552002,12,12,4.065702133917505,,3.306691817495521,7.751809652284141,28.125879011852895,0.12900213561169435,113.79647564888,True,SolutionResult.kSolutionFound,5,0.25188058329409657,1.045018849270833,1.9525303368021376,7.568390923196431,0.994,0.994,0.0,0.0,,1.6453618380880295,1.000601158614161,1.1220542162905638,0.4304147331299954,0.9999994595001485,0.655,0.4153657624976246,0.22,0.20393998213052011,0.0,acceleration,256.9472919289858,57.185338261024555,19480.555655283646,50.58690016857081,26.380201894745948
top,bottom,1,kinetic,tight,ipopt,all,True,0.0,1.0,694260045,True,0.17058491706848145,37,0.5156090259552002,12,12,4.065702133917505,,3.306691817495521,7.751809652284141,28.125879011852895,0.035554444345671,120.11271476745605,False,SolutionResult.kSolverSpecificError,3,0.2576479845163899,1.050862643747689,1.9861084607680448,7.246576040155729,0.996,0.996,0.0,0.0,,1.6200639656552016,1.000735314218565,1.1120556882229902,0.4654519110190215,1.0000013236031733,0.6675,0.40853696074451684,0.2075,0.20236016989853478,0.0,acceleration,258.8261420952702,58.54196442962281,19008.735393891795,50.99067448527451,30.351522419098945
top,bottom,2,parameterized,notebook,ipopt,all,True,0.0,1.0,812171511,True,0.3382554054260254,50,0.46994733810424805,22,22,5.958598491500872,,1.9867642652363235,5.311122889965684,20.887614197399035,0.5033309776593203,8.875670433044434,True,SolutionResult.kSolutionFound,5,0.1820707720601515,0.3617317036731031,2.621091977484209,10.829487843430925,0.998,0.998,0.0,0.0,,3.3040698494616842,1.0036727850509988,1.3078515722616695,0.34626008866353186,1.0000028050676768,0.73,0.197087639377114,0.1525,0.2135137344718488,0.0,acceleration,302.2593534833616,80.22883165727833,30725.37859898831,63.13732793231669,22.6331054539773
top,bottom,2,cspace,notebook,ipopt,all,True,0.0,1.0,812171511,True,0.3382554054260254,50,0.46994733810424805,22,22,5.958598491500872,,1.9867642652363235,5.311122889965684,20.887614197399035,0.1882841012564974,60.329073667526245,False,SolutionResult.kSolverSpecificError,3,0.18965307765054404,0.5343913170665817,1.0072708018622438,4.277771342500555,1.0,1.0,0.0,0.0,,1.8428496953562719,1.001175081588768,1.27878950144955,0.4265514008176328,0.9999925833979382,0.645,0.27247098793723146,0.1075,0.22939414048881457,0.0,acceleration,255.58757640240128,56.30342243449897,24490.91528200191,50.367448237663226,19.973055719496305
top,bottom,2,kinetic,notebook,ipopt,all,True,0.0,1.0,812171511,True,0.3382554054260254,50,0.46994733810424805,22,22,5.958598491500872,,1.9867642652363235,5.311122889965684,20.887614197399035,0.04787526189202221,60.29395151138306,False,SolutionResult.kSolverSpecificError,3,0.1964345335920827,0.662032143496069,1.1280428231597668,4.103048752717446,1.0,1.0,0.0,0.0,,1.6733185986387256,1.0015036481425805,1.265607914488474,0.5243315268465507,0.9999341319522508,0.5975,0.3954336294233267,0.15,0.22950564890781155,0.0,acceleration,271.9061625040775,64.79690170713633,22602.530426511574,52.85301548649566,29.806016407991486
top,bottom,2,parameterized,tight,ipopt,all,True,0.0,1.0,812171511,True,0.3382554054260254,50,0.46994733810424805,22,22,5.958598491500872,,1.9867642652363235,5.311122889965684,20.887614197399035,0.5033309776593203,24.400232553482056,True,SolutionResult.kSolutionFound,0,0.18088324823064492,0.3593723737645166,2.717896924247511,11.1016529833741,0.998,0.998,0.0,6.986275612597126e-05,,3.3539499997247706,1.0041049556298551,1.3196551790798703,0.33953581152193874,0.9999952499570219,0.7125,0.19612851918258037,0.17,0.21298863822128528,0.0,acceleration,301.06771075212555,79.99198677480544,30676.79575033578,63.2466468263676,21.037859825140746
top,bottom,2,cspace,tight,ipopt,all,True,0.0,1.0,812171511,True,0.3382554054260254,50,0.46994733810424805,22,22,5.958598491500872,,1.9867642652363235,5.311122889965684,20.887614197399035,0.1882841012564974,120.04841375350952,False,SolutionResult.kSolverSpecificError,3,0.18739230893183903,0.5248395093962954,0.9952635813714115,4.177209581244263,1.0,1.0,0.0,0.0,,1.8128270129463593,1.001160259920585,1.2706110743864423,0.42940983915258807,0.9999989663996902,0.63,0.2956617968543427,0.125,0.22613149161918666,0.0,acceleration,251.7560917453061,54.599661306451935,23771.089477856338,50.03590940219949,21.214597519527207
top,bottom,2,kinetic,tight,ipopt,all,True,0.0,1.0,812171511,True,0.3382554054260254,50,0.46994733810424805,22,22,5.958598491500872,,1.9867642652363235,5.311122889965684,20.887614197399035,0.04787526189202221,120.32116389274597,False,SolutionResult.kSolverSpecificError,3,0.18713304535829112,0.6133039460307028,1.069941618590373,3.908762855028358,1.0,1.0,0.0,0.0,,1.5779800790603498,1.0012352281482164,1.2697546941981708,0.4712579592578988,0.9999613606373949,0.605,0.4392886187458294,0.1375,0.24564321786077942,0.0,acceleration,270.64261158854947,64.64702493356333,21650.65940473973,54.324623446118345,30.62393600058269
top,bottom,3,parameterized,notebook,ipopt,all,True,0.0,1.0,1198518369,True,0.4098539352416992,38,0.6086533069610596,17,17,4.494201162962678,,3.718275578636857,8.287659469642357,25.7117773617593,0.2689418734171947,4.032260179519653,True,SolutionResult.kSolutionFound,5,0.1286199126900875,0.4782442802819593,3.3436421753500998,13.875481319550364,0.998,0.998,0.0,0.0,,3.277827702123346,1.0025168498835793,1.2070863454953848,0.36019888294519864,0.9999836420688147,0.7325,0.19436619481609763,0.1475,0.21110286649556081,0.0,acceleration,301.7239414732571,79.8141151089269,30256.057504067296,63.370359517572226,22.51304381193023
top,bottom,3,cspace,notebook,ipopt,all,True,0.0,1.0,1198518369,True,0.4098539352416992,38,0.6086533069610596,17,17,4.494201162962678,,3.718275578636857,8.287659469642357,25.7117773617593,0.12066132828731604,56.41824769973755,True,SolutionResult.kSolutionFound,5,0.15490790332111604,0.681924522853508,1.2838239518816903,5.217807166669048,1.0,1.0,0.0,0.0,,1.7357765283891111,1.0007731203077872,1.190753551823941,0.42857452039472027,1.0000000420146375,0.6525,0.31825787893032365,0.14,0.21975998551175474,0.0,acceleration,254.97116104213944,55.90852964269343,22377.333439366183,50.37514261068135,23.247563202181762
top,bottom,3,kinetic,notebook,ipopt,all,True,0.0,1.0,1198518369,True,0.4098539352416992,38,0.6086533069610596,17,17,4.494201162962678,,3.718275578636857,8.287659469642357,25.7117773617593,0.03889268275507408,60.244974851608276,False,SolutionResult.kSolverSpecificError,3,0.19788901345821408,0.767101367804169,1.4048188915253625,5.08807825637579,1.0,1.0,0.0,0.0,,1.6649129820329538,1.0007998145197348,1.2413749429831626,0.3851651666106849,0.9999927775085555,0.66,0.47295103367839764,0.1775,0.21122134467180453,0.0,acceleration,271.8844195481014,64.77942076276938,19702.238491531192,51.11624225751722,29.566805703334452
top,bottom,3,parameterized,tight,ipopt,all,True,0.0,1.0,1198518369,True,0.4098539352416992,38,0.6086533069610596,17,17,4.494201162962678,,3.718275578636857,8.287659469642357,25.7117773617593,0.2689418734171947,14.757714748382568,True,SolutionResult.kSolutionFound,5,0.12677919346636363,0.47139997894525865,3.2788616613665873,13.449701265483839,0.994,0.994,0.0,5.994227119821005e-05,,3.233936589679769,1.0020508057485333,1.2335396641375107,0.3488890815852245,1.000000617050175,0.715,0.18685895939272484,0.175,0.21335020759932027,0.0,acceleration,299.235721055245,79.65288477710274,29904.28512723399,62.20418695478197,22.338971428043116
top,bottom,3,cspace,tight,ipopt,all,True,0.0,1.0,1198518369,True,0.4098539352416992,38,0.6086533069610596,17,17,4.494201162962678,,3.718275578636857,8.287659469642357,25.7117773617593,0.12066132828731604,120.37116003036499,False,SolutionResult.kSolverSpecificError,3,0.15483759374838105,0.6804838947864941,1.2832412500854065,5.231209370757097,1.0,1.0,0.0,0.0,,1.7394628856051162,1.000785432547493,1.1897360026784711,0.4306871789474966,0.999999721136755,0.655,0.3037163520840516,0.1275,0.2207848723688893,0.0,acceleration,253.54606644126454,55.35261821665508,22433.1821179376,50.381089478768786,22.81002055293879
top,bottom,3,kinetic,tight,ipopt,all,True,0.0,1.0,1198518369,True,0.4098539352416992,38,0.6086533069610596,17,17,4.494201162962678,,3.718275578636857,8.287659469642357,25.7117773617593,0.03889268275507408,120.23406338691711,False,SolutionResult.kSolverSpecificError,3,0.19482320176986448,0.7414019626450319,1.372333747153321,5.009250788811865,1.0,1.0,0.0,0.0,,1.6447056219261167,1.0008546167894197,1.1866628102491255,0.4850970891468034,0.9999893975883886,0.655,0.4747934246040999,0.185,0.20963596465580775,0.0,acceleration,271.4203912957063,64.67612451902221,20074.787211736926,51.333080618622034,33.243924520764146
top,bottom,5,parameterized,notebook,ipopt,all,True,0.0,1.0,772560212,True,0.3219001293182373,32,0.385941743850708,16,16,5.2616798328597785,,1.461115595684748,5.481944095049798,21.758461636077897,0.6844085457395673,6.709846019744873,True,SolutionResult.kSolutionFound,5,0.34427169878803815,0.5030207482520804,3.335824670567455,13.706195509778492,1.0,1.0,0.0,3.642387338453901e-05,,3.171805605014811,1.0018307501882386,1.2178542273658646,0.3514529840383282,1.0000025389524279,0.705,0.1870640244557334,0.175,0.21353035946324728,0.0,acceleration,297.43034560951025,78.01479337780162,29449.11616299229,61.6609271641188,22.102084901803064
top,bottom,5,cspace,notebook,ipopt,all,True,0.0,1.0,772560212,True,0.3219001293182373,32,0.385941743850708,16,16,5.2616798328597785,,1.461115595684748,5.481944095049798,21.758461636077897,0.18241703721550193,41.403754472732544,True,SolutionResult.kSolutionFound,5,0.2520363448509677,0.7285501280236146,1.3816491523936971,5.758449128231194,1.0,1.0,0.0,0.0,,1.7600748397660972,1.000648438436853,1.171514710792349,0.4286961632867951,1.0000000643227902,0.67,0.30482593222512333,0.1375,0.22466738238605857,0.0,acceleration,249.98127140509536,53.35183884042466,23037.230361336395,50.98365939336793,21.161059882527574
top,bottom,5,kinetic,notebook,ipopt,all,True,0.0,1.0,772560212,True,0.3219001293182373,32,0.385941743850708,16,16,5.2616798328597785,,1.461115595684748,5.481944095049798,21.758461636077897,0.04595913151975281,60.21807050704956,False,SolutionResult.kSolverSpecificError,3,0.2484810280272784,0.8595807383784192,1.4717216495935193,5.406564915624736,1.0,1.0,0.0,0.0,,1.5656870383142696,1.0007803702261677,1.1726791640878782,0.3811921191298251,0.9999974126824736,0.6775,0.5058164544648018,0.145,0.24915429946444562,0.0,acceleration,264.59293543777744,61.393351064133526,21450.539868080472,54.4166364053483,26.511990707171726
top,bottom,5,parameterized,tight,ipopt,all,True,0.0,1.0,772560212,True,0.3219001293182373,32,0.385941743850708,16,16,5.2616798328597785,,1.461115595684748,5.481944095049798,21.758461636077897,0.6844085457395673,14.209818124771118,True,SolutionResult.kSolutionFound,0,0.34425848353924604,0.5030014392459707,3.322441630930463,13.647810534088396,1.0,1.0,0.0,6.079460184826857e-05,,3.1626133769851212,1.0018122658278519,1.217564442063365,0.35072932514128824,1.0000043659048838,0.705,0.1872286746954612,0.1825,0.21343074958211702,0.0,acceleration,297.07132143494,77.8972078203222,29355.052430809155,61.5675029098389,22.127366061543366
top,bottom,5,cspace,tight,ipopt,all,True,0.0,1.0,772560212,True,0.3219001293182373,32,0.385941743850708,16,16,5.2616798328597785,,1.461115595684748,5.481944095049798,21.758461636077897,0.18241703721550193,111.7492880821228,True,SolutionResult.kSolutionFound,5,0.2517871612439223,0.7286862756641537,1.3802831417904715,5.716229281839518,1.0,1.0,0.0,0.0,,1.753311778503099,1.0006652620900618,1.17454312553331,0.428830234721349,1.0000003053588766,0.6675,0.3047513441893932,0.1575,0.2229751613692184,0.0,acceleration,252.37747733180257,54.665175552106945,22850.244722436677,50.81887889057498,21.852727150278884
top,bottom,5,kinetic,tight,ipopt,all,True,0.0,1.0,772560212,True,0.3219001293182373,32,0.385941743850708,16,16,5.2616798328597785,,1.461115595684748,5.481944095049798,21.758461636077897,0.04595913151975281,120.0582287311554,False,SolutionResult.kSolverSpecificError,3,0.24781494496415987,0.8547353564871467,1.466722456688153,5.392071972849428,1.0,1.0,0.0,0.0,,1.5680369616757428,1.0007016794971217,1.1693886427797369,0.38814795059878454,0.9999989531369311,0.675,0.47675820359027343,0.135,0.24128629354240902,0.0,acceleration,265.95634717826806,61.850490645018425,21577.364940593056,54.12734004483268,25.933431832864322
top,bottom,4,parameterized,notebook,ipopt,all,True,0.0,1.0,1493919170,True,0.13252496719360352,38,0.6181645393371582,15,15,4.879705043198007,,3.1993014115460015,11.883510060739754,46.06674388719112,0.3125682364253292,3.765781879425049,True,SolutionResult.kSolutionFound,5,0.17330917269003224,0.5544682808210913,4.020867131367322,16.700109364452267,0.998,0.998,0.0,0.0,,3.2602670202036848,1.002327799241369,1.1930205402684901,0.36500994622557753,1.0000166195043132,0.735,0.18953560678229034,0.1625,0.2138370969589647,0.0,acceleration,301.87223976297696,80.9875996289691,30275.513925700914,63.250580758918474,22.94417851647691
top,bottom,4,cspace,notebook,ipopt,all,True,0.0,1.0,1493919170,True,0.13252496719360352,38,0.6181645393371582,15,15,4.879705043198007,,3.1993014115460015,11.883510060739754,46.06674388719112,0.08415022117949464,60.36242079734802,False,SolutionResult.kSolverSpecificError,3,0.12689891298901915,0.7978089268158023,1.5080045092019476,6.314039956979592,1.0,1.0,0.0,0.0,,1.7779584066994887,1.0006119244850495,1.1581535777724163,0.4322900976517451,0.9999964280784632,0.6725,0.273407778957368,0.1325,0.22516139066110866,0.0,acceleration,252.18550227786375,54.347849070878524,23334.51938088982,50.98271721687038,21.189952744293713
top,bottom,4,kinetic,notebook,ipopt,all,True,0.0,1.0,1493919170,True,0.13252496719360352,38,0.6181645393371582,15,15,4.879705043198007,,3.1993014115460015,11.883510060739754,46.06674388719112,0.02170763365539387,60.29194760322571,False,SolutionResult.kSolverSpecificError,3,0.12743120059811155,0.8785675116880552,1.6038174206703715,5.870340481190483,1.0,1.0,0.0,0.0,,1.6271470447905854,1.0006961232596288,1.1764189311308775,0.42842600577963114,0.9999856024815905,0.665,0.46610869512319536,0.1825,0.2217829070411793,0.0,acceleration,272.77933738207156,65.32212013669721,20137.99235934436,52.42219198051957,29.43661959636061
top,bottom,4,parameterized,tight,ipopt,all,True,0.0,1.0,1493919170,True,0.13252496719360352,38,0.6181645393371582,15,15,4.879705043198007,,3.1993014115460015,11.883510060739754,46.06674388719112,0.3125682364253292,15.58973503112793,True,SolutionResult.kSolutionFound,0,0.17080302699041516,0.5464503653467634,4.219815066967905,17.24837098470702,0.994,0.994,0.0,3.243904579397494e-05,,3.346650241295925,1.0020769440662411,1.2017517827109654,0.3451949501645828,1.0000380801277973,0.7275,0.1867222215466645,0.1675,0.2139841391065857,0.0,acceleration,302.9208389754847,80.90415962733236,30657.669818242306,63.20253503997492,22.36924435234097
top,bottom,4,cspace,tight,ipopt,all,True,0.0,1.0,1493919170,True,0.13252496719360352,38,0.6181645393371582,15,15,4.879705043198007,,3.1993014115460015,11.883510060739754,46.06674388719112,0.08415022117949464,120.37116599082947,False,SolutionResult.kSolverSpecificError,3,0.1268933717185594,0.796679510952419,1.50793865945869,6.311408311333199,1.0,1.0,0.0,0.0,,1.7774925881780326,1.0006138517079683,1.1595557225106812,0.42989189680440804,0.9999958934158778,0.6675,0.2725988421571804,0.1475,0.22548768565862626,0.0,acceleration,251.99719038293597,54.80376173910773,23298.077502618416,50.9623399385652,21.187628659859584
top,bottom,4,kinetic,tight,ipopt,all,True,0.0,1.0,1493919170,True,0.13252496719360352,38,0.6181645393371582,15,15,4.879705043198007,,3.1993014115460015,11.883510060739754,46.06674388719112,0.02170763365539387,120.18446373939514,False,SolutionResult.kSolverSpecificError,3,0.12737225122809587,0.8798650198474713,1.605381688119476,5.86762487565966,1.0,1.0,0.0,0.0,,1.6240832644547845,1.0006869873385582,1.1745533172796936,0.4332608274190012,0.9999833918472893,0.665,0.4644550036233557,0.1775,0.22185855826824302,0.0,acceleration,271.2127828472344,65.07166771897607,20054.008428714817,52.39395098018552,29.376762123943585
top,bottom,6,parameterized,notebook,ipopt,all,True,0.0,1.0,923075822,True,0.2860867977142334,48,0.6755936145782471,27,27,6.8454312759483935,,2.5055994703691575,5.348530291779243,17.346476223371422,0.39910608691686345,9.009704351425171,True,SolutionResult.kSolutionFound,5,0.1156424544987247,0.28975367274419384,2.0265386060832893,8.35624945336205,0.996,0.996,0.0,0.0,,3.3126933449840212,1.0048386370989315,1.3767435727822739,0.34478484131289516,0.9999793401278008,0.72,0.17701637717015592,0.1575,0.21183404705140244,0.0,acceleration,299.5802386476205,79.37204008259135,30637.990898475444,63.125024894507966,23.01115808286685
top,bottom,6,cspace,notebook,ipopt,all,True,0.0,1.0,923075822,True,0.2860867977142334,48,0.6755936145782471,27,27,6.8454312759483935,,2.5055994703691575,5.348530291779243,17.346476223371422,0.1869672499634175,60.1753294467926,False,SolutionResult.kSolverSpecificError,3,0.16650112932682729,0.4919495575001062,0.8905363338199886,3.2256720678592523,1.0,1.0,0.0,0.0,,1.7557981165451408,1.001227158659645,1.3767391247608929,0.3692879673033394,0.9999006300598878,0.6225,0.5659403308384263,0.1925,0.20047148145858995,0.0,acceleration,273.5637749658381,65.36143314928967,19397.562667948252,49.38868369294887,21.585307097794267
top,bottom,6,kinetic,notebook,ipopt,all,True,0.0,1.0,923075822,True,0.2860867977142334,48,0.6755936145782471,27,27,6.8454312759483935,,2.5055994703691575,5.348530291779243,17.346476223371422,0.05764859601010321,60.277892112731934,False,SolutionResult.kSolverSpecificError,3,0.2169543999074087,0.7062744133395611,1.2348064676812776,3.7633943395496803,1.0,1.0,0.0,0.0,,1.7651726074193141,1.0012982296376922,1.4788656005772867,0.880555475041424,0.9999508899027648,0.7075,0.6036947490222562,0.105,0.24049460668438427,0.0,acceleration,287.82562043623994,74.06368772325506,19582.719395389555,57.44040681816681,24.904856768843533
top,bottom,6,parameterized,tight,ipopt,all,True,0.0,1.0,923075822,True,0.2860867977142334,48,0.6755936145782471,27,27,6.8454312759483935,,2.5055994703691575,5.348530291779243,17.346476223371422,0.39910608691686345,29.641530990600586,True,SolutionResult.kSolutionFound,0,0.11449682107905804,0.2868831742546353,1.9689101524439532,8.067195087511658,0.998,0.998,0.0,4.871451444898867e-06,,3.246833723985,1.004310963279261,1.414226862709496,0.336896514005394,0.9999958134068144,0.71,0.1939835497517485,0.1475,0.21272876985425954,0.0,acceleration,297.9727671357068,78.27602581182958,30074.986947406094,62.14146380333447,22.251825777054364
top,bottom,6,cspace,tight,ipopt,all,True,0.0,1.0,923075822,True,0.2860867977142334,48,0.6755936145782471,27,27,6.8454312759483935,,2.5055994703691575,5.348530291779243,17.346476223371422,0.1869672499634175,120.25645661354065,False,SolutionResult.kSolverSpecificError,3,0.14978215682146062,0.4283028781952963,0.8011144029276113,2.9969747934337967,0.998,0.998,0.0,0.0,,1.6999012323925422,1.0006251204157721,1.3211883961131912,0.39120206508726135,0.9999356581626886,0.5875,0.34919357874407586,0.15,0.1925630212507228,0.0,acceleration,257.281378706204,57.393841206404886,19398.67737925805,48.103819890439766,22.183500950556738
top,bottom,6,kinetic,tight,ipopt,all,True,0.0,1.0,923075822,True,0.2860867977142334,48,0.6755936145782471,27,27,6.8454312759483935,,2.5055994703691575,5.348530291779243,17.346476223371422,0.05764859601010321,120.02319002151489,False,SolutionResult.kSolverSpecificError,3,0.1756131157205586,0.47213745449626987,0.855376800810732,3.0462687363588437,0.996,0.996,0.0,0.0,,1.700342734005092,1.0005259441007082,1.349503305556158,0.4783565885114537,0.999858978811931,0.57,0.3591258250245088,0.165,0.20164168935195018,0.0,acceleration,263.2912093357613,60.297031597474486,19975.710999037383,49.497505985799506,29.062644278366147
top,bottom,8,parameterized,notebook,ipopt,all,True,0.0,1.0,1354574313,True,0.292696475982666,33,0.44843149185180664,13,13,3.907842253073776,,2.1177386476973306,4.717153020767125,20.09263381963747,0.4722017993520233,10.94371771812439,True,SolutionResult.kSolutionFound,5,0.30073316411873485,0.636874244298546,3.8841507209433535,15.91791777405781,1.0,1.0,0.0,2.1843478421157414e-05,,3.019033805234495,1.0010763222490662,1.1725236805385062,0.3473888174107525,1.0000150583046747,0.7025,0.18051053234566775,0.225,0.20917740475910537,0.0,acceleration,288.04753475453447,73.48559517884445,27861.699042889617,59.89099856935365,19.95257769983959
top,bottom,8,cspace,notebook,ipopt,all,True,0.0,1.0,1354574313,True,0.292696475982666,33,0.44843149185180664,13,13,3.907842253073776,,2.1177386476973306,4.717153020767125,20.09263381963747,0.21199227491614753,49.1387882232666,True,SolutionResult.kSolutionFound,5,0.3734280214556208,0.9427131056750546,1.7615171194484722,6.823408144109372,0.996,0.996,0.0,0.0,,1.6573729948128104,1.0005692297537738,1.12628684615154,0.43730052777572953,1.0000002024404013,0.6425,0.37256388452281186,0.1975,0.20444002761946534,0.0,acceleration,256.3656910575223,56.7171638214744,19724.77361227794,50.19455799058436,25.567153723341747
top,bottom,8,kinetic,notebook,ipopt,all,True,0.0,1.0,1354574313,True,0.292696475982666,33,0.44843149185180664,13,13,3.907842253073776,,2.1177386476973306,4.717153020767125,20.09263381963747,0.049769483133796685,57.08125925064087,True,SolutionResult.kSolutionFound,5,0.3293480079920608,0.9561607005385007,1.8035344433150382,6.617468923811511,0.996,0.996,0.0,0.0,,1.591403387393257,1.0006342345643549,1.122251857215763,0.42859088650504457,0.9999985306248376,0.665,0.3898197459059921,0.1875,0.1990282669312349,0.0,acceleration,259.54395701351683,58.29486293780788,18562.532242826186,51.529819714998126,28.33870391640168
top,bottom,8,parameterized,tight,ipopt,all,True,0.0,1.0,1354574313,True,0.292696475982666,33,0.44843149185180664,13,13,3.907842253073776,,2.1177386476973306,4.717153020767125,20.09263381963747,0.4722017993520233,16.884337425231934,True,SolutionResult.kSolutionFound,0,0.3007330938771207,0.6368740955451628,3.885028162978044,15.922057801249931,1.0,1.0,0.0,2.188082171183936e-05,,3.019528399929212,1.0010769182775632,1.1725384409028077,0.3473481738906456,1.0000148343235746,0.7025,0.18048281980612657,0.225,0.20918193029427712,0.0,acceleration,288.07469309712184,73.4864232905037,27867.79003163678,59.895554897532854,19.947954610145334
top,bottom,8,cspace,tight,ipopt,all,True,0.0,1.0,1354574313,True,0.292696475982666,33,0.44843149185180664,13,13,3.907842253073776,,2.1177386476973306,4.717153020767125,20.09263381963747,0.21199227491614753,120.02041530609131,False,SolutionResult.kSolverSpecificError,3,0.373395933484943,0.943104941366339,1.7613657555806588,6.830782790669624,0.996,0.996,0.0,0.0,,1.657467445796621,1.0005782149372813,1.127363627807609,0.4367573804957302,1.0000000531424997,0.64,0.37919664185660285,0.195,0.20552152092399711,0.0,acceleration,255.84361895204083,56.33259813886629,19793.244320720183,50.249423952553066,25.75884089297037
top,bottom,8,kinetic,tight,ipopt,all,True,0.0,1.0,1354574313,True,0.292696475982666,33,0.44843149185180664,13,13,3.907842253073776,,2.1177386476973306,4.717153020767125,20.09263381963747,0.049769483133796685,105.09374690055847,True,SolutionResult.kSolutionFound,5,0.3292799696552967,0.9527067759409105,1.803821367202905,6.616101854425217,0.996,0.996,0.0,0.0,,1.598075646843113,1.0006273820915834,1.1209915706310158,0.4247194733268092,0.9999993991852403,0.6725,0.38919507579712165,0.1775,0.19945911850623108,0.0,acceleration,259.0908704334201,58.9532305903802,18504.19843823883,51.23945954994089,28.0102646126116
top,middle,1,parameterized,notebook,ipopt,all,True,0.0,1.0,1812061588,True,0.19294261932373047,41,0.4109151363372803,17,17,4.4699085122182405,,1.4814223127255748,5.671495343699293,21.043101174212765,0.6750269598411567,9.321915864944458,True,SolutionResult.kSolutionFound,5,0.22315667521311228,0.3305892778943544,1.7348214848477475,6.748414091287158,1.0,1.0,0.0,2.8550910867064516e-05,,2.3074469259460937,1.0015263583878065,1.2348844666407546,0.29826709691481507,1.0000006215666797,0.7275,0.17366102756014373,0.165,0.20711930141801518,0.0,acceleration,205.72769537936347,68.04094331702058,22444.29552641754,44.96091660855241,19.023339378578925
top,middle,1,cspace,notebook,ipopt,all,True,0.0,1.0,1812061588,True,0.19294261932373047,41,0.4109151363372803,17,17,4.4699085122182405,,1.4814223127255748,5.671495343699293,21.043101174212765,0.1763203422375975,60.30764365196228,False,SolutionResult.kSolverSpecificError,3,0.1581150105513145,0.4538360066913933,0.896748546110745,3.322771852203926,1.0,1.0,0.0,0.0,,1.4858851998345564,1.0006688749678716,1.209236470491964,0.3783189006678129,0.9995957904823927,0.52,0.7086384475025196,0.2,0.21299477133464773,0.0,acceleration,199.11848004670784,64.06553482808309,19335.189318696248,37.997787707873684,24.069850106020382
top,middle,1,kinetic,notebook,ipopt,all,True,0.0,1.0,1812061588,True,0.19294261932373047,41,0.4109151363372803,17,17,4.4699085122182405,,1.4814223127255748,5.671495343699293,21.043101174212765,0.047521512714364,60.11970233917236,False,SolutionResult.kSolverSpecificError,3,0.15093103981456704,0.4959069783255292,0.9397983849255417,3.1760571411470693,1.0,1.0,0.0,0.0,,1.425558688713766,1.0005414287997603,1.2067713623342047,0.32712703190803366,0.9996672565466418,0.5275,0.6940610796163185,0.2375,0.21313726460879298,0.0,acceleration,198.51112008012126,64.38883871310642,17144.14876329906,37.74323355126584,23.107395154191305
top,middle,1,parameterized,tight,ipopt,all,True,0.0,1.0,1812061588,True,0.19294261932373047,41,0.4109151363372803,17,17,4.4699085122182405,,1.4814223127255748,5.671495343699293,21.043101174212765,0.6750269598411567,16.27588939666748,True,SolutionResult.kSolutionFound,5,0.22311382356290094,0.3305257965035995,1.7282074932217457,6.70447791610394,1.0,1.0,0.0,3.538710177330984e-05,,2.2987154380449106,1.001519895981523,1.2355878087490388,0.30245909604013116,1.0000036900370268,0.7275,0.1776212871114417,0.19,0.2071582279086766,0.0,acceleration,206.32223366650467,68.00304203534975,22426.702164058628,44.90602179199547,19.455221649594744
top,middle,1,cspace,tight,ipopt,all,True,0.0,1.0,1812061588,True,0.19294261932373047,41,0.4109151363372803,17,17,4.4699085122182405,,1.4814223127255748,5.671495343699293,21.043101174212765,0.1763203422375975,120.37667965888977,False,SolutionResult.kSolverSpecificError,3,0.15789117764621666,0.45118714657076686,0.8954790788317162,3.298389844147201,1.0,1.0,0.0,0.0,,1.4828868907774169,1.0006136855911019,1.205272467309508,0.376623978285457,0.9992011906470102,0.52,0.7476901531336562,0.225,0.21387568093602813,0.0,acceleration,198.47553583943605,64.1830493685096,19070.34794801064,37.703559029080246,23.80948724385177
top,middle,1,kinetic,tight,ipopt,all,True,0.0,1.0,1812061588,True,0.19294261932373047,41,0.4109151363372803,17,17,4.4699085122182405,,1.4814223127255748,5.671495343699293,21.043101174212765,0.047521512714364,120.1969358921051,False,SolutionResult.kSolverSpecificError,3,0.14866800435270316,0.47573168168571134,0.9194284601614487,3.1284358569622372,1.0,1.0,0.0,0.0,,1.4097069670021343,1.000528466967204,1.1942917943939433,0.35029029236065,0.9997993617961964,0.525,0.6419770719460034,0.2425,0.20814379643263375,0.0,acceleration,201.81023530212326,65.91115917565915,16693.01271135664,37.38003964318358,22.95980997888649
top,middle,3,parameterized,notebook,ipopt,all,True,0.0,1.0,34585784,True,0.08335733413696289,29,0.5151886940002441,14,14,3.4933868981716802,,1.8653072979458643,3.3971546508527934,12.915493923535909,0.5361046949750488,4.121124505996704,True,SolutionResult.kSolutionFound,5,0.22659680198738238,0.4226726684382607,2.9281777573093626,11.885693737991065,0.998,0.998,0.0,3.070999620158332e-05,,2.8806395707160255,1.0011774673333698,1.170028286375153,0.2805973923708348,0.9999915456632194,0.7675,0.14271921230832552,0.1375,0.21283039985256236,0.0,acceleration,222.62699991479394,76.53951511689021,26841.117628452448,49.50334080956014,15.022895527120493
top,middle,3,cspace,notebook,ipopt,all,True,0.0,1.0,34585784,True,0.08335733413696289,29,0.5151886940002441,14,14,3.4933868981716802,,1.8653072979458643,3.3971546508527934,12.915493923535909,0.2943639906852543,60.03283214569092,False,SolutionResult.kSolverSpecificError,3,0.32004848464563207,0.5644478645932776,1.087254198112298,3.807434942129072,0.998,0.998,0.0,0.0,,1.4348882843525286,1.0004439538148897,1.1399885045728488,0.31204690087116727,0.9999124940588668,0.5475,0.4007717636551711,0.2225,0.21357147342218902,0.0,acceleration,188.79798457334857,59.040525322356466,16856.899204060443,36.383588049733575,18.486445639148958
top,middle,3,kinetic,notebook,ipopt,all,True,0.0,1.0,34585784,True,0.08335733413696289,29,0.5151886940002441,14,14,3.4933868981716802,,1.8653072979458643,3.3971546508527934,12.915493923535909,0.07742638461373123,60.10018587112427,False,SolutionResult.kSolverSpecificError,3,0.2962275006266548,0.6052248740547932,1.1409251734427015,3.82592448432779,1.0,1.0,0.0,0.0,,1.4134389471199529,1.0006454557262097,1.123157360468619,0.37051851099284316,0.9999170876563025,0.5475,0.5217677348866555,0.235,0.20881160729700393,0.0,acceleration,195.98454721862623,63.0465642457136,16343.658242518624,36.99713388713127,20.553011558653157
top,middle,3,parameterized,tight,ipopt,all,True,0.0,1.0,34585784,True,0.08335733413696289,29,0.5151886940002441,14,14,3.4933868981716802,,1.8653072979458643,3.3971546508527934,12.915493923535909,0.5361046949750488,13.000970840454102,True,SolutionResult.kSolutionFound,5,0.22650994526172788,0.4225106539540223,2.889441060502458,11.70158596052937,0.996,0.996,0.0,8.697735356921754e-05,,2.8451084096673482,1.0012058374551878,1.1736765279010313,0.2806119204111648,0.9999975255133131,0.7675,0.16002569971116942,0.1275,0.21356563134359396,0.0,acceleration,221.73679564618635,76.06859941078618,26613.66939226697,49.33257816505778,15.155222343788761
top,middle,3,cspace,tight,ipopt,all,True,0.0,1.0,34585784,True,0.08335733413696289,29,0.5151886940002441,14,14,3.4933868981716802,,1.8653072979458643,3.3971546508527934,12.915493923535909,0.2943639906852543,120.10235691070557,False,SolutionResult.kSolverSpecificError,3,0.32004134491213726,0.5642526757833486,1.08722994333345,3.8068249312760982,0.998,0.998,0.0,0.0,,1.4352169276393996,1.0004423586622548,1.1399649728200567,0.3122260980877786,0.9999122168507436,0.5475,0.40610970099416566,0.2225,0.21375149804116955,0.0,acceleration,188.75267530665135,58.97075014730271,16861.81225310832,36.36988949231031,18.44415944609375
top,middle,3,kinetic,tight,ipopt,all,True,0.0,1.0,34585784,True,0.08335733413696289,29,0.5151886940002441,14,14,3.4933868981716802,,1.8653072979458643,3.3971546508527934,12.915493923535909,0.07742638461373123,120.28635811805725,False,SolutionResult.kSolverSpecificError,3,0.2943671256343817,0.590890087236743,1.1249349724639202,3.8018968224195877,1.0,1.0,0.0,0.0,,1.4059241876235886,1.000411520266313,1.128822347549268,0.37536237632019864,0.9999338726518096,0.5575,0.5542027055352367,0.2425,0.20864714020151498,0.0,acceleration,197.7038312895457,63.63720786094173,16302.89370056993,36.860161368313385,21.395122742591383
top,middle,0,parameterized,notebook,ipopt,all,True,0.0,1.0,453438722,True,0.1095738410949707,27,0.44927382469177246,16,16,3.9752523600215075,,1.1707174605855868,3.090520589778436,13.341808619071141,0.8541770612183449,14.698382377624512,True,SolutionResult.kSolutionFound,5,0.3005145097655576,0.3518175837418553,1.8189577023522716,7.105154286682946,1.0,1.0,0.0,7.56158403363294e-05,,2.3132167467103164,1.0013020342019792,1.215133381600703,0.3123189456521623,1.0000036732878905,0.73,0.17296343714437817,0.18,0.20815996069767662,0.0,acceleration,206.76705469203063,68.64015202932643,22579.215643216437,45.21687560754104,18.877255423475127
top,middle,0,cspace,notebook,ipopt,all,True,0.0,1.0,453438722,True,0.1095738410949707,27,0.44927382469177246,16,16,3.9752523600215075,,1.1707174605855868,3.090520589778436,13.341808619071141,0.3235700817873184,60.01953935623169,False,SolutionResult.kSolverSpecificError,3,0.3067674700275853,0.4815541353947498,0.9480711823944917,3.5243052500227763,0.998,0.998,0.0,0.0,,1.4821352363309916,1.0005260152619568,1.1877369547194403,0.3807884120789321,0.9997480115029711,0.5225,0.6370388413870507,0.2175,0.21126544319910218,0.0,acceleration,196.70505987028452,63.51770535630473,19023.536713571364,37.77984479233662,21.942384993294972
top,middle,0,kinetic,notebook,ipopt,all,True,0.0,1.0,453438722,True,0.1095738410949707,27,0.44927382469177246,16,16,3.9752523600215075,,1.1707174605855868,3.090520589778436,13.341808619071141,0.0749523568019536,60.16338229179382,False,SolutionResult.kSolverSpecificError,3,0.2492398734913243,0.5032433078902995,0.9725674421177948,3.3253106923627516,1.0,1.0,0.0,0.0,,1.4189735682305624,1.0005031034780807,1.1886347001137547,0.34650450351573336,0.9997534232819449,0.53,0.6319741504589189,0.22,0.20814883552770985,0.0,acceleration,200.8372974616832,65.37173366983293,16848.054432590652,36.90772910312951,21.23736080650748
top,middle,0,parameterized,tight,ipopt,all,True,0.0,1.0,453438722,True,0.1095738410949707,27,0.44927382469177246,16,16,3.9752523600215075,,1.1707174605855868,3.090520589778436,13.341808619071141,0.8541770612183449,23.36394214630127,True,SolutionResult.kSolutionFound,0,0.3005144961875193,0.3518175678458134,1.8188843657686868,7.104829969704472,1.0,1.0,0.0,7.564076498223216e-05,,2.3131541939889657,1.0013019483233339,1.2151286249557163,0.31228760023379903,1.0000037107532465,0.73,0.17293825810788938,0.1825,0.2081600200337328,0.0,acceleration,206.7798777398578,68.63531483749506,22580.22391324275,45.21646912661912,18.87476668593004
top,middle,0,cspace,tight,ipopt,all,True,0.0,1.0,453438722,True,0.1095738410949707,27,0.44927382469177246,16,16,3.9752523600215075,,1.1707174605855868,3.090520589778436,13.341808619071141,0.3235700817873184,120.07497501373291,False,SolutionResult.kSolverSpecificError,3,0.306381782885521,0.47987888167546544,0.9468792083407291,3.4970053461193977,0.998,0.998,0.0,0.0,,1.477282367781421,1.0005983984039215,1.189571668789702,0.3801653725030607,0.9997495744805629,0.52,0.7194778418401145,0.225,0.21106791023524563,0.0,acceleration,196.44895863185394,62.62652491509455,18861.621936436903,37.52852989295616,21.272277886277596
top,middle,0,kinetic,tight,ipopt,all,True,0.0,1.0,453438722,True,0.1095738410949707,27,0.44927382469177246,16,16,3.9752523600215075,,1.1707174605855868,3.090520589778436,13.341808619071141,0.0749523568019536,120.38887524604797,False,SolutionResult.kSolverSpecificError,3,0.24760464855066816,0.4993777972796236,0.9677368209325751,3.3034938341553852,1.0,1.0,0.0,0.0,,1.4144528794310798,1.0004392052411404,1.1809934059405711,0.3445146470375109,0.9998618656729845,0.5475,0.5557277963856506,0.2425,0.20993010122922448,0.0,acceleration,198.26220834235474,63.92820119856253,16619.108603332694,36.807358776709805,21.3813628423034
top,middle,2,parameterized,notebook,ipopt,all,True,0.0,1.0,1963494446,True,0.11034154891967773,25,0.5305161476135254,22,22,5.886202175369215,,1.300668746516617,4.851355941082392,18.091886661603493,0.7688352646883749,11.906193017959595,True,SolutionResult.kSolutionFound,5,0.1922092993547628,0.2500006284605954,1.3148719637662623,5.1580175829071315,0.998,0.998,0.0,0.0,,2.357328357498544,1.0023263760466734,1.3171561507018754,0.34601115551118017,0.999979933349974,0.7375,0.17165052698902317,0.1575,0.20891736438407976,0.0,acceleration,207.28046871374164,69.19321666774607,22868.20917303156,45.476169633459875,18.145851190500835
top,middle,2,cspace,notebook,ipopt,all,True,0.0,1.0,1963494446,True,0.11034154891967773,25,0.5305161476135254,22,22,5.886202175369215,,1.300668746516617,4.851355941082392,18.091886661603493,0.20612793869272117,60.353161573410034,False,SolutionResult.kSolverSpecificError,3,0.1464039294310684,0.36911197928724493,0.7102575728432211,2.5854271130557716,1.0,1.0,0.0,0.0,,1.4709685920635924,1.0007546338942954,1.280367311907518,0.46283660908239754,0.9848654377506674,0.4975,0.755492057469368,0.2175,0.23292057710992153,0.0,acceleration,206.18436381183685,68.1500989611677,19889.962537507854,38.96554707416318,28.119771801383628
top,middle,2,kinetic,notebook,ipopt,all,True,0.0,1.0,1963494446,True,0.11034154891967773,25,0.5305161476135254,22,22,5.886202175369215,,1.300668746516617,4.851355941082392,18.091886661603493,0.05527339512480505,60.23207402229309,False,SolutionResult.kSolverSpecificError,3,0.1941258131105571,0.711074116314078,1.1855657533224224,3.5121022088878204,1.0,1.0,0.0,0.0,,1.7534245006345284,1.001093375354606,1.2182958720235932,0.6390905010442194,0.810789887229932,0.295,0.9490749212199228,0.275,0.25120273008687244,0.0,acceleration,263.4145591159182,97.7682095988795,22120.986758414325,41.091109846856185,22.553084918717257
top,middle,2,parameterized,tight,ipopt,all,True,0.0,1.0,1963494446,True,0.11034154891967773,25,0.5305161476135254,22,22,5.886202175369215,,1.300668746516617,4.851355941082392,18.091886661603493,0.7688352646883749,21.560266733169556,True,SolutionResult.kSolutionFound,5,0.19209253060408693,0.2498487509960181,1.3030660009138015,5.090350235894624,0.998,0.998,0.0,1.9363036322328497e-05,,2.336711442568609,1.0022405971978379,1.3145070313950735,0.35277925507509794,0.9999972028074954,0.7325,0.17475256158044733,0.155,0.20845669826263927,0.0,acceleration,207.89908639189665,69.0824560582773,22778.222170640234,45.33156287259861,18.543593697466374
top,middle,2,cspace,tight,ipopt,all,True,0.0,1.0,1963494446,True,0.11034154891967773,25,0.5305161476135254,22,22,5.886202175369215,,1.300668746516617,4.851355941082392,18.091886661603493,0.20612793869272117,120.12118172645569,False,SolutionResult.kSolverSpecificError,3,0.144728854206201,0.35962960989444276,0.7021311866993009,2.578590407138718,1.0,1.0,0.0,0.0,,1.4720853071019577,1.0007094202938882,1.295154770558388,0.4768113592178179,0.9872714566939169,0.4975,0.7494442685591733,0.22,0.2179211908947608,0.0,acceleration,207.53570169669547,68.60235795980137,19904.74564131751,39.172530273990404,28.46830284989625
top,middle,2,kinetic,tight,ipopt,all,True,0.0,1.0,1963494446,True,0.11034154891967773,25,0.5305161476135254,22,22,5.886202175369215,,1.300668746516617,4.851355941082392,18.091886661603493,0.05527339512480505,120.19884061813354,False,SolutionResult.kSolverSpecificError,3,0.1258674823141205,0.35906608522985983,0.6779048551000775,2.277180224408451,1.0,1.0,0.0,0.0,,1.4039723508874034,1.000214535467074,1.2233697089245488,0.37591021031368843,0.9999477920979059,0.5725,0.49570597910542524,0.1375,0.2114767295871519,0.0,acceleration,194.11640329765558,61.91956504152345,16193.880500438947,36.57734313342322,20.475004768597692
top,bottom,9,parameterized,notebook,ipopt,all,True,0.0,1.0,666507647,True,0.25167107582092285,40,1.018322467803955,17,17,4.366362590179977,,3.359552875971882,6.888480246966244,25.179687449359623,0.29765865783871936,23.199918508529663,True,SolutionResult.kSolutionFound,5,0.14118388302310672,0.47431472025115307,2.798594279528349,11.46521071633543,1.0,1.0,0.0,4.61051212767849e-05,,2.9993600990028244,1.0017252716902951,1.235218250607932,0.3485572591562704,0.9999946214511534,0.7,0.18168137431467102,0.2025,0.21067024084139613,0.0,acceleration,288.0077864783313,72.97493902871193,27893.657810550114,59.72816044884945,20.42076326863395
top,bottom,9,cspace,notebook,ipopt,all,True,0.0,1.0,666507647,True,0.25167107582092285,40,1.018322467803955,17,17,4.366362590179977,,3.359552875971882,6.888480246966244,25.179687449359623,0.14516990165434676,60.06897473335266,False,SolutionResult.kSolverSpecificError,3,0.1848238118061475,0.6786403847282035,1.2731551767956542,5.148728190891403,1.0,1.0,0.0,0.0,,1.6932007321717213,1.0007252213968096,1.1874812802982435,0.3944540603488927,0.9999975075689256,0.665,0.3366548899642608,0.165,0.2187687350872738,0.0,acceleration,255.895934368506,56.835314884659894,22025.18336238004,51.2138458022436,23.493388055846097
top,bottom,9,kinetic,notebook,ipopt,all,True,0.0,1.0,666507647,True,0.25167107582092285,40,1.018322467803955,17,17,4.366362590179977,,3.359552875971882,6.888480246966244,25.179687449359623,0.039714551739816466,60.451393127441406,False,SolutionResult.kSolverSpecificError,3,0.20022481035750217,0.7635591869909869,1.3841874014351991,5.041598144409208,1.0,1.0,0.0,0.0,,1.6473550109736903,1.0008384606861833,1.1888378441111958,0.43719710459264344,0.9999915680754647,0.6575,0.4952547086805983,0.17,0.21577804231345,0.0,acceleration,275.44632022306297,66.92669617025426,20104.15277524977,51.749128905409876,33.587102132079345
top,bottom,9,parameterized,tight,ipopt,all,True,0.0,1.0,666507647,True,0.25167107582092285,40,1.018322467803955,17,17,4.366362590179977,,3.359552875971882,6.888480246966244,25.179687449359623,0.29765865783871936,27.689245462417603,True,SolutionResult.kSolutionFound,0,0.14118387710358693,0.47431470036421647,2.798164206438062,11.463060276175078,1.0,1.0,0.0,4.612397798187118e-05,,2.998992258880777,1.001726281408188,1.2352063218702387,0.34855581283018133,0.9999944034411213,0.7,0.18173277911994137,0.2025,0.21064851413259433,0.0,acceleration,288.00298374598316,72.97509026060072,27889.958692563057,59.723966158073175,20.42291228363892
top,bottom,9,cspace,tight,ipopt,all,True,0.0,1.0,666507647,True,0.25167107582092285,40,1.018322467803955,17,17,4.366362590179977,,3.359552875971882,6.888480246966244,25.179687449359623,0.14516990165434676,120.32647037506104,False,SolutionResult.kSolverSpecificError,3,0.18472652609374307,0.678689453571646,1.2724850260874434,5.137751302747142,1.0,1.0,0.0,0.0,,1.6883331632797676,1.0007750465168095,1.1894016924070632,0.40054455702004177,0.9999962515614982,0.6675,0.34618888254045943,0.1725,0.21756598339194128,0.0,acceleration,256.7726807128158,57.15765830740962,21968.020519255882,51.30864564572734,24.147330528054315
top,bottom,9,kinetic,tight,ipopt,all,True,0.0,1.0,666507647,True,0.25167107582092285,40,1.018322467803955,17,17,4.366362590179977,,3.359552875971882,6.888480246966244,25.179687449359623,0.039714551739816466,120.06358909606934,False,SolutionResult.kSolverSpecificError,3,0.19766966571899855,0.7356365621430441,1.3590418728211155,4.977260401023781,1.0,1.0,0.0,0.0,,1.6486127116649438,1.0007645971394061,1.1882485231637112,0.5148682889311548,0.9999913667880261,0.6575,0.5204489425268048,0.1675,0.20990573364149503,0.0,acceleration,271.90223078276426,64.48869306924693,20208.205368405135,51.17790236428916,34.39138742388668
top,middle,6,parameterized,notebook,ipopt,all,True,0.0,1.0,1919240247,True,0.16627144813537598,43,0.6170797348022461,17,17,5.3955423979027675,,2.0886484964569005,13.175604870664106,50.44834235186612,0.47877850279564027,5.7714927196502686,True,SolutionResult.kSolutionFound,5,0.15836212449870413,0.3307628132299423,1.7550708224787859,6.8608410825804045,1.0,1.0,0.0,0.0,,2.3364193483476194,1.0015144817483714,1.232973434599963,0.29294089341460305,1.0000013112128765,0.73,0.1789150367442831,0.1925,0.2090124810500202,0.0,acceleration,206.3507433692863,68.22406904746292,22583.02153748689,45.1796136606803,18.324972818698097
top,middle,6,cspace,notebook,ipopt,all,True,0.0,1.0,1919240247,True,0.16627144813537598,43,0.6170797348022461,17,17,5.3955423979027675,,2.0886484964569005,13.175604870664106,50.44834235186612,0.07589784376628743,60.11591100692749,False,SolutionResult.kSolverSpecificError,3,0.06767193655405074,0.4693410890636651,0.8916186968688236,3.1200271558788293,0.994,0.994,0.0,0.0,,1.4307211202372765,1.0006275879499387,1.1748419232318137,0.3293775465030221,0.9999647656649908,0.5675,0.4448000232089076,0.2075,0.21728162916178875,0.0,acceleration,190.85829145339505,60.23218756118274,16699.403381842392,36.461045538894325,20.229129366583525
top,middle,6,kinetic,notebook,ipopt,all,True,0.0,1.0,1919240247,True,0.16627144813537598,43,0.6170797348022461,17,17,5.3955423979027675,,2.0886484964569005,13.175604870664106,50.44834235186612,0.019822256854848064,60.00912570953369,False,SolutionResult.kSolverSpecificError,3,0.06140329826808409,0.4774437518572729,0.906942415278632,3.0976946125620546,1.0,1.0,0.0,0.0,,1.4228044157018929,1.0004769915643266,1.2018086251763083,0.3358043656728612,0.9998909577203228,0.5525,0.4761504532542452,0.215,0.22125185759276988,0.0,acceleration,194.42101607731033,62.23928954781259,16517.794439108307,37.16180678837755,19.23806317255333
top,middle,6,parameterized,tight,ipopt,all,True,0.0,1.0,1919240247,True,0.16627144813537598,43,0.6170797348022461,17,17,5.3955423979027675,,2.0886484964569005,13.175604870664106,50.44834235186612,0.47877850279564027,13.581340312957764,True,SolutionResult.kSolutionFound,0,0.15824465140031035,0.3305174532196079,1.7346962759991835,6.723290906831968,1.0,1.0,0.0,3.4664433836706365e-05,,2.300801486047103,1.0015203594048192,1.2356526315252692,0.30276297552524695,1.0000020323483505,0.7275,0.18055053604088536,0.1625,0.20759469396176575,0.0,acceleration,206.32676746147854,68.67521667535178,22394.361262189155,44.92666722435892,19.436223043853698
top,middle,6,cspace,tight,ipopt,all,True,0.0,1.0,1919240247,True,0.16627144813537598,43,0.6170797348022461,17,17,5.3955423979027675,,2.0886484964569005,13.175604870664106,50.44834235186612,0.07589784376628743,120.04084992408752,False,SolutionResult.kSolverSpecificError,3,0.06746649327733276,0.46816685876846487,0.888911857431453,3.0928940588182887,0.994,0.994,0.0,0.0,,1.4261370195049494,1.0006116978417678,1.172700888143452,0.32988920043873804,0.9999454157256451,0.5625,0.44711389290940085,0.2075,0.2170812283289916,0.0,acceleration,190.05455048853622,59.69510677534039,16655.471984238557,36.40770211461201,20.090198793199182
top,middle,6,kinetic,tight,ipopt,all,True,0.0,1.0,1919240247,True,0.16627144813537598,43,0.6170797348022461,17,17,5.3955423979027675,,2.0886484964569005,13.175604870664106,50.44834235186612,0.019822256854848064,120.0696382522583,False,SolutionResult.kSolverSpecificError,3,0.059841847000618745,0.46534825204426794,0.8906631023774305,3.018921984455207,1.0,1.0,0.0,0.0,,1.4189066367278942,1.000248797436884,1.1754123264007283,0.3365260970619141,0.9998976496193073,0.5625,0.4624070047639406,0.21,0.21215840937319738,0.0,acceleration,192.1400137067161,60.79820106278376,16248.336741692545,36.23667084362312,19.771160306415222
top,middle,7,parameterized,notebook,ipopt,all,True,0.0,1.0,90339489,True,0.194793701171875,39,0.44251585006713867,15,15,3.9950290391840793,,2.130651607901498,4.759477614490596,16.23728781799023,0.4693399879602611,4.535168170928955,True,SolutionResult.kSolutionFound,5,0.1843196868269238,0.39272103710568573,2.8280772766903786,11.404144391425922,1.0,1.0,0.0,0.0,,2.916653493316886,1.001535241257185,1.1871387750977083,0.2807862249621661,0.9999957639520661,0.77,0.15248888032476438,0.1225,0.21246154858589855,0.0,acceleration,222.13224304145092,76.69066432829595,26886.70812597259,49.57005305243315,13.738490431599882
top,middle,7,cspace,notebook,ipopt,all,True,0.0,1.0,90339489,True,0.194793701171875,39,0.44251585006713867,15,15,3.9950290391840793,,2.130651607901498,4.759477614490596,16.23728781799023,0.2101070917857504,57.098259925842285,True,SolutionResult.kSolutionFound,5,0.2278912007466264,0.5514038029145736,1.0846430684929513,4.0206713057613355,1.0,1.0,0.0,0.0,,1.4660517216258158,1.0006148697070627,1.1835429965176232,0.4006132876099081,0.999863416512383,0.53,0.6805964156170365,0.24,0.21944440747937066,0.0,acceleration,210.73131001968542,70.15992499485067,20047.56671378377,40.36722415718891,29.65688133266584
top,middle,7,kinetic,notebook,ipopt,all,True,0.0,1.0,90339489,True,0.194793701171875,39,0.44251585006713867,15,15,3.9950290391840793,,2.130651607901498,4.759477614490596,16.23728781799023,0.061586640035538584,60.06436824798584,False,SolutionResult.kSolverSpecificError,3,0.24361520833537406,0.6519388144104635,1.1540631672873027,3.9556502545811227,1.0,1.0,0.0,0.0,,1.4109609781619465,1.0005662021721895,1.15152797924325,0.40142649631972144,0.9998802395621119,0.54,0.4335171089874468,0.2025,0.24137353552061486,0.0,acceleration,214.34679567298738,72.23368173264129,19915.65822247236,41.556571898128574,27.755601011236667
top,middle,7,parameterized,tight,ipopt,all,True,0.0,1.0,90339489,True,0.194793701171875,39,0.44251585006713867,15,15,3.9950290391840793,,2.130651607901498,4.759477614490596,16.23728781799023,0.4693399879602611,11.7026526927948,True,SolutionResult.kSolutionFound,0,0.18419334881079363,0.39245185480848177,2.8202616716146154,11.395530570561089,1.0,1.0,0.0,1.2006959624333291e-05,,2.9125342683056745,1.001399620823592,1.1884767915300607,0.2815545136973667,0.9999979293546882,0.7675,0.14523007592014683,0.1175,0.21290852913830127,0.0,acceleration,222.84937571503522,76.47024947773306,26989.964075033768,49.72697053291764,13.40454166610253
top,middle,7,cspace,tight,ipopt,all,True,0.0,1.0,90339489,True,0.194793701171875,39,0.44251585006713867,15,15,3.9950290391840793,,2.130651607901498,4.759477614490596,16.23728781799023,0.2101070917857504,120.2274911403656,True,SolutionResult.kSolutionFound,5,0.22783059483392504,0.5508137380015541,1.0843546160081432,4.003714709525582,1.0,1.0,0.0,0.0,,1.4658524417576546,1.0005961759316189,1.1847177330682714,0.41962072358809827,0.9997835700050354,0.5275,0.7375970315591355,0.2525,0.21810454017301217,0.0,acceleration,211.6235812621674,70.81828770646962,19899.57338164988,40.16406113029329,30.249693542853446
top,middle,7,kinetic,tight,ipopt,all,True,0.0,1.0,90339489,True,0.194793701171875,39,0.44251585006713867,15,15,3.9950290391840793,,2.130651607901498,4.759477614490596,16.23728781799023,0.061586640035538584,3422.2467119693756,False,SolutionResult.kSolverSpecificError,3,0.24162167790601868,0.6309407876555231,1.1349350121375426,3.923280727225756,1.0,1.0,0.0,0.0,,1.4101166949665187,1.000582836894669,1.186347304705288,0.41560221697104194,0.9998731769600111,0.5425,0.47825744993361186,0.2025,0.2369471135735149,0.0,acceleration,215.85154828620486,73.1603274329807,19893.268325662382,41.35934027956126,29.065380616722617
top,middle,5,parameterized,notebook,ipopt,all,True,0.0,1.0,1802246541,True,0.21835112571716309,35,0.6217410564422607,17,17,4.820234593809579,,2.1597148155334946,5.819530463190786,25.95306126320613,0.46302409596286404,14.09928846359253,True,SolutionResult.kSolutionFound,5,0.15457888616688575,0.3338463106232844,1.7790580662708044,6.810931335328943,0.998,0.998,0.0,0.0,,2.2646239961979533,1.001606091189036,1.241306909376328,0.34418638383169775,0.9999937637785645,0.7,0.18867194204641582,0.1825,0.20811083572945016,0.0,acceleration,206.07581696362735,67.83623417861334,22371.645627110458,44.38354152598899,21.945354351511885
top,middle,5,cspace,notebook,ipopt,all,True,0.0,1.0,1802246541,True,0.21835112571716309,35,0.6217410564422607,17,17,4.820234593809579,,2.1597148155334946,5.819530463190786,25.95306126320613,0.17183516888950365,60.27415466308594,False,SolutionResult.kSolverSpecificError,3,0.1568941627722765,0.4633709265166377,0.9130503597500768,3.470389674133342,1.0,1.0,0.0,0.0,,1.4886146963102498,1.0007040102974085,1.211190309107474,0.39418212264140784,0.9997025149737278,0.5225,0.7303210651682174,0.215,0.21269078053736296,0.0,acceleration,207.96413865268107,69.0206387655776,19947.980111844787,39.63621435542831,25.488240271870772
top,middle,5,kinetic,notebook,ipopt,all,True,0.0,1.0,1802246541,True,0.21835112571716309,35,0.6217410564422607,17,17,4.820234593809579,,2.1597148155334946,5.819530463190786,25.95306126320613,0.03853110004474533,60.23090147972107,False,SolutionResult.kSolverSpecificError,3,0.13045989850144243,0.5324021591787718,0.960074738726703,3.3858337381995893,1.0,1.0,0.0,0.0,,1.4394539928989192,1.0005974194411997,1.1851993313270675,0.36243018071236033,0.9998400461530418,0.5325,0.48881205737946526,0.23,0.22779258764156357,0.0,acceleration,208.45646357716547,69.34434530906552,20035.802588031234,40.36454021764065,25.23457701333836
top,middle,5,parameterized,tight,ipopt,all,True,0.0,1.0,1802246541,True,0.21835112571716309,35,0.6217410564422607,17,17,4.820234593809579,,2.1597148155334946,5.819530463190786,25.95306126320613,0.46302409596286404,22.939451217651367,True,SolutionResult.kSolutionFound,5,0.15441875595426544,0.33350047503067975,1.790605364272602,6.824918602745911,0.998,0.998,0.0,2.6708263420882616e-05,,2.279413701265444,1.001724037083457,1.2504462412667452,0.3459191903925597,1.0000022287157626,0.7025,0.19046066556471125,0.2025,0.2068556865168179,0.0,acceleration,207.09171178036456,68.77542181635428,22475.253195491106,44.437744382831596,22.42228011275469
top,middle,5,cspace,tight,ipopt,all,True,0.0,1.0,1802246541,True,0.21835112571716309,35,0.6217410564422607,17,17,4.820234593809579,,2.1597148155334946,5.819530463190786,25.95306126320613,0.17183516888950365,120.16823935508728,False,SolutionResult.kSolverSpecificError,3,0.15522613461333948,0.45609542577937057,0.9033432190656827,3.3942131990005753,1.0,1.0,0.0,0.0,,1.4879363900762081,1.000629693121636,1.2118311211923016,0.38905105613708785,0.9997682018104861,0.525,0.577863680756709,0.22,0.21435681372060214,0.0,acceleration,201.70036384413004,65.75947038156575,19756.05882654372,38.56120334674405,23.411109712639558
top,middle,5,kinetic,tight,ipopt,all,True,0.0,1.0,1802246541,True,0.21835112571716309,35,0.6217410564422607,17,17,4.820234593809579,,2.1597148155334946,5.819530463190786,25.95306126320613,0.03853110004474533,3456.3766956329346,False,SolutionResult.kSolverSpecificError,3,0.12892266661365956,0.5258762150087215,0.9554519117062605,3.345937864840207,1.0,1.0,0.0,0.0,,1.42328982020444,1.0006515832918033,1.188570081269848,0.3700993437039853,0.9998283710195726,0.5375,0.3643008715937226,0.2375,0.22870780531841725,0.0,acceleration,207.7267349608466,68.94914193051542,19745.297127718986,40.560408827483485,26.336251715480888
top,middle,4,parameterized,notebook,ipopt,all,True,0.0,1.0,476784923,True,0.11504769325256348,29,0.43001651763916016,20,20,4.523993463878699,,1.215939180968611,2.3120876107319583,6.824307100334433,0.82240955440173,23.309058904647827,True,SolutionResult.kSolutionFound,5,0.22770969221994186,0.27688113665653435,1.4448870257548483,5.685853779842523,0.998,0.998,0.0,1.9139073019314168e-05,,2.363526609920829,1.0017377544235686,1.2733622818696748,0.32307489554947827,0.9999984483304415,0.73,0.1788373690265446,0.17,0.20901629899272406,0.0,acceleration,208.20114479846904,69.24118774682637,22960.791589503613,45.56970197733607,18.019614554305846
top,middle,4,cspace,notebook,ipopt,all,True,0.0,1.0,476784923,True,0.11504769325256348,29,0.43001651763916016,20,20,4.523993463878699,,1.215939180968611,2.3120876107319583,6.824307100334433,0.43250956207642194,60.01187992095947,False,SolutionResult.kSolverSpecificError,3,0.32664244693631345,0.39904274836984027,0.7552259547006214,2.6078240957932057,0.994,0.994,0.0,0.0,,1.3968616390366952,1.0013893600394388,1.2040160592009144,0.3460264916882798,0.999965407235837,0.58,0.40848127081717844,0.1725,0.22121869804486247,0.0,acceleration,191.39155079286462,60.39378580308086,16234.183171252516,37.33861286203279,21.170876573480133
top,middle,4,kinetic,notebook,ipopt,all,True,0.0,1.0,476784923,True,0.11504769325256348,29,0.43001651763916016,20,20,4.523993463878699,,1.215939180968611,2.3120876107319583,6.824307100334433,0.14653502330676088,60.31594800949097,False,SolutionResult.kSolverSpecificError,3,0.3938600408183911,0.4809300664949843,0.8486801326020674,2.687821873094956,0.998,0.998,0.0,0.0,,1.4442856860459572,1.0016750139992536,1.2180802803908082,0.3982109657062817,0.9999250901708028,0.58,0.5390524370819922,0.16,0.2246421482415994,0.0,acceleration,200.26842835021804,65.39866565712504,16377.548005484596,38.0851058968168,22.64641578653744
top,middle,4,parameterized,tight,ipopt,all,True,0.0,1.0,476784923,True,0.11504769325256348,29,0.43001651763916016,20,20,4.523993463878699,,1.215939180968611,2.3120876107319583,6.824307100334433,0.82240955440173,30.989834308624268,True,SolutionResult.kSolutionFound,5,0.22768252970084718,0.2768481086853093,1.440779209882642,5.6670525741744795,0.998,0.998,0.0,3.121731152289087e-05,,2.3604254098554134,1.0017868086058896,1.2770540418463745,0.32167940751656876,0.9999986493492495,0.73,0.17539283907725794,0.1725,0.20937341523630174,0.0,acceleration,208.25612487365837,69.20465483856526,22905.34139075414,45.510165763491756,17.889999348588486
top,middle,4,cspace,tight,ipopt,all,True,0.0,1.0,476784923,True,0.11504769325256348,29,0.43001651763916016,20,20,4.523993463878699,,1.215939180968611,2.3120876107319583,6.824307100334433,0.43250956207642194,120.23610782623291,False,SolutionResult.kSolverSpecificError,3,0.32514261528142985,0.40085120911011884,0.7517582125131815,2.5842997373814587,0.994,0.994,0.0,0.0,,1.3880919235974734,1.0013898663014733,1.2001712760780283,0.35535166270207574,0.9999891297494895,0.57,0.4671516269830015,0.17,0.2160091605015707,0.0,acceleration,190.70226242629704,60.42359654608711,16155.309762852503,37.298757772914506,21.335137402994956
top,middle,4,kinetic,tight,ipopt,all,True,0.0,1.0,476784923,True,0.11504769325256348,29,0.43001651763916016,20,20,4.523993463878699,,1.215939180968611,2.3120876107319583,6.824307100334433,0.14653502330676088,3446.9355804920197,False,SolutionResult.kSolverSpecificError,3,0.36816282562362795,0.3965736608419539,0.7487728044051418,2.5124561849825127,1.0,1.0,0.0,0.0,,1.4074076626000274,1.0011216411492907,1.1936265111659456,0.3696858406594098,0.9999848722004867,0.615,0.46580513440030474,0.165,0.21376223482444512,0.0,acceleration,193.01562561980649,61.282979623399,16165.75528450353,36.163611721139944,21.939569679453733
top,middle,8,parameterized,notebook,ipopt,all,True,0.0,1.0,366830896,True,0.23500990867614746,28,0.6721501350402832,19,19,3.97988085599736,,1.867370786943093,3.517616464852421,8.540934735612224,0.5355122865754001,11.700198888778687,True,SolutionResult.kSolutionFound,5,0.15819669457830077,0.2954118860464763,1.535887408814561,5.925428743943422,0.996,0.996,0.0,0.0,,2.268758146164712,1.001829202085887,1.271829697593131,0.29383687144223725,1.0000010495208045,0.7275,0.18141236574392405,0.135,0.20830868227579416,0.0,acceleration,204.03472633316082,67.00078183286107,22129.953936979284,44.398480279028846,19.36469850066392
top,middle,8,cspace,notebook,ipopt,all,True,0.0,1.0,366830896,True,0.23500990867614746,28,0.6721501350402832,19,19,3.97988085599736,,1.867370786943093,3.517616464852421,8.540934735612224,0.2842834089480401,60.20094537734985,False,SolutionResult.kSolverSpecificError,3,0.2236086395555542,0.40573400208133825,0.7865694321838678,2.7583826020528455,1.0,1.0,0.0,0.0,,1.440595104471837,1.0001526675745966,1.2133356031662905,0.3330365797283362,0.9996505614438106,0.52,0.7367828964895925,0.2025,0.20750968828476224,0.0,acceleration,194.024741776837,61.837405660194975,17327.425577083526,36.80055142457277,19.950214549662064
top,middle,8,kinetic,notebook,ipopt,all,True,0.0,1.0,366830896,True,0.23500990867614746,28,0.6721501350402832,19,19,3.97988085599736,,1.867370786943093,3.517616464852421,8.540934735612224,0.11708320353162363,60.29147458076477,False,SolutionResult.kSolverSpecificError,3,0.34541518384727055,0.5556480422789996,0.9558524817849041,2.9501685419290364,0.998,0.998,0.0,0.0,,1.4649898961841203,1.0005002298692809,1.1867282053916597,0.467615052129159,0.9998936073710631,0.5675,0.6468485117880891,0.1775,0.22538729951959657,0.0,acceleration,207.13914609237662,68.91374045702449,16881.216809543286,39.06719168937688,23.183845656179244
top,middle,8,parameterized,tight,ipopt,all,True,0.0,1.0,366830896,True,0.23500990867614746,28,0.6721501350402832,19,19,3.97988085599736,,1.867370786943093,3.517616464852421,8.540934735612224,0.5355122865754001,19.5304594039917,True,SolutionResult.kSolutionFound,5,0.15812493669244426,0.2952778874666957,1.5401140032176055,5.908349272678222,0.996,0.996,0.0,5.5219439869080844e-05,,2.2668542321956493,1.0018539154586268,1.2734671267054818,0.32703375280211244,1.0000023695123228,0.725,0.18553369816747958,0.1375,0.20719840246661728,0.0,acceleration,206.17423275905094,68.12577582205205,22304.692519521137,44.247076741608666,21.012217923527572
top,middle,8,cspace,tight,ipopt,all,True,0.0,1.0,366830896,True,0.23500990867614746,28,0.6721501350402832,19,19,3.97988085599736,,1.867370786943093,3.517616464852421,8.540934735612224,0.2842834089480401,120.32822012901306,False,SolutionResult.kSolverSpecificError,3,0.22300116743931364,0.4051064752190006,0.7844325782658415,2.763150408954121,1.0,1.0,0.0,0.0,,1.440881201634123,1.0001909390200343,1.2195179956480275,0.3395631199175094,0.9995517162114919,0.52,0.757710886411674,0.2025,0.20933690064108923,0.0,acceleration,195.01711004805506,62.32374489296689,17387.042017686057,36.90435316122502,20.232589253132673
top,middle,8,kinetic,tight,ipopt,all,True,0.0,1.0,366830896,True,0.23500990867614746,28,0.6721501350402832,19,19,3.97988085599736,,1.867370786943093,3.517616464852421,8.540934735612224,0.11708320353162363,3356.017795562744,False,SolutionResult.kSolverSpecificError,3,0.4222376320309421,0.8086355176138497,1.2715787166785655,3.6063040580957257,1.0,1.0,0.0,0.0,,1.5730886764632797,1.0023390403377017,1.2889403866852036,0.6547317389467595,0.9999809963220119,0.66,0.5098758604632151,0.1575,0.2430680456409155,0.0,acceleration,229.13136597718176,80.600375057342,17462.21960414849,42.70926580189165,22.70967174723232
top,middle,9,parameterized,notebook,ipopt,all,True,0.0,1.0,1658475942,True,0.2020552158355713,31,0.7595083713531494,20,20,4.980069353119344,,2.464819229256543,4.007594845401985,12.682612589665313,0.40570926586840506,6.6251561641693115,True,SolutionResult.kSolutionFound,5,0.11220349059995706,0.2765613212204793,1.5872938000918448,6.337164437582717,1.0,1.0,0.0,0.0,,2.5819889733621495,1.0027194697216233,1.2538425119174759,0.31615740717658236,0.999987454603469,0.755,0.15975750229767904,0.1475,0.20834946221404604,0.0,acceleration,212.50651551587598,71.26523675009761,24322.088228905555,46.81162322393926,15.230598548218676
top,middle,9,cspace,notebook,ipopt,all,True,0.0,1.0,1658475942,True,0.2020552158355713,31,0.7595083713531494,20,20,4.980069353119344,,2.464819229256543,4.007594845401985,12.682612589665313,0.24952622173055375,60.013718366622925,False,SolutionResult.kSolverSpecificError,3,0.18897271724270762,0.3954338746993523,0.757326087543482,2.783420225954894,0.998,0.998,0.0,0.0,,1.4692590955224984,1.0002785082560148,1.2209995298608562,0.3301930627427078,0.9998103620768075,0.535,0.6862110400566142,0.2,0.23029259016700146,0.0,acceleration,193.2121846359591,61.57512243349504,18538.52910631061,38.359791052530085,21.913431603138882
top,middle,9,kinetic,notebook,ipopt,all,True,0.0,1.0,1658475942,True,0.2020552158355713,31,0.7595083713531494,20,20,4.980069353119344,,2.464819229256543,4.007594845401985,12.682612589665313,0.0788481074329173,60.03266954421997,False,SolutionResult.kSolverSpecificError,3,0.27636060970492493,0.8439124856453027,1.2715176640030543,3.504974547931262,1.0,1.0,0.0,0.0,,1.5945757986963798,1.0024017447470648,1.3413691304464386,0.634107691895473,0.9766062470589187,0.485,0.8164080009028353,0.2425,0.244902617022705,0.0,acceleration,242.23069295323296,87.47643439800176,19465.28693597058,42.016690684542766,23.278794268241903
top,middle,9,parameterized,tight,ipopt,all,True,0.0,1.0,1658475942,True,0.2020552158355713,31,0.7595083713531494,20,20,4.980069353119344,,2.464819229256543,4.007594845401985,12.682612589665313,0.40570926586840506,18.705570697784424,True,SolutionResult.kSolutionFound,5,0.11178844169043307,0.2755383006872024,1.5470757792675873,6.148441732264602,1.0,1.0,0.0,1.2360684173096104e-05,,2.5237469321617256,1.0017400461410535,1.2730460047624939,0.3293426139755358,0.9999983822856414,0.75,0.160075919983526,0.1475,0.2097407305979591,0.0,acceleration,211.66298991088206,70.92538748291173,24061.561519552375,46.481703617044815,15.926586005182275
top,middle,9,cspace,tight,ipopt,all,True,0.0,1.0,1658475942,True,0.2020552158355713,31,0.7595083713531494,20,20,4.980069353119344,,2.464819229256543,4.007594845401985,12.682612589665313,0.24952622173055375,3450.3528459072113,False,SolutionResult.kSolverSpecificError,3,0.18195764420517274,0.3753731337190214,0.7292125169981387,2.600229768214993,0.996,0.996,0.0,0.0,,1.4480750533617026,1.0001078348733736,1.2402244582746988,0.3456771287379078,0.9997311357294143,0.53,0.7461452684256586,0.215,0.2081711052900273,0.0,acceleration,189.88262757088881,59.957829257299174,17504.300916137436,36.604613986600725,19.76786570533423
top,middle,9,kinetic,tight,ipopt,all,True,0.0,1.0,1658475942,True,0.2020552158355713,31,0.7595083713531494,20,20,4.980069353119344,,2.464819229256543,4.007594845401985,12.682612589665313,0.0788481074329173,120.09532165527344,False,SolutionResult.kSolverSpecificError,3,0.19881609795715346,0.3937211543294975,0.7444298874980636,2.5215075469795267,0.998,0.998,0.0,0.0,,1.4057112105986806,1.001105715985034,1.1971111769172154,0.3530886538559411,0.9999850110328123,0.5925,0.4728556736242786,0.175,0.20784588025410383,0.0,acceleration,190.38422484395772,60.16178624260699,16062.055558771684,36.47890987531419,19.72077717543251
