start,goal,trial,metric,solver_setting,solver,toppra_limits,shortcut,payload_mass,torque_limit_scale,seed,rrt_success,rrt_time,rrt_waypoints,shortcut_time,shortcut_waypoints,num_control_points,shortcut_duration,shortcut_toppra_note,initial_parameterized,initial_cspace,initial_kinetic,cost_scale,solve_time,trajopt_success,solution_result,solver_exit_code,snopt_solve_time,final_cost,final_parameterized,final_cspace,final_kinetic,feasible_fraction,collision_free_fraction,worst_reachability_violation,worst_joint_limit_violation,toppra_note,duration,peak_velocity_utilization,peak_acceleration_utilization,peak_torque_utilization,median_velocity_utilization,velocity_active_fraction,median_acceleration_utilization,acceleration_active_fraction,median_torque_utilization,torque_active_fraction,binding_limit,mechanical_work,positive_work,thermal_integral,kinetic_energy_integral,peak_kinetic_energy
bottom,middle,0,parameterized,notebook,snopt,all,False,0.0,1.0,1178565597,True,0.8692381381988525,49,5.0067901611328125e-06,49,49,16.751695497601627,,1.899463706328367,13.008599163245602,45.684934759334375,0.5264643892211998,13.080620050430298,False,SolutionResult.kIterationLimit,31,13.055988699,1.1281162931841573,2.142815955420997,9.827762428582908,31.12780445312964,0.88,0.88,0.0,0.0,,7.2992861588164795,1.0356977812716819,1.1268698466713158,0.6441287788969435,0.8748260120008851,0.3625,0.86852903505466,0.24,0.2565493853484744,0.0,acceleration,793.0556775474299,442.89883864248407,95442.6798496583,127.4105319265703,25.94990511703304
bottom,middle,0,cspace,notebook,snopt,all,False,0.0,1.0,1178565597,True,0.8692381381988525,49,5.0067901611328125e-06,49,49,16.751695497601627,,1.899463706328367,13.008599163245602,45.684934759334375,0.07687222793560988,11.271166324615479,False,SolutionResult.kIterationLimit,31,11.263095932,0.842110463879167,2.8017555110068253,10.954677475778897,34.33172594504233,0.898,0.898,0.0,0.0,,7.991394732564754,1.0344230249898398,1.3255398187173673,0.6633302676557278,0.7234416108542918,0.195,0.9152209174768557,0.32,0.2704416856145266,0.0,acceleration,864.804331322611,479.88905870670715,109810.93586597085,119.33312440269833,19.044633925683474
bottom,middle,0,kinetic,notebook,snopt,all,False,0.0,1.0,1178565597,True,0.8692381381988525,49,5.0067901611328125e-06,49,49,16.751695497601627,,1.899463706328367,13.008599163245602,45.684934759334375,0.021889053913898376,12.337687730789185,False,SolutionResult.kIterationLimit,31,12.330695648,0.6659926205499841,2.9284742565026387,9.709368474935914,30.425829420024158,0.876,0.876,0.0,0.0,,7.085912544623521,1.0254394231528638,1.2602006706491247,0.6039394341061335,0.816075692712821,0.3575,0.8536921964778441,0.2325,0.29218784029324685,0.0,acceleration,832.1514318702125,463.99522164069947,100747.66242558698,126.36731512113947,22.29129672067439
bottom,middle,0,parameterized,tight,snopt,all,False,0.0,1.0,1178565597,True,0.8692381381988525,49,5.0067901611328125e-06,49,49,16.751695497601627,,1.899463706328367,13.008599163245602,45.684934759334375,0.5264643892211998,11.339385747909546,False,SolutionResult.kIterationLimit,31,11.332233114,1.1281162931841573,2.142815955420997,9.827762428582908,31.12780445312964,0.88,0.88,0.0,0.0,,7.2992861588164795,1.0356977812716819,1.1268698466713158,0.6441287788969435,0.8748260120008851,0.3625,0.86852903505466,0.24,0.2565493853484744,0.0,acceleration,793.0556775474299,442.89883864248407,95442.6798496583,127.4105319265703,25.94990511703304
bottom,middle,0,cspace,tight,snopt,all,False,0.0,1.0,1178565597,True,0.8692381381988525,49,5.0067901611328125e-06,49,49,16.751695497601627,,1.899463706328367,13.008599163245602,45.684934759334375,0.07687222793560988,10.012496709823608,False,SolutionResult.kIterationLimit,31,10.007609871,0.842110463879167,2.8017555110068253,10.954677475778897,34.33172594504233,0.898,0.898,0.0,0.0,,7.991394732564754,1.0344230249898398,1.3255398187173673,0.6633302676557278,0.7234416108542918,0.195,0.9152209174768557,0.32,0.2704416856145266,0.0,acceleration,864.804331322611,479.88905870670715,109810.93586597085,119.33312440269833,19.044633925683474
bottom,middle,0,kinetic,tight,snopt,all,False,0.0,1.0,1178565597,True,0.8692381381988525,49,5.0067901611328125e-06,49,49,16.751695497601627,,1.899463706328367,13.008599163245602,45.684934759334375,0.021889053913898376,11.506261348724365,False,SolutionResult.kIterationLimit,31,11.501387862,0.6659926205499841,2.9284742565026387,9.709368474935914,30.425829420024158,0.876,0.876,0.0,0.0,,7.085912544623521,1.0254394231528638,1.2602006706491247,0.6039394341061335,0.816075692712821,0.3575,0.8536921964778441,0.2325,0.29218784029324685,0.0,acceleration,832.1514318702125,463.99522164069947,100747.66242558698,126.36731512113947,22.29129672067439
bottom,top,1,parameterized,notebook,snopt,all,False,0.0,1.0,502992042,True,0.10611248016357422,27,2.384185791015625e-06,27,27,8.646320348448027,,1.000025639136721,5.01799045193077,19.179276880765713,0.9999743615206275,0.8340284824371338,True,SolutionResult.kSolutionFound,1,0.825991825,0.6278999665376701,0.6279160653507656,2.0585534773217335,8.664743040185787,1.0,1.0,0.0,0.0,,3.0826924615976083,1.0025668362960296,1.7221475448691792,0.5663898119880632,1.0000003915063684,0.7325,0.3086511184939967,0.0975,0.20756201218437492,0.0,acceleration,344.99100203793563,251.2459686750292,31741.651114256645,68.23000667943661,21.26760279977963
bottom,top,1,cspace,notebook,snopt,all,False,0.0,1.0,502992042,True,0.10611248016357422,27,2.384185791015625e-06,27,27,8.646320348448027,,1.000025639136721,5.01799045193077,19.179276880765713,0.19928296189069677,3.14011287689209,True,SolutionResult.kSolutionFound,1,3.132612237,0.23797320036480923,0.611014726517014,1.1941472472460208,4.835961957874451,0.998,0.998,0.0,0.0,,2.0658674496576515,1.000377383938436,1.5737359679605782,0.4917641908083256,0.9997419007073904,0.58,0.7142281276434097,0.2175,0.23599966398474181,0.0,acceleration,334.9604785428759,245.7177719193019,26922.003845429183,61.76850891262949,27.883552283990408
bottom,top,1,kinetic,notebook,snopt,all,False,0.0,1.0,502992042,True,0.10611248016357422,27,2.384185791015625e-06,27,27,8.646320348448027,,1.000025639136721,5.01799045193077,19.179276880765713,0.05213960913212887,2.766594409942627,True,SolutionResult.kSolutionFound,1,2.76159205,0.2799341541715857,0.6918045969200167,1.384426249519374,5.368934651239798,0.996,0.996,0.0,0.0,,2.242654834899569,1.000434298195482,1.5269287362168735,0.5424498579885844,0.9998643749492775,0.6125,0.6770735795395028,0.1525,0.23402776931645133,0.0,acceleration,342.81203294568024,249.88622835500598,27071.227285491732,63.10018437575333,21.878898886118364
bottom,top,1,parameterized,tight,snopt,all,False,0.0,1.0,502992042,True,0.10611248016357422,27,2.384185791015625e-06,27,27,8.646320348448027,,1.000025639136721,5.01799045193077,19.179276880765713,0.9999743615206275,11.535909175872803,True,SolutionResult.kSolutionFound,1,11.530360958,0.2903681679160798,0.29037561270524265,1.7038666550282053,6.932938651462565,1.0,1.0,0.0,1.2284756041314182e-05,,3.0138022547328682,1.0046975727386485,1.4175412947561727,0.35044987934488253,0.9999913940593378,0.6975,0.1931422158076458,0.1575,0.21054948827751213,0.0,acceleration,294.6779112324516,225.43563654490646,28342.118481694954,59.46842607363722,20.690675002442042
bottom,top,1,cspace,tight,snopt,all,False,0.0,1.0,502992042,True,0.10611248016357422,27,2.384185791015625e-06,27,27,8.646320348448027,,1.000025639136721,5.01799045193077,19.179276880765713,0.19928296189069677,47.47284007072449,False,SolutionResult.kSolverSpecificError,41,47.468160589,0.15586815933495726,0.4187322245625425,0.7821449353028396,3.2157762832951438,0.996,0.996,0.0,0.0,,1.7170989478483016,1.0004721801555854,1.299070276960447,0.41439703090389557,0.9999899609061187,0.6275,0.5597473090788145,0.115,0.22255362369470252,0.0,acceleration,259.0574070732922,206.9445709763767,22144.549313921463,50.328860293514076,22.968247084870455
bottom,top,1,kinetic,tight,snopt,all,False,0.0,1.0,502992042,True,0.10611248016357422,27,2.384185791015625e-06,27,27,8.646320348448027,,1.000025639136721,5.01799045193077,19.179276880765713,0.05213960913212887,59.51631736755371,False,SolutionResult.kSolverSpecificError,41,59.511644686,0.1630971633213594,0.4599696453925228,0.8209401081440807,3.1280856538078194,0.998,0.998,0.0,0.0,,1.6320842807924358,1.000184018410729,1.350253564511497,0.4342095634264635,0.9999848922159366,0.6275,0.48176975399527544,0.1375,0.2220610721867444,0.0,acceleration,269.2537577696243,212.74026849640887,21649.70090938599,52.76530787512469,28.107302997672132
bottom,middle,1,parameterized,notebook,snopt,all,False,0.0,1.0,825772875,True,0.14651226997375488,24,5.245208740234375e-06,24,24,8.646261800034214,,0.8800106928140023,7.532207860138398,26.715144388102445,1.1363498286620914,2.3478569984436035,True,SolutionResult.kSolutionFound,1,2.334749515,0.33988631953782433,0.2991035955344828,1.0603239347036961,4.470214224761756,1.0,1.0,0.0,0.0,,2.1092012939538374,1.0014777718971373,1.468035803984319,0.5374857168046928,0.9589483480440806,0.475,0.8331493261074937,0.2425,0.21923794435369598,0.0,acceleration,261.17503590101256,170.71733701382303,24960.608665818327,45.580996950695074,21.226751841527623
bottom,middle,1,cspace,notebook,snopt,all,False,0.0,1.0,825772875,True,0.14651226997375488,24,5.245208740234375e-06,24,24,8.646261800034214,,0.8800106928140023,7.532207860138398,26.715144388102445,0.13276319753364133,1.9832494258880615,True,SolutionResult.kSolutionFound,1,1.975839466,0.1515072952002829,0.5747577442280447,1.1411844397758792,4.289682211007389,1.0,1.0,0.0,0.0,,1.99317534199002,1.0010781681352663,1.4038807985455943,0.5286054122960382,0.9457518426259234,0.4275,0.9058013715141617,0.255,0.30912898835197783,0.0,acceleration,326.83865760312483,202.97397127925183,27191.106033537795,48.85069416101936,24.17312061740616
bottom,middle,1,kinetic,notebook,snopt,all,False,0.0,1.0,825772875,True,0.14651226997375488,24,5.245208740234375e-06,24,24,8.646261800034214,,0.8800106928140023,7.532207860138398,26.715144388102445,0.03743195190984439,3.2571194171905518,True,SolutionResult.kSolutionFound,1,3.248713081,0.16841461999994484,0.613432371623075,1.3005729767985241,4.499220890365932,1.0,1.0,0.0,0.0,,2.015915623083372,1.0004305301859895,1.413415805267334,0.6616981435886758,0.9285559043262539,0.4325,0.9163688917935664,0.27,0.2833657968390655,0.0,acceleration,332.3794594576735,206.5013480491271,26342.77298017114,51.48207210845335,26.236955792686828
bottom,middle,1,parameterized,tight,snopt,all,False,0.0,1.0,825772875,True,0.14651226997375488,24,5.245208740234375e-06,24,24,8.646261800034214,,0.8800106928140023,7.532207860138398,26.715144388102445,1.1363498286620914,13.247985601425171,True,SolutionResult.kSolutionFound,1,13.242442971,0.07664424453933645,0.0674477547372752,0.36645210826010527,1.4080305043424304,1.0,1.0,0.0,2.8041681400026164e-05,,1.5851532863801785,1.00170908643627,1.3520479758122501,0.4126396018786568,0.9999483271215769,0.6,0.06308895848102641,0.1875,0.19455401906950892,0.0,acceleration,113.26918351485884,94.81669780976196,15670.6223059904,20.49233093261735,13.826725472818213
bottom,middle,1,cspace,tight,snopt,all,False,0.0,1.0,825772875,True,0.14651226997375488,24,5.245208740234375e-06,24,24,8.646261800034214,,0.8800106928140023,7.532207860138398,26.715144388102445,0.13276319753364133,101.51833748817444,True,SolutionResult.kSolutionFound,1,101.508984116,0.02612501956357929,0.09847991946274626,0.1967790777030614,0.7146366094929304,1.0,1.0,0.0,0.0,,1.0255907390933947,1.0000777302228696,1.3050447759435928,0.3914369154917757,0.9565962881595631,0.4725,0.8141773096881362,0.2025,0.2118886874312157,0.0,acceleration,117.0200306366455,95.9880540482101,12223.816931500884,17.10701062679331,17.16607630042958
bottom,middle,1,kinetic,tight,snopt,all,False,0.0,1.0,825772875,True,0.14651226997375488,24,5.245208740234375e-06,24,24,8.646261800034214,,0.8800106928140023,7.532207860138398,26.715144388102445,0.03743195190984439,48.95995116233826,False,SolutionResult.kSolverSpecificError,41,48.954262554,0.02961253601476005,0.11035290651937765,0.21368061442908198,0.7911031753321984,1.0,1.0,0.0,0.0,,1.0093314435142422,1.0000673505083022,1.3008139428505756,0.3980021233293818,0.8681915807658978,0.34,0.9177034206672561,0.285,0.2178238990117372,0.0,acceleration,132.23764770997602,104.0163396989671,12820.02854577604,19.68634783668181,18.084000913986955
bottom,middle,9,parameterized,notebook,snopt,all,False,0.0,1.0,1071891321,True,0.31565284729003906,23,4.291534423828125e-06,23,23,8.496549183375068,,0.8698177586001469,5.976949891539974,21.86719292012812,1.1496661112200832,1.1959195137023926,True,SolutionResult.kSolutionFound,1,1.186588808,0.35428920794838276,0.30816704475388296,0.8121913695336523,3.448618286065547,1.0,1.0,0.0,0.0,,1.8729454525275389,1.001380134053261,1.3081061962014018,0.42462980486993657,0.8715718188460009,0.3625,0.9453159248716857,0.365,0.2415940632214107,0.0,acceleration,241.59829445880126,160.26429916411442,26051.19964644836,40.38960952234341,18.85881130191288
bottom,middle,9,cspace,notebook,snopt,all,False,0.0,1.0,1071891321,True,0.31565284729003906,23,4.291534423828125e-06,23,23,8.496549183375068,,0.8698177586001469,5.976949891539974,21.86719292012812,0.16730941670022065,12.181033849716187,True,SolutionResult.kSolutionFound,1,12.172390523,0.07747852161879482,0.2370333345356509,0.46308524138613305,2.178756844970806,1.0,1.0,0.0,0.0,,1.4520558249000732,1.0001907458983994,1.2933055958978241,0.3880162119727947,0.8965618613626489,0.42,0.8487718707547145,0.2725,0.22315923880451805,0.0,acceleration,177.68030196339885,127.39010243679635,20837.773830810947,35.18433162190598,19.780994890684806
bottom,middle,9,kinetic,notebook,snopt,all,False,0.0,1.0,1071891321,True,0.31565284729003906,23,4.291534423828125e-06,23,23,8.496549183375068,,0.8698177586001469,5.976949891539974,21.86719292012812,0.04573060674283112,0.401416540145874,True,SolutionResult.kSolutionFound,1,0.396054063,0.922165221794451,0.86177363325228,5.5987474402841215,20.16516480921199,1.0,1.0,0.0,0.0,,4.157156067035235,1.0101728117956943,1.1173785021671754,0.6361972049579322,1.0000126716762152,0.6,0.23260742871080087,0.165,0.24124981126618789,0.0,acceleration,304.03435618170676,192.86993060468575,55833.843239083726,67.23881749650269,22.29854152110257
bottom,middle,9,parameterized,tight,snopt,all,False,0.0,1.0,1071891321,True,0.31565284729003906,23,4.291534423828125e-06,23,23,8.496549183375068,,0.8698177586001469,5.976949891539974,21.86719292012812,1.1496661112200832,12.634183406829834,True,SolutionResult.kSolutionFound,1,12.629182077,0.08072280985091956,0.07021413353243428,0.37015957402940525,1.4253964846990648,1.0,1.0,0.0,2.181720235672202e-05,,1.5592520069139737,1.0016633050516768,1.3442036288039059,0.43587887691043237,0.9999493555208085,0.6025,0.06644324936546837,0.19,0.1950724020699673,0.0,acceleration,111.34835637067818,93.64213662783246,15468.97686410968,20.563533264246576,14.353288445916641
bottom,middle,9,cspace,tight,snopt,all,False,0.0,1.0,1071891321,True,0.31565284729003906,23,4.291534423828125e-06,23,23,8.496549183375068,,0.8698177586001469,5.976949891539974,21.86719292012812,0.16730941670022065,109.1851441860199,True,SolutionResult.kSolutionFound,1,109.180307268,0.03436683159971238,0.10255380223770388,0.2054088304024734,0.7438646790594616,1.0,1.0,0.0,0.0,,1.0145064677767341,1.0001224062982985,1.2858008199090654,0.3556837041506897,0.9877203629323605,0.4925,0.7782274419790586,0.2225,0.20328071440475395,0.0,acceleration,113.85588783896861,94.77828556462102,11895.022338705827,17.25561389488829,15.923771374552599
bottom,middle,9,kinetic,tight,snopt,all,False,0.0,1.0,1071891321,True,0.31565284729003906,23,4.291534423828125e-06,23,23,8.496549183375068,,0.8698177586001469,5.976949891539974,21.86719292012812,0.04573060674283112,137.36214327812195,True,SolutionResult.kSolutionFound,3,137.35593014,0.03381525732409786,0.10243632624377882,0.2063391568203106,0.7394447555498234,1.0,1.0,0.0,0.0,,1.030542272868112,1.0004681798035489,1.2913718940124128,0.33465401167314995,0.9997625214983823,0.535,0.7461130821051698,0.1875,0.2008062581586678,0.0,acceleration,112.1076953946677,93.74047816410746,11704.034479758779,16.96768796927343,14.853115137740215
bottom,top,6,parameterized,notebook,snopt,all,False,0.0,1.0,60791049,True,0.38481569290161133,38,3.5762786865234375e-06,38,38,15.314205360981484,,1.4612265196488186,13.152159817031906,46.717421008487335,0.6843565912288078,1.3269248008728027,True,SolutionResult.kSolutionFound,1,1.315199146,0.6627194770260395,0.9683832749182417,5.8388518175038815,21.53225447819006,1.0,1.0,0.0,0.0,,6.034614655802518,1.0125932083335447,1.0173772734788982,0.38538374866019376,1.0001295409578952,0.7375,0.35356425346483966,0.0875,0.19643309416440302,0.0,acceleration,524.7243554894383,344.31149310193734,44367.102153841086,114.2037993497198,20.424719099023374
bottom,top,6,cspace,notebook,snopt,all,False,0.0,1.0,60791049,True,0.38481569290161133,38,3.5762786865234375e-06,38,38,15.314205360981484,,1.4612265196488186,13.152159817031906,46.717421008487335,0.0760331393407348,4.39826774597168,True,SolutionResult.kSolutionFound,1,4.389248083,0.16849292140925606,1.057518281835474,2.2160458304131327,8.509884727798934,1.0,1.0,0.0,0.0,,3.368612083133827,1.0045080105722377,1.6647891062552846,0.5608094339631177,0.9996688488952816,0.6025,0.6052452871279401,0.17,0.2460065945273336,0.0,acceleration,484.9648859251455,323.18769857898496,36381.096979146954,90.55686634334424,23.08085225231916
bottom,top,6,kinetic,notebook,snopt,all,False,0.0,1.0,60791049,True,0.38481569290161133,38,3.5762786865234375e-06,38,38,15.314205360981484,,1.4612265196488186,13.152159817031906,46.717421008487335,0.02140529118288285,6.6163153648376465,True,SolutionResult.kSolutionFound,1,6.609544562,0.17220165064061416,1.0548546121539086,2.1410434246023256,8.044817011334022,1.0,1.0,0.0,0.0,,3.2518856981357813,1.003304834950142,1.7359240350305598,0.6044795106288403,0.9998958702860876,0.6625,0.5717515785456568,0.1525,0.24183167184959828,0.0,acceleration,479.3150287886476,320.1614670928144,36217.67755993498,90.64367855104823,27.253545155933534
bottom,top,6,parameterized,tight,snopt,all,False,0.0,1.0,60791049,True,0.38481569290161133,38,3.5762786865234375e-06,38,38,15.314205360981484,,1.4612265196488186,13.152159817031906,46.717421008487335,0.6843565912288078,21.26919937133789,True,SolutionResult.kSolutionFound,1,21.259183178,0.14156544988281422,0.20685918963478467,1.177829024541971,4.761513651024465,1.0,1.0,0.0,2.3602308232728575e-05,,2.9582826381223892,1.0081170821572294,1.6078380811387378,0.3383142863677457,0.9999685724154831,0.685,0.20946160542766423,0.1575,0.20729619677250827,0.0,acceleration,291.3667207732585,223.76454506766441,27724.95760211622,58.707041494466964,20.21125264671895
bottom,top,6,cspace,tight,snopt,all,False,0.0,1.0,60791049,True,0.38481569290161133,38,3.5762786865234375e-06,38,38,15.314205360981484,,1.4612265196488186,13.152159817031906,46.717421008487335,0.0760331393407348,122.04590702056885,True,SolutionResult.kSolutionFound,3,122.035762308,0.041323297635172666,0.28934015281882464,0.5434906146645675,2.275805707253947,0.996,0.996,0.0,0.0,,1.7721899739618052,1.0004338204108603,1.5080344451178878,0.4132818944460485,0.9999757591540941,0.58,0.5632511174377092,0.1225,0.22325295333838283,0.0,acceleration,263.18040467531387,208.72618952013931,23286.77612223559,49.19199738464426,22.655901434726736
bottom,top,6,kinetic,tight,snopt,all,False,0.0,1.0,60791049,True,0.38481569290161133,38,3.5762786865234375e-06,38,38,15.314205360981484,,1.4612265196488186,13.152159817031906,46.717421008487335,0.02140529118288285,120.02374863624573,True,SolutionResult.kSolutionFound,3,120.016999053,0.04591307483042331,0.30897259127402577,0.5575431465531417,2.1449404466470696,1.0,1.0,0.0,0.0,,1.659219017667614,1.000543057804375,1.509490454572594,0.48152222435874503,0.9999705985535907,0.55,0.5821369018115263,0.1425,0.2194210453339569,0.0,acceleration,268.57772218184186,212.62566899293734,22394.945903283457,50.955183285491586,27.697560650683172
middle,bottom,0,parameterized,notebook,snopt,all,False,0.0,1.0,816262607,True,0.22002625465393066,27,1.6689300537109375e-06,27,27,8.97420545756781,,1.005148073251675,5.743469486246417,20.561710686175175,0.9948782936676972,1.2341032028198242,True,SolutionResult.kSolutionFound,1,1.2298581,0.5016021658255247,0.5041844505183944,1.7796802718096445,6.560864170620233,1.0,1.0,0.0,0.0,,2.635668847915497,1.0022575648789698,1.4399548355490592,0.7052199751853289,0.9661713531840272,0.48,0.833457730734575,0.1725,0.24895347512515548,0.0,acceleration,333.7214925567876,133.96720890283055,35019.63749093574,57.947518820388446,22.434560696405367
middle,bottom,0,cspace,notebook,snopt,all,False,0.0,1.0,816262607,True,0.22002625465393066,27,1.6689300537109375e-06,27,27,8.97420545756781,,1.005148073251675,5.743469486246417,20.561710686175175,0.17411078833005855,2.134347677230835,True,SolutionResult.kSolutionFound,1,2.122987134,0.2076067673464171,0.6138069010957545,1.1923831333924055,3.963833898177623,1.0,1.0,0.0,0.0,,1.9522336561080154,1.0006046943212283,1.1872270145295516,0.7264927220230806,0.8513221341063539,0.2125,0.9819062830355749,0.41,0.3415913175801908,0.0,acceleration,323.48944694433794,129.11630966440467,30195.31096333961,53.59623511241704,28.48605268026536
middle,bottom,0,kinetic,notebook,snopt,all,False,0.0,1.0,816262607,True,0.22002625465393066,27,1.6689300537109375e-06,27,27,8.97420545756781,,1.005148073251675,5.743469486246417,20.561710686175175,0.048634085717019535,2.790984630584717,True,SolutionResult.kSolutionFound,1,2.782909272,0.1724949065921759,0.6018845897379375,1.179631661711949,3.5467903641871312,1.0,1.0,0.0,0.0,,1.8171885894788007,1.0002734662366406,1.3953484664041376,0.7223161076787614,0.8476305240780422,0.24,0.9770644691106092,0.355,0.38152196349000894,0.0,acceleration,313.2221871470255,124.22158691667272,26665.055176298763,51.939802898560245,27.272226904205517
middle,bottom,0,parameterized,tight,snopt,all,False,0.0,1.0,816262607,True,0.22002625465393066,27,1.6689300537109375e-06,27,27,8.97420545756781,,1.005148073251675,5.743469486246417,20.561710686175175,0.9948782936676972,16.02549934387207,True,SolutionResult.kSolutionFound,1,16.018811526,0.059017559912138834,0.059321386633703926,0.31379608711665513,1.212683198042333,1.0,1.0,0.0,2.117508269883217e-05,,1.5759753445092117,1.0015614411912752,1.4090366718403469,0.415073751258033,0.9999207583805715,0.6,0.0630904768886722,0.18,0.19319111634725833,0.0,acceleration,111.64842461345988,20.476139113503578,15477.51973581079,20.537944425078486,13.92800911690515
middle,bottom,0,cspace,tight,snopt,all,False,0.0,1.0,816262607,True,0.22002625465393066,27,1.6689300537109375e-06,27,27,8.97420545756781,,1.005148073251675,5.743469486246417,20.561710686175175,0.17411078833005855,138.55573344230652,True,SolutionResult.kSolutionFound,1,138.550387547,0.03283093826281969,0.09499597910385849,0.18856349211734477,0.6830357683483993,1.0,1.0,0.0,0.0,,1.0258593364798536,1.0003649885597716,1.3565125544754733,0.4267330816060845,0.9992379784312567,0.515,0.695881613360932,0.18,0.20040979332274897,0.0,acceleration,112.00845653340056,20.71236505800082,11896.50412582318,17.27010554413539,13.92302002553807
middle,bottom,0,kinetic,tight,snopt,all,False,0.0,1.0,816262607,True,0.22002625465393066,27,1.6689300537109375e-06,27,27,8.97420545756781,,1.005148073251675,5.743469486246417,20.561710686175175,0.048634085717019535,129.71702885627747,True,SolutionResult.kSolutionFound,1,129.711955059,0.03275971018974577,0.09451348502699698,0.1880530052279598,0.6735956830844976,1.0,1.0,0.0,0.0,,1.0325419865214613,1.0004284658432212,1.357668130019405,0.4207174048895415,0.9993725453835045,0.52,0.6402912119890756,0.185,0.19592977055758384,0.0,acceleration,111.23971713581338,20.14701549368214,11744.474599345522,17.174161797870745,12.869361804313417
bottom,middle,7,parameterized,notebook,snopt,all,False,0.0,1.0,1482419838,True,0.12508821487426758,19,1.6689300537109375e-06,19,19,6.620462136426426,,0.6879117628873689,3.7456410703488467,15.565590500174357,1.4536748082380575,1.076737403869629,True,SolutionResult.kSolutionFound,1,1.062756178,0.28967276866884173,0.1992693049554468,0.9014093418264449,4.248062893566356,1.0,1.0,0.0,0.0,,2.003856684693854,1.0007491366860095,1.1645132543779184,0.3658522721207436,0.9999916273242282,0.5975,0.37159482973309443,0.1475,0.20557128289831006,0.0,acceleration,160.28409444348432,118.93654620090932,22130.793573763094,36.84047715195237,18.03276249010373
bottom,middle,7,cspace,notebook,snopt,all,False,0.0,1.0,1482419838,True,0.12508821487426758,19,1.6689300537109375e-06,19,19,6.620462136426426,,0.6879117628873689,3.7456410703488467,15.565590500174357,0.26697699571808303,2.0011579990386963,True,SolutionResult.kSolutionFound,1,1.994118783,0.14645802772155905,0.28034671365676567,0.5485792037161619,2.4354053605611794,0.998,0.998,0.0,0.0,,1.336992461895547,1.0007782028331655,1.2289463850171722,0.4309354789963017,0.9219374812234185,0.4575,0.8419730501893211,0.225,0.23892758902004815,0.0,acceleration,177.9818768550045,127.24558897977245,19885.444456936893,34.348219292605265,20.33372615200374
bottom,middle,7,kinetic,notebook,snopt,all,False,0.0,1.0,1482419838,True,0.12508821487426758,19,1.6689300537109375e-06,19,19,6.620462136426426,,0.6879117628873689,3.7456410703488467,15.565590500174357,0.06424427007692375,1.555238962173462,True,SolutionResult.kSolutionFound,1,1.550105834,0.21983278975188827,0.4368063233807166,0.9251788012609733,3.4218271837888192,0.998,0.998,0.0,0.0,,1.537870443089515,1.0011637430480158,1.2470435175288346,0.6117790751532473,0.934870805377982,0.4125,0.9349844430892322,0.3725,0.2680714506570402,0.0,acceleration,217.23153876754827,148.02912869966735,21156.466907364927,41.27943660100311,22.195838467734053
bottom,middle,7,parameterized,tight,snopt,all,False,0.0,1.0,1482419838,True,0.12508821487426758,19,1.6689300537109375e-06,19,19,6.620462136426426,,0.6879117628873689,3.7456410703488467,15.565590500174357,1.4536748082380575,9.4109206199646,True,SolutionResult.kSolutionFound,1,9.406089037,0.124818519619325,0.08586412787232077,0.45530307451318963,1.7526921398083353,1.0,1.0,0.0,1.7484622779839754e-05,,1.5449332646495961,1.0011548536843509,1.2711866085850132,0.3935135686891226,0.9999688133432654,0.6175,0.07067827359093243,0.19,0.19555525670448337,0.0,acceleration,112.17403882041376,94.07975798341621,15441.907927502541,20.762298346888308,14.755202484468779
bottom,middle,7,cspace,tight,snopt,all,False,0.0,1.0,1482419838,True,0.12508821487426758,19,1.6689300537109375e-06,19,19,6.620462136426426,,0.6879117628873689,3.7456410703488467,15.565590500174357,0.26697699571808303,57.48441433906555,True,SolutionResult.kSolutionFound,1,57.479526576,0.06713387284687956,0.1259673386118489,0.25145939134684936,0.9114527980156875,1.0,1.0,0.0,0.0,,1.0111339528402408,1.0003037123268503,1.2191966257634246,0.4015049202985932,0.9845214200510942,0.4925,0.820329762185382,0.2225,0.205742610862519,0.0,acceleration,113.82258395118961,94.83694096360094,11782.658561291839,17.30130178777691,15.868920257839145
bottom,middle,7,kinetic,tight,snopt,all,False,0.0,1.0,1482419838,True,0.12508821487426758,19,1.6689300537109375e-06,19,19,6.620462136426426,,0.6879117628873689,3.7456410703488467,15.565590500174357,0.06424427007692375,318.31829857826233,False,SolutionResult.kIterationLimit,32,318.313406103,0.058204963854392014,0.125628688008591,0.25221239668138906,0.9059946324349164,1.0,1.0,0.0,0.0,,1.0198365394430193,1.0004813907147605,1.222670836074961,0.4072585128499526,0.999714322806575,0.535,0.7962616694489366,0.23,0.19996107210704245,0.0,acceleration,112.46923249297824,93.97488371183081,11651.672462717204,17.152684775740283,15.510911500838386
bottom,top,4,parameterized,notebook,snopt,all,False,0.0,1.0,1838282789,True,0.21387863159179688,29,2.384185791015625e-06,29,29,7.374342044714912,,1.0843226348596215,2.4129561814717317,9.473888833216083,0.9222347370157609,1.294797658920288,True,SolutionResult.kSolutionFound,1,1.286140952,0.3606503473868292,0.3910613349415242,1.5497937610125219,6.546845134252625,1.0,1.0,0.0,0.0,,2.817623949210047,1.0042690972239654,1.3820602134701876,0.3627839029155848,0.9999901623159514,0.7,0.35268119813249466,0.1225,0.21343563527281748,0.0,acceleration,290.5454877608257,223.33796758674242,28454.674799528893,63.61150537300212,20.174351648544082
bottom,top,4,cspace,notebook,snopt,all,False,0.0,1.0,1838282789,True,0.21387863159179688,29,2.384185791015625e-06,29,29,7.374342044714912,,1.0843226348596215,2.4129561814717317,9.473888833216083,0.4144294072468697,6.294320344924927,True,SolutionResult.kSolutionFound,1,6.287148854,0.4787054198228711,0.6653927216556199,1.1550952018656178,4.5279246467817496,0.996,0.996,0.0,0.0,,2.08539672125095,1.0009489598929822,1.4168347134575752,0.40208273219789337,0.9999064664136543,0.5775,0.6371669224719008,0.1825,0.23141916107222427,0.0,acceleration,319.5838541791402,238.64890148150272,27538.352706350684,63.66132018255206,25.91888594453632
bottom,top,4,kinetic,notebook,snopt,all,False,0.0,1.0,1838282789,True,0.21387863159179688,29,2.384185791015625e-06,29,29,7.374342044714912,,1.0843226348596215,2.4129561814717317,9.473888833216083,0.10555327570384124,6.931603908538818,True,SolutionResult.kSolutionFound,1,6.925273877,0.5223308941816301,0.8156890953337554,1.382755932822682,4.948504825631118,1.0,1.0,0.0,0.0,,2.1170180291426663,1.0011387832295127,1.41169745785213,0.40719208706519916,0.9997294527487919,0.5725,0.7212979332667513,0.1225,0.24351770028639827,0.0,acceleration,354.10393838667426,256.143618931508,28600.000441284144,68.88173435069454,31.632711477467023
bottom,top,4,parameterized,tight,snopt,all,False,0.0,1.0,1838282789,True,0.21387863159179688,29,2.384185791015625e-06,29,29,7.374342044714912,,1.0843226348596215,2.4129561814717317,9.473888833216083,0.9222347370157609,16.774189949035645,True,SolutionResult.kSolutionFound,1,16.766843777,0.2511343647572878,0.27231067609741394,1.5716367063238852,6.371750566658136,1.0,1.0,0.0,8.183674146833297e-05,,2.984097097870578,1.005047235966274,1.4992545591456388,0.34327890726176097,0.9999868687273779,0.6975,0.19648531761843024,0.155,0.20925769238994027,0.0,acceleration,292.38288937464085,224.9002972152614,27990.963300582574,59.08138833921829,20.89256107151277
bottom,top,4,cspace,tight,snopt,all,False,0.0,1.0,1838282789,True,0.21387863159179688,29,2.384185791015625e-06,29,29,7.374342044714912,,1.0843226348596215,2.4129561814717317,9.473888833216083,0.4144294072468697,93.96246838569641,True,SolutionResult.kSolutionFound,3,93.955781965,0.3030917453572932,0.38935192740932273,0.7313471005129366,3.0049348273151137,0.996,0.996,0.0,0.0,,1.723653196794285,1.000574213057555,1.300671255638542,0.4066781862047149,0.9999856863593932,0.6225,0.6304226787571736,0.1375,0.21944874550355598,0.0,acceleration,261.4524238308007,208.65925873869423,21760.24535866825,49.43756765763632,21.846231773012526
bottom,top,4,kinetic,tight,snopt,all,False,0.0,1.0,1838282789,True,0.21387863159179688,29,2.384185791015625e-06,29,29,7.374342044714912,,1.0843226348596215,2.4129561814717317,9.473888833216083,0.10555327570384124,386.8614590167999,True,SolutionResult.kSolutionFound,1,386.856105322,0.29249588862671294,0.3983000123809229,0.7483389447204873,2.771073533022231,0.998,0.998,0.0,0.0,,1.648704847632198,1.0002646077880528,1.1900108483281326,0.45589830283293,0.999967255771865,0.59,0.45761034719266963,0.1675,0.19514812503260393,0.0,acceleration,268.7305325107933,212.02592082508028,19692.677963475006,49.66800211041732,26.694662597365998
bottom,top,0,parameterized,notebook,snopt,all,False,0.0,1.0,1794915388,True,0.3567624092102051,40,9.059906005859375e-06,40,40,14.091381899074179,,1.5202357103553443,10.424806848158557,36.86370870397225,0.6577927312115679,0.9565320014953613,True,SolutionResult.kSolutionFound,1,0.94546563,0.6492445730251883,0.9870047846672964,4.015895075906946,14.627685955792362,1.0,1.0,0.0,0.0,,4.8721375612801685,1.0069932375542359,1.4453398839681921,0.4793803650539279,1.0000581830572124,0.6325,0.41262956100260095,0.165,0.22452286997257553,0.0,acceleration,552.9571678235434,356.542104543162,50501.91722119071,106.0828101225265,25.28026888822062
bottom,top,0,cspace,notebook,snopt,all,False,0.0,1.0,1794915388,True,0.3567624092102051,40,9.059906005859375e-06,40,40,14.091381899074179,,1.5202357103553443,10.424806848158557,36.86370870397225,0.0959250386664613,0.5116052627563477,True,SolutionResult.kSolutionFound,1,0.50378595,0.938312975380891,1.5005139622575703,9.781731531466745,34.295637403659356,1.0,1.0,0.0,0.0,,7.3524487489187775,1.014530447072638,1.2948433622528492,0.44766318584667264,0.9999633429642585,0.6025,0.5083711572060153,0.1625,0.23044423032474703,0.0,acceleration,654.8439885338435,412.2584110986404,71855.850201317,126.21144077537272,23.857156392867118
bottom,top,0,kinetic,notebook,snopt,all,False,0.0,1.0,1794915388,True,0.3567624092102051,40,9.059906005859375e-06,40,40,14.091381899074179,,1.5202357103553443,10.424806848158557,36.86370870397225,0.02712695046584515,13.45141077041626,True,SolutionResult.kSolutionFound,1,13.445934006,0.22073346948241385,1.111542570189373,2.3639120260566027,8.13705432021685,0.996,0.996,0.0,0.0,,3.0644658623938263,1.0050167119645574,1.8085182059073444,0.7353904790122332,0.9999607690081457,0.5975,0.6200673869021469,0.16,0.26127696275310175,0.0,acceleration,516.4728990084438,338.724538571165,39027.31534531683,100.51713823666101,26.249929305502267
bottom,top,0,parameterized,tight,snopt,all,False,0.0,1.0,1794915388,True,0.3567624092102051,40,9.059906005859375e-06,40,40,14.091381899074179,,1.5202357103553443,10.424806848158557,36.86370870397225,0.6577927312115679,20.282727241516113,True,SolutionResult.kSolutionFound,1,20.276716285,0.12570281852486032,0.19109791361381306,1.13703519178531,4.674625876052483,0.998,0.998,0.0,1.1983490642908379e-05,,3.0870960498726987,1.009177828381497,1.501922473765737,0.3917010528452212,0.9999902534461786,0.69,0.19024937926774227,0.1425,0.2123756261875984,0.0,acceleration,298.38708179405955,226.94167013648345,29496.29827739937,60.25642088616476,21.56993616126201
bottom,top,0,cspace,tight,snopt,all,False,0.0,1.0,1794915388,True,0.3567624092102051,40,9.059906005859375e-06,40,40,14.091381899074179,,1.5202357103553443,10.424806848158557,36.86370870397225,0.0959250386664613,331.2487769126892,True,SolutionResult.kSolutionFound,3,331.239430356,0.050031867976102144,0.27559779640053883,0.5215725599034344,2.289127736668089,0.996,0.996,0.0,0.0,,1.8642631053513836,1.0008379722172507,1.5617440129739348,0.4253521695478993,0.9999977599739813,0.6125,0.2829107016990673,0.125,0.22990989532008846,0.0,acceleration,259.17298873773336,207.35622956833095,25104.928337147136,49.1295465434294,20.29458197440803
bottom,top,0,kinetic,tight,snopt,all,False,0.0,1.0,1794915388,True,0.3567624092102051,40,9.059906005859375e-06,40,40,14.091381899074179,,1.5202357103553443,10.424806848158557,36.86370870397225,0.02712695046584515,299.36215114593506,True,SolutionResult.kSolutionFound,3,299.35693165,0.054816417858989226,0.30941859955514783,0.5361828695616652,2.0207364601490014,1.0,1.0,0.0,0.0,,1.6730262985667081,1.0000943337997175,1.57920788533403,0.4665759580808676,0.9999771940914697,0.5675,0.5080690773038044,0.14,0.23005376199252464,0.0,acceleration,266.3566404253537,211.2693778275781,23317.209788567056,50.46366169739231,22.745570028661295
bottom,middle,4,parameterized,notebook,snopt,all,False,0.0,1.0,1095942084,True,0.6114087104797363,42,4.0531158447265625e-06,42,42,15.063594261965724,,1.6304422842184159,10.77710729513838,37.3899943488962,0.6133305114074427,1.485560655593872,True,SolutionResult.kSolutionFound,1,1.475857786,0.5492463559869122,0.8955144832539403,3.3368737592126347,11.576824466308445,1.0,1.0,0.0,0.0,,4.871115228957406,1.0155676535232097,1.9334125018280317,0.6759643691126225,0.9820816467517136,0.495,0.6346879944308459,0.29,0.2533276778885443,0.0,acceleration,475.2354647178603,279.93048843698455,67694.14247209128,90.02083898273119,23.8259280199688
bottom,middle,4,cspace,notebook,snopt,all,False,0.0,1.0,1095942084,True,0.6114087104797363,42,4.0531158447265625e-06,42,42,15.063594261965724,,1.6304422842184159,10.77710729513838,37.3899943488962,0.09278927755048946,2.50740647315979,True,SolutionResult.kSolutionFound,1,2.49864056,0.18368244520382293,1.0429666072030033,1.9795654201949764,6.195973259419253,1.0,1.0,0.0,0.0,,2.9750325614293827,1.001864228561896,1.6728004858229233,0.7454104684214264,0.8951003620200637,0.29,0.9654343769215795,0.305,0.34365956490021043,0.0,acceleration,494.8005910643625,290.56932446221356,48810.391442131404,84.91542409567356,25.47514836420432
bottom,middle,4,kinetic,notebook,snopt,all,False,0.0,1.0,1095942084,True,0.6114087104797363,42,4.0531158447265625e-06,42,42,15.063594261965724,,1.6304422842184159,10.77710729513838,37.3899943488962,0.026745123058022638,3.829601287841797,True,SolutionResult.kSolutionFound,1,3.822366034,0.15455712715239744,1.0658925996641546,2.0546382555728253,5.778890110809775,1.0,1.0,0.0,0.0,,3.043174647949953,1.00309716997177,1.4402171665761319,0.6840154463126092,0.9241480432701956,0.3825,0.9390005770945147,0.2975,0.32151354137519306,0.0,acceleration,443.4599166050332,266.2092007898775,45163.213127878065,77.80745698205754,25.097063845921088
bottom,middle,4,parameterized,tight,snopt,all,False,0.0,1.0,1095942084,True,0.6114087104797363,42,4.0531158447265625e-06,42,42,15.063594261965724,,1.6304422842184159,10.77710729513838,37.3899943488962,0.6133305114074427,32.6189341545105,True,SolutionResult.kSolutionFound,1,32.611873602,0.02290499508889692,0.03734527251274572,0.19884698788202984,0.7734851829979338,1.0,1.0,0.0,5.7434391329547196e-05,,1.5914117215665549,1.000290756522151,1.7748789618536278,0.44896135994951825,0.9999870681205771,0.595,0.0669251731006229,0.1675,0.19329337960553541,0.0,acceleration,112.4593462762001,94.14884965653317,15795.237060468706,20.67901755392508,13.48902939596694
bottom,middle,4,cspace,tight,snopt,all,False,0.0,1.0,1095942084,True,0.6114087104797363,42,4.0531158447265625e-06,42,42,15.063594261965724,,1.6304422842184159,10.77710729513838,37.3899943488962,0.09278927755048946,290.10376048088074,False,SolutionResult.kSolverSpecificError,41,290.097552195,0.010915949516475891,0.0584691182952583,0.11764235916737464,0.442662228857313,1.0,1.0,0.0,0.0,,1.0316353597862435,1.0001293393805204,1.6769994140212785,0.42001162314180024,0.8209750067133283,0.37,0.8899202270106353,0.22,0.2263540887809106,0.0,acceleration,130.29164672783344,102.99003110388263,13549.605060042366,19.055825581386742,16.49086948519767
bottom,middle,4,kinetic,tight,snopt,all,False,0.0,1.0,1095942084,True,0.6114087104797363,42,4.0531158447265625e-06,42,42,15.063594261965724,,1.6304422842184159,10.77710729513838,37.3899943488962,0.026745123058022638,357.91137170791626,False,SolutionResult.kSolverSpecificError,41,357.904588649,0.012796030594244277,0.06510240553235067,0.12770319059985816,0.47844351160709664,1.0,1.0,0.0,0.0,,1.0307491399747684,1.000246661281536,1.6848218786143907,0.4238374385647955,0.808622543225723,0.315,0.9117426634889543,0.2425,0.24769921469196787,0.0,acceleration,139.1525227929743,107.72466869056042,14054.539052183098,19.884223924904042,18.72356988907661
bottom,top,8,parameterized,notebook,snopt,all,False,0.0,1.0,1680323598,True,0.38793325424194336,45,3.814697265625e-06,45,45,15.24707865981356,,1.738867312710492,10.843022734230757,39.180752838225736,0.5750870078989703,1.06754469871521,True,SolutionResult.kSolutionFound,1,1.058774631,0.610628768959453,1.0618024065442464,3.1437857503204647,11.682978038219792,0.994,0.994,0.0,0.0,,4.561891042915511,1.0146488866386218,1.9270128531400417,0.5484015487822311,0.9992916337077384,0.565,0.7449756335666897,0.18,0.24608447620319243,0.0,acceleration,604.4377992547649,381.81825565464436,52431.78174138317,103.34919639590551,24.82314520385223
bottom,top,8,cspace,notebook,snopt,all,False,0.0,1.0,1680323598,True,0.38793325424194336,45,3.814697265625e-06,45,45,15.24707865981356,,1.738867312710492,10.843022734230757,39.180752838225736,0.09222520550870573,3.16137957572937,True,SolutionResult.kSolutionFound,1,3.15453148,0.221704004845844,1.3124356311991934,2.4039415648134925,9.024067444040693,1.0,1.0,0.0,0.0,,3.7386066318057964,1.0094715652701511,1.7859246893904814,0.6763099306852057,0.9355709250571324,0.435,0.8965873899685188,0.225,0.28136694479662255,0.0,acceleration,626.5127510009374,393.65196024889246,55873.51165109727,102.2322455559447,35.51249180796992
bottom,top,8,kinetic,notebook,snopt,all,False,0.0,1.0,1680323598,True,0.38793325424194336,45,3.814697265625e-06,45,45,15.24707865981356,,1.738867312710492,10.843022734230757,39.180752838225736,0.025522735719982762,6.56127667427063,True,SolutionResult.kSolutionFound,1,6.556400591,0.16349315070441864,1.1185573073548714,1.9078983497684816,6.405784728492618,0.994,0.994,0.0,0.0,,3.0641399558790394,1.0029036874002926,1.6088652070298426,0.6848023831739651,0.9675847875235035,0.4525,0.8503060042796704,0.1925,0.3010701025080392,0.0,acceleration,537.600479012606,349.6324970066863,41980.94242141866,91.84774510991645,27.208351985892914
bottom,top,8,parameterized,tight,snopt,all,False,0.0,1.0,1680323598,True,0.38793325424194336,45,3.814697265625e-06,45,45,15.24707865981356,,1.738867312710492,10.843022734230757,39.180752838225736,0.5750870078989703,25.842557430267334,True,SolutionResult.kSolutionFound,1,25.835990002,0.09864998196993034,0.17153922904699276,0.9997429128940675,4.059922526676819,1.0,1.0,0.0,0.00015585968631581792,,3.046105478358271,1.0111102712198752,1.5390473551901795,0.38119287008463765,0.999980122781029,0.685,0.20172972528732427,0.1275,0.21007451049210146,0.0,acceleration,293.7429616810636,223.90748464835423,28610.894722660953,58.96561010786945,20.28376938881144
bottom,top,8,cspace,tight,snopt,all,False,0.0,1.0,1680323598,True,0.38793325424194336,45,3.814697265625e-06,45,45,15.24707865981356,,1.738867312710492,10.843022734230757,39.180752838225736,0.09222520550870573,340.29948329925537,True,SolutionResult.kSolutionFound,3,340.293115292,0.043680765867939016,0.24999194228093313,0.47363153735467367,2.101075626954648,0.996,0.996,0.0,0.0,,1.8628123971885375,1.0009793315670215,1.7025945270529534,0.4062295622826959,0.9999902975229438,0.5575,0.5209657547830546,0.1375,0.22851853376711165,0.0,acceleration,266.27051200621395,210.9654027782179,24951.90852034682,48.798459016603076,20.85842708150542
bottom,top,8,kinetic,tight,snopt,all,False,0.0,1.0,1680323598,True,0.38793325424194336,45,3.814697265625e-06,45,45,15.24707865981356,,1.738867312710492,10.843022734230757,39.180752838225736,0.025522735719982762,320.5930678844452,True,SolutionResult.kSolutionFound,3,320.588007587,0.047126553013624825,0.26848594030911455,0.47912988334299805,1.8464538257443768,0.996,0.996,0.0,0.0,,1.6954041291190451,1.0002972375325059,1.7526755210097456,0.47642834085071273,0.9999837698839411,0.5525,0.5409606072008024,0.1175,0.22440846656347285,0.0,acceleration,266.49388139971825,210.71205492792518,23266.438291622973,50.33866870947739,23.112425128590154
bottom,middle,3,parameterized,notebook,snopt,all,False,0.0,1.0,1597385319,True,0.2728719711303711,39,6.9141387939453125e-06,39,39,12.537647750424076,,1.4802693650388272,7.619637935326281,25.78529814396529,0.6755527227801341,1.5595200061798096,True,SolutionResult.kSolutionFound,1,1.548866184,0.5341682171682848,0.7907128476516123,1.8326734307464518,6.413701309105262,1.0,1.0,0.0,0.0,,3.1444062791869616,1.0095163981680015,1.7154969213976516,0.6122484864044762,0.906766014274115,0.415,0.9016733754461117,0.2725,0.2523215919349303,0.0,acceleration,408.12876321253566,245.64948807142792,43283.40028073294,70.59476700070414,20.23993918912755
bottom,middle,3,cspace,notebook,snopt,all,False,0.0,1.0,1597385319,True,0.2728719711303711,39,6.9141387939453125e-06,39,39,12.537647750424076,,1.4802693650388272,7.619637935326281,25.78529814396529,0.1312398316675632,3.236401319503784,True,SolutionResult.kSolutionFound,1,3.230101834,0.2585359037249462,1.14900590193281,1.9699499796664641,6.200519718995078,1.0,1.0,0.0,0.0,,2.791956237312653,1.001792755723499,1.7017745549984282,0.7052894243876546,0.9528402535770943,0.4175,0.9294907517815537,0.24,0.32613960613107085,0.0,acceleration,414.2043085995391,250.57743812749771,38529.624771674426,82.27411160935226,33.85328553374748
bottom,middle,3,kinetic,notebook,snopt,all,False,0.0,1.0,1597385319,True,0.2728719711303711,39,6.9141387939453125e-06,39,39,12.537647750424076,,1.4802693650388272,7.619637935326281,25.78529814396529,0.038781789313304366,2.855292797088623,True,SolutionResult.kSolutionFound,1,2.83991193,0.22165120117913303,1.1626198901979428,2.0253681454667802,5.715342306371979,1.0,1.0,0.0,0.0,,2.85357119440437,1.0006580837402728,1.5005374760436565,0.7137150335513489,0.8813451701502739,0.3425,0.936900884459536,0.26,0.3213008609628335,0.0,acceleration,405.7325980949405,246.3732005180327,37290.194920731854,77.1694882237013,28.155333369958583
bottom,middle,3,parameterized,tight,snopt,all,False,0.0,1.0,1597385319,True,0.2728719711303711,39,6.9141387939453125e-06,39,39,12.537647750424076,,1.4802693650388272,7.619637935326281,25.78529814396529,0.6755527227801341,29.748833656311035,True,SolutionResult.kSolutionFound,1,29.739753569,0.0272688854033678,0.04036529568136628,0.20996325324054066,0.8148832945217304,1.0,1.0,0.0,9.440543472738483e-06,,1.5782276390576626,1.0003383210911225,1.689876352901592,0.4308332034462404,0.9999941437407587,0.59,0.06225010846392662,0.1425,0.19283097010574707,0.0,acceleration,111.94774765495427,93.6566109930935,15743.657802446833,20.473419817817728,14.115767819605198
bottom,middle,3,cspace,tight,snopt,all,False,0.0,1.0,1597385319,True,0.2728719711303711,39,6.9141387939453125e-06,39,39,12.537647750424076,,1.4802693650388272,7.619637935326281,25.78529814396529,0.1312398316675632,195.16197729110718,True,SolutionResult.kSolutionFound,3,195.154218329,0.01652834150073584,0.06291124610102766,0.1259399779070345,0.47500072106232866,1.0,1.0,0.0,0.0,,1.0272618290814732,1.0000267146501545,1.613066324747793,0.4185111134430875,0.7986813893966414,0.345,0.910960875250203,0.24,0.2135591652542307,0.0,acceleration,133.01193161059456,104.0723109645484,13630.460944679853,19.306944612288017,16.413350444238905
bottom,middle,3,kinetic,tight,snopt,all,False,0.0,1.0,1597385319,True,0.2728719711303711,39,6.9141387939453125e-06,39,39,12.537647750424076,,1.4802693650388272,7.619637935326281,25.78529814396529,0.038781789313304366,470.00473713874817,True,SolutionResult.kSolutionFound,1,469.996571708,0.017145638988105224,0.06082347173659408,0.1232533099055715,0.4421054131770885,1.0,1.0,0.0,0.0,,1.051832277079829,1.0005983444937254,1.6266304878717068,0.42406507229828283,0.9852557114498861,0.4975,0.6755811974873625,0.195,0.212535843587081,0.0,acceleration,113.85306424852863,94.82271805768698,12493.377841035845,16.75203814849567,13.173319185828374
bottom,middle,5,parameterized,notebook,snopt,all,False,0.0,1.0,911576914,True,0.32566308975219727,54,3.0994415283203125e-06,54,54,14.355927105671205,,2.086950280503636,5.70948930439942,18.954058868680537,0.47916809966295587,0.5659012794494629,True,SolutionResult.kSolutionFound,1,0.557171252,0.7483265350926747,1.5617202723199641,3.2531662460337687,10.299805630098902,1.0,1.0,0.0,0.0,,4.570560483910817,1.0187159186096677,2.3909227303324188,1.4591202191130466,1.000003546701656,0.6225,0.5559010871652315,0.17,0.25948803702249756,0.0125,acceleration,591.3114744203892,342.32509592507296,62066.31518448664,117.43897594129481,26.06085194430094
bottom,middle,5,cspace,notebook,snopt,all,False,0.0,1.0,911576914,True,0.32566308975219727,54,3.0994415283203125e-06,54,54,14.355927105671205,,2.086950280503636,5.70948930439942,18.954058868680537,0.17514701345170308,2.7833502292633057,True,SolutionResult.kSolutionFound,1,2.77680337,0.47481251441800426,1.6601764112615942,2.71093697266459,8.190532616904335,1.0,1.0,0.0,0.0,,3.881729393476045,1.0032205292130365,2.104728105555917,1.0361317321908443,0.9999986463008417,0.6025,0.6580488468207369,0.14,0.28490792439039475,0.005,acceleration,596.9408016532789,343.51594150024033,54384.74629335006,111.53728901122967,23.52350341941825
bottom,middle,5,kinetic,notebook,snopt,all,False,0.0,1.0,911576914,True,0.32566308975219727,54,3.0994415283203125e-06,54,54,14.355927105671205,,2.086950280503636,5.70948930439942,18.954058868680537,0.052759148155458575,3.395456552505493,True,SolutionResult.kSolutionFound,1,3.390434568,0.4168944283155221,1.6994415939101435,2.799719574399008,7.901841536317322,1.0,1.0,0.0,0.0,,3.9134543275677167,1.0070541795212409,2.368285136683177,1.5289617889948768,0.9999080472766021,0.5925,0.6121025131921012,0.165,0.29354372383786975,0.015,acceleration,585.5668505518004,338.7086076685082,53742.07785849629,106.44849118147715,24.978819774566894
bottom,middle,5,parameterized,tight,snopt,all,False,0.0,1.0,911576914,True,0.32566308975219727,54,3.0994415283203125e-06,54,54,14.355927105671205,,2.086950280503636,5.70948930439942,18.954058868680537,0.47916809966295587,51.33010792732239,True,SolutionResult.kSolutionFound,1,51.322793879,0.01402189321516505,0.029262993978579552,0.15662716435541166,0.6196782365527757,1.0,1.0,0.0,0.00010237515425792765,,1.6107752492941878,1.0002855634320846,2.1572298094603166,0.4679164528631711,0.9999813861422506,0.5775,0.08120965835918366,0.125,0.19220535640383327,0.0,acceleration,116.30076129547652,96.48618739498458,16222.465069614862,21.019384387583866,10.671325980347918
bottom,middle,5,cspace,tight,snopt,all,False,0.0,1.0,911576914,True,0.32566308975219727,54,3.0994415283203125e-06,54,54,14.355927105671205,,2.086950280503636,5.70948930439942,18.954058868680537,0.17514701345170308,497.79939317703247,False,SolutionResult.kIterationLimit,31,497.793168941,0.01761868641612892,0.04849844235463345,0.10059370165045542,0.4086133228116672,1.0,1.0,0.0,0.0,,1.1608241870797962,1.000130433110306,2.058799050923925,0.4031577456707989,0.6518154077273368,0.28,0.9475383100047523,0.29,0.23110874040043144,0.0,acceleration,144.8850751418049,110.83745077082222,15607.584245549837,20.871240907807366,16.95594874788474
bottom,middle,5,kinetic,tight,snopt,all,False,0.0,1.0,911576914,True,0.32566308975219727,54,3.0994415283203125e-06,54,54,14.355927105671205,,2.086950280503636,5.70948930439942,18.954058868680537,0.052759148155458575,184.26065063476562,False,SolutionResult.kIterationLimit,31,184.254785889,0.07279558450817997,0.17157607942582706,0.3011511319938896,1.3797717941480514,1.0,1.0,0.0,0.0,,1.8435390727311654,1.00018309619876,2.050278478600779,0.4762982087923958,0.9998471080534439,0.525,0.39839001864971346,0.1425,0.22159669426375725,0.0,acceleration,177.93223709403904,127.1715687929019,26534.55946855223,40.4891912351123,19.063384095058993
bottom,top,9,parameterized,notebook,snopt,all,False,0.0,1.0,320898200,True,0.36539411544799805,40,1.1682510375976562e-05,40,40,13.358616273473638,,1.5368229878306334,8.353745560775332,32.08322446796907,0.6506930257541187,3.1615779399871826,True,SolutionResult.kSolutionFound,1,3.149738032,0.44711096909360326,0.6871304154142747,1.76530378467954,6.80692763323509,1.0,1.0,0.0,0.0,,3.777232388073851,1.0102643560930262,1.391846382168364,0.39307139546680736,0.6895655716337842,0.3625,0.9064903009850667,0.245,0.2292843115737533,0.0,acceleration,406.43142484080977,282.8323741457127,49305.79246007888,63.4627946698933,18.851831519569103
bottom,top,9,cspace,notebook,snopt,all,False,0.0,1.0,320898200,True,0.36539411544799805,40,1.1682510375976562e-05,40,40,13.358616273473638,,1.5368229878306334,8.353745560775332,32.08322446796907,0.11970678215236275,6.01055645942688,True,SolutionResult.kSolutionFound,1,6.002086026,0.22040067294872703,1.1018902720048276,1.8411711432373237,6.1635168808565215,1.0,1.0,0.0,0.0,,2.7997879312987863,1.0012745987224025,1.9863281999516726,0.5866077800002371,0.9677852850226152,0.4625,0.8737037984684566,0.2,0.25760628452606527,0.0,acceleration,438.0626923828761,299.0596598571932,42524.83699264297,84.25422912726829,33.722809048481096
bottom,top,9,kinetic,notebook,snopt,all,False,0.0,1.0,320898200,True,0.36539411544799805,40,1.1682510375976562e-05,40,40,13.358616273473638,,1.5368229878306334,8.353745560775332,32.08322446796907,0.03116893693145993,6.678528785705566,True,SolutionResult.kSolutionFound,1,6.673803791,0.17462705509164558,1.0878767044840167,1.8001190777180738,5.602599006685666,1.0,1.0,0.0,0.0,,2.6311025427464965,1.0010555112783874,1.9891956775344737,0.6418620826590395,0.9645624395416923,0.4575,0.8597185155714628,0.2,0.281615680477256,0.0,acceleration,426.6219636693336,294.1197651220143,38771.94089787471,81.98762391469597,26.510091782527958
bottom,top,9,parameterized,tight,snopt,all,False,0.0,1.0,320898200,True,0.36539411544799805,40,1.1682510375976562e-05,40,40,13.358616273473638,,1.5368229878306334,8.353745560775332,32.08322446796907,0.6506930257541187,27.671786546707153,True,SolutionResult.kSolutionFound,1,27.661140603,0.1259361461559386,0.19354156441124767,1.1548181312731964,4.678511346299825,1.0,1.0,0.0,7.657583509557142e-05,,3.056380745202655,1.0091701799722954,1.4421494558306316,0.3409276295169156,0.9999907603849664,0.69,0.18703327394385544,0.1275,0.21046306817591587,0.0,acceleration,292.9944800317291,224.14118941527738,28431.67615243589,59.18347750481185,20.44471968471121
bottom,top,9,cspace,tight,snopt,all,False,0.0,1.0,320898200,True,0.36539411544799805,40,1.1682510375976562e-05,40,40,13.358616273473638,,1.5368229878306334,8.353745560775332,32.08322446796907,0.11970678215236275,202.06724739074707,True,SolutionResult.kSolutionFound,3,202.058573597,0.0627745571637009,0.2840138254421767,0.5244026782359039,2.09469507638807,1.0,1.0,0.0,0.0,,1.7555884742553594,1.0002443285531293,1.586448765275097,0.46587238880610504,0.9990194121886431,0.5225,0.5761697851148053,0.15,0.22868524538939305,0.0,acceleration,263.90642400828847,209.8274710424391,23224.290357274836,49.14734644389027,23.551228914807325
bottom,top,9,kinetic,tight,snopt,all,False,0.0,1.0,320898200,True,0.36539411544799805,40,1.1682510375976562e-05,40,40,13.358616273473638,,1.5368229878306334,8.353745560775332,32.08322446796907,0.03116893693145993,575.3650677204132,False,SolutionResult.kSolverSpecificError,41,575.358912398,0.0623618289158145,0.2981000246548066,0.5357701413094917,2.0007685553391603,1.0,1.0,0.0,0.0,,1.6437200222244714,1.0001026568104006,1.516311976307163,0.4692519239670436,0.9769091051699725,0.4775,0.7770687713069493,0.1825,0.2191516623409565,0.0,acceleration,277.25279534891274,216.8199770720165,22529.836959786695,51.36099581967527,29.021619918829163
bottom,top,5,parameterized,notebook,snopt,all,False,0.0,1.0,446089395,True,0.7221753597259521,42,3.337860107421875e-06,42,42,16.55648480766424,,1.6376660398145861,16.47660862817169,56.35021256948707,0.6106251065163557,2.7704570293426514,True,SolutionResult.kSolutionFound,1,2.759941871,0.37985134567113754,0.6220696489834886,2.1289436204100296,7.52160288901521,1.0,1.0,0.0,0.0,,3.9107341002509433,1.0343514444866948,1.1053671354699635,0.5095268035041677,0.7664155904952321,0.25,0.9247160810129145,0.2425,0.25908238442446424,0.0,acceleration,478.1502602005242,318.8451055523435,48732.449356530866,68.30458200616106,21.613174799603854
bottom,top,5,cspace,notebook,snopt,all,False,0.0,1.0,446089395,True,0.7221753597259521,42,3.337860107421875e-06,42,42,16.55648480766424,,1.6376660398145861,16.47660862817169,56.35021256948707,0.06069210130355351,399.43706822395325,False,SolutionResult.kIterationLimit,31,399.422070724,1.0640909994202172,13.111389194208298,17.532610941998964,103.94507855818465,0.992,1.0,0.0001289024444104392,0.053143373256577586,,6.198198425325693,1.5164744870726798,2.221039896573766,0.4648633359852921,1.0000430487622198,0.6875,0.15412509432407812,0.14,0.21274189761968293,0.0,acceleration,547.2942849601882,361.23323922607045,65722.23728319071,117.16000438677257,28.88761487019794
bottom,top,5,kinetic,notebook,snopt,all,False,0.0,1.0,446089395,True,0.7221753597259521,42,3.337860107421875e-06,42,42,16.55648480766424,,1.6376660398145861,16.47660862817169,56.35021256948707,0.017746161982385978,4.086778402328491,True,SolutionResult.kSolutionFound,1,4.081067877,1.0384143000076542,2.4773819462858064,19.539731275983012,58.51486654062641,1.0,1.0,0.0,0.0,,7.508144604389484,1.1530801897084142,1.5844611903356765,0.6575445737123783,0.9999981291141192,0.5575,0.4393965956407514,0.1575,0.21924880754979656,0.0,acceleration,692.2366649252077,430.41779768462015,81774.7590050275,121.02306952719528,24.518398372905846
bottom,top,5,parameterized,tight,snopt,all,False,0.0,1.0,446089395,True,0.7221753597259521,42,3.337860107421875e-06,42,42,16.55648480766424,,1.6376660398145861,16.47660862817169,56.35021256948707,0.6106251065163557,31.401044368743896,True,SolutionResult.kSolutionFound,1,31.394294333,0.1111736038741959,0.1820652355885649,1.319654977710281,5.40117346338241,0.992,0.992,0.0,6.278561665240545e-06,,3.380017626157416,1.0115995388110512,1.1310146240598264,0.3724274916905543,0.9999903975292571,0.6975,0.2018675744229809,0.105,0.21362949610186857,0.0,acceleration,304.76046314299197,229.63073329376414,31577.357607951137,62.602401980672525,21.845645008474534
bottom,top,5,cspace,tight,snopt,all,False,0.0,1.0,446089395,True,0.7221753597259521,42,3.337860107421875e-06,42,42,16.55648480766424,,1.6376660398145861,16.47660862817169,56.35021256948707,0.06069210130355351,537.5592451095581,False,SolutionResult.kIterationLimit,31,537.553588646,1.0640909994202172,13.111389194208298,17.532610941998964,103.94507855818465,0.992,1.0,0.0001289024444104392,0.053143373256577586,,6.198198425325693,1.5164744870726798,2.221039896573766,0.4648633359852921,1.0000430487622198,0.6875,0.15412509432407812,0.14,0.21274189761968293,0.0,acceleration,547.2942849601882,361.23323922607045,65722.23728319071,117.16000438677257,28.88761487019794
bottom,top,5,kinetic,tight,snopt,all,False,0.0,1.0,446089395,True,0.7221753597259521,42,3.337860107421875e-06,42,42,16.55648480766424,,1.6376660398145861,16.47660862817169,56.35021256948707,0.017746161982385978,30.687912940979004,False,SolutionResult.kSolverSpecificError,41,30.680264036,0.948099576037297,2.5109643515126754,18.043087138680676,53.42561264674229,1.0,1.0,0.0,0.0,,7.328344864570218,1.047435748456412,1.5311572050489748,0.6504035360442438,0.9941219035053871,0.5075,0.5105251890183062,0.165,0.22256936119957654,0.0,acceleration,686.1597680384489,425.74176708134024,81619.71086525235,116.77245501193997,23.96434089020913
middle,bottom,4,parameterized,notebook,snopt,all,False,0.0,1.0,936045014,True,0.353015661239624,37,1.6689300537109375e-06,37,37,12.237352956958286,,1.4126029150769386,8.586597102535057,31.894113285655084,0.7079130230631969,0.8783707618713379,True,SolutionResult.kSolutionFound,1,0.87238935,0.6361779398778025,0.8986668123790303,3.2395842655651883,12.223310240825697,1.0,1.0,0.0,0.0,,4.351229832539524,1.0106640309127894,1.5400732213031592,0.6100955187155443,0.9999439094227316,0.62,0.5131359005719645,0.1175,0.23386539930743883,0.0,acceleration,433.35251334525424,186.53988710168645,54285.788400077916,90.08132255196841,25.802279077371473
middle,bottom,4,cspace,notebook,snopt,all,False,0.0,1.0,936045014,True,0.353015661239624,37,1.6689300537109375e-06,37,37,12.237352956958286,,1.4126029150769386,8.586597102535057,31.894113285655084,0.1164605708243567,1.6916918754577637,True,SolutionResult.kSolutionFound,1,1.684062039,0.2175782298006428,1.012727966349038,1.8682565975809053,6.385400539527707,1.0,1.0,0.0,0.0,,2.8660196183623707,1.0011884615087663,1.48302124058785,0.7933627899213396,0.9562847920533013,0.4375,0.9116833194975454,0.22,0.26916127688890534,0.0,acceleration,378.12275896874155,157.89499178625368,39020.85324585573,79.3979022608273,27.913919082378143
middle,bottom,4,kinetic,notebook,snopt,all,False,0.0,1.0,936045014,True,0.353015661239624,37,1.6689300537109375e-06,37,37,12.237352956958286,,1.4126029150769386,8.586597102535057,31.894113285655084,0.031353748293412094,2.296328544616699,True,SolutionResult.kSolutionFound,1,2.288740309,0.19160050743437182,1.0538336840479077,1.9176639809693095,6.110928289700853,1.0,1.0,0.0,0.0,,2.747259201044031,1.0009320816923781,1.7636418922361536,0.9737607727229485,0.9797740747031634,0.475,0.8360100959750969,0.21,0.28859675543840757,0.0,acceleration,377.9870271712216,158.87599898857138,36584.743311176964,79.87024372274512,23.63137031694945
middle,bottom,4,parameterized,tight,snopt,all,False,0.0,1.0,936045014,True,0.353015661239624,37,1.6689300537109375e-06,37,37,12.237352956958286,,1.4126029150769386,8.586597102535057,31.894113285655084,0.7079130230631969,25.793885231018066,True,SolutionResult.kSolutionFound,1,25.786116919,0.03018592922958939,0.04264073162402754,0.22363304540955448,0.8662219521906777,1.0,1.0,0.0,3.783463184481306e-05,,1.5699922910411863,1.002254576586491,1.6389148443969765,0.44608806445718685,0.9999925415022193,0.6,0.06652976828080634,0.1275,0.19079811354403267,0.0,acceleration,112.93174493352032,21.141168347872963,15550.724066710209,20.62711717931511,13.894435352814249
middle,bottom,4,cspace,tight,snopt,all,False,0.0,1.0,936045014,True,0.353015661239624,37,1.6689300537109375e-06,37,37,12.237352956958286,,1.4126029150769386,8.586597102535057,31.894113285655084,0.1164605708243567,177.39654779434204,False,SolutionResult.kSolverSpecificError,41,177.387935088,0.015212568415498345,0.06527318136196134,0.13062419587863439,0.4874366447548038,1.0,1.0,0.0,0.0,,1.0170657004598445,1.0003609411844157,1.5690402826115404,0.41566012275966374,0.8853384663414133,0.3975,0.8609325808498833,0.225,0.2081309845236256,0.0,acceleration,126.71384329441717,27.84993517285484,13235.333432490143,18.88030052400785,17.41932194045566
middle,bottom,4,kinetic,tight,snopt,all,False,0.0,1.0,936045014,True,0.353015661239624,37,1.6689300537109375e-06,37,37,12.237352956958286,,1.4126029150769386,8.586597102535057,31.894113285655084,0.031353748293412094,628.0972471237183,True,SolutionResult.kSolutionFound,1,628.091334395,0.01526169169616364,0.06713345443627367,0.13560770927468602,0.4867581238881843,1.0,1.0,0.0,0.0,,1.042127239736132,1.0001736104163366,1.5680818662119942,0.45988467104811664,0.9992329244191842,0.52,0.6933116582979688,0.2,0.1966676514871256,0.0,acceleration,112.97738574676886,20.891349845913325,12165.337791150412,17.125712495147077,13.528177650704045
middle,bottom,1,parameterized,notebook,snopt,all,False,0.0,1.0,1201675609,True,0.23512530326843262,38,1.9073486328125e-06,38,38,11.749285547619056,,1.4493753937296587,6.4658971998852035,21.705986592253687,0.6899523783322367,1.0471858978271484,True,SolutionResult.kSolutionFound,1,1.038071518,0.6705442348405505,0.9718703143851688,2.758950363744316,9.653350094713431,1.0,1.0,0.0,0.0,,3.952580169998369,1.01516723070825,1.5868202968426905,0.9094326840785154,0.9999237440440604,0.62,0.5574013641534591,0.125,0.24793776791368494,0.0,acceleration,415.5539698340418,178.04568457534756,47455.70069070383,85.73350117624126,25.914861848374578
middle,bottom,1,cspace,notebook,snopt,all,False,0.0,1.0,1201675609,True,0.23512530326843262,38,1.9073486328125e-06,38,38,11.749285547619056,,1.4493753937296587,6.4658971998852035,21.705986592253687,0.15465757791784165,2.247762441635132,True,SolutionResult.kSolutionFound,1,2.241671812,0.2817315176707967,1.065071217571914,1.8216470312270125,6.072983622349721,0.996,0.996,0.0,0.0,,2.782487246560086,1.0018270357901176,1.6401388047579346,0.8041252182416201,1.000000597224357,0.6125,0.675995169777186,0.17,0.2694542472479177,0.0,acceleration,416.0883108464503,177.51331034939676,35819.07296706901,82.21110392682624,26.647904847682756
middle,bottom,1,kinetic,notebook,snopt,all,False,0.0,1.0,1201675609,True,0.23512530326843262,38,1.9073486328125e-06,38,38,11.749285547619056,,1.4493753937296587,6.4658971998852035,21.705986592253687,0.04607023945904742,2.385425090789795,True,SolutionResult.kSolutionFound,1,2.37877861,0.29662127418932666,1.158807006937636,2.071210304341325,6.438457400530729,0.996,0.996,0.0,0.0,,2.9404493235674214,1.0013773563916195,1.5328628927234884,0.8660505457293899,0.9980815141559201,0.515,0.7887565489210744,0.2125,0.26254686924553705,0.0,acceleration,427.5224721242437,182.3226175591621,37446.121196372755,82.4290670269059,26.402082842625294
middle,bottom,1,parameterized,tight,snopt,all,False,0.0,1.0,1201675609,True,0.23512530326843262,38,1.9073486328125e-06,38,38,11.749285547619056,,1.4493753937296587,6.4658971998852035,21.705986592253687,0.6899523783322367,27.971127033233643,True,SolutionResult.kSolutionFound,1,27.9619515,0.028824263760973155,0.04177717863753384,0.2183560660383625,0.8506371928394658,1.0,1.0,0.0,8.36880576158272e-05,,1.578444174740576,1.0004696359749303,1.6530101492280245,0.5411079078206591,0.9999943327321006,0.5875,0.0660938309124916,0.1525,0.19087495436495983,0.0,acceleration,113.15712552289042,20.920015820985505,15718.221479450323,20.611124669051968,12.186187180941925
middle,bottom,1,cspace,tight,snopt,all,False,0.0,1.0,1201675609,True,0.23512530326843262,38,1.9073486328125e-06,38,38,11.749285547619056,,1.4493753937296587,6.4658971998852035,21.705986592253687,0.15465757791784165,354.0851616859436,True,SolutionResult.kSolutionFound,1,354.075460877,0.019544701374218865,0.06370184732792858,0.12637402988815424,0.46061378299739375,1.0,1.0,0.0,0.0,,1.0259271428017722,1.00018311725309,1.587159783704202,0.4601721493273958,0.9787140642396619,0.465,0.7447151537411596,0.205,0.20106284170395478,0.0,acceleration,114.18140745254128,21.77880581599542,12519.491071057359,17.278265144805733,16.343700153251323
middle,bottom,1,kinetic,tight,snopt,all,False,0.0,1.0,1201675609,True,0.23512530326843262,38,1.9073486328125e-06,38,38,11.749285547619056,,1.4493753937296587,6.4658971998852035,21.705986592253687,0.04607023945904742,598.7139437198639,True,SolutionResult.kSolutionFound,1,598.702718985,0.020905693454878114,0.06295227323546662,0.1260472355540672,0.45377870183335023,1.0,1.0,0.0,0.0,,1.0385715879984148,1.000478917531904,1.5916978702328424,0.45396106660382674,0.986152267118019,0.4925,0.6622752216260888,0.1825,0.19693084622523307,0.0,acceleration,113.73954939795868,21.67228439640924,12376.819729942801,17.020477889120837,14.963749747475116
middle,bottom,3,parameterized,notebook,snopt,all,False,0.0,1.0,699300981,True,0.3172111511230469,31,1.9073486328125e-06,31,31,11.722992911900471,,1.1606297902563516,9.497105452809759,31.867000001551386,0.8616011827329774,1.179384708404541,True,SolutionResult.kSolutionFound,1,1.170225897,0.5293862017645651,0.6144213963186151,1.9287219165416554,6.97609040198928,0.996,0.996,0.0,0.0,,3.1572495412847346,1.0145084348222817,2.0233845748835098,0.7677008039407234,0.975009957982748,0.4875,0.808163171028977,0.2175,0.24350731692461852,0.0,acceleration,377.370687087722,157.73885011108874,42152.79028860752,62.155893510543955,19.97281431741476
middle,bottom,3,cspace,notebook,snopt,all,False,0.0,1.0,699300981,True,0.3172111511230469,31,1.9073486328125e-06,31,31,11.722992911900471,,1.1606297902563516,9.497105452809759,31.867000001551386,0.10529524021491683,2.926861524581909,True,SolutionResult.kSolutionFound,1,2.920113586,0.14411940529191927,0.8021366260865838,1.3687171898535866,4.579807416595916,0.994,0.994,0.0,0.0,,2.20917770374705,1.0008811949138472,1.4736628142484036,0.6530188217354851,0.8696180799395525,0.245,0.9683007115818382,0.325,0.29464704295527644,0.0,acceleration,406.95689789671377,170.00880978276695,34258.52465685729,63.17072098642113,30.198620057867
middle,bottom,3,kinetic,notebook,snopt,all,False,0.0,1.0,699300981,True,0.3172111511230469,31,1.9073486328125e-06,31,31,11.722992911900471,,1.1606297902563516,9.497105452809759,31.867000001551386,0.03138042488942533,4.6112425327301025,True,SolutionResult.kSolutionFound,1,4.604208316,0.13947579949168792,0.8480093902367205,1.4256645242120252,4.444675302618,0.994,0.994,0.0,0.0,,2.242244253189456,1.000343422927296,1.3853699448231032,0.6921148268183659,0.8202582316445746,0.2275,0.9752479500114568,0.37,0.32919537071813154,0.0,acceleration,403.8169767806389,168.83316407757877,32500.421800953223,61.411196299926175,27.812675913696705
middle,bottom,3,parameterized,tight,snopt,all,False,0.0,1.0,699300981,True,0.3172111511230469,31,1.9073486328125e-06,31,31,11.722992911900471,,1.1606297902563516,9.497105452809759,31.867000001551386,0.8616011827329774,17.730093955993652,True,SolutionResult.kSolutionFound,1,17.722748575,0.04404467651676776,0.051119563667564476,0.2693822004708168,1.0409817312165974,1.0,1.0,0.0,4.4502928367329275e-05,,1.5753579440652434,1.00165120791985,1.4932841094776,0.4610913884466594,0.9999906102811174,0.595,0.06142410533859868,0.1525,0.19215504999722194,0.0,acceleration,111.81873151635722,20.584797579954667,15520.277536645306,20.521588789784325,13.25618734792053
middle,bottom,3,cspace,tight,snopt,all,False,0.0,1.0,699300981,True,0.3172111511230469,31,1.9073486328125e-06,31,31,11.722992911900471,,1.1606297902563516,9.497105452809759,31.867000001551386,0.10529524021491683,361.2722544670105,False,SolutionResult.kIterationLimit,32,361.264198814,0.016287551353035216,0.07743099045586302,0.1546845927678297,0.5648266666588857,1.0,1.0,0.0,0.0,,1.0070151467115878,1.0000773822722464,1.4353207497250473,0.4235002052449591,0.9798219450128519,0.485,0.7365762474740514,0.175,0.19889492443365026,0.0,acceleration,114.86215501690411,22.085207525873173,12248.593361881154,17.61519132811396,16.630394361128
middle,bottom,3,kinetic,tight,snopt,all,False,0.0,1.0,699300981,True,0.3172111511230469,31,1.9073486328125e-06,31,31,11.722992911900471,,1.1606297902563516,9.497105452809759,31.867000001551386,0.03138042488942533,458.84711956977844,True,SolutionResult.kSolutionFound,1,458.837209648,0.01774519764670198,0.07794855083544269,0.1574396006120658,0.5654862134349816,1.0,1.0,0.0,0.0,,1.043178562120795,1.0003440712691547,1.4361801852754845,0.4307782478061374,0.9994446313836327,0.5225,0.6911250461255924,0.1825,0.19947287727172108,0.0,acceleration,111.78039220923769,20.39714386547253,11913.067981846129,16.935331190035008,13.081807673561386
bottom,top,3,parameterized,notebook,snopt,all,False,0.0,1.0,1945464198,True,0.2424299716949463,42,5.0067901611328125e-06,42,42,12.738336463414402,,1.6006973423840707,8.397000264637223,30.05837862927659,0.624727719301767,0.8462607860565186,True,SolutionResult.kSolutionFound,1,0.835395483,0.6772608515785998,1.0840896452226354,3.286257001635097,11.488611325635885,1.0,1.0,0.0,0.0,,4.0968524624341045,1.0077645511529794,2.426432576802261,1.1724271063838196,0.9996838541698876,0.5725,0.5034661642472439,0.1925,0.2678416320430891,0.0075,acceleration,578.9683178575683,372.62519109318544,53272.95831790434,106.62153797537991,27.31761225355144
bottom,top,3,cspace,notebook,snopt,all,False,0.0,1.0,1945464198,True,0.2424299716949463,42,5.0067901611328125e-06,42,42,12.738336463414402,,1.6006973423840707,8.397000264637223,30.05837862927659,0.11909014749128428,1.9654433727264404,True,SolutionResult.kSolutionFound,1,1.958235626,0.3335434298655364,1.329313761430701,2.800764268848917,9.958218586955551,1.0,1.0,0.0,0.0,,3.624129172263985,1.0024289716849013,2.116497795405224,1.3135610186996787,0.9974008575135622,0.51,0.7533019397024726,0.23,0.275450183487748,0.0125,acceleration,588.0482712151647,375.5970256718922,58319.17856738185,110.33007072816251,27.95302244695589
bottom,top,3,kinetic,notebook,snopt,all,False,0.0,1.0,1945464198,True,0.2424299716949463,42,5.0067901611328125e-06,42,42,12.738336463414402,,1.6006973423840707,8.397000264637223,30.05837862927659,0.0332685941691482,3.6853909492492676,True,SolutionResult.kSolutionFound,1,3.679696345,0.29980157637196725,1.29820807277852,2.75083108794759,9.011549296242576,1.0,1.0,0.0,0.0,,3.4759449869019865,1.0019103749635505,2.312879771640791,1.4483139860306409,0.9976387665776887,0.5125,0.6871793431799643,0.19,0.28960839993735077,0.015,acceleration,563.4068852979444,365.22576083890084,50484.980051895065,106.47380045552394,29.288946237255306
bottom,top,3,parameterized,tight,snopt,all,False,0.0,1.0,1945464198,True,0.2424299716949463,42,5.0067901611328125e-06,42,42,12.738336463414402,,1.6006973423840707,8.397000264637223,30.05837862927659,0.624727719301767,24.76174306869507,True,SolutionResult.kSolutionFound,3,24.755897674,0.113692345662911,0.18198703555203144,1.0941163321597192,4.502127859161814,0.996,0.996,0.0,7.289254876452489e-05,,3.11182301503604,1.0103220443682637,1.4251428197055198,0.39346894958223955,0.9999845325228247,0.685,0.19236183026546239,0.135,0.21276378494563364,0.0,acceleration,300.53176706625015,228.75574795001728,29968.23793937319,60.367582372248656,21.793942170459154
bottom,top,3,cspace,tight,snopt,all,False,0.0,1.0,1945464198,True,0.2424299716949463,42,5.0067901611328125e-06,42,42,12.738336463414402,,1.6006973423840707,8.397000264637223,30.05837862927659,0.11909014749128428,444.2835433483124,False,SolutionResult.kIterationLimit,32,444.27570214,0.057997135042736375,0.2579835399214914,0.487001958302058,2.0657235295466605,0.998,0.998,0.0,0.0,,1.842887001752294,1.000309136402683,1.5998357414917046,0.42581776124048987,0.999993743763612,0.595,0.41253544337032616,0.1325,0.22976256250898042,0.0,acceleration,258.787397335249,206.84850150361677,24755.096943956036,48.602481988610656,20.90213107794421
bottom,top,3,kinetic,tight,snopt,all,False,0.0,1.0,1945464198,True,0.2424299716949463,42,5.0067901611328125e-06,42,42,12.738336463414402,,1.6006973423840707,8.397000264637223,30.05837862927659,0.0332685941691482,707.4000673294067,True,SolutionResult.kSolutionFound,1,707.394398109,0.06349981201861367,0.2927269421541346,0.5109534730966865,1.9087013925433778,1.0,1.0,0.0,0.0,,1.6475704344377557,1.0001365768145647,1.558907120695015,0.48090656883498095,0.9999873533049687,0.545,0.5506803051775104,0.1775,0.22846790404070877,0.0,acceleration,269.18851595043486,212.18497809543766,23415.135660932272,51.02201067562105,24.098059638918407
middle,bottom,9,parameterized,notebook,snopt,all,False,0.0,1.0,1232835947,True,0.16640615463256836,28,2.6226043701171875e-06,28,28,7.154371480330466,,1.0761270533282046,3.020720240832627,10.190010265582602,0.9292583035685593,0.9250669479370117,True,SolutionResult.kSolutionFound,1,0.912092547,0.6565909170122877,0.7065752487664987,1.5676688451011591,5.103193286303165,1.0,1.0,0.0,0.0,,2.1124293245723123,1.0041103972536138,1.8138309444303033,0.9896923618697915,0.8263120657161094,0.375,0.9191357512442346,0.2825,0.30285408657863755,0.0,acceleration,342.80542665965095,139.778414742476,30338.210457855115,64.51709365737138,36.32204739686207
middle,bottom,9,cspace,notebook,snopt,all,False,0.0,1.0,1232835947,True,0.16640615463256836,28,2.6226043701171875e-06,28,28,7.154371480330466,,1.0761270533282046,3.020720240832627,10.190010265582602,0.3310468763318385,5.053628444671631,True,SolutionResult.kSolutionFound,1,5.045986325,0.3959911189359641,0.6914420187044378,1.196178388159827,3.7579921229126043,1.0,1.0,0.0,0.0,,1.6519198479796822,1.0002348106275158,1.4325629498795136,0.916520844893838,0.987476731276892,0.4925,0.7879822149146685,0.205,0.2913922483885042,0.0,acceleration,283.9993474205819,110.44561523825608,23298.149823214386,65.78116962182135,35.39328097375961
middle,bottom,9,kinetic,notebook,snopt,all,False,0.0,1.0,1232835947,True,0.16640615463256836,28,2.6226043701171875e-06,28,28,7.154371480330466,,1.0761270533282046,3.020720240832627,10.190010265582602,0.09813532802587674,7.726327896118164,True,SolutionResult.kSolutionFound,1,7.716697952,0.36016912032913856,0.7409318202796188,1.3334623883868997,3.6701270334997775,1.0,1.0,0.0,0.0,,1.6901302914780274,1.0003249974344197,1.3812591282470097,0.9110253050823143,0.9575006662129917,0.465,0.8821302691029443,0.25,0.29131760873943235,0.0,acceleration,284.64013225702365,111.33316794076006,23196.21233715705,61.526032264256315,34.85310538026918
middle,bottom,9,parameterized,tight,snopt,all,False,0.0,1.0,1232835947,True,0.16640615463256836,28,2.6226043701171875e-06,28,28,7.154371480330466,,1.0761270533282046,3.020720240832627,10.190010265582602,0.9292583035685593,22.466359615325928,True,SolutionResult.kSolutionFound,1,22.458514016,0.05342093833975829,0.05748771696159098,0.3000419196641016,1.160860305591021,1.0,1.0,0.0,4.5490897091049476e-05,,1.5624848442559616,1.0022080023280797,1.4267293059676551,0.3963561926652598,0.9999876456244079,0.6025,0.05920246640160716,0.1825,0.19219992567325067,0.0,acceleration,110.69276984373911,20.347727033428725,15348.049762176892,20.555557004665427,13.907005459321322
middle,bottom,9,cspace,tight,snopt,all,False,0.0,1.0,1232835947,True,0.16640615463256836,28,2.6226043701171875e-06,28,28,7.154371480330466,,1.0761270533282046,3.020720240832627,10.190010265582602,0.3310468763318385,156.62962317466736,False,SolutionResult.kSolverSpecificError,41,156.620951198,0.06051615270167853,0.09220967947898502,0.1828023673632784,0.686488451864241,1.0,1.0,0.0,0.0,,1.0097851666533149,1.000078619934201,1.3741992533380918,0.41658408836257493,0.7898664318429833,0.35,0.924769549818016,0.26,0.22853884739089425,0.0,acceleration,133.78072315399237,31.82320507831353,12981.546591445931,20.16598753030371,17.736330204181268
middle,bottom,9,kinetic,tight,snopt,all,False,0.0,1.0,1232835947,True,0.16640615463256836,28,2.6226043701171875e-06,28,28,7.154371480330466,,1.0761270533282046,3.020720240832627,10.190010265582602,0.09813532802587674,367.8335521221161,True,SolutionResult.kSolutionFound,1,367.825811563,0.06185270325726396,0.0885738687222199,0.17695350680408012,0.630279681145554,1.0,1.0,0.0,0.0,,1.042155072350237,1.000218988296833,1.3773181362285305,0.41400605202643387,0.999458699005908,0.5225,0.676162092110823,0.17,0.19576280909283247,0.0,acceleration,110.69854817479295,19.83490912620937,11882.16084625223,16.947274955706824,13.25589175417231
middle,bottom,5,parameterized,notebook,snopt,all,False,0.0,1.0,1087232320,True,0.2546346187591553,36,1.1920928955078125e-06,36,36,11.169899564281161,,1.3600864005802022,6.8278245510814966,22.983910912016047,0.7352474074980883,1.9106998443603516,True,SolutionResult.kSolutionFound,1,1.904126346,0.6110662421527422,0.8311028858055924,2.517546141884977,8.256352566715,1.0,1.0,0.0,0.0,,3.525992823187546,1.0073219764763095,1.104530184942966,0.694499865078861,0.8588412111411001,0.365,0.8985258995264896,0.245,0.24900492452226053,0.0,acceleration,436.04806388525617,187.79969222194535,48482.96637662129,75.08385458290128,23.16412789933196
middle,bottom,5,cspace,notebook,snopt,all,False,0.0,1.0,1087232320,True,0.2546346187591553,36,1.1920928955078125e-06,36,36,11.169899564281161,,1.3600864005802022,6.8278245510814966,22.983910912016047,0.1464595337092551,2.397308349609375,True,SolutionResult.kSolutionFound,1,2.391520481,0.2448244671731202,0.9300649349781679,1.6716185076700758,5.326189651562105,1.0,1.0,0.0,0.0,,2.4092815072885876,1.0006591756000094,1.7325090417936015,1.0199410536376345,0.9203941736866232,0.4125,0.9407461999087392,0.28,0.3216874637444858,0.0075,acceleration,420.0563146544823,178.37555524355002,35793.11021390482,78.99203949155066,26.55979069311574
middle,bottom,5,kinetic,notebook,snopt,all,False,0.0,1.0,1087232320,True,0.2546346187591553,36,1.1920928955078125e-06,36,36,11.169899564281161,,1.3600864005802022,6.8278245510814966,22.983910912016047,0.043508696314916426,2.301903247833252,True,SolutionResult.kSolutionFound,1,2.29542011,0.2552134023616488,1.0529617487715504,2.001159770462556,5.865802103432644,1.0,1.0,0.0,0.0,,2.696633893879226,1.0010245446333237,1.7653353710933501,1.0245964431450651,0.8451268094549094,0.335,0.9547758476759232,0.2875,0.32722795374071234,0.0075,acceleration,442.5925844570126,191.1416612070218,38829.30333394098,76.86378019512307,25.87900700925618
middle,bottom,5,parameterized,tight,snopt,all,False,0.0,1.0,1087232320,True,0.2546346187591553,36,1.1920928955078125e-06,36,36,11.169899564281161,,1.3600864005802022,6.8278245510814966,22.983910912016047,0.7352474074980883,27.72186851501465,True,SolutionResult.kSolutionFound,1,27.715887047,0.032291381922742265,0.04391906940905694,0.23056630065171593,0.8931558236181852,1.0,1.0,0.0,4.216873250850739e-05,,1.5705708331687183,1.002519265367704,1.6197039338612782,0.4587569117595627,0.9999948998660667,0.6,0.06274455436896098,0.145,0.1909429838338189,0.0,acceleration,112.45268182264456,21.003102237060066,15486.347580519185,20.581475753777212,13.603349228246078
middle,bottom,5,cspace,tight,snopt,all,False,0.0,1.0,1087232320,True,0.2546346187591553,36,1.1920928955078125e-06,36,36,11.169899564281161,,1.3600864005802022,6.8278245510814966,22.983910912016047,0.1464595337092551,214.0085015296936,False,SolutionResult.kSolverSpecificError,41,214.001903752,0.019313604026428618,0.06619770243400688,0.13186989974151578,0.4887654087261821,1.0,1.0,0.0,0.0,,1.017990267698583,1.000130660787641,1.5417740872239916,0.41975842562773374,0.8806630626136702,0.405,0.8495573681959332,0.1825,0.2072508939262821,0.0,acceleration,126.1293502636536,27.686415661136962,13095.540522861455,18.44941237094499,17.58478635253552
middle,bottom,5,kinetic,tight,snopt,all,False,0.0,1.0,1087232320,True,0.2546346187591553,36,1.1920928955078125e-06,36,36,11.169899564281161,,1.3600864005802022,6.8278245510814966,22.983910912016047,0.043508696314916426,640.823680639267,True,SolutionResult.kSolutionFound,1,640.815316943,0.020594433728137653,0.06528140674917327,0.13180383748906602,0.4733406300909342,1.0,1.0,0.0,0.0,,1.0463596075100905,1.0001838296862404,1.544943832074256,0.440645176850994,0.9991257493174523,0.525,0.7304229560563629,0.1925,0.1997659166080976,0.0,acceleration,111.47623452009802,20.92369936815537,12103.293767631916,16.82960450766403,14.097291124453896
middle,top,1,parameterized,notebook,snopt,all,False,0.0,1.0,914759212,True,0.1851201057434082,26,2.384185791015625e-06,26,26,9.334509382633382,,0.9660270444360102,6.755014974575775,25.619793718898457,1.035167706493998,1.3908355236053467,True,SolutionResult.kSolutionFound,1,1.38370872,0.5243092610305816,0.5064969258038031,2.3365669107152067,9.232038761175083,1.0,1.0,0.0,0.0,,3.3291344255242663,1.0140751189921535,1.1915109301383788,0.46405947824153787,0.999766697926565,0.5325,0.5572294293560793,0.1925,0.22485410217003576,0.0,acceleration,338.2858069276879,210.08447696594752,36853.597106489426,60.03975632907048,21.79957394481234
middle,top,1,cspace,notebook,snopt,all,False,0.0,1.0,914759212,True,0.1851201057434082,26,2.384185791015625e-06,26,26,9.334509382633382,,0.9660270444360102,6.755014974575775,25.619793718898457,0.1480381618343935,3.7098283767700195,True,SolutionResult.kSolutionFound,1,3.702175999,0.1341304703762549,0.5045964830106253,0.9060533359384944,3.4462745204276857,1.0,1.0,0.0,0.0,,1.8661941336365273,1.0005224188264397,1.340430334441896,0.422607271562787,0.9960377965366382,0.5175,0.7899963695638788,0.2175,0.24977240761053485,0.0,acceleration,253.10452432803035,167.64529286363063,25039.125278703334,47.23083900015853,20.42040801335552
middle,top,1,kinetic,notebook,snopt,all,False,0.0,1.0,914759212,True,0.1851201057434082,26,2.384185791015625e-06,26,26,9.334509382633382,,0.9660270444360102,6.755014974575775,25.619793718898457,0.03903232051639625,4.610893726348877,True,SolutionResult.kSolutionFound,1,4.602818773,0.12744737684281593,0.5126857244984636,0.9208220289009422,3.2651755047276607,1.0,1.0,0.0,0.0,,1.7830723009607845,1.00049262850967,1.3311486835761093,0.6839269351624566,0.9997944091914702,0.5625,0.7740029354702016,0.1875,0.2743492837743766,0.0,acceleration,247.78710466860224,165.08969415245082,24028.91008428321,46.54231515529811,21.71520813767215
middle,top,1,parameterized,tight,snopt,all,False,0.0,1.0,914759212,True,0.1851201057434082,26,2.384185791015625e-06,26,26,9.334509382633382,,0.9660270444360102,6.755014974575775,25.619793718898457,1.035167706493998,10.38597059249878,True,SolutionResult.kSolutionFound,1,10.378049955,0.21748895151483905,0.2101002090293659,1.1245014188908697,4.356388176613451,0.998,0.998,0.0,7.850530239883469e-05,,2.34407937748118,1.0031478623680017,1.4233729144832292,0.3718211352773336,0.9999954469435014,0.705,0.17701318915053557,0.155,0.20810535201885727,0.0,acceleration,212.32580410736398,146.84823070058943,23145.753281925885,45.19510123796624,19.787133730653622
middle,top,1,cspace,tight,snopt,all,False,0.0,1.0,914759212,True,0.1851201057434082,26,2.384185791015625e-06,26,26,9.334509382633382,,0.9660270444360102,6.755014974575775,25.619793718898457,0.1480381618343935,279.20613265037537,True,SolutionResult.kSolutionFound,3,279.1965302,0.0816165551537379,0.28792244990835836,0.5513210522367892,1.9494732525217155,0.996,0.996,0.0,0.0,,1.4529123816544902,1.000242089422135,1.2727987597878805,0.319780689503591,0.9998404151640612,0.5425,0.6609967054804322,0.1675,0.22349364419413165,0.0,acceleration,190.36463028940636,135.6779962580609,17387.35747861588,36.017141487003634,19.693064710801853
middle,top,1,kinetic,tight,snopt,all,False,0.0,1.0,914759212,True,0.1851201057434082,26,2.384185791015625e-06,26,26,9.334509382633382,,0.9660270444360102,6.755014974575775,25.619793718898457,0.03903232051639625,255.978449344635,True,SolutionResult.kSolutionFound,3,255.967638091,0.07450607415455686,0.2934826373577591,0.5576956327543259,1.9088302506446984,0.998,0.998,0.0,0.0,,1.4448250280596293,1.000139235222279,1.272753968153349,0.302708967185786,0.9999148527418125,0.565,0.48143257078355917,0.1725,0.21521894230954586,0.0,acceleration,192.34820972721513,136.29530060895308,16877.563661942488,35.637521509597576,19.429298537368158
middle,bottom,6,parameterized,notebook,snopt,all,False,0.0,1.0,1506052346,True,0.2622697353363037,36,2.1457672119140625e-06,36,36,10.881961956542927,,1.3825165117114622,4.676263639222919,18.192350685096567,0.7233186667420467,1.1636507511138916,True,SolutionResult.kSolutionFound,1,1.155329194,0.6378837235650319,0.8818847803806459,2.5137032094297647,10.171183568756245,1.0,1.0,0.0,0.0,,3.7090541017087064,1.0028138978254377,1.3151975418391118,0.4384954759141587,1.00014226700061,0.7075,0.4090483749786643,0.1075,0.2321725167325522,0.0,acceleration,431.83878192596984,185.0888935862832,46362.43201137309,89.71514531218266,22.02978887958295
middle,bottom,6,cspace,notebook,snopt,all,False,0.0,1.0,1506052346,True,0.2622697353363037,36,2.1457672119140625e-06,36,36,10.881961956542927,,1.3825165117114622,4.676263639222919,18.192350685096567,0.21384594136488327,2.657198667526245,True,SolutionResult.kSolutionFound,1,2.651893704,0.36946148175465915,0.9705687927219142,1.7276992932227342,6.5968330277929415,1.0,1.0,0.0,0.0,,2.750012095183436,1.0011157164660658,1.9738245126104748,0.5227763993676454,0.9998066476165886,0.6025,0.7304285333841716,0.165,0.2488261121231791,0.0,acceleration,389.533701962814,163.46023789423305,40066.41006643929,83.71207299138253,23.696929888304656
middle,bottom,6,kinetic,notebook,snopt,all,False,0.0,1.0,1506052346,True,0.2622697353363037,36,2.1457672119140625e-06,36,36,10.881961956542927,,1.3825165117114622,4.676263639222919,18.192350685096567,0.05496815762347931,4.369363069534302,True,SolutionResult.kSolutionFound,1,4.356090463,0.26974380666099373,0.9117482265304001,1.4302090520233999,4.907273925909687,1.0,1.0,0.0,0.0,,2.525945472838024,1.0027357088316657,1.1966845005846483,0.6695025258125578,0.9999176110537937,0.615,0.6752762562935012,0.125,0.2684609948918067,0.0,acceleration,332.07971312297303,134.03100709118408,34942.20267122799,69.36969705800419,25.864867374305007
middle,bottom,6,parameterized,tight,snopt,all,False,0.0,1.0,1506052346,True,0.2622697353363037,36,2.1457672119140625e-06,36,36,10.881961956542927,,1.3825165117114622,4.676263639222919,18.192350685096567,0.7233186667420467,25.765231370925903,True,SolutionResult.kSolutionFound,1,25.758573567,0.03199792779125904,0.04423766351196981,0.2357533242867351,0.9096929741918648,1.0,1.0,0.0,3.6851357407829965e-05,,1.577281326151731,1.0023943784458351,1.6261639038208782,0.4431083554832386,0.9999939282887907,0.6025,0.059046154596908214,0.1425,0.19170682468296396,0.0,acceleration,112.62902059277786,20.688713848577677,15591.906011152068,20.526203607910197,13.960549886930936
middle,bottom,6,cspace,tight,snopt,all,False,0.0,1.0,1506052346,True,0.2622697353363037,36,2.1457672119140625e-06,36,36,10.881961956542927,,1.3825165117114622,4.676263639222919,18.192350685096567,0.21384594136488327,326.5097827911377,True,SolutionResult.kSolutionFound,3,326.499515856,0.027195862603012166,0.06355523017179786,0.12717502342776812,0.461605189615529,1.0,1.0,0.0,0.0,,1.0366439506163236,1.0001180612658127,1.543386134803229,0.44452056378233595,0.9117554515038083,0.4525,0.7627947805332334,0.1825,0.21229933779031762,0.0,acceleration,117.96487832477241,23.36544322061335,12668.457271112395,16.881391177664902,16.24915057131947
middle,bottom,6,kinetic,tight,snopt,all,False,0.0,1.0,1506052346,True,0.2622697353363037,36,2.1457672119140625e-06,36,36,10.881961956542927,,1.3825165117114622,4.676263639222919,18.192350685096567,0.05496815762347931,536.1372475624084,True,SolutionResult.kSolutionFound,3,536.129497778,0.025267488595462736,0.06379858350673293,0.12779443904099055,0.45967501346033623,1.0,1.0,0.0,0.0,,1.0361711352937224,1.0001603672899777,1.5452476556828625,0.4448154342486122,0.926938394789055,0.4575,0.7446704758288076,0.1975,0.20639875439101424,0.0,acceleration,117.1491221286087,23.123945955974328,12508.828721163256,16.900523452386548,17.513716578670852
middle,bottom,2,parameterized,notebook,snopt,all,False,0.0,1.0,1588153571,True,0.34659409523010254,39,1.239776611328125e-05,39,39,12.809633036945444,,1.4945518632368415,7.221851260635375,25.644358088893913,0.6690968875675143,1.198906660079956,True,SolutionResult.kSolutionFound,1,1.191611235,0.561138154890246,0.8386500749244941,2.340786247510132,8.570945348465965,1.0,1.0,0.0,0.0,,3.521135139156483,1.0033048500482185,1.78264478106962,0.5021784768195987,0.983917277873499,0.49,0.7460066947884292,0.1925,0.26803385305517424,0.0,acceleration,459.51182206887216,200.79667166969548,45812.17167328182,89.36577254042135,24.77440935306252
middle,bottom,2,cspace,notebook,snopt,all,False,0.0,1.0,1588153571,True,0.34659409523010254,39,1.239776611328125e-05,39,39,12.809633036945444,,1.4945518632368415,7.221851260635375,25.644358088893913,0.13846865075313397,2.1370906829833984,True,SolutionResult.kSolutionFound,1,2.128247074,0.28731846822914864,1.0264774351278776,2.074971241984502,6.9758500721257795,1.0,1.0,0.0,0.0,,2.7542068083935316,1.0012341187272216,1.4291551762067305,0.6779019367349843,0.9998584408688658,0.6025,0.8458923052619131,0.1575,0.2935540070514777,0.0,acceleration,469.20447232029244,205.46514103322698,39807.04989805856,97.59858930723456,28.263212428747078
middle,bottom,2,kinetic,notebook,snopt,all,False,0.0,1.0,1588153571,True,0.34659409523010254,39,1.239776611328125e-05,39,39,12.809633036945444,,1.4945518632368415,7.221851260635375,25.644358088893913,0.03899493200545664,2.974219560623169,True,SolutionResult.kSolutionFound,1,2.96934492,0.25461767116119177,1.0525734185191449,2.134373017283667,6.529506735017837,1.0,1.0,0.0,0.0,,2.832189864898348,1.0013751155018282,1.6772598642104115,0.6071847452772646,0.9994961615139838,0.55,0.7602323121043697,0.1725,0.29651092011727764,0.0,acceleration,440.22338270625715,191.30743445215415,37471.85094347157,89.65296303632599,27.259774252450562
middle,bottom,2,parameterized,tight,snopt,all,False,0.0,1.0,1588153571,True,0.34659409523010254,39,1.239776611328125e-05,39,39,12.809633036945444,,1.4945518632368415,7.221851260635375,25.644358088893913,0.6690968875675143,31.476464986801147,True,SolutionResult.kSolutionFound,1,31.470347634,0.027206991167092735,0.04066225934184424,0.21244704316902818,0.8266142664274121,1.0,1.0,0.0,5.886541708211013e-05,,1.5736421989587777,1.000572438069622,1.6779057773648942,0.4421240444340951,0.999990138298575,0.5925,0.06578966282047824,0.1575,0.19064475622258698,0.0,acceleration,111.98827652895407,20.38620377293425,15603.863756851628,20.58882316341868,13.003666051322458
middle,bottom,2,cspace,tight,snopt,all,False,0.0,1.0,1588153571,True,0.34659409523010254,39,1.239776611328125e-05,39,39,12.809633036945444,,1.4945518632368415,7.221851260635375,25.644358088893913,0.13846865075313397,435.2073974609375,True,SolutionResult.kSolutionFound,3,435.199225094,0.01752587358153892,0.06331927879793459,0.12656925221857301,0.4616744861746849,1.0,1.0,0.0,0.0,,1.0236573638100197,1.000145825255334,1.6117669521435591,0.47107176872083284,0.9956488953640454,0.505,0.7383047333050966,0.18,0.19909064839267204,0.0,acceleration,115.7047841851863,22.484916414269012,12637.052802159538,17.463698553526307,15.559878265422578
middle,bottom,2,kinetic,tight,snopt,all,False,0.0,1.0,1588153571,True,0.34659409523010254,39,1.239776611328125e-05,39,39,12.809633036945444,,1.4945518632368415,7.221851260635375,25.644358088893913,0.03899493200545664,658.1884598731995,True,SolutionResult.kSolutionFound,1,658.180469673,0.019201698198679035,0.06880968845827748,0.13713228319139223,0.49241522452179437,1.0,1.0,0.0,0.0,,1.0537621943820936,1.0002881737245235,1.6154791523666328,0.5395473677258087,0.9959247463674168,0.505,0.6402066102652118,0.1875,0.19545412303879708,0.0,acceleration,114.31155985018917,21.75165870932487,12339.543648917803,17.159055621526882,13.765544392173735
middle,top,4,parameterized,notebook,snopt,all,False,0.0,1.0,1189931683,True,0.174835205078125,25,2.86102294921875e-06,25,25,9.694847043120706,,0.9206471097814346,7.935221893050604,30.316526499864118,1.086192515433415,1.633610725402832,True,SolutionResult.kSolutionFound,1,1.625495034,0.4147138316802872,0.38180509052283573,1.4516039631110065,5.752035826462215,0.998,0.998,0.0,0.0,,2.481806410679329,1.0033902967903165,1.0180206853529394,0.3932340118742038,0.9998641568877435,0.6475,0.35960378092492196,0.0875,0.22676385481437364,0.0,acceleration,267.7895551447895,175.55283906106743,27376.77716223873,49.72651700053948,18.371322220286316
middle,top,4,cspace,notebook,snopt,all,False,0.0,1.0,1189931683,True,0.174835205078125,25,2.86102294921875e-06,25,25,9.694847043120706,,0.9206471097814346,7.935221893050604,30.316526499864118,0.1260204205349022,3.847956895828247,True,SolutionResult.kSolutionFound,1,3.840146877,0.16922134244177456,0.6334025840027875,1.342808901315383,4.86700607844958,1.0,1.0,0.0,0.0,,2.1272356545683966,1.0007362675717442,1.4907609235179575,0.5056393675805774,0.9897733403517963,0.4975,0.8377148465361481,0.2375,0.249456552263899,0.0,acceleration,297.539847780998,190.5823348072781,27495.34535732356,53.94818458498171,22.800790599916667
middle,top,4,kinetic,notebook,snopt,all,False,0.0,1.0,1189931683,True,0.174835205078125,25,2.86102294921875e-06,25,25,9.694847043120706,,0.9206471097814346,7.935221893050604,30.316526499864118,0.03298530918456249,4.484663963317871,True,SolutionResult.kSolutionFound,1,4.476670932,0.12629868019013812,0.5998961710087756,1.1363763042912147,3.828937284882185,0.996,0.996,0.0,0.0,,1.8012917243104347,1.0003993582805581,1.5487865153190659,0.497478374275558,0.9705417834634855,0.4875,0.7728129720120258,0.24,0.2597477383781237,0.0,acceleration,296.4475622630842,189.93475559978822,24896.061290634403,52.73265805060103,27.91314985974883
middle,top,4,parameterized,tight,snopt,all,False,0.0,1.0,1189931683,True,0.174835205078125,25,2.86102294921875e-06,25,25,9.694847043120706,,0.9206471097814346,7.935221893050604,30.316526499864118,1.086192515433415,15.72454833984375,True,SolutionResult.kSolutionFound,1,15.71480605,0.2371055242256762,0.21829051559157725,1.2575354543457082,5.002591100372149,1.0,1.0,0.0,0.00020416003094236856,,2.5759922281722987,1.003033487664277,1.4490792783278974,0.33369644648624297,0.9999972730508415,0.72,0.16128446423115864,0.16,0.2112670033070017,0.0,acceleration,217.9784810111043,149.68867350770034,24855.767014726127,46.69505189122933,16.646518299876373
middle,top,4,cspace,tight,snopt,all,False,0.0,1.0,1189931683,True,0.174835205078125,25,2.86102294921875e-06,25,25,9.694847043120706,,0.9206471097814346,7.935221893050604,30.316526499864118,0.1260204205349022,171.9217083454132,True,SolutionResult.kSolutionFound,3,171.912153593,0.07352244668837304,0.2973625631497173,0.5834169285922236,2.185093048697336,0.996,0.996,0.0,0.0,,1.5014261085878542,1.0000889506794304,1.238126525397402,0.4404484451481393,0.9834471588635845,0.4975,0.7264231262592828,0.2175,0.2182968807327686,0.0,acceleration,197.1427883369774,138.74096350057138,19789.241683957174,37.82293992489859,20.439799472437628
middle,top,4,kinetic,tight,snopt,all,False,0.0,1.0,1189931683,True,0.174835205078125,25,2.86102294921875e-06,25,25,9.694847043120706,,0.9206471097814346,7.935221893050604,30.316526499864118,0.03298530918456249,112.4977011680603,False,SolutionResult.kSolverSpecificError,41,112.489358983,0.07320077871241217,0.32758272824311674,0.6121345343607586,2.2191933476455326,1.0,1.0,0.0,0.0,,1.463579822277102,1.0000706920151285,1.249769549752952,0.3190453497540243,0.9997105226001692,0.525,0.552721614730596,0.2175,0.21944332754070975,0.0,acceleration,203.77241776302725,142.24915173114138,20084.533862642627,39.568991136499726,24.27549209537158
middle,top,3,parameterized,notebook,snopt,all,False,0.0,1.0,1485340416,True,0.7021374702453613,36,5.245208740234375e-06,36,36,11.087804427036156,,1.3642196063068885,7.4484754107032485,21.815651067529636,0.7330198124824814,1.5481908321380615,True,SolutionResult.kSolutionFound,1,1.537692942,0.674154743132321,0.9196951182658945,3.936754881168399,10.836780367760182,1.0,1.0,0.0,0.0,,3.9542193816271847,1.0097614954266279,1.8121647064921127,0.5095201905952061,1.0000602874292164,0.7,0.5201118772500632,0.1425,0.20744915381031426,0.0,acceleration,456.74710584370007,275.41612008596064,37427.58578952435,90.57830400531549,23.396526981947364
middle,top,3,cspace,notebook,snopt,all,False,0.0,1.0,1485340416,True,0.7021374702453613,36,5.245208740234375e-06,36,36,11.087804427036156,,1.3642196063068885,7.4484754107032485,21.815651067529636,0.13425566238199946,6.322645664215088,True,SolutionResult.kSolutionFound,1,6.313930584,0.27084235189207034,0.9003760848464727,2.0173625982451218,5.25761324245287,1.0,1.0,0.0,0.0,,2.5606091819096366,1.001068207315119,1.402449355609065,0.5525889196544673,0.9997119281098773,0.5475,0.6471123303010626,0.1775,0.24072517798547305,0.0,acceleration,365.09582349239514,226.60732606402854,30224.45381946414,71.60260801402278,23.614197646217377
middle,top,3,kinetic,notebook,snopt,all,False,0.0,1.0,1485340416,True,0.7021374702453613,36,5.245208740234375e-06,36,36,11.087804427036156,,1.3642196063068885,7.4484754107032485,21.815651067529636,0.045838650283896304,7.399262428283691,True,SolutionResult.kSolutionFound,1,7.391338801,0.24729879729667323,0.9271633347293098,2.1492866427553263,5.394984271243966,1.0,1.0,0.0,0.0,,2.636193956868506,1.001277804634311,1.3505434867666646,0.5650635295291803,0.999978751696445,0.5975,0.5766847855448582,0.19,0.23940786430576932,0.0,acceleration,344.5687385627399,216.79487976334875,29630.573002751684,70.7309307194233,22.176191095933063
middle,top,3,parameterized,tight,snopt,all,False,0.0,1.0,1485340416,True,0.7021374702453613,36,5.245208740234375e-06,36,36,11.087804427036156,,1.3642196063068885,7.4484754107032485,21.815651067529636,0.7330198124824814,29.96556544303894,True,SolutionResult.kSolutionFound,1,29.954851997,0.1093701356614672,0.14920488341381277,0.8550968969363405,3.402324117781096,1.0,1.0,0.0,9.73209401453623e-05,,2.578724357721215,1.0058225933893592,1.7081805580437452,0.36833337189798915,0.9999945328357566,0.7325,0.15831286521028493,0.115,0.21046947369092942,0.0,acceleration,219.6527936702784,151.17106400596703,25220.109554594783,46.79601379841146,16.780859815228073
middle,top,3,cspace,tight,snopt,all,False,0.0,1.0,1485340416,True,0.7021374702453613,36,5.245208740234375e-06,36,36,11.087804427036156,,1.3642196063068885,7.4484754107032485,21.815651067529636,0.13425566238199946,161.9692349433899,True,SolutionResult.kSolutionFound,3,161.961447017,0.053059447640327634,0.2066574440340576,0.3952119910544768,1.3814613402808844,1.0,1.0,0.0,0.0,,1.467203956437252,1.0001307513706055,1.3728903791289995,0.37278190401371825,0.9934006490378373,0.5025,0.6208434712690785,0.19,0.21279718071224665,0.0,acceleration,196.43962741501053,138.7022906562303,18126.270923193755,35.80914840568321,18.860826430290018
middle,top,3,kinetic,tight,snopt,all,False,0.0,1.0,1485340416,True,0.7021374702453613,36,5.245208740234375e-06,36,36,11.087804427036156,,1.3642196063068885,7.4484754107032485,21.815651067529636,0.045838650283896304,317.10155606269836,True,SolutionResult.kSolutionFound,3,317.09416285,0.0627597755859066,0.21325177619300617,0.40430383567407224,1.3691453652586036,1.0,1.0,0.0,0.0,,1.4626521941350177,1.0001414646336608,1.3263553294830097,0.3777900927399521,0.977230432491467,0.49,0.6753997683141819,0.1775,0.2035840726154758,0.0,acceleration,202.16529887167974,141.61967434193167,17805.213580176387,35.42992686574277,20.139796924104658
middle,top,2,parameterized,notebook,snopt,all,False,0.0,1.0,797921174,True,0.43165016174316406,36,2.6226043701171875e-06,36,36,11.175984247877224,,1.3796488534729556,8.971340459020945,32.129129772123036,0.724822115049583,0.9063174724578857,True,SolutionResult.kSolutionFound,1,0.897361591,0.7202739697811855,0.9937251565950297,4.094717927189377,14.305218722800294,1.0,1.0,0.0,0.0,,4.047711203329853,1.0238997920815356,1.1231954949671321,0.5334714127599793,0.9197774173580042,0.44,0.5902617494856379,0.1575,0.2246871299329748,0.0,acceleration,481.5710523199288,287.18060021458484,44056.89163550358,81.38336701040785,40.95458633645184
middle,top,2,cspace,notebook,snopt,all,False,0.0,1.0,797921174,True,0.43165016174316406,36,2.6226043701171875e-06,36,36,11.175984247877224,,1.3796488534729556,8.971340459020945,32.129129772123036,0.11146606291086308,4.163388729095459,True,SolutionResult.kSolutionFound,1,4.154373909,0.18458613770911833,1.061023394193038,1.655985085404225,5.253065313239977,1.0,1.0,0.0,0.0,,2.4866791719600543,1.0012669163841372,1.763295392414094,0.46724957688595214,0.9998032725733321,0.5825,0.611849772542459,0.1925,0.2387375305419299,0.0,acceleration,399.85488948290305,243.40806424801534,30053.883806795508,77.28359338378769,38.26542455563838
middle,top,2,kinetic,notebook,snopt,all,False,0.0,1.0,797921174,True,0.43165016174316406,36,2.6226043701171875e-06,36,36,11.175984247877224,,1.3796488534729556,8.971340459020945,32.129129772123036,0.031124403527034022,3.5842909812927246,True,SolutionResult.kSolutionFound,1,3.575390073,0.18277004190272073,1.1439023072698693,1.9142474278383192,5.87224239474888,1.0,1.0,0.0,0.0,,2.6293910379314607,1.0072311805501786,1.7504073528049566,0.6669310856930262,0.99996712889057,0.625,0.6039426416188896,0.1525,0.2497279187466275,0.0,acceleration,410.1398718587184,250.31285655910204,30764.614710978713,80.96633813678449,33.728657811600556
middle,top,2,parameterized,tight,snopt,all,False,0.0,1.0,797921174,True,0.43165016174316406,36,2.6226043701171875e-06,36,36,11.175984247877224,,1.3796488534729556,8.971340459020945,32.129129772123036,0.724822115049583,26.03753662109375,True,SolutionResult.kSolutionFound,1,26.029772721,0.10857901410923394,0.1498009123270278,0.8770954484613682,3.5178841997027974,1.0,1.0,0.0,0.00021352424737308695,,2.647676352371643,1.0059135248082007,1.7246322292872533,0.3702989074147551,0.9999969936057587,0.7375,0.15530090594775992,0.11,0.21039947058159253,0.0,acceleration,220.13724566809918,150.34933367119257,25650.973919732853,47.167435598118466,15.318851846516255
middle,top,2,cspace,tight,snopt,all,False,0.0,1.0,797921174,True,0.43165016174316406,36,2.6226043701171875e-06,36,36,11.175984247877224,,1.3796488534729556,8.971340459020945,32.129129772123036,0.11146606291086308,175.9645938873291,False,SolutionResult.kSolverSpecificError,41,175.955073222,0.047593115471440954,0.2240427033510916,0.4269740423997942,1.5690206020197075,1.0,1.0,0.0,0.0,,1.5287986367398498,1.0000860226104595,1.4198347959645259,0.4453373546294818,0.9202884625035974,0.45,0.7105604096443257,0.23,0.23101838116135653,0.0,acceleration,221.1171320725668,151.22167976728474,21696.564960766114,38.38437389887048,23.782848087797497
middle,top,2,kinetic,tight,snopt,all,False,0.0,1.0,797921174,True,0.43165016174316406,36,2.6226043701171875e-06,36,36,11.175984247877224,,1.3796488534729556,8.971340459020945,32.129129772123036,0.031124403527034022,403.5632631778717,True,SolutionResult.kSolutionFound,3,403.556099587,0.04795165559951328,0.2577008901055785,0.4549257793896042,1.5406449655449121,1.0,1.0,0.0,0.0,,1.4306799276390314,1.0000488759421755,1.3822814992570431,0.45173211178337935,0.9477159790707466,0.465,0.7461304813162026,0.215,0.230698284003511,0.0,acceleration,225.15098576114414,153.5163264133748,20891.613726141288,40.913794423399004,31.13019500761531
middle,bottom,7,parameterized,notebook,snopt,all,False,0.0,1.0,784578668,True,0.27206945419311523,33,2.1457672119140625e-06,33,33,8.93666098803536,,1.2604092280663943,5.133329477448322,17.449563439947102,0.7933931121197116,1.006181001663208,True,SolutionResult.kSolutionFound,1,0.997038081,0.5600401232860226,0.7058797394771414,1.6449438611378175,6.055673051166034,1.0,1.0,0.0,0.0,,2.6879272682977935,1.0044536177940164,1.4899707770033157,0.5792848984966873,0.9080538304289143,0.41,0.8985830584401194,0.185,0.27435567564729757,0.0,acceleration,413.36665537635105,173.91610539014175,41532.04362728591,71.01462894175637,30.13352345197267
middle,bottom,7,cspace,notebook,snopt,all,False,0.0,1.0,784578668,True,0.27206945419311523,33,2.1457672119140625e-06,33,33,8.93666098803536,,1.2604092280663943,5.133329477448322,17.449563439947102,0.1948053411325315,2.148270606994629,True,SolutionResult.kSolutionFound,1,2.141172282,0.2560780254896432,0.8273507701697222,1.3145328767727482,4.437619373397771,1.0,1.0,0.0,0.0,,2.2430979859672133,1.00094962335074,1.4925327098107826,0.602611220100541,0.8359113196858159,0.3,0.9520636855055301,0.295,0.2847368255134496,0.0,acceleration,367.0908957203135,150.7620456512713,34504.06594157065,65.05295068968148,25.511443103641056
middle,bottom,7,kinetic,notebook,snopt,all,False,0.0,1.0,784578668,True,0.27206945419311523,33,2.1457672119140625e-06,33,33,8.93666098803536,,1.2604092280663943,5.133329477448322,17.449563439947102,0.057308023976732306,3.163661479949951,True,SolutionResult.kSolutionFound,1,3.157636935,0.24918842818934495,0.8613190433469418,1.374345384976578,4.348229286190677,0.996,0.996,0.0,0.0,,2.2847408839614802,1.0007002364649156,1.4453411234743971,0.8459436897031004,0.8253619578955547,0.27,0.9616423287868815,0.305,0.29922049804274553,0.0,acceleration,373.20196473825564,154.74316303588827,33657.645489373754,62.643569213009826,23.679782686852448
middle,bottom,7,parameterized,tight,snopt,all,False,0.0,1.0,784578668,True,0.27206945419311523,33,2.1457672119140625e-06,33,33,8.93666098803536,,1.2604092280663943,5.133329477448322,17.449563439947102,0.7933931121197116,18.3090877532959,True,SolutionResult.kSolutionFound,1,18.301478052,0.03792767126293244,0.04780438685886543,0.25525384548194513,0.9832505335009696,1.0,1.0,0.0,3.6680433199265394e-05,,1.592762198929242,1.0023572559793374,1.5441292584394888,0.40571499394295873,0.9999906838606809,0.595,0.06259665687853123,0.15,0.190826844866889,0.0,acceleration,111.40066113515938,20.319966908079657,15632.253835399177,20.374105407407892,13.500028019679746
middle,bottom,7,cspace,tight,snopt,all,False,0.0,1.0,784578668,True,0.27206945419311523,33,2.1457672119140625e-06,33,33,8.93666098803536,,1.2604092280663943,5.133329477448322,17.449563439947102,0.1948053411325315,335.52265977859497,True,SolutionResult.kSolutionFound,3,335.513006786,0.02759185553957759,0.07098066030412462,0.1416380853788094,0.5146342979343954,1.0,1.0,0.0,0.0,,1.0165807649424146,1.0002505640659487,1.4726993964578015,0.43287855781372997,0.9528358394595053,0.4675,0.7165407886959142,0.175,0.19999436524716516,0.0,acceleration,116.03073740006447,22.887855557447153,12465.335526011828,17.364033501921835,16.69800892989552
middle,bottom,7,kinetic,tight,snopt,all,False,0.0,1.0,784578668,True,0.27206945419311523,33,2.1457672119140625e-06,33,33,8.93666098803536,,1.2604092280663943,5.133329477448322,17.449563439947102,0.057308023976732306,506.1766622066498,True,SolutionResult.kSolutionFound,1,506.1639242,0.029905093585174253,0.07189944344567427,0.1453790971715202,0.521830827692053,1.0,1.0,0.0,0.0,,1.040306521577982,1.0003980778107386,1.4784022282589673,0.4222028113068227,0.999654127335649,0.53,0.6669888299110902,0.1875,0.20009326602789532,0.0,acceleration,111.58207965684795,20.542974516214528,12013.407564617733,16.93646402445635,13.635560880873903
bottom,middle,6,parameterized,notebook,snopt,all,False,0.0,1.0,794615528,True,0.2673146724700928,45,2.384185791015625e-06,45,45,11.867861634720182,,1.7214758330417492,5.502848440236879,18.096451883453145,0.580896914616023,0.5676093101501465,True,SolutionResult.kSolutionFound,1,0.558444588,0.7280923717052696,1.25339342211266,2.7145359884445215,8.262775953604898,1.0,1.0,0.0,0.0,,3.645174164583204,1.0046526224991748,1.7980267167750037,0.7152351052729926,0.9992684137140266,0.52,0.5429974656270363,0.175,0.2539607191388831,0.0,acceleration,448.77610220106897,269.574774636154,46613.791410440856,98.98084823042159,25.73033813658265
bottom,middle,6,cspace,notebook,snopt,all,False,0.0,1.0,794615528,True,0.2673146724700928,45,2.384185791015625e-06,45,45,11.867861634720182,,1.7214758330417492,5.502848440236879,18.096451883453145,0.18172406724633566,1.930549144744873,True,SolutionResult.kSolutionFound,1,1.923066884,0.417690148277342,1.3499715099642842,2.2984855809502833,6.977831309213738,1.0,1.0,0.0,0.0,,3.1489170584785633,1.0012139156947866,2.180255221372002,0.6939815199496742,1.0000001818634354,0.6225,0.617474936439431,0.1625,0.2586549115178173,0.0,acceleration,415.8791484461948,252.47863439199682,42137.158302091535,98.83324417059292,26.0397902275307
bottom,middle,6,kinetic,notebook,snopt,all,False,0.0,1.0,794615528,True,0.2673146724700928,45,2.384185791015625e-06,45,45,11.867861634720182,,1.7214758330417492,5.502848440236879,18.096451883453145,0.055259451213990195,3.224830150604248,True,SolutionResult.kSolutionFound,1,3.219947993,0.352693197461811,1.3485036391746892,2.315458643691365,6.382495477488902,1.0,1.0,0.0,0.0,,3.0810514175173025,1.0010759083020921,2.0942535161232247,0.6933781160005583,0.9999999588638329,0.625,0.5689459196381879,0.15,0.27462448093063596,0.0,acceleration,404.3134611391247,247.0636347821198,37657.234765445166,93.46242313282954,28.522780065831586
bottom,middle,6,parameterized,tight,snopt,all,False,0.0,1.0,794615528,True,0.2673146724700928,45,2.384185791015625e-06,45,45,11.867861634720182,,1.7214758330417492,5.502848440236879,18.096451883453145,0.580896914616023,30.96088409423828,True,SolutionResult.kSolutionFound,1,30.955177946,0.02043522179797714,0.03517874046806886,0.1880143446876516,0.7303060393036899,1.0,1.0,0.0,1.72464955747742e-05,,1.5903502959790101,1.0008012109629258,1.877243292748785,0.43259134137537075,0.9999864313242893,0.5925,0.0661808392442689,0.1475,0.19392512048866256,0.0,acceleration,111.06669336124145,93.20532356344617,15937.95176440346,20.664975568518003,14.198117946016103
bottom,middle,6,cspace,tight,snopt,all,False,0.0,1.0,794615528,True,0.2673146724700928,45,2.384185791015625e-06,45,45,11.867861634720182,,1.7214758330417492,5.502848440236879,18.096451883453145,0.18172406724633566,485.5305917263031,False,SolutionResult.kIterationLimit,32,485.524176309,0.020065365103530283,0.0555790379431777,0.11041666306274513,0.4035905356022427,1.0,1.0,0.0,0.0,,1.0204862362777916,1.0001849234248341,1.772848460934594,0.43796156681051457,0.9631367490543994,0.4725,0.7517863806439915,0.1975,0.20308454131253778,0.0,acceleration,119.17070262562194,97.65396317966568,13011.462681059746,17.539329249130002,15.954825320796989
bottom,middle,6,kinetic,tight,snopt,all,False,0.0,1.0,794615528,True,0.2673146724700928,45,2.384185791015625e-06,45,45,11.867861634720182,,1.7214758330417492,5.502848440236879,18.096451883453145,0.055259451213990195,885.8310487270355,True,SolutionResult.kSolutionFound,1,885.825961223,0.02340869658886448,0.05981240160317775,0.11810999389682611,0.42361435147473975,1.0,1.0,0.0,0.0,,1.0438201674497956,1.000279447170683,1.78224299379171,0.4823542305195695,0.9984949257901905,0.51,0.6546973042670503,0.21,0.20010037774696032,0.0,acceleration,115.0265805636696,95.6605797199781,12654.728781512336,17.266725398232232,13.830500807825384
bottom,top,7,parameterized,notebook,snopt,all,False,0.0,1.0,1956161951,True,0.6821510791778564,48,5.9604644775390625e-06,48,48,16.631051210608124,,1.8426532368710546,11.59243833122163,40.88238490898967,0.5426957063815573,1.1776387691497803,True,SolutionResult.kSolutionFound,1,1.165089311,0.715262774625222,1.3179812668765414,4.531012916741302,16.492403944415972,1.0,1.0,0.0,0.0,,5.525181174247456,1.0265107066292845,1.6497191262403348,0.5911380948014918,0.9999665486804522,0.615,0.4423803437510212,0.1525,0.23665847669592413,0.0,acceleration,631.0966727672906,397.99068090606767,57540.901086686536,133.62436148371154,29.951913297052723
bottom,top,7,cspace,notebook,snopt,all,False,0.0,1.0,1956161951,True,0.6821510791778564,48,5.9604644775390625e-06,48,48,16.631051210608124,,1.8426532368710546,11.59243833122163,40.88238490898967,0.08626312872475884,8.910293579101562,True,SolutionResult.kSolutionFound,1,8.90300459,0.22467923740520723,1.3828539619814761,2.604580203925769,9.623171437193301,1.0,1.0,0.0,0.0,,3.6115395933969627,1.005624923899249,1.8098014044586868,0.6434189004207956,0.9999431288247826,0.6375,0.703715437221943,0.1375,0.2706831232174649,0.0,acceleration,597.266040423382,381.6351641152103,47043.95404762907,125.00437583487171,36.22849386202848
bottom,top,7,kinetic,notebook,snopt,all,False,0.0,1.0,1956161951,True,0.6821510791778564,48,5.9604644775390625e-06,48,48,16.631051210608124,,1.8426532368710546,11.59243833122163,40.88238490898967,0.024460412527942052,11.48192834854126,True,SolutionResult.kSolutionFound,1,11.476477916,0.23582541312227054,1.447036701544992,2.8204819740696125,9.64110531058617,1.0,1.0,0.0,0.0,,3.6518231604450193,1.0068807773356823,2.074328673432162,0.6950956234900969,0.9999313010397253,0.63,0.7424504188484276,0.1425,0.2669555154069795,0.0,acceleration,594.7795369605863,381.2408693455106,46674.130113931606,125.19202260566854,43.26431214991476
bottom,top,7,parameterized,tight,snopt,all,False,0.0,1.0,1956161951,True,0.6821510791778564,48,5.9604644775390625e-06,48,48,16.631051210608124,,1.8426532368710546,11.59243833122163,40.88238490898967,0.5426957063815573,29.539449214935303,True,SolutionResult.kSolutionFound,1,29.533026098,0.08585157754024966,0.15819468724502422,0.9840227377305871,4.0512855693015775,0.998,0.998,0.0,0.00011043516808939557,,3.1791833208126223,1.0128864699889892,1.4276625739483806,0.3947134428689152,0.9999870566315133,0.68,0.19709630727698807,0.11,0.21311055635318626,0.0,acceleration,302.6056394242004,229.29992357038256,30563.707031085636,60.7428742602981,22.1844320658651
bottom,top,7,cspace,tight,snopt,all,False,0.0,1.0,1956161951,True,0.6821510791778564,48,5.9604644775390625e-06,48,48,16.631051210608124,,1.8426532368710546,11.59243833122163,40.88238490898967,0.08626312872475884,459.7143087387085,True,SolutionResult.kSolutionFound,1,459.709489015,0.03749052116757807,0.22899679853184896,0.434606554640508,1.9082963493303395,1.0,1.0,0.0,0.0,,1.9124342393616498,1.000467003243702,1.77756621141248,0.431707968564709,0.999997349497207,0.5775,0.2363824714761611,0.1425,0.23131881756292955,0.0,acceleration,260.5715823361024,208.0989131649505,26290.61566533469,48.95960825609345,20.005398183181036
bottom,top,7,kinetic,tight,snopt,all,False,0.0,1.0,1956161951,True,0.6821510791778564,48,5.9604644775390625e-06,48,48,16.631051210608124,,1.8426532368710546,11.59243833122163,40.88238490898967,0.024460412527942052,949.2081394195557,True,SolutionResult.kSolutionFound,1,949.202612299,0.04093770729444885,0.26004024282081606,0.4507437920178541,1.673631106903212,1.0,1.0,0.0,0.0,,1.673566294626498,1.0001656740822547,1.7178074686862541,0.4742744161547502,0.9939677942873166,0.5075,0.5674663035677381,0.1925,0.23059428618841143,0.0,acceleration,273.33863873283883,214.600659835672,24150.006581189617,50.317326317835864,23.363688714113316
middle,top,7,parameterized,notebook,snopt,all,False,0.0,1.0,1608891161,True,0.5103878974914551,31,3.5762786865234375e-06,31,31,12.75592218253475,,1.1600801931657105,17.285416765073514,57.0338178170508,0.8620093730512955,9.744152307510376,True,SolutionResult.kSolutionFound,1,9.733031062,0.18157417700170073,0.2106406063300345,2.078574892936989,7.673014778177184,0.994,0.994,0.0,0.0,,3.805766089809222,1.007576813543911,1.0339876809967972,0.5154579496380964,1.0000023556266562,0.8225,0.15076427552189703,0.0475,0.20641060381791854,0.0,acceleration,244.8617009705972,164.8119847084294,31528.161167874503,57.4228947185355,12.999625957852155
middle,top,7,cspace,notebook,snopt,all,False,0.0,1.0,1608891161,True,0.5103878974914551,31,3.5762786865234375e-06,31,31,12.75592218253475,,1.1600801931657105,17.285416765073514,57.0338178170508,0.05785223541850465,7.324628591537476,True,SolutionResult.kSolutionFound,1,7.316124999,0.13999740025044205,0.8770049086916494,2.419913409355699,7.744878451299152,0.998,0.998,0.0,0.0,,2.7866004954139965,1.0029224736131548,1.4423454228690338,0.7023454026964743,0.999695290047228,0.56,0.7896158162696765,0.18,0.26126464615561407,0.0,acceleration,418.17178544180763,253.13125971470112,33323.07739876,82.15972533307085,26.22246606756125
middle,top,7,kinetic,notebook,snopt,all,False,0.0,1.0,1608891161,True,0.5103878974914551,31,3.5762786865234375e-06,31,31,12.75592218253475,,1.1600801931657105,17.285416765073514,57.0338178170508,0.017533457136040445,11.065665483474731,True,SolutionResult.kSolutionFound,1,11.05095075,0.13680265874967942,0.8952450690509238,2.5912835931888694,7.802377916017389,0.996,0.996,0.0,0.0,,2.847365592315073,1.0035278270285037,1.4608744033563086,0.6863008193716402,0.9987358676230415,0.5575,0.8299078523779824,0.175,0.25845157442105127,0.0,acceleration,418.3399111060416,253.65908971969105,32807.66732249509,80.9407452151288,26.52805839705191
middle,top,7,parameterized,tight,snopt,all,False,0.0,1.0,1608891161,True,0.5103878974914551,31,3.5762786865234375e-06,31,31,12.75592218253475,,1.1600801931657105,17.285416765073514,57.0338178170508,0.8620093730512955,31.34364652633667,True,SolutionResult.kSolutionFound,1,31.334482723,0.15355016552792217,0.17813050568626176,1.2486292515478556,5.033274700208337,0.998,0.998,0.0,0.00010129981789086528,,2.9453556185489065,1.0059894463303336,1.3570757303407859,0.36443807836601105,1.0000003875301124,0.77,0.13736062323107048,0.105,0.21035049965161406,0.0,acceleration,224.49206621452032,153.6083042506234,27398.795542223237,49.447983081704415,13.421971809394195
middle,top,7,cspace,tight,snopt,all,False,0.0,1.0,1608891161,True,0.5103878974914551,31,3.5762786865234375e-06,31,31,12.75592218253475,,1.1600801931657105,17.285416765073514,57.0338178170508,0.05785223541850465,119.85274934768677,True,SolutionResult.kSolutionFound,1,119.843654007,0.028864316486255055,0.2553864352823914,0.49893174010390096,1.8915908807825788,1.0,1.0,0.0,0.0,,1.5126180231720332,1.0000578352812435,1.3229921501274946,0.43003344196278376,0.9831787665849708,0.4925,0.6008108755939777,0.19,0.22524395033491632,0.0,acceleration,210.18564556254438,145.75569118202407,21073.347394848417,39.37908697685375,24.76454323042977
middle,top,7,kinetic,tight,snopt,all,False,0.0,1.0,1608891161,True,0.5103878974914551,31,3.5762786865234375e-06,31,31,12.75592218253475,,1.1600801931657105,17.285416765073514,57.0338178170508,0.017533457136040445,276.24912190437317,True,SolutionResult.kSolutionFound,1,276.240201342,0.031227618484434724,0.2672711685543722,0.5148432446604001,1.7810303035016177,1.0,1.0,0.0,0.0,,1.4596167268315734,1.0001917789583403,1.2652282491616038,0.4187068049865309,0.9229421138934659,0.45,0.7331504918617289,0.2075,0.21126034652427256,0.0,acceleration,224.72877496567816,153.36280983384916,19133.644397108525,39.14475622562273,30.730411182656184
bottom,top,2,parameterized,notebook,snopt,all,False,0.0,1.0,82992400,True,0.4122285842895508,54,5.9604644775390625e-06,54,54,18.343209917906613,,2.0837038043806073,14.455449207900424,49.66940860952534,0.47991465864662836,3.947721004486084,True,SolutionResult.kSolutionFound,1,3.938509514,0.2025701114724446,0.4220961119289315,1.24342805634057,4.93389466695482,0.998,0.998,0.0,0.0,,3.6116156920754583,1.0281983535523682,1.1638308698114352,0.5724082272701272,0.8741565008809653,0.38,0.8502966543197483,0.1875,0.24309942774678872,0.0,acceleration,406.2425467981558,283.73218882986725,44022.681006956744,67.99732491541457,24.595856507061203
bottom,top,2,cspace,notebook,snopt,all,False,0.0,1.0,82992400,True,0.4122285842895508,54,5.9604644775390625e-06,54,54,18.343209917906613,,2.0837038043806073,14.455449207900424,49.66940860952534,0.06917806466045096,2.3420732021331787,True,SolutionResult.kSolutionFound,1,2.335350963,0.27663674363558627,1.7713351208795267,3.9989083966631878,13.978753341243912,1.0,1.0,0.0,0.0,,5.110170033368365,1.0110456753423263,2.6453044011163143,0.7138820389397443,0.9996578861145232,0.555,0.6840430574825302,0.165,0.262946179482642,0.0,acceleration,677.0752761941226,423.2678179430582,68021.41662398947,138.77263744276442,37.73721521442635
bottom,top,2,kinetic,notebook,snopt,all,False,0.0,1.0,82992400,True,0.4122285842895508,54,5.9604644775390625e-06,54,54,18.343209917906613,,2.0837038043806073,14.455449207900424,49.66940860952534,0.020133116700894748,3.075516700744629,True,SolutionResult.kSolutionFound,1,3.066801193,0.28016375901310314,1.804538159749149,4.084954446318299,13.915568224002413,1.0,1.0,0.0,0.0,,5.1782198118429825,1.0107262608757939,2.5328739883153135,0.7061662162676983,0.9942882912202513,0.51,0.7420350608658115,0.1525,0.2642287774591393,0.0,acceleration,680.8668895900869,426.9242855405988,67382.15895081352,135.7296162525901,38.475755416182146
bottom,top,2,parameterized,tight,snopt,all,False,0.0,1.0,82992400,True,0.4122285842895508,54,5.9604644775390625e-06,54,54,18.343209917906613,,2.0837038043806073,14.455449207900424,49.66940860952534,0.47991465864662836,41.20127606391907,True,SolutionResult.kSolutionFound,1,41.192193221,0.06723786404005574,0.14010379309869245,0.8440159528894634,3.4623161530530533,0.998,0.998,0.0,0.00015030921452297008,,3.155726960631929,1.0149655886716529,1.5726164191727852,0.39237317306041153,0.9999823744046574,0.6775,0.19246757467086714,0.1025,0.2113480718927378,0.0,acceleration,301.3093647511219,229.18432982997777,30317.16166945767,59.82251889511447,21.74453199124229
bottom,top,2,cspace,tight,snopt,all,False,0.0,1.0,82992400,True,0.4122285842895508,54,5.9604644775390625e-06,54,54,18.343209917906613,,2.0837038043806073,14.455449207900424,49.66940860952534,0.06917806466045096,421.93524050712585,True,SolutionResult.kSolutionFound,3,421.926582246,0.027193402402833022,0.20508439625360358,0.39309284722415005,1.7935110619472252,0.998,0.998,0.0,0.0,,1.9697823673134118,1.0000537090830013,2.0561816251831364,0.4538583153686046,0.999986168983467,0.5875,0.18884264540412082,0.1175,0.23381447690300017,0.0,acceleration,264.2575199074774,209.2380763032039,27789.270678785513,51.04242653881879,21.063608202070363
bottom,top,2,kinetic,tight,snopt,all,False,0.0,1.0,82992400,True,0.4122285842895508,54,5.9604644775390625e-06,54,54,18.343209917906613,,2.0837038043806073,14.455449207900424,49.66940860952534,0.020133116700894748,1133.4963853359222,True,SolutionResult.kSolutionFound,3,1133.490894754,0.030580660417776507,0.23190676165694735,0.40041939686859307,1.5189233178396795,1.0,1.0,0.0,0.0,,1.7283207991631986,1.0002017719734069,2.018474564282468,0.4808384841983978,0.9999610975353967,0.57,0.4304419546857846,0.1375,0.23165969260109112,0.0,acceleration,269.08621477748363,212.28049220296077,24673.735688225708,49.944198861473836,22.627000298569936
middle,top,0,parameterized,notebook,snopt,all,False,0.0,1.0,1098985146,True,0.27361035346984863,32,2.86102294921875e-06,32,32,10.332557838315486,,1.2281554468460298,6.737119244978132,24.483881080964537,0.8142291780474976,1.399341344833374,True,SolutionResult.kSolutionFound,1,1.391060737,0.48522277807477276,0.5959289978262992,2.0851241414973622,8.107178090314715,1.0,1.0,0.0,0.0,,3.215532309456842,1.004364233249415,1.412780407690152,0.4395375657430261,0.9977104009930244,0.5225,0.6968600737156658,0.2225,0.231778620453908,0.0,acceleration,365.2999805606404,225.42721594832295,36915.63064220277,68.01215725155805,20.625660347729756
middle,top,0,cspace,notebook,snopt,all,False,0.0,1.0,1098985146,True,0.27361035346984863,32,2.86102294921875e-06,32,32,10.332557838315486,,1.2281554468460298,6.737119244978132,24.483881080964537,0.1484313938402386,3.535780668258667,True,SolutionResult.kSolutionFound,1,3.52741412,0.24244802285630415,0.891245219222796,1.6334012406921044,6.178609478816847,1.0,1.0,0.0,0.0,,2.5842440598659135,1.0020750805150411,1.515325848332149,0.4183586990038801,0.999814947605997,0.6025,0.6127828326723621,0.175,0.246218998052739,0.0,acceleration,366.5869807825155,226.2269915048821,32880.859480218474,75.0034748461482,25.714669369230247
middle,top,0,kinetic,notebook,snopt,all,False,0.0,1.0,1098985146,True,0.27361035346984863,32,2.86102294921875e-06,32,32,10.332557838315486,,1.2281554468460298,6.737119244978132,24.483881080964537,0.04084319788570895,7.492019176483154,True,SolutionResult.kSolutionFound,1,7.48438714,0.177005703589942,0.7806945318022614,1.2574711879618117,4.333786597348597,0.998,0.998,0.0,0.0,,2.1220707946018207,1.0007896259750158,1.4288974639212715,0.537222883403379,0.9509993419405325,0.44,0.864335237731759,0.26,0.3010501617568398,0.0,acceleration,357.4736931545007,221.4832841485064,30930.289218877242,64.02679379498761,27.97677938373439
middle,top,0,parameterized,tight,snopt,all,False,0.0,1.0,1098985146,True,0.27361035346984863,32,2.86102294921875e-06,32,32,10.332557838315486,,1.2281554468460298,6.737119244978132,24.483881080964537,0.8142291780474976,21.741795778274536,True,SolutionResult.kSolutionFound,1,21.727804013,0.1374506872433039,0.1688108102105949,0.8963051113023107,3.479885850287119,0.998,0.998,0.0,4.504921318781996e-05,,2.3463630754388616,1.004417985677844,1.5686734198238184,0.3786975368210258,0.9999925135937935,0.7125,0.17540358100288506,0.1125,0.20834263992267707,0.0,acceleration,212.0952158023557,146.85289266813197,23282.396974359966,45.385020503344194,18.189641617563034
middle,top,0,cspace,tight,snopt,all,False,0.0,1.0,1098985146,True,0.27361035346984863,32,2.86102294921875e-06,32,32,10.332557838315486,,1.2281554468460298,6.737119244978132,24.483881080964537,0.1484313938402386,547.6729319095612,True,SolutionResult.kSolutionFound,1,547.665743772,0.06575677577607819,0.2306790463229138,0.4430112395687283,1.5737660743733666,1.0,1.0,0.0,0.0,,1.462121075162884,1.0000734424295172,1.3888588806547397,0.3939479145424716,0.9987825169977079,0.51,0.6661649399008677,0.1775,0.21903338994782512,0.0,acceleration,191.55766587820256,136.00493678016906,17820.320441060725,35.93409335512471,19.586766723340894
middle,top,0,kinetic,tight,snopt,all,False,0.0,1.0,1098985146,True,0.27361035346984863,32,2.86102294921875e-06,32,32,10.332557838315486,,1.2281554468460298,6.737119244978132,24.483881080964537,0.04084319788570895,326.56817722320557,False,SolutionResult.kSolverSpecificError,41,326.55997667,0.0627694765327769,0.24073125344489063,0.45017894673374886,1.5368403989429036,0.998,0.998,0.0,0.0,,1.4478346099955641,1.0001153660496742,1.396682035890096,0.34338914611397225,0.9999757807892475,0.5525,0.5401900454336221,0.1425,0.21355678202882417,0.0,acceleration,194.10733783544845,137.9971911974729,17161.138483702554,35.61737776274421,19.762840728068106
top,bottom,0,parameterized,notebook,snopt,all,False,0.0,1.0,1583784411,True,0.22714996337890625,32,1.6689300537109375e-06,32,32,11.284086363908255,,1.2009942252505055,9.478465423273907,34.88441424297607,0.8326434706973035,3.070958375930786,True,SolutionResult.kSolutionFound,1,3.061927364,0.32878097345522916,0.39486405049196605,1.918633255638976,7.917594394938658,0.996,0.996,0.0,0.0,,3.3858033521293374,1.0064490941780706,1.608371500367633,0.6349879954413018,0.9984740777329609,0.5225,0.5518275627110403,0.1975,0.2256088045120917,0.0,acceleration,387.7663465676934,122.44405098227662,37978.925275629044,66.6449504539371,33.95546874308525
top,bottom,0,cspace,notebook,snopt,all,False,0.0,1.0,1583784411,True,0.22714996337890625,32,1.6689300537109375e-06,32,32,11.284086363908255,,1.2009942252505055,9.478465423273907,34.88441424297607,0.10550231027319561,2.8886613845825195,True,SolutionResult.kSolutionFound,1,2.877270018,0.19210243888036865,0.8642504500005317,1.820836324654163,7.121400020103269,0.998,0.998,0.0,0.0,,2.655440746796328,1.0015990269021333,1.555077908505414,0.5825557552146187,0.9994208472061916,0.55,0.8048775487644129,0.18,0.2518982020951672,0.0,acceleration,436.5746189370793,148.6853382550156,36263.05694921182,81.86741966838619,27.581829037742235
top,bottom,0,kinetic,notebook,snopt,all,False,0.0,1.0,1583784411,True,0.22714996337890625,32,1.6689300537109375e-06,32,32,11.284086363908255,,1.2009942252505055,9.478465423273907,34.88441424297607,0.028666096928984513,3.7166666984558105,True,SolutionResult.kSolutionFound,1,3.709535734,0.21150920026927048,0.907542974806817,1.999278596519271,7.378374558393816,1.0,1.0,0.0,0.0,,2.7277368307432237,1.001419207525884,1.4800134284619166,0.6715687591203304,0.9996207453681225,0.555,0.8029617160041915,0.2025,0.2598756709435951,0.0,acceleration,449.40679534118135,154.7984576991202,36172.6070599074,82.96136284701198,31.9712526355062
top,bottom,0,parameterized,tight,snopt,all,False,0.0,1.0,1583784411,True,0.22714996337890625,32,1.6689300537109375e-06,32,32,11.284086363908255,,1.2009942252505055,9.478465423273907,34.88441424297607,0.8326434706973035,22.371238946914673,True,SolutionResult.kSolutionFound,1,22.362875429,0.20590155791765885,0.24728658202918896,2.0968173552612592,8.530541157680073,0.998,0.998,0.0,1.4096588587975134e-05,,3.498393934350211,1.0082390045636507,1.518934116007165,0.3568203879793903,0.9999979294848209,0.725,0.20251302116045194,0.14,0.21381363932143416,0.0,acceleration,305.1830169066174,83.20158935294145,31955.69705193951,64.88629985047413,21.400263561398088
top,bottom,0,cspace,tight,snopt,all,False,0.0,1.0,1583784411,True,0.22714996337890625,32,1.6689300537109375e-06,32,32,11.284086363908255,,1.2009942252505055,9.478465423273907,34.88441424297607,0.10550231027319561,92.31876254081726,False,SolutionResult.kSolverSpecificError,41,92.311365212,0.07272220321461202,0.3593886043987189,0.6892948886739987,3.0008463229386173,1.0,1.0,0.0,0.0,,1.8915491770660817,1.0005698257793831,1.4618745342923598,0.4388482694928788,0.9999437739835815,0.6175,0.19930040644256425,0.14,0.22887859166769753,0.0,acceleration,254.6123881947456,55.81721655664456,25662.98418557091,50.524030320295836,20.2855354518973
top,bottom,0,kinetic,tight,snopt,all,False,0.0,1.0,1583784411,True,0.22714996337890625,32,1.6689300537109375e-06,32,32,11.284086363908255,,1.2009942252505055,9.478465423273907,34.88441424297607,0.028666096928984513,240.90923643112183,True,SolutionResult.kSolutionFound,3,240.901764533,0.07532769067561507,0.42170653929964225,0.7179106161886589,2.6277623654949225,1.0,1.0,0.0,0.0,,1.6293466957549112,1.000190782818891,1.4545454421653903,0.48285161813455213,0.9999668140889424,0.5825,0.4335358787427333,0.1275,0.22666312730247595,0.0,acceleration,266.6640678915799,61.943047371533794,22710.045670367406,52.16948105241755,24.321929075631978
middle,bottom,8,parameterized,notebook,snopt,all,False,0.0,1.0,1048356349,True,0.37353515625,43,2.1457672119140625e-06,43,43,14.195436277839917,,1.6551199566424253,8.50258040132355,30.114032374882783,0.6041858150442455,1.1407675743103027,True,SolutionResult.kSolutionFound,1,1.131232151,0.743323885556911,1.230290197234238,4.523003257702368,16.583985551145567,1.0,1.0,0.0,0.0,,5.932705843181635,1.0185354249743612,1.809712681898494,0.7141140324562495,0.9998661110307718,0.575,0.3792927836314263,0.1675,0.23460735112670628,0.0,acceleration,530.7752647007034,232.05932115569016,69020.80760570458,96.91022419584458,22.58187006375273
middle,bottom,8,cspace,notebook,snopt,all,False,0.0,1.0,1048356349,True,0.37353515625,43,2.1457672119140625e-06,43,43,14.195436277839917,,1.6551199566424253,8.50258040132355,30.114032374882783,0.11761135476523521,2.6497702598571777,True,SolutionResult.kSolutionFound,1,2.643510789,0.2623338327570565,1.3004638045519357,2.230514505004239,6.842325187577283,0.998,0.998,0.0,0.0,,3.228486792360888,1.0017978649401391,1.4874540160479082,0.6540587511928763,0.9365517711891124,0.425,0.9199253144418051,0.24,0.27514391226833324,0.0,acceleration,504.54274269038024,222.58530896158322,43288.09927874406,87.8278149604235,34.256775154950454
middle,bottom,8,kinetic,notebook,snopt,all,False,0.0,1.0,1048356349,True,0.37353515625,43,2.1457672119140625e-06,43,43,14.195436277839917,,1.6551199566424253,8.50258040132355,30.114032374882783,0.03320711047764132,3.3145201206207275,True,SolutionResult.kSolutionFound,1,3.307754973,0.22111358599339145,1.3480723177586609,2.3297847284566737,6.658621687131421,1.0,1.0,0.0,0.0,,3.3187328638098395,1.0015677000599246,1.510381398758253,0.8072113950090689,0.8928014135671911,0.3775,0.9330619708883985,0.2475,0.28429911451211,0.0,acceleration,492.8033394674776,215.99679641104228,41446.68587811422,82.9824288609322,22.687028844467356
middle,bottom,8,parameterized,tight,snopt,all,False,0.0,1.0,1048356349,True,0.37353515625,43,2.1457672119140625e-06,43,43,14.195436277839917,,1.6551199566424253,8.50258040132355,30.114032374882783,0.6041858150442455,49.20613241195679,True,SolutionResult.kSolutionFound,1,49.197512336,0.02200657010187126,0.03642351335286121,0.19987798276720048,0.7727731255408686,1.0,1.0,0.0,5.7683410568110105e-05,,1.6109386676427706,1.001325782007325,1.8059157132036632,0.45753195233720445,0.9999741214720709,0.59,0.06399162927776011,0.1425,0.19082454568775192,0.0,acceleration,113.15505265079048,21.122047367921112,15877.637734184711,20.58745335878565,13.37570444624271
middle,bottom,8,cspace,tight,snopt,all,False,0.0,1.0,1048356349,True,0.37353515625,43,2.1457672119140625e-06,43,43,14.195436277839917,,1.6551199566424253,8.50258040132355,30.114032374882783,0.11761135476523521,505.9345989227295,False,SolutionResult.kSolverSpecificError,41,505.918869963,0.013009111026017033,0.055439659551952084,0.11061101244845455,0.41219840983963213,1.0,1.0,0.0,0.0,,1.0247933950578096,1.0001414985961259,1.7256683459625575,0.436670542615993,0.8390030635850426,0.3875,0.8722540129930239,0.235,0.21329733492018338,0.0,acceleration,128.69041347653348,29.42222011948646,13417.196998661868,18.60336198159007,17.17984331788337
middle,bottom,8,kinetic,tight,snopt,all,False,0.0,1.0,1048356349,True,0.37353515625,43,2.1457672119140625e-06,43,43,14.195436277839917,,1.6551199566424253,8.50258040132355,30.114032374882783,0.03320711047764132,400.31734251976013,False,SolutionResult.kSolverSpecificError,41,400.307677793,0.01617482626426657,0.0668003382752631,0.12820258006063973,0.4870892417802277,1.0,1.0,0.0,0.0,,1.0882743274185045,1.0001488076339569,1.6985023968042434,0.5179868377936772,0.7276831787576619,0.2525,0.9472304041982018,0.3025,0.22712437847713352,0.0,acceleration,149.1103000675677,39.22401650488142,14960.151191432087,21.36494733933278,19.765724207453157
middle,top,8,parameterized,notebook,snopt,all,False,0.0,1.0,1331340936,True,0.36907100677490234,31,5.9604644775390625e-06,31,31,10.582705208643404,,1.1836976006999613,5.935327718488973,20.607553852677636,0.8448103632284677,1.9031078815460205,True,SolutionResult.kSolutionFound,1,1.883577854,0.5127253653474171,0.606911784779751,2.709636397330532,10.115174704869647,0.998,0.998,0.0,0.0,,3.744620032730322,1.0101728097339486,1.23323638191845,0.6543451333369132,1.0000153599796129,0.6325,0.3696008876708169,0.1925,0.20857380166271536,0.0,acceleration,405.57014612811395,245.6498796851644,35849.067446220084,71.76315488478016,24.63209093452715
middle,top,8,cspace,notebook,snopt,all,False,0.0,1.0,1331340936,True,0.36907100677490234,31,5.9604644775390625e-06,31,31,10.582705208643404,,1.1836976006999613,5.935327718488973,20.607553852677636,0.16848269336247904,10.715383052825928,True,SolutionResult.kSolutionFound,1,10.702237859,0.21559626801098744,0.7403994049201894,1.2796345055283913,4.734847166496739,0.996,0.996,0.0,0.0,,2.1322591924363246,1.0008936130663868,1.6052078308270155,0.5361242421703644,0.9703532974154563,0.485,0.7840251603061431,0.2975,0.23052817823602229,0.0,acceleration,373.92192926214864,229.3865008856864,29988.07100495744,67.82392385708525,32.22373829809628
middle,top,8,kinetic,notebook,snopt,all,False,0.0,1.0,1331340936,True,0.36907100677490234,31,5.9604644775390625e-06,31,31,10.582705208643404,,1.1836976006999613,5.935327718488973,20.607553852677636,0.04852589526874221,7.70027756690979,True,SolutionResult.kSolutionFound,1,7.692012343,0.2639511964760521,0.880735549902325,1.5895603052423672,5.439388495858941,1.0,1.0,0.0,0.0,,2.4090217664326667,1.000710491279983,1.54783231907504,0.7018425972487751,0.9051101205072511,0.4325,0.8626923599154852,0.3025,0.28679287969804246,0.0,acceleration,403.0954417106616,245.51334968625164,32468.796835663925,68.85952829529032,34.25767709127287
middle,top,8,parameterized,tight,snopt,all,False,0.0,1.0,1331340936,True,0.36907100677490234,31,5.9604644775390625e-06,31,31,10.582705208643404,,1.1836976006999613,5.935327718488973,20.607553852677636,0.8448103632284677,22.592867136001587,True,SolutionResult.kSolutionFound,1,22.58389593,0.14665811121725603,0.17359885437105618,0.95359273543026,3.783997744908544,0.998,0.998,0.0,0.00010976902998649507,,2.497606183505422,1.004351774621619,1.5576577168871373,0.37839101471995334,0.9999926448292729,0.7225,0.1703683052315306,0.1075,0.21040273427871375,0.0,acceleration,213.54076710658728,147.47816477793862,24240.927452845768,46.18890002659011,16.088368491146454
middle,top,8,cspace,tight,snopt,all,False,0.0,1.0,1331340936,True,0.36907100677490234,31,5.9604644775390625e-06,31,31,10.582705208643404,,1.1836976006999613,5.935327718488973,20.607553852677636,0.16848269336247904,151.89956545829773,True,SolutionResult.kSolutionFound,3,151.891533939,0.07839007782914183,0.23740527967049418,0.4652708017938133,1.7556731479179941,0.996,0.996,0.0,0.0,,1.5127642449724195,1.0000528704200797,1.3462106597209826,0.4305790696851911,0.9668010958692825,0.49,0.6862463126822775,0.205,0.22318648817329229,0.0,acceleration,198.91358999027346,139.83145299440164,20232.962041169827,37.6611076157424,19.585082536144768
middle,top,8,kinetic,tight,snopt,all,False,0.0,1.0,1331340936,True,0.36907100677490234,31,5.9604644775390625e-06,31,31,10.582705208643404,,1.1836976006999613,5.935327718488973,20.607553852677636,0.04852589526874221,282.42026948928833,False,SolutionResult.kSolverSpecificError,41,282.414429051,0.07868515041844439,0.2425352253446576,0.46547865080204937,1.621508474654133,1.0,1.0,0.0,0.0,,1.4616231673294475,1.0001317572535524,1.305792945092528,0.3686821892446937,0.9815970309271287,0.4975,0.6934427096102695,0.175,0.21141544176914917,0.0,acceleration,196.0283199775883,138.70742918302477,17910.869607437322,36.201689657050935,19.864125532835658
middle,top,9,parameterized,notebook,snopt,all,False,0.0,1.0,945657374,True,0.19451665878295898,28,1.1920928955078125e-06,28,28,9.740369775779978,,1.05701980435696,6.360192758328181,22.191454384676565,0.9460560680869663,1.6199848651885986,True,SolutionResult.kSolutionFound,1,1.612306533,0.5560654553816341,0.587772198857158,2.445676794328247,8.683005329043937,1.0,1.0,0.0,0.0,,3.1852564914282597,1.0031729086741008,1.357619719324381,0.6237674782415049,0.9997077426530246,0.58,0.42971304622868095,0.17,0.2167755349760549,0.0,acceleration,316.6843010483173,200.11916253869506,33739.30687154468,64.06586856071553,28.263305866874983
middle,top,9,cspace,notebook,snopt,all,False,0.0,1.0,945657374,True,0.19451665878295898,28,1.1920928955078125e-06,28,28,9.740369775779978,,1.05701980435696,6.360192758328181,22.191454384676565,0.15722793915177763,4.214519023895264,True,SolutionResult.kSolutionFound,1,4.206962243,0.21107024116139572,0.6254268877156345,1.3424474193332918,4.469397450887554,1.0,1.0,0.0,0.0,,2.0346916182564097,1.0013705378612636,1.4158955769313972,0.6148365532907784,0.9559789675359228,0.475,0.8860268200349031,0.2075,0.2709253185385535,0.0,acceleration,315.2667337180348,199.58949513224957,28301.975093690977,57.41338793588731,27.254022034157344
middle,top,9,kinetic,notebook,snopt,all,False,0.0,1.0,945657374,True,0.19451665878295898,28,1.1920928955078125e-06,28,28,9.740369775779978,,1.05701980435696,6.360192758328181,22.191454384676565,0.04506239125500989,4.666791915893555,True,SolutionResult.kSolutionFound,1,4.658420778,0.20821297452466891,0.6732999322549412,1.4579264941028232,4.620548726462016,1.0,1.0,0.0,0.0,,2.1104200235339294,1.0007804105314435,1.4676179915653051,0.6902844005017832,0.8995518649286606,0.3125,0.9576299584555265,0.34,0.28481636568789864,0.0,acceleration,326.30204480288717,205.95859293897954,28262.013259676307,57.602125826427965,23.70301332161115
middle,top,9,parameterized,tight,snopt,all,False,0.0,1.0,945657374,True,0.19451665878295898,28,1.1920928955078125e-06,28,28,9.740369775779978,,1.05701980435696,6.360192758328181,22.191454384676565,0.9460560680869663,18.633323907852173,True,SolutionResult.kSolutionFound,1,18.625339477,0.18342893526298232,0.1938880172650836,1.1142285779696584,4.401044222781875,1.0,1.0,0.0,5.659736162266782e-05,,2.551813838479591,1.0037403703668493,1.5115116462392049,0.32480424082680864,0.9999938501450696,0.7075,0.1649501382443372,0.1475,0.20989454590026005,0.0,acceleration,218.5068640807301,149.97976592254463,24685.438082679702,46.40530389316052,18.444526976734
middle,top,9,cspace,tight,snopt,all,False,0.0,1.0,945657374,True,0.19451665878295898,28,1.1920928955078125e-06,28,28,9.740369775779978,,1.05701980435696,6.360192758328181,22.191454384676565,0.15722793915177763,235.63769912719727,True,SolutionResult.kSolutionFound,3,235.630237906,0.08272289237347773,0.2654534459747978,0.5261335410217546,1.9755092478566099,0.998,0.998,0.0,0.0,,1.5140812234615164,1.0000839005468183,1.2715356421570632,0.4385238997524699,0.9856511328575096,0.4925,0.6721810310631222,0.21,0.21651910382749417,0.0,acceleration,202.88354359256414,141.64043634588907,20297.90450376542,37.950860399403616,21.67188865419697
middle,top,9,kinetic,tight,snopt,all,False,0.0,1.0,945657374,True,0.19451665878295898,28,1.1920928955078125e-06,28,28,9.740369775779978,,1.05701980435696,6.360192758328181,22.191454384676565,0.04506239125500989,202.76046514511108,True,SolutionResult.kSolutionFound,3,202.741389416,0.08800378550924698,0.30322461849235854,0.5527674223763043,1.952931991807315,1.0,1.0,0.0,0.0,,1.4448618927248582,1.0000267229763953,1.2981354855146396,0.3860322817190241,0.9996668825988766,0.525,0.6415200326268297,0.21,0.22687879804531177,0.0,acceleration,206.39870557333518,143.90492369799202,20245.552522040212,40.015325001227545,25.308367222768904
middle,top,6,parameterized,notebook,snopt,all,False,0.0,1.0,685935503,True,0.831301212310791,33,2.384185791015625e-06,33,33,11.148332184797123,,1.2501502507906073,9.219111547605591,32.87540340950573,0.7999038510511758,2.537045478820801,True,SolutionResult.kSolutionFound,1,2.518355797,0.5972665452264024,0.7466729213036383,4.643149270497706,16.636541842529315,1.0,1.0,0.0,0.0,,5.049784689653132,1.0164568946716466,1.0229004315348744,0.6034471573706061,1.000038491536384,0.655,0.2786302792286067,0.11,0.2247967173803338,0.0,acceleration,413.0388440602888,250.65636429135543,45622.27715252171,85.60593137971416,20.4368455741899
middle,top,6,cspace,notebook,snopt,all,False,0.0,1.0,685935503,True,0.831301212310791,33,2.384185791015625e-06,33,33,11.148332184797123,,1.2501502507906073,9.219111547605591,32.87540340950573,0.10847032220363169,5.842395305633545,True,SolutionResult.kSolutionFound,1,5.82660975,0.16661147514047733,0.8234228515966749,1.5360097744311765,5.292701863748446,1.0,1.0,0.0,0.0,,2.3808699821917187,1.001490130910379,1.2934635564086265,0.6263055171348679,0.9497950305421063,0.4175,0.9130394798863177,0.2825,0.28816720269759133,0.0,acceleration,397.0468732000479,241.4743214901961,34176.17580925509,71.16607264117675,26.95295515796052
middle,top,6,kinetic,notebook,snopt,all,False,0.0,1.0,685935503,True,0.831301212310791,33,2.384185791015625e-06,33,33,11.148332184797123,,1.2501502507906073,9.219111547605591,32.87540340950573,0.030417877692440906,5.062949895858765,True,SolutionResult.kSolutionFound,1,5.05484398,0.20427794963998114,0.9774870574350931,2.0963346468364024,6.715720002081075,1.0,1.0,0.0,0.0,,2.741697853367239,1.0049997845062164,1.3255280560073726,0.6342674648196575,0.9637333377164623,0.45,0.8904933728105422,0.25,0.2886482587372843,0.0,acceleration,418.6604593045596,252.41193313548234,34924.12734118618,79.05264022996934,33.741639691478746
middle,top,6,parameterized,tight,snopt,all,False,0.0,1.0,685935503,True,0.831301212310791,33,2.384185791015625e-06,33,33,11.148332184797123,,1.2501502507906073,9.219111547605591,32.87540340950573,0.7999038510511758,39.4358446598053,True,SolutionResult.kSolutionFound,1,39.425365822,0.13045208108016004,0.16308470187852275,0.9448240915392295,3.766214508706171,1.0,1.0,0.0,0.00016792963893763613,,2.6007694701186317,1.0049784601993368,1.6440916283938722,0.3752789158021748,0.9999930557588083,0.735,0.15811006445248937,0.1075,0.21111309425056013,0.0,acceleration,218.24435485324227,149.89920492618134,25172.018878251023,46.984033262559365,16.65182361666168
middle,top,6,cspace,tight,snopt,all,False,0.0,1.0,685935503,True,0.831301212310791,33,2.384185791015625e-06,33,33,11.148332184797123,,1.2501502507906073,9.219111547605591,32.87540340950573,0.10847032220363169,246.3069760799408,True,SolutionResult.kSolutionFound,3,246.293240813,0.047844532024566934,0.22375027508270923,0.44108407767747065,1.6603983788837826,0.998,0.998,0.0,0.0,,1.5057109035028013,1.0001046058578469,1.3788046450885885,0.4438427473996214,0.9838690292474657,0.4975,0.6471465818144708,0.215,0.2217473347512601,0.0,acceleration,203.63958040946392,142.18968585504427,20629.186800630676,38.16911561209434,21.756141511069636
middle,top,6,kinetic,tight,snopt,all,False,0.0,1.0,685935503,True,0.831301212310791,33,2.384185791015625e-06,33,33,11.148332184797123,,1.2501502507906073,9.219111547605591,32.87540340950573,0.030417877692440906,380.841450214386,True,SolutionResult.kSolutionFound,1,380.831338521,0.04990473027940324,0.2546915529857069,0.4649409880722288,1.640638139977957,1.0,1.0,0.0,0.0,,1.4455450987323664,1.000030891479628,1.3740680594861363,0.38369463904377604,0.9997798612273198,0.5275,0.6292780441599233,0.195,0.22624127065509592,0.0,acceleration,208.29752770839343,144.81475731096077,20294.739219722254,39.88327358608824,26.166438376490767
bottom,middle,8,parameterized,notebook,snopt,all,False,0.0,1.0,1222964207,True,0.39953184127807617,53,3.5762786865234375e-06,53,53,17.91579301496303,,2.0768753787977263,13.324456235181685,46.43820461655807,0.48149253932553515,1.1119821071624756,True,SolutionResult.kSolutionFound,1,1.103890204,0.420340683254969,0.8729952157592629,3.183712752140995,9.50180231908666,1.0,1.0,0.0,0.0,,4.967292518294989,1.0182575756059031,1.5377087196943509,0.6500107793024943,0.8766389590061936,0.3675,0.8667234198587552,0.225,0.27406954784614024,0.0,acceleration,535.8796386583851,312.8015305666298,69983.25954877389,84.8828975146956,16.585164565887496
bottom,middle,8,cspace,notebook,snopt,all,False,0.0,1.0,1222964207,True,0.39953184127807617,53,3.5762786865234375e-06,53,53,17.91579301496303,,2.0768753787977263,13.324456235181685,46.43820461655807,0.07504996694421313,2.246880054473877,True,SolutionResult.kSolutionFound,1,2.23819149,0.236683115313701,1.3525857389969778,3.1536738116038685,8.896573966735986,1.0,1.0,0.0,0.0,,4.276814012303382,1.0035982957579308,3.019755488579341,0.991744803876491,0.8756700447582055,0.3175,0.9394733599323414,0.27,0.30292043107096456,0.0025,acceleration,619.9963013950814,355.42645871484405,67523.73097717538,102.70656664727568,26.078920209861824
bottom,middle,8,kinetic,notebook,snopt,all,False,0.0,1.0,1222964207,True,0.39953184127807617,53,3.5762786865234375e-06,53,53,17.91579301496303,,2.0768753787977263,13.324456235181685,46.43820461655807,0.021533993578284005,3.0657122135162354,True,SolutionResult.kSolutionFound,1,3.060634819,0.17112364670630403,1.348379951463241,3.125422912180702,7.946674920478936,1.0,1.0,0.0,0.0,,4.193231623074013,1.003236571334266,2.0747724176150926,0.8232011652788056,0.8818258534017285,0.35,0.9220029711925998,0.245,0.32043962115625496,0.0,acceleration,574.2414788282523,333.1982911859011,61764.313026745425,93.90283097804907,21.389611171656302
bottom,middle,8,parameterized,tight,snopt,all,False,0.0,1.0,1222964207,True,0.39953184127807617,53,3.5762786865234375e-06,53,53,17.91579301496303,,2.0768753787977263,13.324456235181685,46.43820461655807,0.48149253932553515,47.05101466178894,True,SolutionResult.kSolutionFound,1,47.043630354,0.014219582907054542,0.02953230163643411,0.1557966512855648,0.6172670133483946,1.0,1.0,0.0,1.3549896698439312e-05,,1.6041892040846746,1.000243529998274,2.1273128168896926,0.4613964531574128,0.9999862036769975,0.58,0.08309499328767002,0.125,0.19399535657020425,0.0,acceleration,115.52037515710715,96.0264560624544,16202.92795726514,20.991210431662427,11.80852469550362
bottom,middle,8,cspace,tight,snopt,all,False,0.0,1.0,1222964207,True,0.39953184127807617,53,3.5762786865234375e-06,53,53,17.91579301496303,,2.0768753787977263,13.324456235181685,46.43820461655807,0.07504996694421313,578.0439734458923,True,SolutionResult.kSolutionFound,3,578.036420246,0.006873099231467653,0.04582947366133232,0.09158030990975156,0.3427718629381234,1.0,1.0,0.0,0.0,,1.043378451288427,1.0001192672671049,2.017537434331765,0.4509744558801866,0.8184516461739263,0.3575,0.9011118756940453,0.3075,0.22355858160504022,0.0,acceleration,132.76445034007818,104.64923174910658,14172.982986764066,18.576963574241404,17.052402604003348
bottom,middle,8,kinetic,tight,snopt,all,False,0.0,1.0,1222964207,True,0.39953184127807617,53,3.5762786865234375e-06,53,53,17.91579301496303,,2.0768753787977263,13.324456235181685,46.43820461655807,0.021533993578284005,1191.4618487358093,True,SolutionResult.kSolutionFound,3,1191.456157338,0.007602672299348714,0.04871787334804628,0.09631512612815679,0.3530544518697936,1.0,1.0,0.0,0.0,,1.0383787224516074,1.0003397077977996,2.0262765618960006,0.4743791692994081,0.9366126412932816,0.4425,0.8242745159508542,0.235,0.2350210262286439,0.0,acceleration,127.06219328345202,101.15248279437499,13773.049410466847,18.000161716883397,15.705479144850157
top,bottom,1,parameterized,notebook,snopt,all,False,0.0,1.0,694260045,True,0.36057257652282715,37,1.6689300537109375e-06,37,37,11.120536430753852,,1.406098592265496,5.6679363097964846,21.683134443027626,0.7111876830690849,1.2596242427825928,True,SolutionResult.kSolutionFound,1,1.250485888,0.6641416539682423,0.9338486447096321,2.818979810581702,11.440493345183192,1.0,1.0,0.0,0.0,,4.157080083717538,1.0046360703434605,1.665325198843911,0.5014688100552076,1.0000045486347122,0.5875,0.512476784089891,0.195,0.2135397659784785,0.0,acceleration,524.2488935210272,194.47604006625394,40086.768635259185,94.02297906592601,26.70185068696396
top,bottom,1,cspace,notebook,snopt,all,False,0.0,1.0,694260045,True,0.36057257652282715,37,1.6689300537109375e-06,37,37,11.120536430753852,,1.406098592265496,5.6679363097964846,21.683134443027626,0.1764310580328145,4.0640709400177,True,SolutionResult.kSolutionFound,1,4.051700943,0.3378972928812621,1.0243348266943244,1.9151803353036436,7.8649557331475854,1.0,1.0,0.0,0.0,,2.890499411174997,1.0015055229296206,1.5348491188839353,0.4990769219039187,0.999540473589032,0.5475,0.7645276870185005,0.21,0.23365707911365022,0.0,acceleration,516.2234146512284,189.60023156823866,35505.23524041752,98.73994331085675,29.474791353958764
top,bottom,1,kinetic,notebook,snopt,all,False,0.0,1.0,694260045,True,0.36057257652282715,37,1.6689300537109375e-06,37,37,11.120536430753852,,1.406098592265496,5.6679363097964846,21.683134443027626,0.04611879350872897,5.256518840789795,True,SolutionResult.kSolutionFound,1,5.249496639,0.31486055416651154,0.9699703362752159,1.7638125522903998,6.827163726798652,1.0,1.0,0.0,0.0,,2.6776969920124314,1.00087664502011,1.749809632295672,0.607725728433502,0.9998788663649026,0.6,0.6908274635842193,0.12,0.25339108590237036,0.0,acceleration,510.06452517847845,187.0864963435554,33120.70484236138,91.67897258848264,30.87914685718872
top,bottom,1,parameterized,tight,snopt,all,False,0.0,1.0,694260045,True,0.36057257652282715,37,1.6689300537109375e-06,37,37,11.120536430753852,,1.406098592265496,5.6679363097964846,21.683134443027626,0.7111876830690849,23.42494773864746,True,SolutionResult.kSolutionFound,1,23.416881648,0.14908596084152323,0.20962955966581492,1.1914776564993825,4.846914582186636,1.0,1.0,0.0,0.00015033371375317017,,2.970065094270098,1.0062694973475896,1.6415580689140468,0.3656997800063151,0.9999835719523673,0.6925,0.1985782132753351,0.145,0.20752236765406606,0.0,acceleration,288.66805376611705,73.89453361583821,27913.43629566749,59.25222407642435,20.24846732249486
top,bottom,1,cspace,tight,snopt,all,False,0.0,1.0,694260045,True,0.36057257652282715,37,1.6689300537109375e-06,37,37,11.120536430753852,,1.406098592265496,5.6679363097964846,21.683134443027626,0.1764310580328145,171.24512338638306,False,SolutionResult.kSolverSpecificError,41,171.234574158,0.09864839805638605,0.29506244878271304,0.5591328372470475,2.288163769664574,1.0,1.0,0.0,0.0,,1.7883587895144808,1.0003696265324764,1.5399117109996534,0.4185300314159299,0.9999743869882671,0.5775,0.5588948906877538,0.1225,0.21284512963147056,0.0,acceleration,261.22110466109694,58.92119496400835,22385.029811886845,47.67559502104197,22.565704319194317
top,bottom,1,kinetic,tight,snopt,all,False,0.0,1.0,694260045,True,0.36057257652282715,37,1.6689300537109375e-06,37,37,11.120536430753852,,1.406098592265496,5.6679363097964846,21.683134443027626,0.04611879350872897,426.66648745536804,True,SolutionResult.kSolutionFound,3,426.653009524,0.09837239103013538,0.30461917519667425,0.5697549922965319,2.133021780188511,1.0,1.0,0.0,0.0,,1.6499428185937095,1.0001668202009164,1.5550423064968588,0.4918587518899919,0.9999774244909788,0.55,0.6108163847823407,0.1625,0.19881260633416536,0.0,acceleration,265.80399526842626,62.5569445563672,20367.72668565636,49.80133496516674,28.92499831372164
top,bottom,8,parameterized,notebook,snopt,all,False,0.0,1.0,1354574313,True,0.2991023063659668,33,2.1457672119140625e-06,33,33,10.31341275059333,,1.2489120036422572,6.708220021908169,26.027952539590064,0.8006969242698091,1.9766008853912354,True,SolutionResult.kSolutionFound,1,1.970321558,0.5477084879896337,0.6840397051470017,2.358689253904853,9.344770780461012,1.0,1.0,0.0,0.0,,3.7041623492216784,1.009880120182142,1.411062991090185,0.5428382514156873,0.9920642001107669,0.5025,0.7089495147486035,0.1625,0.23460792963787766,0.0,acceleration,423.84165922835984,142.92144650031835,45631.31808559524,71.84241533381861,19.2705755982009
top,bottom,8,cspace,notebook,snopt,all,False,0.0,1.0,1354574313,True,0.2991023063659668,33,2.1457672119140625e-06,33,33,10.31341275059333,,1.2489120036422572,6.708220021908169,26.027952539590064,0.14907084095842574,4.335425615310669,True,SolutionResult.kSolutionFound,1,4.328657179,0.21239216969649746,0.7425891948508202,1.4247734052545622,5.7183185225104145,0.998,0.998,0.0,0.0,,2.44181394864599,1.0009922478019149,1.4654203643894228,0.42479824466197086,0.999835577339347,0.6025,0.7022691419470677,0.1825,0.2545355966335647,0.0,acceleration,372.44492872126386,116.21099015867068,33796.18080205016,75.75957573855156,27.841617851734537
top,bottom,8,kinetic,notebook,snopt,all,False,0.0,1.0,1354574313,True,0.2991023063659668,33,2.1457672119140625e-06,33,33,10.31341275059333,,1.2489120036422572,6.708220021908169,26.027952539590064,0.03842023295835278,3.2241687774658203,True,SolutionResult.kSolutionFound,1,3.217298486,0.2505677976112917,0.8566407955993369,1.769471189873871,6.521766744176307,1.0,1.0,0.0,0.0,,2.6649986659315767,1.001064946744928,1.5044988000692237,0.6609308491523539,0.9999236514729568,0.615,0.7280631765759584,0.17,0.2658531773791772,0.0,acceleration,395.9042010979606,129.54907163403698,35084.613313022084,78.98375196475206,25.839221832874312
top,bottom,8,parameterized,tight,snopt,all,False,0.0,1.0,1354574313,True,0.2991023063659668,33,2.1457672119140625e-06,33,33,10.31341275059333,,1.2489120036422572,6.708220021908169,26.027952539590064,0.8006969242698091,24.456893920898438,True,SolutionResult.kSolutionFound,1,24.446353502,0.18579927995207557,0.2320469510002404,1.5128943417603118,6.1887573060121355,0.998,0.998,0.0,0.00011507768713636679,,3.1925620787877005,1.0060128610900345,1.5417037122176354,0.3864688230120317,0.9999917317262814,0.6875,0.19378027429982428,0.1375,0.2122972430998885,0.0,acceleration,298.6627068486646,78.40737022189057,29839.8152190813,61.182784389247104,22.4608113552812
top,bottom,8,cspace,tight,snopt,all,False,0.0,1.0,1354574313,True,0.2991023063659668,33,2.1457672119140625e-06,33,33,10.31341275059333,,1.2489120036422572,6.708220021908169,26.027952539590064,0.14907084095842574,267.9661166667938,True,SolutionResult.kSolutionFound,3,267.957754234,0.09329383591761915,0.33461677926770683,0.6258355780231885,2.591738343679898,0.994,0.994,0.0,0.0,,1.7789566579176816,1.0006794238090118,1.4820125444391867,0.4238274548326201,0.9999678307000606,0.595,0.5705356238383734,0.1175,0.21622604825065195,0.0,acceleration,258.34395474741075,57.66807904120179,23012.63053026478,48.65042800825309,23.10432766007087
top,bottom,8,kinetic,tight,snopt,all,False,0.0,1.0,1354574313,True,0.2991023063659668,33,2.1457672119140625e-06,33,33,10.31341275059333,,1.2489120036422572,6.708220021908169,26.027952539590064,0.03842023295835278,204.83025908470154,False,SolutionResult.kSolverSpecificError,41,204.81918898,0.09590471534262242,0.36968017380947893,0.6543435220135023,2.4962033792606713,0.996,0.996,0.0,0.0,,1.6454668702054351,1.0003080300677902,1.473818360385856,0.42633566859840977,0.9999826835492198,0.565,0.5929012125654813,0.1275,0.22295382018942106,0.0,acceleration,261.5779057940109,59.35047761054874,22583.803831038815,51.35285418596851,25.61340988303184
top,middle,0,parameterized,notebook,snopt,all,False,0.0,1.0,453438722,True,0.2767307758331299,27,1.6689300537109375e-06,27,27,8.39925900490017,,1.0235778731608496,4.728050822293504,16.9089253841217,0.9769652375465677,2.532808542251587,True,SolutionResult.kSolutionFound,1,2.522768147,0.35750140247655504,0.3659305251989744,1.229356960217394,5.154753696453886,1.0,1.0,0.0,0.0,,2.430271595859725,1.0125157669164795,1.4105971683800331,0.36610766550701423,0.9999109282529808,0.6425,0.42383971781230056,0.165,0.23248738779326011,0.0,acceleration,261.20259984347524,95.93601303877395,29428.280192889895,52.13029803024738,19.92292047090211
top,middle,0,cspace,notebook,snopt,all,False,0.0,1.0,453438722,True,0.2767307758331299,27,1.6689300537109375e-06,27,27,8.39925900490017,,1.0235778731608496,4.728050822293504,16.9089253841217,0.21150364866740487,5.613195419311523,True,SolutionResult.kSolutionFound,1,5.591933334,0.21965351820854576,0.6099435861610661,1.0385329973855764,3.8087134087401178,1.0,1.0,0.0,0.0,,1.8035340866514673,1.0006054166930691,1.3115175537697408,0.5645134345490168,0.9999553012566818,0.5825,0.7972548498260333,0.1975,0.26579143806532707,0.0,acceleration,285.9098452271751,108.71097719826552,28649.621610142312,56.48219459696497,29.96183132761327
top,middle,0,kinetic,notebook,snopt,all,False,0.0,1.0,453438722,True,0.2767307758331299,27,1.6689300537109375e-06,27,27,8.39925900490017,,1.0235778731608496,4.728050822293504,16.9089253841217,0.059140363877828,7.609219074249268,True,SolutionResult.kSolutionFound,1,7.600062774,0.2192967974876515,0.654633188084212,1.0939224973031132,3.7080731856955467,1.0,1.0,0.0,0.0,,1.7595621632561498,1.0012173522498449,1.49558976022277,0.6242649132606785,0.9828184665669595,0.4875,0.801932163180388,0.28,0.2773366958485022,0.0,acceleration,292.9531597185496,112.79462480067282,28207.15863168529,57.01928137572564,31.822127597175392
top,middle,0,parameterized,tight,snopt,all,False,0.0,1.0,453438722,True,0.2767307758331299,27,1.6689300537109375e-06,27,27,8.39925900490017,,1.0235778731608496,4.728050822293504,16.9089253841217,0.9769652375465677,21.93791699409485,True,SolutionResult.kSolutionFound,1,21.924852043,0.19735506096170746,0.20200827355671383,1.201948304996477,4.817821269852532,1.0,1.0,0.0,0.00010972732783098849,,2.657011507978583,1.0037337742939383,1.395702742554335,0.37035105035800836,0.9999964304273763,0.7525,0.15116407421330097,0.105,0.2106494876467349,0.0,acceleration,215.4541400663544,72.6976947971071,25303.448525297525,47.38395638745247,16.01567596795015
top,middle,0,cspace,tight,snopt,all,False,0.0,1.0,453438722,True,0.2767307758331299,27,1.6689300537109375e-06,27,27,8.39925900490017,,1.0235778731608496,4.728050822293504,16.9089253841217,0.21150364866740487,145.65057563781738,False,SolutionResult.kSolverSpecificError,41,145.640844041,0.11760769950288166,0.28482983819415353,0.556055180342647,2.117638833929485,1.0,1.0,0.0,0.0,,1.507966013300177,1.0000948518504198,1.3588151141430167,0.4518174148241247,0.988587189027914,0.5,0.6507212022961741,0.2175,0.22443633582815647,0.0,acceleration,206.18822039214632,67.87660383121727,21043.56280057298,39.71069712555653,25.09955464040782
top,middle,0,kinetic,tight,snopt,all,False,0.0,1.0,453438722,True,0.2767307758331299,27,1.6689300537109375e-06,27,27,8.39925900490017,,1.0235778731608496,4.728050822293504,16.9089253841217,0.059140363877828,139.85137605667114,False,SolutionResult.kSolverSpecificError,41,139.841925512,0.12086112804547725,0.3215234615373324,0.5823000283257785,2.0436317959617543,1.0,1.0,0.0,0.0,,1.4382715603694018,1.00009457638848,1.3500266657808728,0.40777436198925193,0.9996970017823222,0.5325,0.573828633266892,0.195,0.22665715240343623,0.0,acceleration,209.65427744486647,69.42263408595599,20254.357604014018,40.41477977098139,25.52065330297899
top,bottom,5,parameterized,notebook,snopt,all,False,0.0,1.0,772560212,True,0.37278175354003906,32,1.1920928955078125e-06,32,32,12.656295360904227,,1.226224120597271,11.219726172319152,40.02800852437808,0.8155116044470879,1.5778794288635254,True,SolutionResult.kSolutionFound,1,1.572068195,0.4712377432168037,0.577843087268274,2.5912892878652123,9.757921965592072,1.0,1.0,0.0,0.0,,3.862302472921192,1.0152403888545567,1.0984346469267132,0.6785133576181916,0.9971043762329527,0.515,0.41995851245504734,0.255,0.22562101967319925,0.0,acceleration,371.1580516822883,116.7859271737553,42247.169155761265,65.98178504902131,19.359261507174185
top,bottom,5,cspace,notebook,snopt,all,False,0.0,1.0,772560212,True,0.37278175354003906,32,1.1920928955078125e-06,32,32,12.656295360904227,,1.226224120597271,11.219726172319152,40.02800852437808,0.08912873493001629,4.560603618621826,True,SolutionResult.kSolutionFound,1,4.555217661,0.12688106221654533,0.7351698815583151,1.4235707745226283,5.284677425732945,1.0,1.0,0.0,0.0,,2.2949670516802563,1.001032381862885,1.5116327143218005,0.6586258939761762,0.9993517683686401,0.5425,0.7951657119258153,0.1875,0.27939615778623395,0.0,acceleration,384.35772352169533,122.42946543133701,32909.435216488295,71.70070280265276,26.250177166196053
top,bottom,5,kinetic,notebook,snopt,all,False,0.0,1.0,772560212,True,0.37278175354003906,32,1.1920928955078125e-06,32,32,12.656295360904227,,1.226224120597271,11.219726172319152,40.02800852437808,0.024982506921146837,4.640475749969482,True,SolutionResult.kSolutionFound,1,4.633672421,0.14835924336556053,0.8330636565173035,1.7990522133302085,5.938525058106937,1.0,1.0,0.0,0.0,,2.4635060022267954,1.002277951274104,1.4127638939486862,0.6453602214501031,0.9903048832125757,0.5,0.853306590369865,0.2075,0.2876692072450815,0.0,acceleration,407.6571597347242,134.03814314647178,32603.340823676524,75.60246293112324,26.655736701283175
top,bottom,5,parameterized,tight,snopt,all,False,0.0,1.0,772560212,True,0.37278175354003906,32,1.1920928955078125e-06,32,32,12.656295360904227,,1.226224120597271,11.219726172319152,40.02800852437808,0.8155116044470879,13.85492992401123,True,SolutionResult.kSolutionFound,1,13.849256072,0.19923056159654987,0.24430132018982462,1.9577607838922204,7.977044046980792,0.998,0.998,0.0,1.602744828499425e-05,,3.4422815457001983,1.0079826352907333,1.519502230989155,0.34757050924684435,0.9999975101953809,0.72,0.20062838500716282,0.1225,0.21324927019758078,0.0,acceleration,303.4429939651228,81.72526854720014,31696.930055899793,64.2452446954832,21.439396388091254
top,bottom,5,cspace,tight,snopt,all,False,0.0,1.0,772560212,True,0.37278175354003906,32,1.1920928955078125e-06,32,32,12.656295360904227,,1.226224120597271,11.219726172319152,40.02800852437808,0.08912873493001629,280.4561257362366,True,SolutionResult.kSolutionFound,1,280.446340945,0.06005420091625031,0.3558572380086962,0.6737916897777664,2.8625142428649855,1.0,1.0,0.0,0.0,,1.852556897239799,1.0002236662299422,1.4598354586215687,0.4318935817894017,0.9999988134560774,0.6075,0.27161083595880625,0.13,0.2282341595752633,0.0,acceleration,254.26206709961332,55.32544526419993,24752.414427066484,49.63708835732274,20.889526231309006
top,bottom,5,kinetic,tight,snopt,all,False,0.0,1.0,772560212,True,0.37278175354003906,32,1.1920928955078125e-06,32,32,12.656295360904227,,1.226224120597271,11.219726172319152,40.02800852437808,0.024982506921146837,286.8618767261505,True,SolutionResult.kSolutionFound,3,286.846670933,0.06460041684101384,0.4129516522028639,0.7066466971060336,2.585826035990479,1.0,1.0,0.0,0.0,,1.624538000812886,1.0003470001929602,1.453338933459482,0.5082620963909147,0.999789948635138,0.5575,0.47899658092427577,0.135,0.22665395255913431,0.0,acceleration,266.59527237304025,62.02511803648364,22711.94731632838,52.045283965197676,24.297769514224782
bottom,middle,2,parameterized,notebook,snopt,all,False,0.0,1.0,674306801,True,0.40564799308776855,53,5.4836273193359375e-06,53,53,18.481251851453067,,2.054427723393454,19.050276602218464,65.66919661634361,0.48675355604539067,1.7244739532470703,True,SolutionResult.kSolutionFound,1,1.716328746,0.5124949939708967,1.0528839237141694,2.937391938352618,9.670043581019264,1.0,1.0,0.0,0.0,,4.841160111984475,1.0103944355791643,1.624454638839843,0.6688210057459105,0.8977080352812964,0.3875,0.8682223915721664,0.2,0.24946563178357217,0.0,acceleration,559.788056950176,321.1000366949921,56879.463942134025,95.12922740240745,25.13780310453446
bottom,middle,2,cspace,notebook,snopt,all,False,0.0,1.0,674306801,True,0.40564799308776855,53,5.4836273193359375e-06,53,53,18.481251851453067,,2.054427723393454,19.050276602218464,65.66919661634361,0.05249267613697257,11.617483377456665,True,SolutionResult.kSolutionFound,1,11.61066688,0.13713695385209593,1.6076810577965195,2.6124969032680965,8.247866202399043,1.0,1.0,0.0,0.0,,4.198132137752352,1.0047717581142328,1.790844765142448,0.6151499173533687,0.967750302865918,0.4675,0.7468189492963735,0.17,0.2619138667683938,0.0,acceleration,546.579476377526,317.9221335175001,52035.393742211134,99.28274686948484,21.77041311807911
bottom,middle,2,kinetic,notebook,snopt,all,False,0.0,1.0,674306801,True,0.40564799308776855,53,5.4836273193359375e-06,53,53,18.481251851453067,,2.054427723393454,19.050276602218464,65.66919661634361,0.01522783971063721,25.636727809906006,True,SolutionResult.kSolutionFound,1,25.630956038,0.13066796123390068,1.8912458062748456,3.0381427425721887,8.58086003772579,0.996,0.996,0.0,0.0,,4.039034162476128,1.0072082144696406,1.9458101420308087,0.6563786698702121,0.999973744758359,0.615,0.5769733087993246,0.165,0.25662132299622176,0.0,acceleration,508.9984599980493,300.0940209158938,46088.3042107452,99.18961905597122,27.577253458113205
bottom,middle,2,parameterized,tight,snopt,all,False,0.0,1.0,674306801,True,0.40564799308776855,53,5.4836273193359375e-06,53,53,18.481251851453067,,2.054427723393454,19.050276602218464,65.66919661634361,0.48675355604539067,47.938241720199585,True,SolutionResult.kSolutionFound,1,47.930833125,0.014577227537468911,0.029947860383188325,0.15598199312363636,0.6156317165706016,1.0,1.0,0.0,4.238484918328567e-05,,1.5868357059364482,1.000404725951986,2.148123534145728,0.48005879566576637,0.9999868744060196,0.5875,0.07381124871316883,0.14,0.19312264172841961,0.0,acceleration,114.02084232231401,94.85280378476341,16078.322145996344,20.93873285531473,12.392959994555948
bottom,middle,2,cspace,tight,snopt,all,False,0.0,1.0,674306801,True,0.40564799308776855,53,5.4836273193359375e-06,53,53,18.481251851453067,,2.054427723393454,19.050276602218464,65.66919661634361,0.05249267613697257,548.1785435676575,True,SolutionResult.kSolutionFound,1,548.173705392,0.004877437524099541,0.04649330598193191,0.09291653394413585,0.3512817418882,1.0,1.0,0.0,0.0,,1.049697125082303,1.00010307193634,2.0181811799612714,0.4406916459852879,0.7598055313324488,0.2975,0.9350502566009706,0.3125,0.23913706248166006,0.0,acceleration,139.873923745965,107.99071866017736,14469.778620935052,19.11156840357731,16.719692456342926
bottom,middle,2,kinetic,tight,snopt,all,False,0.0,1.0,674306801,True,0.40564799308776855,53,5.4836273193359375e-06,53,53,18.481251851453067,,2.054427723393454,19.050276602218464,65.66919661634361,0.01522783971063721,1335.2445590496063,False,SolutionResult.kIterationLimit,32,1335.238558142,0.005459591929544619,0.04908823320838142,0.09503134270404967,0.35852701586626856,1.0,1.0,0.0,0.0,,1.0361904979743097,1.0002946030324686,2.018264605966582,0.4337281336897113,0.7521398557405887,0.265,0.9439058098996296,0.35,0.2426980588442268,0.0,acceleration,146.54895218582794,111.04654577230818,14448.40684240183,20.13066983150024,19.57207913024204
top,middle,4,parameterized,notebook,snopt,all,False,0.0,1.0,476784923,True,0.194533109664917,29,1.9073486328125e-06,29,29,10.122738295237225,,1.0801545952898464,10.480045663106123,37.49699942094534,0.9257934043521447,4.936158895492554,True,SolutionResult.kSolutionFound,1,4.919426621,0.22896095879324035,0.24731323178248243,1.1875398656736125,4.186071180069118,1.0,1.0,0.0,0.0,,2.433709637548377,1.0019751117641198,1.3604053340720348,0.3656904624052124,0.9999513703849461,0.705,0.36730263681984854,0.125,0.21039128765383952,0.0,acceleration,259.7990271211376,95.18142317885152,24654.608827208307,48.15683840124897,17.989840171687078
top,middle,4,cspace,notebook,snopt,all,False,0.0,1.0,476784923,True,0.194533109664917,29,1.9073486328125e-06,29,29,10.122738295237225,,1.0801545952898464,10.480045663106123,37.49699942094534,0.09541943156988263,3.100440740585327,True,SolutionResult.kSolutionFound,1,3.091765092,0.14872394856273857,0.840977062660339,1.5586337721349472,4.724951700321197,1.0,1.0,0.0,0.0,,2.3630578162102087,1.0008474665767568,1.487591589040855,0.6384006776397928,0.9043508289917059,0.4025,0.8951101699152151,0.23,0.26536404380336487,0.0,acceleration,360.81574374746845,147.62351606227332,32708.722532537686,54.81785844146191,28.30338717512313
top,middle,4,kinetic,notebook,snopt,all,False,0.0,1.0,476784923,True,0.194533109664917,29,1.9073486328125e-06,29,29,10.122738295237225,,1.0801545952898464,10.480045663106123,37.49699942094534,0.02666880058251842,4.887274980545044,True,SolutionResult.kSolutionFound,1,4.879019959,0.11922906704846653,0.8223131332315089,1.518599907402237,4.470732258076202,1.0,1.0,0.0,0.0,,2.3145252684161868,1.0011438348795194,1.4417845681008101,0.5888859867216901,0.9389326230046229,0.4325,0.8272728449881752,0.2325,0.24647550623054354,0.0,acceleration,341.8814909695667,137.92714910127137,30322.382795399855,53.373445911204044,30.59199208177106
top,middle,4,parameterized,tight,snopt,all,False,0.0,1.0,476784923,True,0.194533109664917,29,1.9073486328125e-06,29,29,10.122738295237225,,1.0801545952898464,10.480045663106123,37.49699942094534,0.9257934043521447,19.984248876571655,True,SolutionResult.kSolutionFound,1,19.972340032,0.17297615373242303,0.1868409873296398,1.0816381311687637,4.320669307018111,1.0,1.0,0.0,5.566510612675657e-05,,2.606453182077484,1.0041155126776897,1.4362258401431318,0.3703433657422618,0.9999969849114168,0.735,0.1554499917259266,0.13,0.210443691037992,0.0,acceleration,215.7901099438129,72.89398062926031,25004.553917369485,46.99578001514587,15.863431295317536
top,middle,4,cspace,tight,snopt,all,False,0.0,1.0,476784923,True,0.194533109664917,29,1.9073486328125e-06,29,29,10.122738295237225,,1.0801545952898464,10.480045663106123,37.49699942094534,0.09541943156988263,177.48768043518066,True,SolutionResult.kSolutionFound,3,177.477456807,0.048693933277842376,0.2617171586316907,0.5103146442680307,1.8907727559284302,0.998,0.998,0.0,0.0,,1.4889627045428546,1.0001323056497569,1.4263675216103455,0.453457921748414,0.9662072152314403,0.4875,0.6751069448493143,0.205,0.2190339471120915,0.0,acceleration,203.2141823671789,66.59474965280992,20206.568671275098,38.368311610688906,23.26501977021429
top,middle,4,kinetic,tight,snopt,all,False,0.0,1.0,476784923,True,0.194533109664917,29,1.9073486328125e-06,29,29,10.122738295237225,,1.0801545952898464,10.480045663106123,37.49699942094534,0.02666880058251842,230.6668186187744,True,SolutionResult.kSolutionFound,3,230.651431864,0.04754159857682871,0.267207993900447,0.5160842886250422,1.782667294306162,1.0,1.0,0.0,0.0,,1.4509008080096253,1.0001364748929817,1.4173487366995614,0.47834216351481407,0.9632298414529151,0.4775,0.7518115235785632,0.2225,0.20169188292452084,0.0,acceleration,202.5096066072518,66.52016988389038,17974.372183012634,37.102756154504775,23.002116337660297
top,middle,3,parameterized,notebook,snopt,all,False,0.0,1.0,34585784,True,0.13675212860107422,29,1.6689300537109375e-06,29,29,8.202963353965036,,1.1183266082893422,3.850432961247034,13.525231018156303,0.894193156621444,1.4416728019714355,True,SolutionResult.kSolutionFound,1,1.431165563,0.4521106174513596,0.5056073333859861,1.2105137829783381,4.563084626571077,1.0,1.0,0.0,0.0,,2.2288792636103842,1.0056039989816488,1.2672260646766593,0.4480477811761527,0.8361905764158979,0.255,0.9618745225179989,0.315,0.3040444670300756,0.0,acceleration,365.00028972852,148.2100051333619,36379.180930766684,56.15242972387351,31.359253524573905
top,middle,3,cspace,notebook,snopt,all,False,0.0,1.0,34585784,True,0.13675212860107422,29,1.6689300537109375e-06,29,29,8.202963353965036,,1.1183266082893422,3.850432961247034,13.525231018156303,0.2597110532931163,6.125706195831299,True,SolutionResult.kSolutionFound,1,6.117299709,0.3097940313975189,0.6856424792484732,1.1928411496906057,4.350928919749847,1.0,1.0,0.0,0.0,,1.9436597659005879,1.0003708469256687,1.5382222247530382,0.5040851878795884,0.8828204985494086,0.3425,0.9526829736538445,0.2875,0.29566436695185977,0.0,acceleration,365.17333535746616,149.5168798337441,34304.56366026093,63.83731397006619,32.63892201212296
top,middle,3,kinetic,notebook,snopt,all,False,0.0,1.0,34585784,True,0.13675212860107422,29,1.6689300537109375e-06,29,29,8.202963353965036,,1.1183266082893422,3.850432961247034,13.525231018156303,0.07393589053359588,9.648836135864258,True,SolutionResult.kSolutionFound,1,9.640150756,0.24603068200573128,0.6356704751034548,1.0762617398894883,3.3276218116820653,1.0,1.0,0.0,0.00016890412192083204,,1.7427438481054176,1.0003739926510822,1.363349451222606,0.5858776353170961,0.8865212062248667,0.37,0.9393218897618285,0.305,0.3091666658350106,0.0,acceleration,313.9498852376844,123.77398608178031,29037.28695186932,56.055793385390544,30.097733831236056
top,middle,3,parameterized,tight,snopt,all,False,0.0,1.0,34585784,True,0.13675212860107422,29,1.6689300537109375e-06,29,29,8.202963353965036,,1.1183266082893422,3.850432961247034,13.525231018156303,0.894193156621444,19.43412733078003,True,SolutionResult.kSolutionFound,1,19.407937273,0.16961310022850323,0.18968284309998212,1.2653750535114245,5.101850785784116,0.998,0.998,0.0,8.942372915621277e-05,,2.8631091331103047,1.0045464737940264,1.433379359643044,0.3546602998158837,0.9999998327383982,0.77,0.14018017483531553,0.105,0.20992672605218268,0.0,acceleration,220.09149443976236,75.0694478724181,26689.340823870312,48.85273037317292,13.664978581985107
top,middle,3,cspace,tight,snopt,all,False,0.0,1.0,34585784,True,0.13675212860107422,29,1.6689300537109375e-06,29,29,8.202963353965036,,1.1183266082893422,3.850432961247034,13.525231018156303,0.2597110532931163,254.5322389602661,False,SolutionResult.kSolverSpecificError,41,254.525707634,0.13761214442565983,0.27150024276571305,0.5298663367644482,2.0229425564343626,1.0,1.0,0.0,0.0,,1.5204954663954091,1.000367751958127,1.3941991131641018,0.4659822448993473,0.9974507231522043,0.5075,0.46442784932013137,0.165,0.2259883556375012,0.0,acceleration,207.4629214652148,68.78275737145317,21479.482158281622,39.91867043951188,24.62855432199346
top,middle,3,kinetic,tight,snopt,all,False,0.0,1.0,34585784,True,0.13675212860107422,29,1.6689300537109375e-06,29,29,8.202963353965036,,1.1183266082893422,3.850432961247034,13.525231018156303,0.07393589053359588,196.54919958114624,False,SolutionResult.kSolverSpecificError,41,196.540921131,0.14149457100677065,0.3022153077665846,0.5467178744613752,1.9137467606814949,1.0,1.0,0.0,0.0,,1.433246493008681,1.0001809032232856,1.388348087168999,0.4022885243104918,0.9968661243308348,0.5075,0.6789201947629055,0.185,0.22785025638902112,0.0,acceleration,211.67587417950296,71.38978467079372,20468.631820964467,40.63450038073324,26.371900682280323
top,middle,2,parameterized,notebook,snopt,all,False,0.0,1.0,1963494446,True,0.12781786918640137,25,1.6689300537109375e-06,25,25,8.083735038610232,,0.9345300485488807,4.623218294464414,17.18381811379199,1.0700565504049653,1.670980453491211,True,SolutionResult.kSolutionFound,1,1.662804622,0.524854603485825,0.49049239807671163,1.2508641579443798,4.590307695549522,1.0,1.0,0.0,0.0,,2.125026263491736,1.0034024324692414,1.3942532427132608,0.6255316311594191,0.9998188397483101,0.635,0.6187228300003533,0.1575,0.22189423605280056,0.0,acceleration,274.4635125844052,103.53283141045094,24818.002358351663,51.064575686641746,20.083978267842546
top,middle,2,cspace,notebook,snopt,all,False,0.0,1.0,1963494446,True,0.12781786918640137,25,1.6689300537109375e-06,25,25,8.083735038610232,,0.9345300485488807,4.623218294464414,17.18381811379199,0.21629954207382868,3.975966691970825,True,SolutionResult.kSolutionFound,1,3.966543311,0.22958902647559298,0.6319255796264622,1.0614401874102362,3.4203496064903316,1.0,1.0,0.0,0.0,,1.714412259645955,1.0007566252274804,1.4039110675079278,0.7385078909816842,0.9461815446445836,0.4175,0.9211950403396686,0.275,0.2623747641162635,0.0,acceleration,288.57827096060873,110.06387928226098,24127.5727259247,49.54919738624006,28.595423109647342
top,middle,2,kinetic,notebook,snopt,all,False,0.0,1.0,1963494446,True,0.12781786918640137,25,1.6689300537109375e-06,25,25,8.083735038610232,,0.9345300485488807,4.623218294464414,17.18381811379199,0.05819428449358324,7.043975830078125,True,SolutionResult.kSolutionFound,1,7.034430037,0.19276015778604197,0.654662824408276,1.0833372442022118,3.3123554909811905,1.0,1.0,0.0,0.0,,1.7208443449220825,1.0006742139104432,1.4146394138354046,0.7147600956187743,0.9705208290955096,0.4625,0.868159385657398,0.29,0.24926275488052385,0.0,acceleration,270.84067462177416,101.81112492065766,22688.185327427032,48.288806264098476,25.54937196033393
top,middle,2,parameterized,tight,snopt,all,False,0.0,1.0,1963494446,True,0.12781786918640137,25,1.6689300537109375e-06,25,25,8.083735038610232,,0.9345300485488807,4.623218294464414,17.18381811379199,1.0700565504049653,14.878621101379395,True,SolutionResult.kSolutionFound,1,14.868973471,0.2326913418877939,0.21745705103131113,1.1890986345258165,4.707521667126269,1.0,1.0,0.0,3.0799044802076736e-05,,2.4720348134826144,1.0026361981702197,1.363120193912311,0.34855501140530687,0.9999962442535131,0.74,0.17067390718798758,0.125,0.2095863688878704,0.0,acceleration,211.14379895450975,70.45579522263047,23775.59399327844,46.197465237986435,16.480861102921953
top,middle,2,cspace,tight,snopt,all,False,0.0,1.0,1963494446,True,0.12781786918640137,25,1.6689300537109375e-06,25,25,8.083735038610232,,0.9345300485488807,4.623218294464414,17.18381811379199,0.21629954207382868,228.44506168365479,True,SolutionResult.kSolutionFound,3,228.436271466,0.12795609128927873,0.30086199452164264,0.5915689421367523,2.1689129195039603,1.0,1.0,0.0,0.0,,1.4901790750805155,1.000156598464922,1.3392319540694555,0.464631928562798,0.947338863404968,0.48,0.7453881701253542,0.2225,0.22030275171511676,0.0,acceleration,203.84300554271786,67.04742893048973,19539.2955908586,37.43218838999168,24.839825331453845
top,middle,2,kinetic,tight,snopt,all,False,0.0,1.0,1963494446,True,0.12781786918640137,25,1.6689300537109375e-06,25,25,8.083735038610232,,0.9345300485488807,4.623218294464414,17.18381811379199,0.05819428449358324,261.08570432662964,True,SolutionResult.kSolutionFound,3,261.06243072,0.12104312027040627,0.3192655089849302,0.6110171447443654,2.079982962652509,1.0,1.0,0.0,0.0,,1.4291655591730303,1.0000949479693193,1.3250000206158574,0.4805695343417444,0.9200646875758873,0.44,0.8362678847902918,0.2625,0.209738369381696,0.0,acceleration,210.13630123783938,69.77966903993263,17652.42534350257,37.38557044356134,24.767548871773055
top,bottom,4,parameterized,notebook,snopt,all,False,0.0,1.0,1493919170,True,0.15630888938903809,38,1.1920928955078125e-06,38,38,11.833673037274096,,1.4417535861373647,7.346218620630492,25.67958489856259,0.6935998006976511,0.7547643184661865,True,SolutionResult.kSolutionFound,1,0.748531544,0.6934641933922692,0.9998044876811593,4.2954201505000285,14.996178662039858,1.0,1.0,0.0,0.0,,4.588093640661905,1.0073072521474442,1.548671860803687,0.5721212230530123,1.0001600298238404,0.7025,0.318245310622464,0.1375,0.19270578243931238,0.0,acceleration,490.7960795666134,179.059378606632,44967.525149546695,111.42578929453677,35.35189638418939
top,bottom,4,cspace,notebook,snopt,all,False,0.0,1.0,1493919170,True,0.15630888938903809,38,1.1920928955078125e-06,38,38,11.833673037274096,,1.4417535861373647,7.346218620630492,25.67958489856259,0.13612445417723965,4.934804439544678,True,SolutionResult.kSolutionFound,1,4.924802703,0.2952822349237905,1.0713206553519823,2.1692078525385377,7.40646810419543,1.0,1.0,0.0,0.0,,2.6893674483680563,1.001981452823902,1.5624036275291768,0.7504290104081568,0.999976539056121,0.61,0.6739597602688459,0.1675,0.27300199891855637,0.0,acceleration,460.24028884277493,163.50021718823064,35905.471645803365,104.98156497987964,35.054303547389026
top,bottom,4,kinetic,notebook,snopt,all,False,0.0,1.0,1493919170,True,0.15630888938903809,38,1.1920928955078125e-06,38,38,11.833673037274096,,1.4417535861373647,7.346218620630492,25.67958489856259,0.03894143943331322,6.729359865188599,True,SolutionResult.kSolutionFound,1,6.723229277,0.24761646633479828,1.032355041377836,2.081607850765991,6.3586880695265195,1.0,1.0,0.0,0.0,,2.5619251628143553,1.000824336794756,1.684957251637171,0.7052477878388773,1.000001882647683,0.6625,0.7186446227781962,0.18,0.29046563530656666,0.0,acceleration,426.18735266086077,147.71093780368523,33245.811011628844,94.42179818374889,34.08663158025362
top,bottom,4,parameterized,tight,snopt,all,False,0.0,1.0,1493919170,True,0.15630888938903809,38,1.1920928955078125e-06,38,38,11.833673037274096,,1.4417535861373647,7.346218620630492,25.67958489856259,0.6935998006976511,17.861830472946167,True,SolutionResult.kSolutionFound,1,17.854753564,0.1393100483592615,0.2008507618069299,1.3687154356399094,5.609432916268175,0.998,0.998,0.0,3.504209238158751e-05,,3.256519141433817,1.0075873336894419,1.6601581335936177,0.3548179421508402,0.9999898065650842,0.695,0.19823938674108954,0.1275,0.21297071575481671,0.0,acceleration,300.5646228840145,79.21614053395255,30772.17953232999,62.13642999514009,22.366078989586363
top,bottom,4,cspace,tight,snopt,all,False,0.0,1.0,1493919170,True,0.15630888938903809,38,1.1920928955078125e-06,38,38,11.833673037274096,,1.4417535861373647,7.346218620630492,25.67958489856259,0.13612445417723965,342.7365303039551,True,SolutionResult.kSolutionFound,3,342.72605148,0.07507412400680752,0.289722314585402,0.551510927706332,2.3650672808064166,1.0,1.0,0.0,0.0,,1.8659191318557942,1.0001493101305916,1.5961408188190485,0.42723967555035197,0.9999966986854456,0.605,0.2692941096375687,0.1325,0.22977428229372637,0.0,acceleration,253.48592058234766,54.6505547319828,25171.307740767224,49.47663466679329,20.21663832383911
top,bottom,4,kinetic,tight,snopt,all,False,0.0,1.0,1493919170,True,0.15630888938903809,38,1.1920928955078125e-06,38,38,11.833673037274096,,1.4417535861373647,7.346218620630492,25.67958489856259,0.03894143943331322,476.99386954307556,True,SolutionResult.kSolutionFound,3,476.983265793,0.08362540919386967,0.33578078562690816,0.580099154665447,2.1474657950710125,1.0,1.0,0.0,0.0,,1.6424736635451915,1.000160684300376,1.588037879503297,0.5129442943681667,0.9999952937967774,0.5525,0.4718876903266618,0.16,0.22882289372799952,0.0,acceleration,263.724595838224,61.64061814316341,22983.489365448353,51.498628319066846,23.26500367467201
top,bottom,3,parameterized,notebook,snopt,all,False,0.0,1.0,1198518369,True,0.800816535949707,38,1.430511474609375e-06,38,38,12.107369315474504,,1.4515487118706147,8.528604811358813,28.045900242772426,0.6889193533927617,1.661109447479248,True,SolutionResult.kSolutionFound,1,1.650245055,0.5098138551435152,0.7400196447273644,1.99810694825419,6.340906583452072,1.0,1.0,0.0,0.0,,3.330481295191434,1.0039576616341663,1.739392765868108,0.8065605740431343,0.8385505750435278,0.33,0.9136245451193203,0.22,0.2658269639176386,0.0,acceleration,468.6616815913717,166.07226379417165,41862.00501735199,67.42081519878344,24.76449801464998
top,bottom,3,cspace,notebook,snopt,all,False,0.0,1.0,1198518369,True,0.800816535949707,38,1.430511474609375e-06,38,38,12.107369315474504,,1.4515487118706147,8.528604811358813,28.045900242772426,0.11725247237017608,2.5703048706054688,True,SolutionResult.kSolutionFound,1,2.559383608,0.2972874335213324,1.1905899340674608,2.5354470358865493,7.58597057679597,1.0,1.0,0.0,0.0,,3.1159594807589537,1.0016028001168822,1.499954998628376,0.6771665336071453,0.9197044137999817,0.435,0.892288201121122,0.24,0.30040757922125727,0.0,acceleration,492.0588100882127,178.8590206904094,41915.09621303073,88.73712341519408,27.23651328676197
top,bottom,3,kinetic,notebook,snopt,all,False,0.0,1.0,1198518369,True,0.800816535949707,38,1.430511474609375e-06,38,38,12.107369315474504,,1.4515487118706147,8.528604811358813,28.045900242772426,0.035655835303689536,6.132947683334351,True,SolutionResult.kSolutionFound,1,6.123996677,0.2032714229872827,1.0512869667490046,2.1129001155577014,5.700930051307731,1.0,1.0,0.0,0.0,,2.7131818881165426,1.00140497196867,1.5463755675190158,0.6126035633725191,0.9995285146508472,0.565,0.6763432402102085,0.1975,0.2773449548409661,0.0,acceleration,416.88088845096416,141.70181829056702,34081.57446118872,79.45344044896737,33.26781526031599
top,bottom,3,parameterized,tight,snopt,all,False,0.0,1.0,1198518369,True,0.800816535949707,38,1.430511474609375e-06,38,38,12.107369315474504,,1.4515487118706147,8.528604811358813,28.045900242772426,0.6889193533927617,21.26876926422119,True,SolutionResult.kSolutionFound,1,21.25926111,0.13937899771063392,0.20231540458868782,1.4877197388800694,6.082768314184013,0.998,0.998,0.0,4.657801381480198e-06,,3.3570004228812036,1.0077953887303874,1.661894245371357,0.3718034789396586,0.9999926155684715,0.7075,0.2035864303472416,0.125,0.21203435294374245,0.0,acceleration,303.97361175472423,81.13643981417731,31352.959981667635,63.10024783418662,21.819993661182338
top,bottom,3,cspace,tight,snopt,all,False,0.0,1.0,1198518369,True,0.800816535949707,38,1.430511474609375e-06,38,38,12.107369315474504,,1.4515487118706147,8.528604811358813,28.045900242772426,0.11725247237017608,677.9791133403778,False,SolutionResult.kIterationLimit,32,677.966901692,0.06698071541226111,0.30067421527427096,0.5712520517332655,2.4050528247198297,1.0,1.0,0.0,0.0,,1.8569256031941412,1.0001256731575876,1.5945941408432376,0.42839692599705825,0.9999966534584516,0.595,0.2972374386068825,0.12,0.22834013605257733,0.0,acceleration,254.59034837169543,56.070677055268696,24817.15285398627,49.447366692175216,21.476039848187426
top,bottom,3,kinetic,tight,snopt,all,False,0.0,1.0,1198518369,True,0.800816535949707,38,1.430511474609375e-06,38,38,12.107369315474504,,1.4515487118706147,8.528604811358813,28.045900242772426,0.035655835303689536,182.64774012565613,True,SolutionResult.kSolutionFound,3,182.639359441,0.07822381429301066,0.33836353643803796,0.5941171821893603,2.1938572922709327,1.0,1.0,0.0,0.0,,1.6801487604276186,1.0001503857955367,1.5920304487969594,0.4927765043167819,0.9996310324556632,0.53,0.5402917428697719,0.1575,0.2194729195199887,0.0,acceleration,268.73413601481826,63.27894411333392,23433.07546359916,50.84240767034666,29.092309190489345
top,middle,1,parameterized,notebook,snopt,all,False,0.0,1.0,1812061588,True,0.31122422218322754,41,2.384185791015625e-06,41,41,15.323350175875786,,1.5800955681615683,12.815534293590238,46.066624443419926,0.6328731123292081,1.548612117767334,True,SolutionResult.kSolutionFound,1,1.539814902,0.5952772576331601,0.9405949566135313,4.649710912610049,17.03302291887486,1.0,1.0,0.0,0.0,,5.582270753511328,1.0265016176808444,1.6198342379557624,0.39741363504026406,1.0001073184012195,0.6425,0.36399922169188004,0.1625,0.22487755686850644,0.0,acceleration,486.03387841606553,212.1949113371474,51409.834513109505,110.96679476307861,21.495980278772915
top,middle,1,cspace,notebook,snopt,all,False,0.0,1.0,1812061588,True,0.31122422218322754,41,2.384185791015625e-06,41,41,15.323350175875786,,1.5800955681615683,12.815534293590238,46.066624443419926,0.07803030112448418,18.164830207824707,False,SolutionResult.kIterationLimit,31,18.150887682,10.313640422963347,45.36933545647523,132.1748125322453,517.1517917855792,0.814,0.954,1.3510764254821623,0.03289108673631613,,17.574939381312134,11.614111196417298,246.696127750546,52.32723749675645,0.9745799344158181,0.4625,0.445796547391411,0.1925,0.22838519628923648,0.02,acceleration,14792.925079445482,2049.7336238351018,7502294.539630727,390.77187422384293,653.0470636531948
top,middle,1,kinetic,notebook,snopt,all,False,0.0,1.0,1812061588,True,0.31122422218322754,41,2.384185791015625e-06,41,41,15.323350175875786,,1.5800955681615683,12.815534293590238,46.066624443419926,0.02170768993999599,26.444347620010376,True,SolutionResult.kSolutionFound,1,26.430350978,0.14761035988473334,1.4866846574783648,2.226084792295493,6.799911012768071,1.0,1.0,0.0,0.0,,3.146624876232276,1.0202787269944231,1.6648190412131945,0.5393898841290854,0.9957804379887394,0.5075,0.7803320531810429,0.25,0.2569228715003385,0.0,acceleration,411.34969309095754,172.91862794134286,39232.62365109545,75.59794152131931,24.300871633042703
top,middle,1,parameterized,tight,snopt,all,False,0.0,1.0,1812061588,True,0.31122422218322754,41,2.384185791015625e-06,41,41,15.323350175875786,,1.5800955681615683,12.815534293590238,46.066624443419926,0.6328731123292081,36.93612504005432,True,SolutionResult.kSolutionFound,1,36.926944336,0.08288366450441839,0.13096411095641966,0.7258347031787301,2.8315211556376423,1.0,1.0,0.0,0.0004728691021989029,,2.4612839065105554,1.0065074913154026,1.735864509614753,0.4514605852810611,0.9999776786181506,0.675,0.1747059739682661,0.1275,0.20802741240202316,0.0,acceleration,217.98287764631277,74.20905217474305,24291.166358764785,45.195047983778906,20.612178531507116
top,middle,1,cspace,tight,snopt,all,False,0.0,1.0,1812061588,True,0.31122422218322754,41,2.384185791015625e-06,41,41,15.323350175875786,,1.5800955681615683,12.815534293590238,46.066624443419926,0.07803030112448418,18.551005601882935,False,SolutionResult.kIterationLimit,31,18.54231158,10.313640422963347,45.36933545647523,132.1748125322453,517.1517917855792,0.814,0.954,1.3510764254821623,0.03289108673631613,,17.574939381312134,11.614111196417298,246.696127750546,52.32723749675645,0.9745799344158181,0.4625,0.445796547391411,0.1925,0.22838519628923648,0.02,acceleration,14792.925079445482,2049.7336238351018,7502294.539630727,390.77187422384293,653.0470636531948
top,middle,1,kinetic,tight,snopt,all,False,0.0,1.0,1812061588,True,0.31122422218322754,41,2.384185791015625e-06,41,41,15.323350175875786,,1.5800955681615683,12.815534293590238,46.066624443419926,0.02170768993999599,496.82025122642517,True,SolutionResult.kSolutionFound,3,496.809657925,0.02608673865343493,0.18053286972017307,0.34615296142102187,1.2017279925014333,0.998,0.998,0.0,0.0,,1.451254662992349,1.0001114353477891,1.669865673019888,0.4340956813716734,0.9834530459122214,0.4975,0.6859871078966794,0.205,0.20839350632171685,0.0,acceleration,194.0858460072769,61.75642140359632,18244.331294974356,36.14129737414662,20.358571741760258
top,middle,9,parameterized,notebook,snopt,all,False,0.0,1.0,1658475942,True,0.5785167217254639,31,1.430511474609375e-06,31,31,9.910024851831393,,1.1719770425648377,5.675168729674603,21.341864277784286,0.853259034674885,2.253059148788452,True,SolutionResult.kSolutionFound,1,2.233525621,0.497748771970319,0.5833501337140584,1.5225806336550713,5.697665253930133,1.0,1.0,0.0,0.0,,2.84929633851143,1.002780500937008,1.5920055127556698,0.42817517399268257,0.9286336591320581,0.4375,0.8885578221612638,0.25,0.23116141184044295,0.0,acceleration,312.3834476539986,122.20494826685368,35649.675607797224,54.43973362104147,19.70666191967834
top,middle,9,cspace,notebook,snopt,all,False,0.0,1.0,1658475942,True,0.5785167217254639,31,1.430511474609375e-06,31,31,9.910024851831393,,1.1719770425648377,5.675168729674603,21.341864277784286,0.1762062147634749,3.3310563564300537,True,SolutionResult.kSolutionFound,1,3.319186753,0.3027398510784677,0.9315954892212142,1.718099736066866,6.040097366716112,1.0,1.0,0.0,0.0,,2.4355849294666654,1.002568573255301,1.5076483911792522,0.6953928003035106,0.9924919330408196,0.505,0.8156284721938084,0.235,0.2531113356431542,0.0,acceleration,389.9840106486056,162.9602105588932,34581.1980704487,73.71742304152049,29.961588393919246
top,middle,9,kinetic,notebook,snopt,all,False,0.0,1.0,1658475942,True,0.5785167217254639,31,1.430511474609375e-06,31,31,9.910024851831393,,1.1719770425648377,5.675168729674603,21.341864277784286,0.04685626274181424,7.148379564285278,True,SolutionResult.kSolutionFound,1,7.139557705,0.1778450026746964,0.8518203670859721,1.2384572011583126,3.7955439095655548,0.996,0.996,0.0,0.0,,1.9165853895816722,1.0003498102421235,1.4408852318283083,0.6229033886232982,0.9966778150558544,0.505,0.789285751368759,0.2125,0.32869440940010364,0.0,acceleration,314.5814850430239,124.1394976090019,29090.011347904507,61.09537914216543,29.726570410580106
top,middle,9,parameterized,tight,snopt,all,False,0.0,1.0,1658475942,True,0.5785167217254639,31,1.430511474609375e-06,31,31,9.910024851831393,,1.1719770425648377,5.675168729674603,21.341864277784286,0.853259034674885,21.29778742790222,True,SolutionResult.kSolutionFound,1,21.286673941,0.1485338678764424,0.17407828319454988,0.9147912269354448,3.5702232740385327,0.998,0.998,0.0,0.00016297471664028507,,2.356092564097809,1.0041652546180708,1.4894832113122558,0.36618148837101877,0.9999900169866376,0.7,0.16756963483300225,0.1125,0.20811236384691684,0.0,acceleration,212.55676325792433,70.78688459022013,23323.639636945685,45.39977798223793,18.130897974214534
top,middle,9,cspace,tight,snopt,all,False,0.0,1.0,1658475942,True,0.5785167217254639,31,1.430511474609375e-06,31,31,9.910024851831393,,1.1719770425648377,5.675168729674603,21.341864277784286,0.1762062147634749,169.8065905570984,False,SolutionResult.kSolverSpecificError,41,169.797513543,0.08266124702959114,0.2408105342709873,0.4691165242982434,1.7876350658305686,0.996,0.996,0.0,0.0,,1.4994384129550673,1.0001766826407927,1.449036489425027,0.4019516545327138,0.9932016433050261,0.5025,0.6594886219455004,0.185,0.2243413818202401,0.0,acceleration,195.68763803209066,62.6531323151916,19985.397786615933,38.397525425155145,20.356108477874646
top,middle,9,kinetic,tight,snopt,all,False,0.0,1.0,1658475942,True,0.5785167217254639,31,1.430511474609375e-06,31,31,9.910024851831393,,1.1719770425648377,5.675168729674603,21.341864277784286,0.04685626274181424,96.63849115371704,False,SolutionResult.kSolverSpecificError,41,96.625558326,0.08691137269992243,0.29021500168307723,0.52157585423241,1.8548507203576707,1.0,1.0,0.0,0.0,,1.4941283002968893,1.0000504457137491,1.456193459120857,0.47744296863130636,0.999480432572752,0.5275,0.4082620871893574,0.185,0.22119992476565722,0.0,acceleration,208.21902969604076,69.34927878969047,20529.9245089945,40.332058421942946,24.08178485959224
top,bottom,6,parameterized,notebook,snopt,all,False,0.0,1.0,923075822,True,0.40479564666748047,48,4.5299530029296875e-06,48,48,15.206085232684941,,1.873031735271978,8.197076308622474,30.20515465229791,0.5338937836281736,1.1701481342315674,True,SolutionResult.kSolutionFound,1,1.164287195,0.6960477245264367,1.303719477301848,3.1170969422444252,10.97517154901718,1.0,1.0,0.0,0.0,,4.4881248724143505,1.0067835597948256,1.623945630517389,0.6905963827825294,0.9562362368657185,0.46,0.7998156320680714,0.2025,0.24667845166291613,0.0,acceleration,613.2293506836202,243.00764752392115,49889.8051774421,109.05602805682534,26.65889800861174
top,bottom,6,cspace,notebook,snopt,all,False,0.0,1.0,923075822,True,0.40479564666748047,48,4.5299530029296875e-06,48,48,15.206085232684941,,1.873031735271978,8.197076308622474,30.20515465229791,0.12199471645129174,3.177931070327759,True,SolutionResult.kSolutionFound,1,3.172334497,0.3092443173854372,1.48442186803855,2.534899267616296,8.664012181353602,1.0,1.0,0.0,0.0,,3.600310968532088,1.0029743467161587,1.5353431882764192,0.748756747724565,0.8807477258089687,0.375,0.9038565744430695,0.2425,0.2677909677728606,0.0,acceleration,585.2980045716245,227.15098214512398,45343.486956290915,113.08173174770685,30.10846166733914
top,bottom,6,kinetic,notebook,snopt,all,False,0.0,1.0,923075822,True,0.40479564666748047,48,4.5299530029296875e-06,48,48,15.206085232684941,,1.873031735271978,8.197076308622474,30.20515465229791,0.033106931962817256,3.9682652950286865,True,SolutionResult.kSolutionFound,1,3.962668912,0.28556709051286916,1.5173128140901173,2.626762948780556,8.625598132547971,1.0,1.0,0.0,0.0,,3.7026112551179575,1.0020436485269164,1.9356340455767769,0.661590849662772,0.8395891732962222,0.37,0.8936008368277659,0.225,0.28948348432680615,0.0,acceleration,586.8686217387819,227.86099774196032,45085.1363054925,108.86048333851113,29.935715620274696
top,bottom,6,parameterized,tight,snopt,all,False,0.0,1.0,923075822,True,0.40479564666748047,48,4.5299530029296875e-06,48,48,15.206085232684941,,1.873031735271978,8.197076308622474,30.20515465229791,0.5338937836281736,41.57472252845764,True,SolutionResult.kSolutionFound,3,41.568675158,0.08468124027289264,0.1586106504133141,0.9420026288500246,3.8456655895270657,1.0,1.0,0.0,2.6230129012816406e-05,,3.0834847489702226,1.0094874950114283,1.9524336226927794,0.38094130964580375,0.9999826979980166,0.685,0.1953381143239196,0.135,0.2097516627835056,0.0,acceleration,292.5968385765185,76.13470249382485,29141.85646939574,59.5987149840002,20.83406753087391
top,bottom,6,cspace,tight,snopt,all,False,0.0,1.0,923075822,True,0.40479564666748047,48,4.5299530029296875e-06,48,48,15.206085232684941,,1.873031735271978,8.197076308622474,30.20515465229791,0.12199471645129174,436.0787441730499,True,SolutionResult.kSolutionFound,1,436.066921144,0.051567533602697516,0.2245659786793523,0.422703007988765,1.751167840950584,0.996,0.996,0.0,0.0,,1.8348264718417107,1.000135051457255,1.870064573098053,0.43309892733999555,0.999973595884982,0.5575,0.48783568718352505,0.165,0.21970305111122934,0.0,acceleration,256.8268418258883,57.01763718645539,24413.32087594362,47.764894157927515,23.035965058753895
top,bottom,6,kinetic,tight,snopt,all,False,0.0,1.0,923075822,True,0.40479564666748047,48,4.5299530029296875e-06,48,48,15.206085232684941,,1.873031735271978,8.197076308622474,30.20515465229791,0.033106931962817256,400.14516258239746,True,SolutionResult.kSolutionFound,3,400.131884773,0.05592391315896904,0.24619062204313913,0.4452068738973194,1.6891904457283369,1.0,1.0,0.0,0.0,,1.7009630374681388,1.0005629659743631,1.8549441052875437,0.5112030754668841,0.9999883498999711,0.535,0.5631718330726987,0.1475,0.21255825523903743,0.0,acceleration,269.6127693497739,63.51673528215278,23064.3131790267,50.218855424705716,30.44196952964702
top,bottom,2,parameterized,notebook,snopt,all,False,0.0,1.0,812171511,True,0.42035627365112305,50,1.6689300537109375e-06,50,50,17.73593492415688,,1.9229224360925345,12.195732014336976,42.350180957034254,0.5200417766366309,1.7356221675872803,True,SolutionResult.kSolutionFound,1,1.726209814,0.690620459375859,1.3280095761583737,5.040729637557212,18.817133796476337,0.994,0.994,0.0,0.0,,6.628830799456884,1.010377194118183,1.9427625618590638,0.7069577342166549,0.9995178132454836,0.58,0.43725621084241695,0.205,0.20388342737119286,0.0,acceleration,631.0101667263345,251.32682273261798,60478.44843326531,126.27617780718097,28.598945826332564
top,bottom,2,cspace,notebook,snopt,all,False,0.0,1.0,812171511,True,0.42035627365112305,50,1.6689300537109375e-06,50,50,17.73593492415688,,1.9229224360925345,12.195732014336976,42.350180957034254,0.0819958981407944,4.922267436981201,True,SolutionResult.kSolutionFound,1,4.915726173,0.22365119253570867,1.488423088456491,2.727590008852385,9.873942343235678,1.0,1.0,0.0,0.0,,3.7076970792010884,1.0026725142457087,2.0678404441943425,0.8791059980170532,0.9924551415328058,0.505,0.8170293637409882,0.1925,0.29233001858690966,0.0,acceleration,611.7729845584049,240.51271458539696,49690.08474928964,127.24945439312683,35.33632415938663
top,bottom,2,kinetic,notebook,snopt,all,False,0.0,1.0,812171511,True,0.42035627365112305,50,1.6689300537109375e-06,50,50,17.73593492415688,,1.9229224360925345,12.195732014336976,42.350180957034254,0.023612649991142542,7.105511426925659,True,SolutionResult.kSolutionFound,1,7.098986966,0.23110204559855763,1.5432410192721746,2.867902999992158,9.787213450639697,1.0,1.0,0.0,0.0,,3.748713394768548,1.0019608121442996,2.4781504190787444,0.8223644220140149,0.9202951466681621,0.4,0.9089994465736712,0.1975,0.3107237266246005,0.0,acceleration,645.53542845844,254.79970598843852,49616.755512955744,125.91914890349064,39.04012040897239
top,bottom,2,parameterized,tight,snopt,all,False,0.0,1.0,812171511,True,0.42035627365112305,50,1.6689300537109375e-06,50,50,17.73593492415688,,1.9229224360925345,12.195732014336976,42.350180957034254,0.5200417766366309,42.239808797836304,True,SolutionResult.kSolutionFound,1,42.229804249,0.08002636367454471,0.1538844901886814,0.9001210653753994,3.656549987173391,1.0,1.0,0.0,1.2610141195690261e-05,,3.0544882403016604,1.0098730107865939,2.025758536122716,0.38494318292412816,0.9999741004205148,0.685,0.19616747004862162,0.14,0.20831202021356363,0.0,acceleration,292.1353059222507,74.84234074153471,28956.711588542028,58.88728650723985,20.101168323550844
top,bottom,2,cspace,tight,snopt,all,False,0.0,1.0,812171511,True,0.42035627365112305,50,1.6689300537109375e-06,50,50,17.73593492415688,,1.9229224360925345,12.195732014336976,42.350180957034254,0.0819958981407944,549.9430735111237,True,SolutionResult.kSolutionFound,1,549.932564285,0.0338698762614518,0.218025234872757,0.4130679342434194,1.8095901391800915,0.996,0.996,0.0,0.0,,1.8767548349773844,1.0001795935316482,1.9348509958006634,0.4272947604023268,0.9999871565963447,0.565,0.41777967679133776,0.135,0.22700166685615203,0.0,acceleration,258.42932520793886,57.691393862376486,25359.416456842326,48.54041226300775,20.321862299218676
top,bottom,2,kinetic,tight,snopt,all,False,0.0,1.0,812171511,True,0.42035627365112305,50,1.6689300537109375e-06,50,50,17.73593492415688,,1.9229224360925345,12.195732014336976,42.350180957034254,0.023612649991142542,412.23959469795227,True,SolutionResult.kSolutionFound,3,412.225410645,0.0383634625341269,0.2464182615117951,0.4263401679090471,1.6246995804586783,1.0,1.0,0.0,0.0,,1.6950580475031698,1.0006357187395971,1.9306820413111319,0.4865605872019015,0.9999904653967555,0.5525,0.4444160887418991,0.13,0.22409359981508506,0.0,acceleration,264.47102572388985,61.603918476345044,23735.352696043603,50.01368635568624,23.81504864482169
top,bottom,9,parameterized,notebook,snopt,all,False,0.0,1.0,666507647,True,0.4704859256744385,40,1.7881393432617188e-05,40,40,16.667882912599694,,1.5486868995667975,22.030782021665985,76.18841859840384,0.6457083095877691,1.4716992378234863,True,SolutionResult.kSolutionFound,1,1.46430614,0.6338348543781203,0.9816117354642255,5.258623139164931,18.781045764697208,1.0,1.0,0.0,0.0,,4.967511320324479,1.0230960818469774,1.776158260443029,0.5917581459943441,0.9242677405524967,0.435,0.6766818311722367,0.145,0.21329375657952038,0.0,acceleration,564.0510545052952,212.02117719565507,49454.52055367555,103.12597746622576,26.69586431027011
top,bottom,9,cspace,notebook,snopt,all,False,0.0,1.0,666507647,True,0.4704859256744385,40,1.7881393432617188e-05,40,40,16.667882912599694,,1.5486868995667975,22.030782021665985,76.18841859840384,0.04539103509882484,3.341352939605713,True,SolutionResult.kSolutionFound,1,3.334080576,0.1309645393534816,1.375899717452717,2.8852512190644495,10.501008859430137,1.0,1.0,0.0,0.0,,3.721952625063806,1.0034079600053898,1.6677215269481747,0.5995869251693928,0.8569736716400755,0.3775,0.9080206997447557,0.21,0.2921401290564856,0.0,acceleration,582.1855132261987,225.38345527561867,50163.190906402146,105.04850072016103,28.361626017413663
top,bottom,9,kinetic,notebook,snopt,all,False,0.0,1.0,666507647,True,0.4704859256744385,40,1.7881393432617188e-05,40,40,16.667882912599694,,1.5486868995667975,22.030782021665985,76.18841859840384,0.0131253544619569,4.985833168029785,True,SolutionResult.kSolutionFound,1,4.975168879,0.13329157522940993,1.3732422988476638,2.8657171810341224,10.15527432921892,1.0,1.0,0.0,0.0,,3.716790647236783,1.0031488941691333,1.648593259512606,0.6879540955519794,0.8697249573180168,0.375,0.9190598837807401,0.21,0.2812072260096472,0.0,acceleration,564.3361837894284,215.07475115724392,48164.8307591453,103.05420989569294,28.276600837093344
top,bottom,9,parameterized,tight,snopt,all,False,0.0,1.0,666507647,True,0.4704859256744385,40,1.7881393432617188e-05,40,40,16.667882912599694,,1.5486868995667975,22.030782021665985,76.18841859840384,0.6457083095877691,35.637245655059814,True,SolutionResult.kSolutionFound,1,35.629085039,0.12358916298016731,0.19140091763581074,1.1437498287234649,4.702016821469108,1.0,1.0,0.0,6.164388838625356e-05,,3.0841730957647555,1.007782963846332,1.7148906886099378,0.38123927662823726,0.999990268306133,0.69,0.1929161218409711,0.15,0.21173647553965144,0.0,acceleration,295.8919106451341,76.83073616939379,29604.033529634034,60.45065172705297,21.76970309027199
top,bottom,9,cspace,tight,snopt,all,False,0.0,1.0,666507647,True,0.4704859256744385,40,1.7881393432617188e-05,40,40,16.667882912599694,,1.5486868995667975,22.030782021665985,76.18841859840384,0.04539103509882484,387.88822197914124,True,SolutionResult.kSolutionFound,1,387.874552665,0.023615134948421324,0.27318096940289494,0.5202598904608967,2.2716137871101494,1.0,1.0,0.0,0.0,,1.8839259092119272,1.0000452248217064,1.6501171405506374,0.42353346716869034,0.9999969272319218,0.605,0.26159965805288227,0.1175,0.22901503664003658,0.0,acceleration,253.06867246654045,55.041339969160845,25416.750713502443,49.35126357672699,19.825857825364395
top,bottom,9,kinetic,tight,snopt,all,False,0.0,1.0,666507647,True,0.4704859256744385,40,1.7881393432617188e-05,40,40,16.667882912599694,,1.5486868995667975,22.030782021665985,76.18841859840384,0.0131253544619569,445.1181654930115,True,SolutionResult.kSolutionFound,1,445.10990193,0.026391638971846834,0.30704276162549893,0.5364262374741845,2.0107372374850154,1.0,1.0,0.0,0.0,,1.6490509115926741,1.0001406048866728,1.6363162247101404,0.5065617303841504,0.99991478098663,0.5475,0.5501594501686474,0.13,0.2257942635200385,0.0,acceleration,266.72656723505355,63.023078249311865,23182.08309450304,51.03252309738582,23.516013229218444
top,middle,7,parameterized,notebook,snopt,all,False,0.0,1.0,90339489,True,0.5116879940032959,39,1.430511474609375e-06,39,39,13.118372026891945,,1.5014508078812778,9.754321941751495,33.75722440538483,0.6660224862185905,1.301656723022461,True,SolutionResult.kSolutionFound,1,1.286399639,0.7003938907676095,1.0516069731281361,3.8496593421604772,14.313497083188555,1.0,1.0,0.0,0.0,,5.029736158743402,1.0069095511242472,1.3915124157039518,0.5116230376730178,0.9999891837296344,0.6775,0.44756361153178936,0.135,0.2267816808732135,0.0,acceleration,461.4720490713555,201.70664914140093,43577.475898532866,102.79625176524041,26.63423307122004
top,middle,7,cspace,notebook,snopt,all,False,0.0,1.0,90339489,True,0.5116879940032959,39,1.430511474609375e-06,39,39,13.118372026891945,,1.5014508078812778,9.754321941751495,33.75722440538483,0.1025186584953376,7.331737518310547,True,SolutionResult.kSolutionFound,1,7.320746975,0.18464548002921677,1.1412559869238887,1.8010914572942278,7.197640980459398,1.0,1.0,0.0,0.0,,3.0567394405071746,1.0014845961087337,1.7687560652523022,0.5973047427458302,0.9999857255455998,0.6425,0.5668724816839744,0.19,0.20093515382499277,0.0,acceleration,413.41171763680154,175.7335287509046,34396.3652446224,89.64388281669599,28.461449257772312
top,middle,7,kinetic,notebook,snopt,all,False,0.0,1.0,90339489,True,0.5116879940032959,39,1.430511474609375e-06,39,39,13.118372026891945,,1.5014508078812778,9.754321941751495,33.75722440538483,0.029623288573467063,8.470728635787964,True,SolutionResult.kSolutionFound,1,8.461964709,0.20357063508519974,1.1357132691560503,1.8269450272743832,6.871979610917793,1.0,1.0,0.0,0.0,,3.052513744506266,1.001527723453773,1.6742405912661167,0.6769922831713486,0.99977438686499,0.555,0.6046258774858195,0.1975,0.2098401812027763,0.0,acceleration,410.66785853997663,173.33581225494112,33674.44931056995,86.76921455258079,24.62611203760259
top,middle,7,parameterized,tight,snopt,all,False,0.0,1.0,90339489,True,0.5116879940032959,39,1.430511474609375e-06,39,39,13.118372026891945,,1.5014508078812778,9.754321941751495,33.75722440538483,0.6660224862185905,41.88821339607239,True,SolutionResult.kSolutionFound,1,41.875604928,0.0936574488114825,0.1406220521821,0.7607863761666284,2.893728082883094,0.998,0.998,0.0,2.558120921447582e-05,,2.282390343951189,1.0071568926938528,1.4058475719381007,0.3664512464194127,0.999995024136722,0.6775,0.18061083024180236,0.12,0.20726838156859587,0.0,acceleration,210.09308124405936,70.04602111708404,22647.6897572526,43.25606782264556,19.711690180482552
top,middle,7,cspace,tight,snopt,all,False,0.0,1.0,90339489,True,0.5116879940032959,39,1.430511474609375e-06,39,39,13.118372026891945,,1.5014508078812778,9.754321941751495,33.75722440538483,0.1025186584953376,332.31462597846985,True,SolutionResult.kSolutionFound,3,332.301603305,0.036958650245598405,0.18992431166747775,0.36050657302815986,1.2676121184118014,0.996,0.996,0.0,0.0,,1.4433702720014392,1.0001220607612078,1.6028088055263732,0.38950302744193166,0.9993980773011701,0.535,0.6624082542563735,0.2075,0.21485442677636826,0.0,acceleration,188.97866785071696,59.42738089931527,17543.441978174716,36.012893361682245,20.63553148135541
top,middle,7,kinetic,tight,snopt,all,False,0.0,1.0,90339489,True,0.5116879940032959,39,1.430511474609375e-06,39,39,13.118372026891945,,1.5014508078812778,9.754321941751495,33.75722440538483,0.029623288573467063,157.87499594688416,False,SolutionResult.kIterationLimit,31,157.86605507,0.03747836369916038,0.1989554607386532,0.3700456274531808,1.2651655337391858,0.998,0.998,0.0,0.0,,1.4504360857115939,1.0003741218966664,1.5769959850738593,0.4151687992612868,0.9998888547541884,0.5425,0.5946283078297545,0.18,0.21500523672671762,0.0,acceleration,193.72242935934923,61.632095983014715,17239.91267521368,36.18977071808897,24.327684696015304
top,middle,8,parameterized,notebook,snopt,all,False,0.0,1.0,366830896,True,0.2858569622039795,28,2.1457672119140625e-06,28,28,8.683244391338093,,1.0533865404921015,4.887597335182332,17.37681058988345,0.9493191355310451,3.685441017150879,True,SolutionResult.kSolutionFound,1,3.678018639,0.28359859097703843,0.2987389386377367,1.3764033611389783,4.68688199780037,0.998,0.998,0.0,0.0,,2.4125474667391136,1.0033283242192328,1.4766119888185993,0.45312525903834233,0.9997232556418963,0.615,0.5453817508226564,0.185,0.21569091943298563,0.0,acceleration,248.10803919271268,89.17454183319359,25505.104296549045,47.937476385485354,14.930913340609033
top,middle,8,cspace,notebook,snopt,all,False,0.0,1.0,366830896,True,0.2858569622039795,28,2.1457672119140625e-06,28,28,8.683244391338093,,1.0533865404921015,4.887597335182332,17.37681058988345,0.20459950593755183,10.164994239807129,True,SolutionResult.kSolutionFound,1,10.156448742,0.3237734329345411,0.8386378020096317,1.5824741680136984,6.215358295182141,1.0,1.0,0.0,0.0,,2.0736677858374537,1.0067833538745714,1.6772616733297412,0.5903499129597926,0.9908935667825698,0.5,0.7340170284560399,0.19,0.2464757715461844,0.0,acceleration,363.10252415596733,148.91053868184082,30343.983834922547,61.504124581717626,32.78987139903212
top,middle,8,kinetic,notebook,snopt,all,False,0.0,1.0,366830896,True,0.2858569622039795,28,2.1457672119140625e-06,28,28,8.683244391338093,,1.0533865404921015,4.887597335182332,17.37681058988345,0.05754795995659795,7.896024227142334,True,SolutionResult.kSolutionFound,1,7.888421131,0.27869295638968045,0.8564515130200566,1.6200018710414374,4.842794715918127,1.0,1.0,0.0,0.0,,1.9432566127537165,1.0008787366962937,1.5662867475036308,0.6729483220790126,0.9717855367003585,0.4625,0.8988602465158544,0.205,0.31655559580782644,0.0,acceleration,386.5163047721363,161.92595528664384,27441.796731544913,70.24566129481931,33.727079127988766
top,middle,8,parameterized,tight,snopt,all,False,0.0,1.0,366830896,True,0.2858569622039795,28,2.1457672119140625e-06,28,28,8.683244391338093,,1.0533865404921015,4.887597335182332,17.37681058988345,0.9493191355310451,18.779831647872925,True,SolutionResult.kSolutionFound,1,18.771603578,0.18433591770754143,0.1941769746423902,1.031129418869704,3.991592760755634,0.998,0.998,0.0,6.111790149843088e-05,,2.333640954755742,1.0035552103788665,1.4321999686234004,0.35405150948811154,0.9999949810825903,0.7075,0.17851407528182034,0.135,0.2076988411449049,0.0,acceleration,210.20162356895617,70.38813447645278,22957.584215533527,45.20493886486156,18.543160626476286
top,middle,8,cspace,tight,snopt,all,False,0.0,1.0,366830896,True,0.2858569622039795,28,2.1457672119140625e-06,28,28,8.683244391338093,,1.0533865404921015,4.887597335182332,17.37681058988345,0.20459950593755183,289.8784475326538,True,SolutionResult.kSolutionFound,3,289.870751182,0.10424066255694184,0.2652218232973428,0.5094863845309497,1.8188651370838824,0.998,0.998,0.0,0.0,,1.4429431292952533,1.0000819472258813,1.3825997898725613,0.3493438514648012,0.9994791658412238,0.5175,0.7084365304591991,0.2075,0.2166155053746944,0.0,acceleration,191.90412998720754,61.056775090136775,17998.72319990377,36.92362105143889,19.884379079790424
top,middle,8,kinetic,tight,snopt,all,False,0.0,1.0,366830896,True,0.2858569622039795,28,2.1457672119140625e-06,28,28,8.683244391338093,,1.0533865404921015,4.887597335182332,17.37681058988345,0.05754795995659795,218.92782855033875,False,SolutionResult.kSolverSpecificError,41,218.922479068,0.10205006844972239,0.2753572029846481,0.5213537290160093,1.7733047101354673,0.998,0.998,0.0,0.0,,1.439502627631228,1.000118577394334,1.3518697339163925,0.42375635895569397,0.9996301576488638,0.5425,0.6211198346079164,0.195,0.20461358189829432,0.0,acceleration,193.1428049487852,61.504594522509734,16944.837241750407,35.774178903922625,19.80734886572231
middle,top,5,parameterized,notebook,snopt,all,False,0.0,1.0,837540405,True,0.6235995292663574,38,1.1920928955078125e-06,38,38,13.036432816923009,,1.4530379688050261,9.707052208753634,32.09517253611046,0.6882132617789726,2.912325859069824,True,SolutionResult.kSolutionFound,1,2.90170216,0.5310356753812178,0.7716149991189324,1.9421427253883632,7.088234619480985,1.0,1.0,0.0,0.0,,3.30618024353172,1.0320807666902923,1.4284315586695489,0.49057307618983625,0.9909144822275717,0.505,0.7822713366440127,0.1775,0.2534779955577018,0.0,acceleration,399.1869936475338,240.72104375620415,41435.74427959376,73.31949330628467,18.80919102199636
middle,top,5,cspace,notebook,snopt,all,False,0.0,1.0,837540405,True,0.6235995292663574,38,1.1920928955078125e-06,38,38,13.036432816923009,,1.4530379688050261,9.707052208753634,32.09517253611046,0.10301788622278338,12.253452777862549,True,SolutionResult.kSolutionFound,1,12.225211854,0.17194029661817353,1.0462359201737692,1.669033436061197,5.88719898898346,1.0,1.0,0.0,0.0,,2.6532360322281705,1.001274720547866,1.5338191159699308,0.6048433148904347,0.9995104001914317,0.545,0.6913419867154426,0.1975,0.2841530182392845,0.0,acceleration,410.6499211894511,248.50919761210457,35914.56923769018,83.53035828961123,25.67681367460221
middle,top,5,kinetic,notebook,snopt,all,False,0.0,1.0,837540405,True,0.6235995292663574,38,1.1920928955078125e-06,38,38,13.036432816923009,,1.4530379688050261,9.707052208753634,32.09517253611046,0.031157333672996907,10.138285636901855,True,SolutionResult.kSolutionFound,1,10.127988818,0.20950687735580528,1.1776523706583828,2.0294662992767476,6.724159376236304,1.0,1.0,0.0,0.0,,2.8904913464957276,1.001762645446131,1.5888989453691444,0.6680199014214906,0.9368950732959294,0.4175,0.8784479348205054,0.2325,0.30589954555718313,0.0,acceleration,453.52302251740934,271.52117606006493,39549.94496356584,86.3773540850608,27.52382185940258
middle,top,5,parameterized,tight,snopt,all,False,0.0,1.0,837540405,True,0.6235995292663574,38,1.1920928955078125e-06,38,38,13.036432816923009,,1.4530379688050261,9.707052208753634,32.09517253611046,0.6882132617789726,44.85540986061096,True,SolutionResult.kSolutionFound,1,44.841597457,0.09677220487453131,0.1406136880076707,0.7499962139439409,2.960011052791337,0.998,0.998,0.0,0.000153900503945259,,2.4339100357197165,1.0056417465713674,1.6766004850542546,0.37551165131526837,0.9999890638395377,0.6975,0.166846372764859,0.1025,0.20988933245038893,0.0,acceleration,214.41237006215846,147.75179379768633,24108.39730712682,45.75938186090077,17.04973149225536
middle,top,5,cspace,tight,snopt,all,False,0.0,1.0,837540405,True,0.6235995292663574,38,1.1920928955078125e-06,38,38,13.036432816923009,,1.4530379688050261,9.707052208753634,32.09517253611046,0.10301788622278338,630.4544422626495,True,SolutionResult.kSolutionFound,3,630.439982378,0.03827524855309171,0.1939230221166614,0.37153983600788315,1.3327871728684082,0.996,0.996,0.0,0.0,,1.464294964523762,1.000056508722365,1.5398720406000856,0.38142591097121414,0.999116397027263,0.52,0.6393406695239663,0.1575,0.22181471039333672,0.0,acceleration,190.10509081834348,135.3752721856191,18230.56608095384,36.181342933272134,20.064060363799463
middle,top,5,kinetic,tight,snopt,all,False,0.0,1.0,837540405,True,0.6235995292663574,38,1.1920928955078125e-06,38,38,13.036432816923009,,1.4530379688050261,9.707052208753634,32.09517253611046,0.031157333672996907,594.0344822406769,False,SolutionResult.kSolverSpecificError,41,594.025300513,0.04018061350875915,0.20174997878895606,0.3762110203574064,1.2896037231703958,0.998,0.998,0.0,0.0,,1.467820427604456,1.0002581894781415,1.5440875079109833,0.35395164845683874,0.9999852307618491,0.56,0.5206678069367741,0.1825,0.21710126813022898,0.0,acceleration,192.98258520061754,136.4686613389147,17340.910704710528,35.20401045737782,19.899460116944443
top,middle,6,parameterized,notebook,snopt,all,False,0.0,1.0,1919240247,True,0.17578434944152832,43,1.430511474609375e-06,43,43,11.92117966009527,,1.6540809549345479,6.655718422197584,21.518085241007178,0.6045653309874244,1.9201767444610596,True,SolutionResult.kSolutionFound,1,1.904048295,0.6162598896895801,1.0193437468255948,3.867227875689438,12.25115859603989,0.994,0.994,0.0,0.0,,4.990970760044896,1.0095012147063143,1.676573271517796,0.6534050413705181,0.9993472217943297,0.5675,0.41541697098689934,0.1475,0.22092959804963314,0.0,acceleration,423.82824982520106,180.16781168719353,40473.209613249244,86.28347591276722,18.55145822993402
top,middle,6,cspace,notebook,snopt,all,False,0.0,1.0,1919240247,True,0.17578434944152832,43,1.430511474609375e-06,43,43,11.92117966009527,,1.6540809549345479,6.655718422197584,21.518085241007178,0.1502467407071918,9.101595878601074,True,SolutionResult.kSolutionFound,1,9.093740116,0.4483360627729409,1.401624520252359,2.9839985923333954,8.88972151582649,0.994,0.994,0.0,0.0,,3.4972774562436717,1.0112846498408443,1.759735258971299,0.6272539525824096,1.0000030783981109,0.7875,0.37682509518555835,0.085,0.23887891134104905,0.0,acceleration,389.7669955825986,166.59572101017292,31885.492016787422,103.05158137839364,26.632208681842044
top,middle,6,kinetic,notebook,snopt,all,False,0.0,1.0,1919240247,True,0.17578434944152832,43,1.430511474609375e-06,43,43,11.92117966009527,,1.6540809549345479,6.655718422197584,21.518085241007178,0.04647253641761268,13.984314441680908,True,SolutionResult.kSolutionFound,1,13.976234946,0.3958994642365404,1.4177336274273111,2.9815629143534483,8.51899841831095,0.994,0.994,0.0,0.0,,3.3985643283846065,1.0055477581461412,1.6626413719843733,0.5644146151490246,0.9999959570972378,0.745,0.3858973437027247,0.115,0.23696574083023714,0.0,acceleration,391.3888749856262,167.37458491898934,31139.130196111968,102.7791051904237,24.91582053588945
top,middle,6,parameterized,tight,snopt,all,False,0.0,1.0,1919240247,True,0.17578434944152832,43,1.430511474609375e-06,43,43,11.92117966009527,,1.6540809549345479,6.655718422197584,21.518085241007178,0.6045653309874244,48.48238444328308,True,SolutionResult.kSolutionFound,1,48.471972488,0.07565159382261638,0.12513386055243192,0.6571305799462404,2.54624310949054,0.998,0.998,0.0,7.69498234594046e-05,,2.32174056877706,1.0068472367043644,1.7974996092437696,0.4561148512056438,0.9999928106068221,0.6825,0.17093491648055753,0.1275,0.20756354621778372,0.0,acceleration,213.37780671544022,71.69504507718098,23241.46183397012,44.528315627417975,17.34373715817987
top,middle,6,cspace,tight,snopt,all,False,0.0,1.0,1919240247,True,0.17578434944152832,43,1.430511474609375e-06,43,43,11.92117966009527,,1.6540809549345479,6.655718422197584,21.518085241007178,0.1502467407071918,347.501740694046,True,SolutionResult.kSolutionFound,3,347.484784286,0.04896503867030769,0.1692205309200971,0.32589750992158406,1.1806045855336067,0.996,0.996,0.0,0.0,,1.4606220933151393,1.0001971796019966,1.7223827541145253,0.41468978851398736,0.9856277347787015,0.4975,0.6691964769231271,0.1675,0.221012393941436,0.0,acceleration,191.80832608703514,60.60735447213035,18992.981747105987,36.82999700328606,19.955447946302304
top,middle,6,kinetic,tight,snopt,all,False,0.0,1.0,1919240247,True,0.17578434944152832,43,1.430511474609375e-06,43,43,11.92117966009527,,1.6540809549345479,6.655718422197584,21.518085241007178,0.04647253641761268,264.2801537513733,False,SolutionResult.kSolverSpecificError,41,264.274429321,0.052845030680542124,0.17275672152838567,0.3268623356520647,1.1371238747475452,0.996,0.996,0.0,0.0,,1.470165797109867,1.0001050266381764,1.7043821483847472,0.4318170970721981,0.9999399389523655,0.5425,0.5690440346715854,0.1725,0.20499598965648771,0.0,acceleration,189.47933560465344,59.417541629023866,17985.760395098096,35.26434798113383,19.32173087136233
top,middle,5,parameterized,notebook,snopt,all,False,0.0,1.0,1802246541,True,0.5842263698577881,35,1.6689300537109375e-06,35,35,10.967940027471617,,1.3243650545700865,6.223983385159236,21.96427861754811,0.7550788179960084,1.3627440929412842,True,SolutionResult.kSolutionFound,1,1.354232129,0.6760978682454883,0.8954003901736527,2.980836194776073,11.786328588811488,1.0,1.0,0.0,0.0,,3.9145213179764626,1.009283974142735,1.1238540066561602,0.4335592542679779,0.9999283450862376,0.6575,0.40854193821067664,0.1175,0.25339938645412263,0.0,acceleration,441.4842693377716,189.40305259068708,45698.851123269116,95.99030473150418,25.22254849083056
top,middle,5,cspace,notebook,snopt,all,False,0.0,1.0,1802246541,True,0.5842263698577881,35,1.6689300537109375e-06,35,35,10.967940027471617,,1.3243650545700865,6.223983385159236,21.96427861754811,0.16066880936482703,2.9616284370422363,True,SolutionResult.kSolutionFound,1,2.953111049,0.38509159924148245,1.0606433253679064,2.3968037154433857,9.9937359263344,1.0,1.0,0.0,0.0,,3.319904338914664,1.0009923762272475,1.762386368765777,0.43127478128333674,0.9999413105662966,0.695,0.538706480902515,0.16,0.27161021168094934,0.0,acceleration,461.31241033328166,198.8179694848261,41223.492224838745,100.75066372420281,25.585188722187638
top,middle,5,kinetic,notebook,snopt,all,False,0.0,1.0,1802246541,True,0.5842263698577881,35,1.6689300537109375e-06,35,35,10.967940027471617,,1.3243650545700865,6.223983385159236,21.96427861754811,0.04552846999496088,6.4778923988342285,True,SolutionResult.kSolutionFound,1,6.46938168,0.28568879425005794,0.8817677565509814,1.6623976321626603,6.274948274819649,0.996,0.996,0.0,0.0,,2.670880518794522,1.0017604244981537,1.6634263804212914,0.568097172259217,0.9973260664010277,0.5425,0.8593055885433486,0.2225,0.2693386441457536,0.0,acceleration,399.7001847436777,167.88719949039762,37261.31941438418,79.82197767517428,27.021312565585543
top,middle,5,parameterized,tight,snopt,all,False,0.0,1.0,1802246541,True,0.5842263698577881,35,1.6689300537109375e-06,35,35,10.967940027471617,,1.3243650545700865,6.223983385159236,21.96427861754811,0.7550788179960084,25.498890161514282,True,SolutionResult.kSolutionFound,3,25.490567795,0.11710062098562246,0.1550839703018162,0.9303380185198978,3.755293648703175,0.998,0.998,0.0,8.131187826920794e-05,,2.7080082766868006,1.0058337609671826,1.5659734945665875,0.3747790344554715,0.9999961345803903,0.735,0.14274117588599128,0.1125,0.21021975580488345,0.0,acceleration,218.20002061844755,74.04511002432763,25873.477249126594,47.73002763639831,14.303299667614356
top,middle,5,cspace,tight,snopt,all,False,0.0,1.0,1802246541,True,0.5842263698577881,35,1.6689300537109375e-06,35,35,10.967940027471617,,1.3243650545700865,6.223983385159236,21.96427861754811,0.16066880936482703,498.55886483192444,True,SolutionResult.kSolutionFound,3,498.550474394,0.06778204970116067,0.21557620772176894,0.4218743511520616,1.6369112428647359,1.0,1.0,0.0,0.0,,1.5409476908317685,1.000040407982281,1.5211736530351834,0.43109537111208857,0.9709871708786362,0.49,0.601653567731484,0.1925,0.22533807841254944,0.0,acceleration,202.07324516423012,65.46314156114721,21493.601571877793,38.84417236455739,22.997690136906566
top,middle,5,kinetic,tight,snopt,all,False,0.0,1.0,1802246541,True,0.5842263698577881,35,1.6689300537109375e-06,35,35,10.967940027471617,,1.3243650545700865,6.223983385159236,21.96427861754811,0.04552846999496088,382.0071930885315,True,SolutionResult.kSolutionFound,1,381.999249592,0.07031383136269245,0.24012173691804817,0.43718689592632776,1.5443925827174692,1.0,1.0,0.0,0.0,,1.442360725315094,1.000025537748797,1.5123254841725797,0.44189688662598997,0.9996898055848691,0.5225,0.6851614753905029,0.1775,0.22679074795322307,0.0,acceleration,207.72080182414265,69.07046765421538,20510.377645257646,39.94873472575715,25.681784955072544
top,bottom,7,parameterized,notebook,snopt,all,False,0.0,1.0,1073886328,True,0.5852093696594238,57,1.9073486328125e-06,57,57,21.372370878322037,,2.205536300480895,21.390845791557624,73.28068369924708,0.4534044621174269,0.9479010105133057,True,SolutionResult.kSolutionFound,1,0.937902337,0.6839017225677779,1.5083700750846436,6.932873169060414,23.15720296599612,1.0,1.0,0.0,0.0,,7.665715941193985,1.022061186190066,2.357829016550887,0.5982047472531645,0.9739977616893261,0.4775,0.7203789424569187,0.1725,0.23047379767904347,0.0,acceleration,722.2227299436959,296.14048366106425,85514.42015917793,134.97186195467862,21.706967399322203
top,bottom,7,cspace,notebook,snopt,all,False,0.0,1.0,1073886328,True,0.5852093696594238,57,1.9073486328125e-06,57,57,21.372370878322037,,2.205536300480895,21.390845791557624,73.28068369924708,0.04674896961739925,4.8931968212127686,True,SolutionResult.kSolutionFound,1,4.882381374,0.16144034291446568,1.720770764329747,3.4533454798195184,10.550546287473491,1.0,1.0,0.0,0.0,,4.671967825043267,1.0063043718665041,2.072762972842691,0.6446434548288231,0.8803413109913454,0.3175,0.932459081610836,0.2425,0.2826364426901675,0.0,acceleration,688.3372206596248,281.06146528971954,65979.8685635663,121.68414842182182,27.925935334864462
top,bottom,7,kinetic,notebook,snopt,all,False,0.0,1.0,1073886328,True,0.5852093696594238,57,1.9073486328125e-06,57,57,21.372370878322037,,2.205536300480895,21.390845791557624,73.28068369924708,0.013646160891513005,6.669392347335815,True,SolutionResult.kSolutionFound,1,6.663006546,0.14960096023786948,1.782251766890026,3.747872534316815,10.962860648294951,1.0,1.0,0.0,0.0,,4.979074355922809,1.005453746230016,2.1512564205024853,0.7370368016172856,0.8587547606785314,0.305,0.9138460491875273,0.24,0.27829066443175643,0.0,acceleration,683.8159420209706,279.12623954506813,66723.51837690113,117.84608703204931,24.598132309018613
top,bottom,7,parameterized,tight,snopt,all,False,0.0,1.0,1073886328,True,0.5852093696594238,57,1.9073486328125e-06,57,57,21.372370878322037,,2.205536300480895,21.390845791557624,73.28068369924708,0.4534044621174269,53.627071142196655,True,SolutionResult.kSolutionFound,1,53.617932111,0.059907204154320826,0.1321275134226817,0.8599826306187501,3.5313140463413566,0.996,0.996,0.0,0.00020117158051879969,,3.248946316164595,1.011223887364161,2.2885783949122276,0.4131889001981497,0.9999893131748707,0.6775,0.19756121748147648,0.11,0.21161830588170816,0.0,acceleration,301.29601959029344,80.4500966415801,31088.274638301387,60.99202270505038,22.572663426276446
top,bottom,7,cspace,tight,snopt,all,False,0.0,1.0,1073886328,True,0.5852093696594238,57,1.9073486328125e-06,57,57,21.372370878322037,,2.205536300480895,21.390845791557624,73.28068369924708,0.04674896961739925,723.0291979312897,True,SolutionResult.kSolutionFound,1,723.021690753,0.016915684948387372,0.18923166515801454,0.36184080818952685,1.5863173564274107,1.0,1.0,0.0,0.0,,1.9118165498264796,1.0001197298982205,2.186001783441313,0.4269656412628891,0.9999928356958264,0.5875,0.28034636324762746,0.145,0.23231024329036645,0.0,acceleration,256.0988709884515,56.52015374412659,26567.953760266697,49.49268642528777,19.853444736385455
top,bottom,7,kinetic,tight,snopt,all,False,0.0,1.0,1073886328,True,0.5852093696594238,57,1.9073486328125e-06,57,57,21.372370878322037,,2.205536300480895,21.390845791557624,73.28068369924708,0.013646160891513005,471.64576482772827,True,SolutionResult.kSolutionFound,3,471.640730296,0.0193990730287272,0.22115827954951156,0.3790277455227998,1.4215773346767533,1.0,1.0,0.0,0.0,,1.7167208167771137,1.0002186534195159,2.1680430355099944,0.5453530352858351,0.9999394278288638,0.5325,0.41820375930715503,0.175,0.22656584176250966,0.0,acceleration,266.142170004576,62.29959357722363,24670.702272830196,49.77992981263864,23.14529322970512
