start,goal,trial,metric,solver_setting,solver,toppra_limits,shortcut,payload_mass,torque_limit_scale,seed,rrt_success,rrt_time,rrt_waypoints,shortcut_time,shortcut_waypoints,num_control_points,shortcut_duration,shortcut_toppra_note,initial_parameterized,initial_cspace,initial_kinetic,cost_scale,solve_time,trajopt_success,solution_result,solver_exit_code,snopt_solve_time,final_cost,final_parameterized,final_cspace,final_kinetic,feasible_fraction,collision_free_fraction,worst_reachability_violation,worst_joint_limit_violation,toppra_note,duration,peak_velocity_utilization,peak_acceleration_utilization,peak_torque_utilization,binding_limit,mechanical_work,positive_work,thermal_integral,kinetic_energy_integral,peak_kinetic_energy
bottom,middle,0,parameterized,notebook,snopt,no-acceleration,True,0.0,1.0,1178565597,True,0.5440912246704102,49,0.5221168994903564,17,17,3.778449993589738,,4.239167263994292,8.653506838271408,23.43304246023828,0.2358953864579915,7.9705541133880615,False,SolutionResult.kIterationLimit,31,7.962090168,3023.9871130893066,12819.187176548794,13147.00710734559,41794.7244495297,0.006,0.036,12.540395440837745,0.9984390410238166,,101.11836621216244,11.5317270036401,218.5549369849535,33.98836754463194,acceleration,90233.63378059931,82857.50859160842,26763582.893172853,4822.166810579847,1380.1336176707578
bottom,middle,0,cspace,notebook,snopt,no-acceleration,True,0.0,1.0,1178565597,True,0.5440912246704102,49,0.5221168994903564,17,17,3.778449993589738,,4.239167263994292,8.653506838271408,23.43304246023828,0.11556008664341175,9.819635152816772,False,SolutionResult.kIterationLimit,31,9.808914988,788.9925182608678,6826.934614089014,6827.552152115399,21753.821321375945,0.042,0.128,10.58524770846289,0.9576733601477163,,82.96480708328217,8.857119702055344,26.091969373899577,5.515222404598765,acceleration,18099.57896086087,10588.159389032344,1668485.5619871933,2904.659964699395,339.7949710200838
bottom,middle,0,kinetic,notebook,snopt,no-acceleration,True,0.0,1.0,1178565597,True,0.5440912246704102,49,0.5221168994903564,17,17,3.778449993589738,,4.239167263994292,8.653506838271408,23.43304246023828,0.042674782913777534,12.568968296051025,False,SolutionResult.kIterationLimit,31,12.562956817,1368.5333445011318,8393.535173333126,8735.10268896783,32068.899969946924,0.028,0.124,11.972531115833538,0.997696975898759,,106.38990661673567,141.0466236952079,53707.08433955465,8881.847519863279,acceleration,176152158.42234045,14841.340972434398,1314990147689.129,84814.82950380271,150967.4760387268
bottom,middle,0,parameterized,tight,snopt,no-acceleration,True,0.0,1.0,1178565597,True,0.5440912246704102,49,0.5221168994903564,17,17,3.778449993589738,,4.239167263994292,8.653506838271408,23.43304246023828,0.2358953864579915,8.827772617340088,False,SolutionResult.kIterationLimit,31,8.822314259,3023.9871130893066,12819.187176548794,13147.00710734559,41794.7244495297,0.006,0.036,12.540395440837745,0.9984390410238166,,101.11836621216244,11.5317270036401,218.5549369849535,33.98836754463194,acceleration,90233.63378059931,82857.50859160842,26763582.893172853,4822.166810579847,1380.1336176707578
bottom,middle,0,cspace,tight,snopt,no-acceleration,True,0.0,1.0,1178565597,True,0.5440912246704102,49,0.5221168994903564,17,17,3.778449993589738,,4.239167263994292,8.653506838271408,23.43304246023828,0.11556008664341175,9.559182405471802,False,SolutionResult.kIterationLimit,31,9.553431842,788.9925182608678,6826.934614089014,6827.552152115399,21753.821321375945,0.042,0.128,10.58524770846289,0.9576733601477163,,82.96480708328217,8.857119702055344,26.091969373899577,5.515222404598765,acceleration,18099.57896086087,10588.159389032344,1668485.5619871933,2904.659964699395,339.7949710200838
bottom,middle,0,kinetic,tight,snopt,no-acceleration,True,0.0,1.0,1178565597,True,0.5440912246704102,49,0.5221168994903564,17,17,3.778449993589738,,4.239167263994292,8.653506838271408,23.43304246023828,0.042674782913777534,11.721877813339233,False,SolutionResult.kIterationLimit,31,11.716447984,1368.5333445011318,8393.535173333126,8735.10268896783,32068.899969946924,0.028,0.124,11.972531115833538,0.997696975898759,,106.38990661673567,141.0466236952079,53707.08433955465,8881.847519863279,acceleration,176152158.42234045,14841.340972434398,1314990147689.129,84814.82950380271,150967.4760387268
bottom,top,1,parameterized,notebook,snopt,no-acceleration,True,0.0,1.0,502992042,True,0.18483233451843262,27,0.6271212100982666,16,16,3.024333644093958,,1.8186302897418822,5.849342098841292,24.082646596949488,0.5498643708072902,0.8552331924438477,True,SolutionResult.kSolutionFound,1,0.845770383,0.45844366299970807,0.8337395316714866,2.758871639178584,11.325042684001332,1.0,1.0,0.0,0.0,,2.4775820363936334,1.0025617674510845,6.135659831275957,1.0023308736749128,acceleration,321.57268422509964,239.02424333851647,35285.010944339665,60.34403891212884,32.891876722833324
bottom,top,1,cspace,notebook,snopt,no-acceleration,True,0.0,1.0,502992042,True,0.18483233451843262,27,0.6271212100982666,16,16,3.024333644093958,,1.8186302897418822,5.849342098841292,24.082646596949488,0.17095939733087112,2.6793177127838135,True,SolutionResult.kSolutionFound,1,2.670975898,0.2868537490235173,0.8999483614669079,1.6779057103737136,6.470777557316175,1.0,1.0,0.0,0.0,,1.6562003789138018,1.0008823042044752,4.397640103876253,0.9999999999999997,acceleration,277.22936667445794,216.8085152867953,30422.366674000627,56.57638306216562,33.255099509404616
bottom,top,1,kinetic,notebook,snopt,no-acceleration,True,0.0,1.0,502992042,True,0.18483233451843262,27,0.6271212100982666,16,16,3.024333644093958,,1.8186302897418822,5.849342098841292,24.082646596949488,0.0415236753973157,5.791725397109985,True,SolutionResult.kSolutionFound,1,5.784540022,0.24051780933254985,0.9269370764537115,1.5728897805143724,5.792305402428278,1.0,1.0,0.0,0.0,,1.4813963290842742,1.0008894353608686,4.744887507224597,1.17795583137686,acceleration,272.0013034580518,214.1756003877547,28415.59177919924,57.62594373902741,29.02313804082558
bottom,top,1,parameterized,tight,snopt,no-acceleration,True,0.0,1.0,502992042,True,0.18483233451843262,27,0.6271212100982666,16,16,3.024333644093958,,1.8186302897418822,5.849342098841292,24.082646596949488,0.5498643708072902,6.695200443267822,True,SolutionResult.kSolutionFound,1,6.690167171,0.27651731568535826,0.5028827659435083,3.198922716761892,13.114167006059018,0.998,0.998,0.0,2.0970093100647347e-05,,2.8542720813559526,1.0021442912613627,6.378199663081513,0.8948270424057497,acceleration,330.98664106883353,243.2454236945258,34730.12588768884,65.48569653796642,22.910819259597883
bottom,top,1,cspace,tight,snopt,no-acceleration,True,0.0,1.0,502992042,True,0.18483233451843262,27,0.6271212100982666,16,16,3.024333644093958,,1.8186302897418822,5.849342098841292,24.082646596949488,0.17095939733087112,27.059231758117676,True,SolutionResult.kSolutionFound,1,27.05263063,0.23254548410609585,0.7274147177863192,1.3602380900772144,5.4289180961592995,1.0,1.0,0.0,0.0,,1.5297903113205487,1.0007334285251592,4.8433147206682845,1.180749135185963,acceleration,274.86368190411315,215.5348877290802,28110.17374182651,53.61025718239812,26.276567229863993
bottom,top,1,kinetic,tight,snopt,no-acceleration,True,0.0,1.0,502992042,True,0.18483233451843262,27,0.6271212100982666,16,16,3.024333644093958,,1.8186302897418822,5.849342098841292,24.082646596949488,0.0415236753973157,33.88635301589966,True,SolutionResult.kSolutionFound,1,33.880577595,0.2192702017899433,0.7906088198729542,1.415492143294036,5.280606778949005,1.0,1.0,0.0,0.0,,1.4275698418334994,1.000792961621928,3.9309840457389953,1.178505932331485,acceleration,276.2498418200757,216.39653328879558,26338.799201689573,56.47563550513726,30.480210075312474
bottom,top,4,parameterized,notebook,snopt,no-acceleration,True,0.0,1.0,1838282789,True,0.2826972007751465,29,0.6670575141906738,19,19,2.9149258489717953,,2.155158726431325,4.53338186016062,17.213330786207926,0.46400294685295673,2.3861443996429443,True,SolutionResult.kSolutionFound,1,2.375851934,0.4372985569703197,0.9424478011104096,2.3164014682948144,9.002894586751534,0.998,0.998,0.0,0.0,,2.1107272938016313,1.0019488271145003,7.171750276096252,1.017464023341911,acceleration,428.0452429481206,293.9855708310704,46556.888694059075,71.63938183332722,33.09868935598677
bottom,top,4,cspace,notebook,snopt,no-acceleration,True,0.0,1.0,1838282789,True,0.2826972007751465,29,0.6670575141906738,19,19,2.9149258489717953,,2.155158726431325,4.53338186016062,17.213330786207926,0.22058587404427682,3.064419984817505,True,SolutionResult.kSolutionFound,1,3.054155111,0.36955529507812424,0.9465603005619767,1.6753352710334741,6.339777437634653,1.0,1.0,0.0,0.0,,1.6815471955634687,1.001200413307545,6.4770982963901895,1.18953754881899,acceleration,311.3898032324355,234.36868998314725,33164.03487538961,67.09442128511832,35.942579461348515
bottom,top,4,kinetic,notebook,snopt,no-acceleration,True,0.0,1.0,1838282789,True,0.2826972007751465,29,0.6670575141906738,19,19,2.9149258489717953,,2.155158726431325,4.53338186016062,17.213330786207926,0.05809450898377226,8.569415807723999,True,SolutionResult.kSolutionFound,1,8.563955754,0.303086080540754,0.8810538633188669,1.4396237147991546,5.217120961043255,1.0,1.0,0.0,0.0,,1.4853359362057965,1.001095030116321,6.136691824551803,1.2228356053914653,acceleration,293.91907706687886,226.1491947319365,30682.049745551263,63.043908367163894,29.534425343247914
bottom,top,4,parameterized,tight,snopt,no-acceleration,True,0.0,1.0,1838282789,True,0.2826972007751465,29,0.6670575141906738,19,19,2.9149258489717953,,2.155158726431325,4.53338186016062,17.213330786207926,0.46400294685295673,13.96854543685913,True,SolutionResult.kSolutionFound,1,13.963463534,0.1934167225532555,0.41684373744839326,2.6596489618167403,10.926544534331713,1.0,1.0,0.0,4.18413142155849e-05,,2.867574526693936,1.0044263050070623,6.986649693516969,0.9097263772832929,acceleration,334.8702038437822,246.20543719406467,35684.64848777732,66.06267511166216,23.028064240229448
bottom,top,4,cspace,tight,snopt,no-acceleration,True,0.0,1.0,1838282789,True,0.2826972007751465,29,0.6670575141906738,19,19,2.9149258489717953,,2.155158726431325,4.53338186016062,17.213330786207926,0.22058587404427682,31.376192569732666,False,SolutionResult.kSolverSpecificError,41,31.36913417,0.2477698577745673,0.5998047389680922,1.1232353787298002,4.652204506393977,0.996,0.996,0.0,0.0,,1.5471269628557438,1.00105561350913,5.434034890868626,1.2236334348929954,acceleration,275.4309664814167,215.68703384505238,29320.52244901825,53.5654251570718,26.92684000941613
bottom,top,4,kinetic,tight,snopt,no-acceleration,True,0.0,1.0,1838282789,True,0.2826972007751465,29,0.6670575141906738,19,19,2.9149258489717953,,2.155158726431325,4.53338186016062,17.213330786207926,0.05809450898377226,29.35859966278076,False,SolutionResult.kSolverSpecificError,41,29.352339453,0.26093960394728277,0.6567865024102606,1.1796787716452881,4.491639717966666,1.0,1.0,0.0,0.0,,1.4612922275374294,1.0011007388178839,4.962373309541063,1.2253959392155158,acceleration,269.9901555225331,212.61199262755125,27261.189621422775,55.50477540796805,29.58674885745441
bottom,middle,4,parameterized,notebook,snopt,no-acceleration,True,0.0,1.0,1095942084,True,0.43128466606140137,42,0.722386360168457,11,11,2.408607670879915,,6.300809260908588,12.030618147434614,41.17774215319822,0.15870977180728021,3.1427547931671143,True,SolutionResult.kSolutionFound,1,3.134764866,0.14727207956296978,0.9279332827836249,2.517916162033488,10.578945591752364,1.0,1.0,0.0,0.0,,1.7304992170029434,1.000831812011553,4.960950726606178,1.1467783656141834,acceleration,237.64286614262969,159.7608924505758,33158.43157052393,55.43894917562474,34.23310566534459
bottom,middle,4,cspace,notebook,snopt,no-acceleration,True,0.0,1.0,1095942084,True,0.43128466606140137,42,0.722386360168457,11,11,2.408607670879915,,6.300809260908588,12.030618147434614,41.17774215319822,0.08312124844667587,2.6198065280914307,True,SolutionResult.kSolutionFound,1,2.612387952,0.17539002758660874,1.213825251821103,2.1100504487625127,9.19087941747163,1.0,1.0,0.0,0.0,,1.512731449477633,1.0005315592211366,4.701230399150423,1.060980903549616,acceleration,219.2363435183875,149.53669290948022,32488.934774045374,55.34731523500032,30.589472162203872
bottom,middle,4,kinetic,notebook,snopt,no-acceleration,True,0.0,1.0,1095942084,True,0.43128466606140137,42,0.722386360168457,11,11,2.408607670879915,,6.300809260908588,12.030618147434614,41.17774215319822,0.02428496434504803,4.625462293624878,True,SolutionResult.kSolutionFound,1,4.617622015,0.1877278353115469,1.115250857886559,1.9666507632789496,7.7302083974369395,1.0,1.0,0.0,0.0,,1.3965789063845446,1.0003693990423301,5.1960275103368785,1.1177111361901584,acceleration,236.3181100242453,157.85386777515805,36224.77327601268,52.09453134405389,37.41466135695378
bottom,middle,4,parameterized,tight,snopt,no-acceleration,True,0.0,1.0,1095942084,True,0.43128466606140137,42,0.722386360168457,11,11,2.408607670879915,,6.300809260908588,12.030618147434614,41.17774215319822,0.15870977180728021,5.761029481887817,True,SolutionResult.kSolutionFound,1,5.755412059,0.02524948415715783,0.1590921836105833,0.8613961585520471,3.302839561021503,1.0,1.0,0.0,1.3133476536530964e-05,,1.342153642729603,1.0013823283958585,4.846929863528401,1.0033034096266642,acceleration,143.1497600993589,109.78351775303904,22190.53796058322,23.799617455548848,26.414271680698963
bottom,middle,4,cspace,tight,snopt,no-acceleration,True,0.0,1.0,1095942084,True,0.43128466606140137,42,0.722386360168457,11,11,2.408607670879915,,6.300809260908588,12.030618147434614,41.17774215319822,0.08312124844667587,30.670404195785522,True,SolutionResult.kSolutionFound,1,30.663496501,0.03938822795006533,0.23969500136664162,0.4738647299713472,1.6989732206795087,1.0,1.0,0.0,0.0,,0.8341837036514071,1.0006365600966376,4.533544704367858,1.0976227399185985,acceleration,134.5252722026453,105.14827082349254,20575.458030274138,20.21931808359456,30.620040731305217
bottom,middle,4,kinetic,tight,snopt,no-acceleration,True,0.0,1.0,1095942084,True,0.43128466606140137,42,0.722386360168457,11,11,2.408607670879915,,6.300809260908588,12.030618147434614,41.17774215319822,0.02428496434504803,44.03641319274902,True,SolutionResult.kSolutionFound,1,44.031180561,0.04127104048881092,0.23969072843180522,0.4777357582931482,1.6994482636424597,1.0,1.0,0.0,0.0,,0.84135713264163,1.000514651876632,4.635016676916392,1.0984871966895344,acceleration,130.7327342365716,103.31005295273506,20055.257325483683,20.063320864095367,28.463603715180373
bottom,top,9,parameterized,notebook,snopt,no-acceleration,True,0.0,1.0,320898200,True,0.4020707607269287,40,0.7257199287414551,14,14,2.8927076208045124,,2.2827666939619564,5.828449017289443,24.712468704372494,0.4380649159833351,1.4204092025756836,True,SolutionResult.kSolutionFound,1,1.412292126,0.44945271980763357,1.02599569928748,3.1730227084910108,13.66258618022361,0.998,0.998,0.0,0.0,,2.407519071323797,1.0037140083748746,4.330823988080275,0.6671605389843396,acceleration,318.94421624989775,239.1475298611923,35855.5030457214,62.284051261156165,33.138237524870156
bottom,top,9,cspace,notebook,snopt,no-acceleration,True,0.0,1.0,320898200,True,0.4020707607269287,40,0.7257199287414551,14,14,2.8927076208045124,,2.2827666939619564,5.828449017289443,24.712468704372494,0.17157223079992837,4.087544679641724,True,SolutionResult.kSolutionFound,1,4.07930683,0.3084501501939872,0.9847522983992398,1.797785974780926,7.358331155910663,0.994,0.994,0.0,0.0,,1.609080154856377,1.0010324718895025,5.474074980610579,1.000500389949702,acceleration,276.42911305752546,214.7140001379061,30894.522592971836,57.442299033907965,30.727702685549623
bottom,top,9,kinetic,notebook,snopt,no-acceleration,True,0.0,1.0,320898200,True,0.4020707607269287,40,0.7257199287414551,14,14,2.8927076208045124,,2.2827666939619564,5.828449017289443,24.712468704372494,0.04046540278766505,2.2785534858703613,True,SolutionResult.kSolutionFound,1,2.272727675,0.31740714656381885,1.2297558538505349,2.090566481473551,7.843914176002548,0.994,0.994,0.0,0.0,,1.67630495655283,1.0007110766950917,5.461687087298973,1.0005919932270047,acceleration,290.7760277908585,224.33434842797067,32323.001830554404,58.04590946580699,32.44446901851873
bottom,top,9,parameterized,tight,snopt,no-acceleration,True,0.0,1.0,320898200,True,0.4020707607269287,40,0.7257199287414551,14,14,2.8927076208045124,,2.2827666939619564,5.828449017289443,24.712468704372494,0.4380649159833351,11.976520776748657,True,SolutionResult.kSolutionFound,1,11.97057295,0.2586029003790762,0.5903300879473186,3.5135083961295566,14.356667221457187,1.0,1.0,0.0,2.3022454388677005e-05,,2.755981892441237,1.0023606298093148,5.360459342358311,0.715477377493365,acceleration,316.6333146387884,237.09474023365857,31559.318187922803,63.77010869362108,22.808890190712503
bottom,top,9,cspace,tight,snopt,no-acceleration,True,0.0,1.0,320898200,True,0.4020707607269287,40,0.7257199287414551,14,14,2.8927076208045124,,2.2827666939619564,5.828449017289443,24.712468704372494,0.17157223079992837,24.13681721687317,False,SolutionResult.kSolverSpecificError,41,24.131293803,0.27996569427794477,0.8917039051720259,1.6317657756890442,6.369951995777847,1.0,1.0,0.0,0.0,,1.5170312242114963,1.0006933088725236,5.311743915166836,1.1463616855042047,acceleration,271.7017133498032,213.49482544234732,26548.757096509144,54.20255746520443,26.070819499512258
bottom,top,9,kinetic,tight,snopt,no-acceleration,True,0.0,1.0,320898200,True,0.4020707607269287,40,0.7257199287414551,14,14,2.8927076208045124,,2.2827666939619564,5.828449017289443,24.712468704372494,0.04046540278766505,50.286991596221924,True,SolutionResult.kSolutionFound,1,50.281640987,0.2508932576923728,0.9561860572432948,1.6975020819462787,6.200191778860825,0.998,0.998,0.0,0.0,,1.4608354139537238,1.0006895400114628,4.035179527308443,1.150438815827982,acceleration,276.10360895762807,217.00485098153524,24566.75634257328,55.6884727581845,32.53172449799491
bottom,middle,6,parameterized,notebook,snopt,no-acceleration,True,0.0,1.0,794615528,True,0.230438232421875,45,0.708812952041626,14,14,2.5844389705377457,,3.957795291090048,7.850812382362247,25.368120749656427,0.2526659229322045,1.1308372020721436,True,SolutionResult.kSolutionFound,1,1.122149143,0.25095387424786564,0.9932240617790072,2.3967676167971605,8.862220404536279,1.0,1.0,0.0,0.0,,1.759558791144571,1.0018327946713712,4.737299769693565,1.2412044603864365,acceleration,289.56873628547675,185.18835403290484,30637.10855501642,62.461301840183644,32.242865621686526
bottom,middle,6,cspace,notebook,snopt,no-acceleration,True,0.0,1.0,794615528,True,0.230438232421875,45,0.708812952041626,14,14,2.5844389705377457,,3.957795291090048,7.850812382362247,25.368120749656427,0.12737535318594737,3.906615734100342,True,SolutionResult.kSolutionFound,1,3.897698605,0.23707441929677517,1.0871092638702713,1.8612267865564618,6.969377896801513,1.0,1.0,0.0,0.0,,1.4588082316581155,1.001349791847002,5.00883191443156,1.1175359288396358,acceleration,288.94906592104803,185.57518234205577,29590.96468585388,58.54296707406931,28.42170257032045
bottom,middle,6,kinetic,notebook,snopt,no-acceleration,True,0.0,1.0,794615528,True,0.230438232421875,45,0.708812952041626,14,14,2.5844389705377457,,3.957795291090048,7.850812382362247,25.368120749656427,0.03941955377256486,3.8617122173309326,True,SolutionResult.kSolutionFound,1,3.856155532,0.3279967071856421,1.6061580493901375,2.6743309122667647,8.320660073375072,1.0,1.0,0.0,0.0,,1.5021602617146503,1.0007242069571338,3.6190284086879734,1.1723611051694434,acceleration,340.13108248557415,212.24912524298918,32612.945768673304,69.70229614697902,36.40958979945463
bottom,middle,6,parameterized,tight,snopt,no-acceleration,True,0.0,1.0,794615528,True,0.230438232421875,45,0.708812952041626,14,14,2.5844389705377457,,3.957795291090048,7.850812382362247,25.368120749656427,0.2526659229322045,6.824188709259033,True,SolutionResult.kSolutionFound,1,6.81787522,0.030337851139555304,0.12007100438192195,0.6484167153154378,2.4830607553387467,1.0,1.0,0.0,4.14690641887816e-05,,1.3501115669567711,1.0010626478811253,4.7461540003159595,1.0041943042673032,acceleration,141.88843078330558,109.60585337957309,22560.794104710767,23.665666171006112,26.135694881626446
bottom,middle,6,cspace,tight,snopt,no-acceleration,True,0.0,1.0,794615528,True,0.230438232421875,45,0.708812952041626,14,14,2.5844389705377457,,3.957795291090048,7.850812382362247,25.368120749656427,0.12737535318594737,39.38330936431885,True,SolutionResult.kSolutionFound,1,39.375426241,0.046782164081937264,0.18597662121858594,0.36727799304817543,1.320752656299209,1.0,1.0,0.0,0.0,,0.8360549491842757,1.000991662502244,4.69814803758285,1.138997752368532,acceleration,130.43041857618226,103.64376622083556,20830.250327125665,20.15416873819982,26.874066983178352
bottom,middle,6,kinetic,tight,snopt,no-acceleration,True,0.0,1.0,794615528,True,0.230438232421875,45,0.708812952041626,14,14,2.5844389705377457,,3.957795291090048,7.850812382362247,25.368120749656427,0.03941955377256486,45.82857322692871,True,SolutionResult.kSolutionFound,1,45.823020822,0.05351587057312639,0.19250522018644978,0.3814484969325549,1.3575970667220554,1.0,1.0,0.0,0.0,,0.8545486455305493,1.000729626560929,4.783553197854899,1.1316044083713983,acceleration,128.08388315383408,102.42599126301329,20260.302742158754,19.809840333430373,26.45069677428169
bottom,middle,3,parameterized,notebook,snopt,no-acceleration,True,0.0,1.0,1597385319,True,0.3181018829345703,39,0.6113343238830566,19,19,3.05071808776472,,2.277619520966076,4.187202175071336,13.761522523822563,0.43905489516345536,3.331345319747925,True,SolutionResult.kSolutionFound,1,3.322397772,0.22884028294814468,0.5212110956260947,1.4914171672557706,5.9181006898913555,1.0,1.0,0.0,0.0,,1.7154811451910363,1.0027070895181827,5.841622357806272,0.9233740032292165,acceleration,294.2635211535394,188.43250314954764,31505.06440950606,55.04143158731444,29.461453177407407
bottom,middle,3,cspace,notebook,snopt,no-acceleration,True,0.0,1.0,1597385319,True,0.3181018829345703,39,0.6113343238830566,19,19,3.05071808776472,,2.277619520966076,4.187202175071336,13.761522523822563,0.23882295580412552,6.25658917427063,True,SolutionResult.kSolutionFound,1,6.247517826,0.24124373128023008,0.5735772003802742,1.0101362763389046,3.9972934477162902,1.0,1.0,0.0,0.0,,1.2421481450597427,1.0009387649566797,5.448508896155576,1.2520647935773144,acceleration,271.8958439101924,175.53993743156198,35114.08033997128,54.7515523215965,28.913827146634844
bottom,middle,3,kinetic,notebook,snopt,no-acceleration,True,0.0,1.0,1597385319,True,0.3181018829345703,39,0.6113343238830566,19,19,3.05071808776472,,2.277619520966076,4.187202175071336,13.761522523822563,0.07266637817646271,0.625950813293457,False,SolutionResult.kSolverSpecificError,44,0.62000829,1.0,2.2776195209660757,4.187202175071336,13.761522523822563,1.0,1.0,0.0,0.0,,1.89694910401359,1.0050721734981032,6.211224527097462,1.6187367694203356,acceleration,348.7774229806664,217.37178729274748,35390.2692080868,68.57761156411435,30.112846964932523
bottom,middle,3,parameterized,tight,snopt,no-acceleration,True,0.0,1.0,1597385319,True,0.3181018829345703,39,0.6113343238830566,19,19,3.05071808776472,,2.277619520966076,4.187202175071336,13.761522523822563,0.43905489516345536,11.537362813949585,True,SolutionResult.kSolutionFound,1,11.532239517,0.03773968971054304,0.08595665399993566,0.4565257166668395,1.7601263258686024,1.0,1.0,0.0,7.909921291293642e-07,,1.351648363294752,1.001504769355666,4.8172610412605374,1.0025310354760948,acceleration,140.40093453006165,107.82191362388932,22328.68006224944,23.716856577946803,24.005492045207966
bottom,middle,3,cspace,tight,snopt,no-acceleration,True,0.0,1.0,1597385319,True,0.3181018829345703,39,0.6113343238830566,19,19,3.05071808776472,,2.277619520966076,4.187202175071336,13.761522523822563,0.23882295580412552,84.30243968963623,True,SolutionResult.kSolutionFound,1,84.294221978,0.06345163537910267,0.13525944611271795,0.265684825671212,0.9571202130798192,1.0,1.0,0.0,0.0,,0.8390070979186854,1.0010377155661079,4.968804103696763,1.2142874975752063,acceleration,128.5031381587148,101.10568561622749,20910.81776434536,19.991580198715106,26.49399410107296
bottom,middle,3,kinetic,tight,snopt,no-acceleration,True,0.0,1.0,1597385319,True,0.3181018829345703,39,0.6113343238830566,19,19,3.05071808776472,,2.277619520966076,4.187202175071336,13.761522523822563,0.07266637817646271,0.586052656173706,False,SolutionResult.kSolverSpecificError,44,0.580656259,1.0,2.2776195209660757,4.187202175071336,13.761522523822563,1.0,1.0,0.0,0.0,,1.89694910401359,1.0050721734981032,6.211224527097462,1.6187367694203356,acceleration,348.7774229806664,217.37178729274748,35390.2692080868,68.57761156411435,30.112846964932523
bottom,middle,1,parameterized,notebook,snopt,no-acceleration,True,0.0,1.0,825772875,True,0.0982363224029541,24,0.3917045593261719,16,16,2.709935275792492,,1.221998592071885,3.4438232943464855,12.753214069933273,0.8183315484058874,2.149501085281372,True,SolutionResult.kSolutionFound,1,2.136462475,0.2810411961990486,0.34343194606943755,1.5132272464074201,6.673531763623761,1.0,1.0,0.0,0.0,,1.8222663552517668,1.0014786343836417,6.6281314894189025,1.0808052065912523,acceleration,226.2390314326401,154.003782525999,30785.00496652667,46.37547733915745,21.3140470224244
bottom,middle,1,cspace,notebook,snopt,no-acceleration,True,0.0,1.0,825772875,True,0.0982363224029541,24,0.3917045593261719,16,16,2.709935275792492,,1.221998592071885,3.4438232943464855,12.753214069933273,0.29037494509129985,3.984621524810791,True,SolutionResult.kSolutionFound,1,3.976975114,0.23831058604899855,0.4421492585401192,0.8206995475249039,3.5015367184568515,1.0,1.0,0.0,0.0,,1.0915162522630297,1.0011344647709497,6.545908844587218,1.205164682761238,acceleration,255.28059288516076,167.7602122512061,35776.78685308647,45.69473222333124,25.098103168038964
bottom,middle,1,kinetic,notebook,snopt,no-acceleration,True,0.0,1.0,825772875,True,0.0982363224029541,24,0.3917045593261719,16,16,2.709935275792492,,1.221998592071885,3.4438232943464855,12.753214069933273,0.07841160624423144,5.917666912078857,True,SolutionResult.kSolutionFound,1,5.90679905,0.2448265068430548,0.47419212638906627,0.8613667129918885,3.1223248517634614,1.0,1.0,0.0,0.0,,0.9954060953049317,1.00077825187176,6.9913265399082105,1.1169206043626254,acceleration,269.75248690633634,173.82122814940814,34363.705603084716,45.44399850855096,32.98165419127267
bottom,middle,1,parameterized,tight,snopt,no-acceleration,True,0.0,1.0,825772875,True,0.0982363224029541,24,0.3917045593261719,16,16,2.709935275792492,,1.221998592071885,3.4438232943464855,12.753214069933273,0.8183315484058874,7.762342691421509,True,SolutionResult.kSolutionFound,1,7.757428017,0.08601057044121405,0.10510479598246139,0.5744933836070795,2.2011627397909046,1.0,1.0,0.0,1.3501634910539906e-05,,1.360671774265154,1.0010738456378696,4.838127875998663,1.0032957557239381,acceleration,141.11180641174124,108.73291445993182,22484.590120005218,23.601215919934113,22.964927953303196
bottom,middle,1,cspace,tight,snopt,no-acceleration,True,0.0,1.0,825772875,True,0.0982363224029541,24,0.3917045593261719,16,16,2.709935275792492,,1.221998592071885,3.4438232943464855,12.753214069933273,0.29037494509129985,41.394657611846924,False,SolutionResult.kSolverSpecificError,41,41.389621361,0.08982966290158767,0.15576850200647888,0.30935748562377996,1.1268694059092836,1.0,1.0,0.0,0.0,,0.8344798776849148,1.0007315341502812,4.329471313449529,1.1686062084926951,acceleration,131.9725559387774,103.72774602404988,20197.937876899065,20.3558115283173,25.502947346343436
bottom,middle,1,kinetic,tight,snopt,no-acceleration,True,0.0,1.0,825772875,True,0.0982363224029541,24,0.3917045593261719,16,16,2.709935275792492,,1.221998592071885,3.4438232943464855,12.753214069933273,0.07841160624423144,61.989638805389404,False,SolutionResult.kSolverSpecificError,41,61.984343912,0.08686100004895256,0.15480709534166454,0.3108579722548974,1.1077569279527764,1.0,1.0,0.0,0.0,,0.851922367413891,1.0007054719020612,4.560492539789252,1.1717633586362435,acceleration,127.56558965230687,102.27169595397274,18700.95334895896,19.71985160618856,27.283946937359122
bottom,middle,5,parameterized,notebook,snopt,no-acceleration,True,0.0,1.0,911576914,True,0.40431976318359375,54,0.5823445320129395,17,17,3.227958598256664,,4.032020893008468,7.16195426710874,26.268677025227877,0.24801458785444339,2.557199001312256,True,SolutionResult.kSolutionFound,1,2.548860391,0.04734289618596864,0.1908875465573583,1.1025355971099884,4.960705437190663,1.0,1.0,0.0,0.0,,1.8680602781281697,1.0014375111731249,6.13479012061424,1.0012128012852235,acceleration,164.98941113838197,122.03024136588914,26430.321755568642,40.587850898405925,28.885173289665552
bottom,middle,5,cspace,notebook,snopt,no-acceleration,True,0.0,1.0,911576914,True,0.40431976318359375,54,0.5823445320129395,17,17,3.227958598256664,,4.032020893008468,7.16195426710874,26.268677025227877,0.13962669443345901,6.046213626861572,True,SolutionResult.kSolutionFound,1,6.038703212,0.16012357959304221,0.6579102018856271,1.146797754131115,5.605912933444305,1.0,1.0,0.0,0.0,,1.6270406331064893,1.000850498008367,4.0407162476988185,1.0108576550846007,acceleration,206.49204175854067,143.7103840801631,36780.24450018975,51.74452369065462,32.02352315926218
bottom,middle,5,kinetic,notebook,snopt,no-acceleration,True,0.0,1.0,911576914,True,0.40431976318359375,54,0.5823445320129395,17,17,3.227958598256664,,4.032020893008468,7.16195426710874,26.268677025227877,0.038068152386952006,2.231234312057495,True,SolutionResult.kSolutionFound,1,2.222633145,0.4480058046085045,2.3031547124503398,3.66531977398245,11.768519786688152,0.996,0.996,0.0,0.0,,2.0615854896637686,1.001481180153222,3.6234841344700905,1.008166444747818,acceleration,281.36565109211995,181.50386946726746,37762.05151616105,75.21298763921052,34.340525806638766
bottom,middle,5,parameterized,tight,snopt,no-acceleration,True,0.0,1.0,911576914,True,0.40431976318359375,54,0.5823445320129395,17,17,3.227958598256664,,4.032020893008468,7.16195426710874,26.268677025227877,0.24801458785444339,5.883977651596069,True,SolutionResult.kSolutionFound,1,5.878841128,0.024489411508708463,0.09874181886059502,0.5251284457320762,2.0294358613007253,1.0,1.0,0.0,6.588364332538177e-05,,1.347000537744498,1.001271365172572,4.772340888591265,1.0025259651729095,acceleration,139.90073228394039,108.14810921565483,22386.29602403009,23.784354986269957,25.35266232080312
bottom,middle,5,cspace,tight,snopt,no-acceleration,True,0.0,1.0,911576914,True,0.40431976318359375,54,0.5823445320129395,17,17,3.227958598256664,,4.032020893008468,7.16195426710874,26.268677025227877,0.13962669443345901,65.48870992660522,True,SolutionResult.kSolutionFound,1,65.479484866,0.04192173353125094,0.1518364610510789,0.3002415383487382,1.0814534393249318,1.0,1.0,0.0,0.0,,0.8399023634986093,1.0016085252491442,4.9516102033455285,1.1831366401101628,acceleration,126.36083929535883,100.8808894478494,20587.478605766453,19.99732565037143,26.04159427369689
bottom,middle,5,kinetic,tight,snopt,no-acceleration,True,0.0,1.0,911576914,True,0.40431976318359375,54,0.5823445320129395,17,17,3.227958598256664,,4.032020893008468,7.16195426710874,26.268677025227877,0.038068152386952006,68.76559901237488,True,SolutionResult.kSolutionFound,1,68.7592654,0.0438787738357264,0.16338687753734618,0.32310865657998633,1.1526373381537163,1.0,1.0,0.0,0.0,,0.8513001922532101,1.0016264437837792,4.508819273842277,1.066867301502594,acceleration,135.03373125183964,105.89033725522529,20321.10968800145,20.310576053129324,26.37117261712438
bottom,middle,8,parameterized,notebook,snopt,no-acceleration,True,0.0,1.0,1222964207,True,0.43759918212890625,53,0.7457115650177002,18,18,4.2060809843677065,,4.2711531413488455,12.91632555035943,29.5939583712291,0.23412880945874875,1.6215059757232666,True,SolutionResult.kSolutionFound,1,1.613374996,0.4085554362314311,1.7450028348750266,5.559667152973812,14.057098534245602,1.0,1.0,0.0,0.0,,2.6665715990100773,1.0018282791659872,6.62644609433456,1.2342818571909704,acceleration,310.9804262949219,199.186182445294,40157.05214847231,67.48212401340794,25.180664541514393
bottom,middle,8,cspace,notebook,snopt,no-acceleration,True,0.0,1.0,1222964207,True,0.43759918212890625,53,0.7457115650177002,18,18,4.2060809843677065,,4.2711531413488455,12.91632555035943,29.5939583712291,0.07742139946079112,2.4788901805877686,True,SolutionResult.kSolutionFound,1,2.471633216,0.24652517740322502,1.547497144359792,3.184199447700166,8.568731178712488,1.0,1.0,0.0,0.0,,1.8383579631004694,1.001553530057361,4.1268123173567,1.1104567079391239,acceleration,307.9503538207384,197.32773249084306,33084.57565323175,69.89973353166454,38.94213847412647
bottom,middle,8,kinetic,notebook,snopt,no-acceleration,True,0.0,1.0,1222964207,True,0.43759918212890625,53,0.7457115650177002,18,18,4.2060809843677065,,4.2711531413488455,12.91632555035943,29.5939583712291,0.03379068076855134,2.930180072784424,True,SolutionResult.kSolutionFound,1,2.924667439,0.34521809743849025,1.9520335504626416,4.279899345850813,10.21637000458959,1.0,1.0,0.0,0.0,,2.216599299073677,1.0010163048136371,7.040783506425118,1.2248605989184267,acceleration,289.5182387963338,188.28136806202014,37435.688927727104,64.25919906999702,25.290614803876757
bottom,middle,8,parameterized,tight,snopt,no-acceleration,True,0.0,1.0,1222964207,True,0.43759918212890625,53,0.7457115650177002,18,18,4.2060809843677065,,4.2711531413488455,12.91632555035943,29.5939583712291,0.23412880945874875,8.293609142303467,True,SolutionResult.kSolutionFound,1,8.288908073,0.02146725507107476,0.0916899339329609,0.49835691657016945,1.9188035887680128,1.0,1.0,0.0,2.79908229634529e-05,,1.3599229740219796,1.0013039156900116,5.008254745228956,1.0145979961662848,acceleration,140.82658106484615,109.88128767481285,22557.218352194148,23.759784882481256,23.230905013138106
bottom,middle,8,cspace,tight,snopt,no-acceleration,True,0.0,1.0,1222964207,True,0.43759918212890625,53,0.7457115650177002,18,18,4.2060809843677065,,4.2711531413488455,12.91632555035943,29.5939583712291,0.07742139946079112,61.99976897239685,True,SolutionResult.kSolutionFound,1,61.993618849,0.020627370842788248,0.13323593563593483,0.2664298370534451,0.9628708816913369,1.0,1.0,0.0,0.0,,0.8353610149410908,1.0009162312355362,4.960061278195605,1.201485448190399,acceleration,127.08173438793128,101.69087085733078,20272.779370422366,20.00107725371256,25.981561036733115
bottom,middle,8,kinetic,tight,snopt,no-acceleration,True,0.0,1.0,1222964207,True,0.43759918212890625,53,0.7457115650177002,18,18,4.2060809843677065,,4.2711531413488455,12.91632555035943,29.5939583712291,0.03379068076855134,85.58107161521912,True,SolutionResult.kSolutionFound,3,85.575270331,0.03266498314332449,0.13395614542283624,0.2713637907170429,0.9666861513404452,1.0,1.0,0.0,0.0,,0.8622128187612643,1.000939798632551,5.069759113603772,1.2023008464645868,acceleration,125.87565340989805,101.8245160889941,19706.765916208144,19.30886390467311,25.627345651678496
middle,bottom,4,parameterized,notebook,snopt,no-acceleration,True,0.0,1.0,936045014,True,0.41083812713623047,37,0.6472604274749756,10,10,2.5874941011689394,,5.320779814371767,10.120276209412392,37.2336998158603,0.18794237590868465,1.7800626754760742,True,SolutionResult.kSolutionFound,1,1.774956068,0.14113929830133193,0.750971129416323,2.84306840754972,12.160454974822922,1.0,1.0,0.0,0.0,,1.9151182722792044,1.0010513402203278,5.489588009160014,1.020568741207176,acceleration,208.08523603030994,69.29198429180306,28817.484642710784,46.36495494112744,30.232711859439586
middle,bottom,4,cspace,notebook,snopt,no-acceleration,True,0.0,1.0,936045014,True,0.41083812713623047,37,0.6472604274749756,10,10,2.5874941011689394,,5.320779814371767,10.120276209412392,37.2336998158603,0.09881153234433929,3.1669270992279053,True,SolutionResult.kSolutionFound,1,3.158606584,0.20109648261466206,1.2781819388787794,2.035151948801677,7.541956088833871,1.0,1.0,0.0,0.0,,1.2357975969087565,1.0005646954619674,4.038473589851326,1.1136983462451018,acceleration,202.78571237791118,67.80290899754101,27972.80016418769,48.15904926243799,32.34998030107077
middle,bottom,4,kinetic,notebook,snopt,no-acceleration,True,0.0,1.0,936045014,True,0.41083812713623047,37,0.6472604274749756,10,10,2.5874941011689394,,5.320779814371767,10.120276209412392,37.2336998158603,0.02685739007795389,5.001398086547852,True,SolutionResult.kSolutionFound,1,4.990996284,0.1734706535875621,1.400840313168655,2.0977348664243376,6.458954242540376,1.0,1.0,0.0,0.0,,1.1970634563183635,1.0002394243568822,5.329210693458726,1.0872471898102165,acceleration,210.00705791258014,71.29368899543402,26487.322911178995,44.5318360141301,34.73406383396802
middle,bottom,4,parameterized,tight,snopt,no-acceleration,True,0.0,1.0,936045014,True,0.41083812713623047,37,0.6472604274749756,10,10,2.5874941011689394,,5.320779814371767,10.120276209412392,37.2336998158603,0.18794237590868465,4.70354700088501,True,SolutionResult.kSolutionFound,1,4.697899219,0.03489777495607626,0.18568337655278358,1.0827885381086233,4.125291224062873,1.0,1.0,0.0,2.1239567765896084e-05,,1.349294178440394,1.000986327071305,4.856077367516509,0.9965142819530921,acceleration,143.65629688368244,36.6277965307615,21358.40493461394,23.93940535661678,26.436675017907742
middle,bottom,4,cspace,tight,snopt,no-acceleration,True,0.0,1.0,936045014,True,0.41083812713623047,37,0.6472604274749756,10,10,2.5874941011689394,,5.320779814371767,10.120276209412392,37.2336998158603,0.09881153234433929,23.298094987869263,True,SolutionResult.kSolutionFound,3,23.292036435,0.05198776684655337,0.26441157675527627,0.5261305599976525,1.8968485882118222,1.0,1.0,0.0,0.0,,0.8326737234840609,1.000401481667809,4.045027232763143,1.079389743247705,acceleration,131.8966644537611,30.158242641131725,19961.181116696713,20.417004656975408,30.14968080984282
middle,bottom,4,kinetic,tight,snopt,no-acceleration,True,0.0,1.0,936045014,True,0.41083812713623047,37,0.6472604274749756,10,10,2.5874941011689394,,5.320779814371767,10.120276209412392,37.2336998158603,0.02685739007795389,33.31501030921936,True,SolutionResult.kSolutionFound,1,33.307221312,0.050510880176703486,0.26332885937036626,0.5275904292879009,1.880706949934266,1.0,1.0,0.0,0.0,,0.836398964544766,1.0004411309852164,4.197317413499939,1.0798498334535318,acceleration,131.67813681802863,30.430654184507397,19381.90309772454,20.207221863526367,31.494177896986123
bottom,top,7,parameterized,notebook,snopt,no-acceleration,True,0.0,1.0,1956161951,True,0.3402988910675049,48,0.7727148532867432,16,16,3.441044596954291,,3.0265934994135124,6.941029855198292,26.003916877498387,0.3304044630353492,1.703371524810791,True,SolutionResult.kSolutionFound,1,1.695052727,0.4741766257743405,1.435139893142454,3.922169477965994,15.083790451869607,1.0,1.0,0.0,0.0,,2.6860823744540197,1.0029557816483368,6.482436445649345,0.9999999999999998,acceleration,393.6273259280715,278.6482873591304,36276.766346397104,84.0892279848521,30.756696843092865
bottom,top,7,cspace,notebook,snopt,no-acceleration,True,0.0,1.0,1956161951,True,0.3402988910675049,48,0.7727148532867432,16,16,3.441044596954291,,3.0265934994135124,6.941029855198292,26.003916877498387,0.14407083975457585,2.5766184329986572,True,SolutionResult.kSolutionFound,1,2.569329159,0.3680076976361955,1.5150700837870108,2.5543524162356195,9.940851761533782,1.0,1.0,0.0,0.0,,1.8986294673424746,1.0011289600217972,4.21464938615914,1.1624530873308347,acceleration,360.0230905118333,256.218465216681,35902.24952652984,70.68019548117016,34.10101672719883
bottom,top,7,kinetic,notebook,snopt,no-acceleration,True,0.0,1.0,1956161951,True,0.3402988910675049,48,0.7727148532867432,16,16,3.441044596954291,,3.0265934994135124,6.941029855198292,26.003916877498387,0.038455745136814996,4.457948684692383,True,SolutionResult.kSolutionFound,1,4.450344793,0.36656124001230345,1.6508485409878721,2.7112782777090234,9.532028015792674,0.996,0.996,0.0,0.0,,1.8093445556565464,1.0007376815514963,3.023208362289661,1.19402522303475,acceleration,362.7593671156543,261.595911625342,34886.75375449301,71.68378065463654,35.76562570228521
bottom,top,7,parameterized,tight,snopt,no-acceleration,True,0.0,1.0,1956161951,True,0.3402988910675049,48,0.7727148532867432,16,16,3.441044596954291,,3.0265934994135124,6.941029855198292,26.003916877498387,0.3304044630353492,7.288400650024414,True,SolutionResult.kSolutionFound,1,7.282643122,0.16674359690143364,0.5046650864507041,3.0504066204707394,12.511431712807834,1.0,1.0,0.0,3.4518764061353124e-05,,2.787404914186207,1.0027555372896462,6.80699644894281,0.9886576268537374,acceleration,326.1358720800477,242.27502413866677,34373.25077851072,64.67528840568582,22.541279210472748
bottom,top,7,cspace,tight,snopt,no-acceleration,True,0.0,1.0,1956161951,True,0.3402988910675049,48,0.7727148532867432,16,16,3.441044596954291,,3.0265934994135124,6.941029855198292,26.003916877498387,0.14407083975457585,98.3857810497284,False,SolutionResult.kSolverSpecificError,41,98.379959707,0.19574986573135764,0.7171015901833526,1.3587056621924103,5.701096296866774,1.0,1.0,0.0,0.0,,1.5799844394435651,1.0007123121416952,4.922869213261998,1.1804841180757006,acceleration,273.83457603810064,214.8798048305414,30037.03463555518,53.516988468328314,26.27694677909923
bottom,top,7,kinetic,tight,snopt,no-acceleration,True,0.0,1.0,1956161951,True,0.3402988910675049,48,0.7727148532867432,16,16,3.441044596954291,,3.0265934994135124,6.941029855198292,26.003916877498387,0.038455745136814996,59.749154806137085,True,SolutionResult.kSolutionFound,1,59.744179403,0.20537854421879617,0.8041212327434599,1.42049420401207,5.340646592287203,1.0,1.0,0.0,0.0,,1.4546378858655957,1.0007594958188524,3.8738228844182125,1.177304532957336,acceleration,277.43915680888864,216.91230365982463,27454.05441613899,55.38867800089491,28.481645844141728
bottom,top,2,parameterized,notebook,snopt,no-acceleration,True,0.0,1.0,82992400,True,0.4492971897125244,54,0.6151070594787598,17,17,3.6001865237777615,,3.488910343982315,8.471003426623529,31.398103429618153,0.2866224412228889,2.1628875732421875,True,SolutionResult.kSolutionFound,1,2.154677601,0.30440726614353153,1.0620496596315465,4.077064067939365,17.262318318331197,1.0,1.0,0.0,0.0,,3.090820661556919,1.0022954600229872,3.5257321156465804,0.9999999999999997,acceleration,340.48901459082845,251.03612551308163,37354.71981838062,78.09330775954291,26.06505597270689
bottom,top,2,cspace,notebook,snopt,no-acceleration,True,0.0,1.0,82992400,True,0.4492971897125244,54,0.6151070594787598,17,17,3.6001865237777615,,3.488910343982315,8.471003426623529,31.398103429618153,0.11804976927020222,3.730661392211914,True,SolutionResult.kSolutionFound,1,3.722531071,0.25237843972350893,1.207687962341839,2.137898627703744,9.445133753498911,1.0,1.0,0.0,0.0,,1.9972838143184335,1.0013296720079854,5.698472397076475,1.0000567328965075,acceleration,318.4212765485282,238.2760330350423,35320.19122348435,68.19472352155303,33.02100588389277
bottom,top,2,kinetic,notebook,snopt,no-acceleration,True,0.0,1.0,82992400,True,0.4492971897125244,54,0.6151070594787598,17,17,3.6001865237777615,,3.488910343982315,8.471003426623529,31.398103429618153,0.03184905745156218,5.841881036758423,True,SolutionResult.kSolutionFound,1,5.836201133,0.2873037501714348,1.397883489445134,2.3647082343730386,9.020792863599885,1.0,1.0,0.0,0.0,,1.92894563766558,1.0009254908119947,6.683048465781986,1.046090426883446,acceleration,314.5692196423719,234.73460548012966,34760.15443917211,69.20545537679679,35.054386500637754
bottom,top,2,parameterized,tight,snopt,no-acceleration,True,0.0,1.0,82992400,True,0.4492971897125244,54,0.6151070594787598,17,17,3.6001865237777615,,3.488910343982315,8.471003426623529,31.398103429618153,0.2866224412228889,10.135158777236938,True,SolutionResult.kSolutionFound,1,10.129175977,0.1353480835162177,0.4722173286179137,2.895407112808127,11.905463394421954,1.0,1.0,0.0,6.276400728211229e-05,,2.817879790301952,1.0025343082426341,7.288388131385575,1.009780186746435,acceleration,328.21222471785234,243.95853965588213,34844.99508252823,65.3324482691798,22.436052087338492
bottom,top,2,cspace,tight,snopt,no-acceleration,True,0.0,1.0,82992400,True,0.4492971897125244,54,0.6151070594787598,17,17,3.6001865237777615,,3.488910343982315,8.471003426623529,31.398103429618153,0.11804976927020222,77.3954529762268,True,SolutionResult.kSolutionFound,3,77.38851732,0.15313235451196833,0.6884898492447095,1.2971846997978127,5.628356283959568,1.0,1.0,0.0,0.0,,1.6234081040893642,1.0008243871027622,5.043052316064573,1.1951121902149087,acceleration,276.87123525922436,216.59992470812605,31878.352934401657,53.44705391410076,27.29422082055917
bottom,top,2,kinetic,tight,snopt,no-acceleration,True,0.0,1.0,82992400,True,0.4492971897125244,54,0.6151070594787598,17,17,3.6001865237777615,,3.488910343982315,8.471003426623529,31.398103429618153,0.03184905745156218,76.39910817146301,True,SolutionResult.kSolutionFound,1,76.387585003,0.15906326368408102,0.7524549394324673,1.3288858385107172,4.994284805005401,1.0,1.0,0.0,0.0,,1.4574327533489757,1.0008625835086256,3.9754290521786144,1.1923222821625021,acceleration,275.6890250901128,216.45534770845086,27571.881569772224,55.224881149108604,28.604771880745403
bottom,top,8,parameterized,notebook,snopt,no-acceleration,True,0.0,1.0,1680323598,True,0.4470052719116211,45,0.7050564289093018,20,20,3.502783403118539,,1.7361266910074606,4.133318350937927,16.954146960003516,0.5759948310106954,4.962225675582886,True,SolutionResult.kSolutionFound,1,4.950302401,0.22755883388125914,0.3950709652757873,2.5816305206958363,10.684106539996149,0.998,0.998,0.0,1.6136754164008948e-06,,2.9457341000678516,1.0045916848712084,7.8109127441154405,1.0130981704874433,acceleration,336.72257927152225,247.7017671963065,37857.06524641292,66.84129237620081,24.768413370274796
bottom,top,8,cspace,notebook,snopt,no-acceleration,True,0.0,1.0,1680323598,True,0.4470052719116211,45,0.7050564289093018,20,20,3.502783403118539,,1.7361266910074606,4.133318350937927,16.954146960003516,0.24193636083537612,3.5021045207977295,True,SolutionResult.kSolutionFound,1,3.4941963,0.36427915160032026,0.8518167644091703,1.5056817021737028,6.46684622596341,0.996,0.996,0.0,0.0,,1.8523299015199641,1.0013182187763852,6.327327617603554,1.134162494996143,acceleration,315.7649603774544,236.8153888106597,37137.61001161468,61.98473254760307,27.535574068273476
bottom,top,8,kinetic,notebook,snopt,no-acceleration,True,0.0,1.0,1680323598,True,0.4470052719116211,45,0.7050564289093018,20,20,3.502783403118539,,1.7361266910074606,4.133318350937927,16.954146960003516,0.05898261955373499,5.824290752410889,True,SolutionResult.kSolutionFound,1,5.818264453,0.36205522793933403,0.9310323031616794,1.5607160367359616,6.13833754212104,0.996,0.996,0.0,0.0,,1.7727929046341082,1.0014767629877674,6.840555753694468,1.0704166832549962,acceleration,318.26852454581274,236.3805862539798,35498.31670817405,62.068688052927904,29.051732365126
bottom,top,8,parameterized,tight,snopt,no-acceleration,True,0.0,1.0,1680323598,True,0.4470052719116211,45,0.7050564289093018,20,20,3.502783403118539,,1.7361266910074606,4.133318350937927,16.954146960003516,0.5759948310106954,11.243345260620117,True,SolutionResult.kSolutionFound,3,11.236762651,0.22682787703288027,0.3938019315813415,2.5370433211539742,10.399819680573623,1.0,1.0,0.0,2.9074427823960747e-05,,2.8814390144164963,1.0046447781533692,7.744503302046161,1.0012610437370957,acceleration,334.86398735081207,244.8184500554496,36294.81393469598,66.04951367999693,22.68910140984193
bottom,top,8,cspace,tight,snopt,no-acceleration,True,0.0,1.0,1680323598,True,0.4470052719116211,45,0.7050564289093018,20,20,3.502783403118539,,1.7361266910074606,4.133318350937927,16.954146960003516,0.24193636083537612,87.37255907058716,True,SolutionResult.kSolutionFound,3,87.36694928,0.2612302068844003,0.5717867117340191,1.079747607934603,4.665952960153133,0.996,0.996,0.0,0.0,,1.6135088359291168,1.0012120691056032,5.327735899457829,1.2416081188153183,acceleration,273.65043493163114,214.82842154154022,31659.44405098589,53.36912903730854,26.89989607752737
bottom,top,8,kinetic,tight,snopt,no-acceleration,True,0.0,1.0,1680323598,True,0.4470052719116211,45,0.7050564289093018,20,20,3.502783403118539,,1.7361266910074606,4.133318350937927,16.954146960003516,0.05898261955373499,66.4800615310669,False,SolutionResult.kSolverSpecificError,41,66.474383134,0.2481640225505141,0.6250692767883319,1.1089578627066545,4.207409308507042,1.0,1.0,0.0,0.0,,1.4560900925194187,1.0011462394302921,4.894429341645198,1.2348836921026582,acceleration,278.64731831314293,217.54423091905568,28078.796035329364,55.24192881776675,27.759151423325612
bottom,top,5,parameterized,notebook,snopt,no-acceleration,True,0.0,1.0,446089395,True,0.677523136138916,42,0.794151782989502,18,18,4.144847794808249,,3.70798496047286,7.84700276777129,26.45416836391498,0.26968825673782537,2.445303201675415,True,SolutionResult.kSolutionFound,1,2.435094216,0.13863570098329442,0.5140590942306691,5.069296370670195,20.15063335446382,1.0,1.0,0.0,1.935127273089421e-06,,3.7734180771311463,1.0055197887118683,8.75523722980106,0.9899544633690612,acceleration,355.9156806553498,256.8196945081233,41313.89046925459,73.61807156410003,24.56289822719936
bottom,top,5,cspace,notebook,snopt,no-acceleration,True,0.0,1.0,446089395,True,0.677523136138916,42,0.794151782989502,18,18,4.144847794808249,,3.70798496047286,7.84700276777129,26.45416836391498,0.12743719221141814,0.4066958427429199,True,SolutionResult.kSolutionFound,1,0.39898521,0.9398927416810663,3.501259819165948,7.375340945379474,23.44645086478048,1.0,1.0,0.0,0.0,,2.9546760408444555,1.0154141904054113,6.008526958195887,1.026794564418866,acceleration,468.3316218179475,316.7509941923831,46727.64640104845,86.69583754374241,26.912489151021468
bottom,top,5,kinetic,notebook,snopt,no-acceleration,True,0.0,1.0,446089395,True,0.677523136138916,42,0.794151782989502,18,18,4.144847794808249,,3.70798496047286,7.84700276777129,26.45416836391498,0.037801226114673785,2.328052043914795,True,SolutionResult.kSolutionFound,1,2.322583542,0.38174320954711016,2.0334619647094136,3.423681919953578,10.09869913714053,1.0,1.0,0.0,3.597103261476775e-06,,2.1259126029880564,1.001135345139321,5.580515486215752,1.199969550795522,acceleration,382.3221899520373,269.5553239518252,38289.44079762393,76.65424732750509,33.76459985045578
bottom,top,5,parameterized,tight,snopt,no-acceleration,True,0.0,1.0,446089395,True,0.677523136138916,42,0.794151782989502,18,18,4.144847794808249,,3.70798496047286,7.84700276777129,26.45416836391498,0.26968825673782537,9.605571269989014,True,SolutionResult.kSolutionFound,1,9.600601507,0.12193383827163712,0.4521288384839667,3.768630729057653,15.342629724237742,0.998,0.998,0.0,6.315759405284282e-05,,3.197311571286009,1.0079068668025284,8.198322145880505,0.9980040208367107,acceleration,353.25408400145363,254.21354311577227,40628.58826021312,68.58928125421784,25.199092205618804
bottom,top,5,cspace,tight,snopt,no-acceleration,True,0.0,1.0,446089395,True,0.677523136138916,42,0.794151782989502,18,18,4.144847794808249,,3.70798496047286,7.84700276777129,26.45416836391498,0.12743719221141814,85.3582329750061,True,SolutionResult.kSolutionFound,1,85.352948564,0.16002892229222881,0.6661601253034486,1.2557473961505765,5.3464094838914455,1.0,1.0,0.0,0.0,,1.6289460867389747,1.0009316446298397,5.043283958588297,1.1743503599747693,acceleration,277.8817743537513,217.7793789674447,32835.01524109709,54.10790806198824,27.567225613655776
bottom,top,5,kinetic,tight,snopt,no-acceleration,True,0.0,1.0,446089395,True,0.677523136138916,42,0.794151782989502,18,18,4.144847794808249,,3.70798496047286,7.84700276777129,26.45416836391498,0.037801226114673785,86.9731056690216,True,SolutionResult.kSolutionFound,1,86.967720702,0.18401470236934583,0.7775978142234269,1.329502789061673,4.867955917914382,0.998,0.998,0.0,0.0,,1.437950030895615,1.0010892725519756,3.495946598217686,1.2080207963149738,acceleration,284.8081204698336,221.55766822602038,27697.944852082088,56.589163773261134,26.343857912046943
middle,bottom,2,parameterized,notebook,snopt,no-acceleration,True,0.0,1.0,1588153571,True,0.3413968086242676,39,0.5983178615570068,14,14,2.647514665146267,,4.242471927039272,8.095803786619241,32.36714105304995,0.23571163632846429,2.531951427459717,True,SolutionResult.kSolutionFound,1,2.526554156,0.35048412122055334,1.4869190451512302,3.119548320604105,12.382159612609616,1.0,1.0,0.0,0.0,,1.8435525996307307,1.003051624568229,6.118519302034427,1.0438749859510439,acceleration,326.0296050801319,130.98256849753858,34652.80602094572,69.96609352893267,26.354329003443887
middle,bottom,2,cspace,notebook,snopt,no-acceleration,True,0.0,1.0,1588153571,True,0.3413968086242676,39,0.5983178615570068,14,14,2.647514665146267,,4.242471927039272,8.095803786619241,32.36714105304995,0.12352078019143717,4.159547328948975,True,SolutionResult.kSolutionFound,1,4.154560172,0.16530986513735985,0.7563931755528742,1.3383162321445536,5.9585577246444394,0.998,0.998,0.0,0.0,,1.3826745932403983,1.000601040491952,5.377066310303153,1.0002123858428533,acceleration,257.16584876768184,94.6468551211102,38917.54301766702,52.39694477944558,35.258548351706175
middle,bottom,2,kinetic,notebook,snopt,no-acceleration,True,0.0,1.0,1588153571,True,0.3413968086242676,39,0.5983178615570068,14,14,2.647514665146267,,4.242471927039272,8.095803786619241,32.36714105304995,0.030895530697660125,3.824458122253418,True,SolutionResult.kSolutionFound,1,3.819350061,0.26710836558620976,1.4621498511139164,2.4103079506502034,8.645534145378484,1.0,1.0,0.0,0.0,,1.4922207466568307,1.0007008946536067,5.341690129342276,1.144084639371321,acceleration,309.9486481780307,122.92428692395995,35958.43279811899,65.4837098152253,32.83705153552125
middle,bottom,2,parameterized,tight,snopt,no-acceleration,True,0.0,1.0,1588153571,True,0.3413968086242676,39,0.5983178615570068,14,14,2.647514665146267,,4.242471927039272,8.095803786619241,32.36714105304995,0.23571163632846429,8.049994468688965,True,SolutionResult.kSolutionFound,1,8.044319533,0.02854527285675066,0.12110251874444129,0.6694587903693875,2.5582924049739804,1.0,1.0,0.0,2.6105965454270574e-05,,1.3592357126670576,1.001407719551622,4.8769896272760285,0.998235448286472,acceleration,139.97414048318063,34.9685143223187,21996.138806261686,23.566370662796132,23.17390561615948
middle,bottom,2,cspace,tight,snopt,no-acceleration,True,0.0,1.0,1588153571,True,0.3413968086242676,39,0.5983178615570068,14,14,2.647514665146267,,4.242471927039272,8.095803786619241,32.36714105304995,0.12352078019143717,43.02975797653198,True,SolutionResult.kSolutionFound,3,43.024171653,0.043685971467975225,0.177041889806537,0.35367305323257386,1.2755998437440186,1.0,1.0,0.0,0.0,,0.8339096288985264,1.0008568857724234,4.260811294007186,1.1317784460311489,acceleration,129.35287153827363,30.177554252180187,20435.383577364068,20.185603060285963,27.850780228377754
middle,bottom,2,kinetic,tight,snopt,no-acceleration,True,0.0,1.0,1588153571,True,0.3413968086242676,39,0.5983178615570068,14,14,2.647514665146267,,4.242471927039272,8.095803786619241,32.36714105304995,0.030895530697660125,34.21870541572571,True,SolutionResult.kSolutionFound,1,34.213218044,0.03960195673302935,0.18040440448140527,0.35924357300937004,1.2818021195547429,1.0,1.0,0.0,0.0,,0.842797600327185,1.0006729663724194,4.335685621087805,1.1328327788830341,acceleration,128.70475462736096,30.29106718831273,20060.974374347777,19.881371158653653,28.39906788354606
bottom,top,3,parameterized,notebook,snopt,no-acceleration,True,0.0,1.0,1945464198,True,0.3994877338409424,42,0.7181379795074463,18,18,4.103698555739218,,3.876864411182121,8.80714271503479,31.222427297809386,0.25794041110018684,1.9094085693359375,True,SolutionResult.kSolutionFound,1,1.899611631,0.1458999148188916,0.5656341873558639,3.389905089732346,13.582400532597203,1.0,1.0,0.0,3.428924418136248e-05,,3.0677233407844247,1.0026220690534322,4.4356600952008645,0.8999374553265327,acceleration,340.8690344573696,248.2470723327384,37541.7251731965,72.95270656889429,26.904062953634163
bottom,top,3,cspace,notebook,snopt,no-acceleration,True,0.0,1.0,1945464198,True,0.3994877338409424,42,0.7181379795074463,18,18,4.103698555739218,,3.876864411182121,8.80714271503479,31.222427297809386,0.11354420296753984,5.827363729476929,True,SolutionResult.kSolutionFound,1,5.818987124,0.1954356495137661,0.9492584071277872,1.7212296568732572,7.3881416005500915,0.996,0.996,0.0,0.0,,1.9070815526056144,1.001015097747617,4.224487719607079,1.215108011241673,acceleration,313.52991530169646,234.62782664392057,34341.11252748927,62.921425058074604,27.45040010494866
bottom,top,3,kinetic,notebook,snopt,no-acceleration,True,0.0,1.0,1945464198,True,0.3994877338409424,42,0.7181379795074463,18,18,4.103698555739218,,3.876864411182121,8.80714271503479,31.222427297809386,0.03202825938104311,5.001696586608887,True,SolutionResult.kSolutionFound,1,4.996036843,0.2794759128299584,1.3747889639418398,2.5733475379154904,8.725916369822292,0.992,0.992,0.0,0.0,,1.9250818647649899,1.0007523819941986,3.7343013744988816,1.1427536036305688,acceleration,315.67181666757654,236.74549625325824,30588.4937868489,72.52332466898167,32.263922641827904
bottom,top,3,parameterized,tight,snopt,no-acceleration,True,0.0,1.0,1945464198,True,0.3994877338409424,42,0.7181379795074463,18,18,4.103698555739218,,3.876864411182121,8.80714271503479,31.222427297809386,0.25794041110018684,4.521740436553955,True,SolutionResult.kSolutionFound,1,4.516694582,0.11457724960111942,0.4442004613097108,2.688216510533316,11.049698121943543,1.0,1.0,0.0,1.0320596766977275e-05,,2.799874578777076,1.0038442795446545,6.082711310196025,0.8628346220146789,acceleration,326.9089629545256,238.42518783862238,34278.590173298944,65.25542051003713,23.118901489308502
bottom,top,3,cspace,tight,snopt,no-acceleration,True,0.0,1.0,1945464198,True,0.3994877338409424,42,0.7181379795074463,18,18,4.103698555739218,,3.876864411182121,8.80714271503479,31.222427297809386,0.11354420296753984,134.85492730140686,True,SolutionResult.kSolutionFound,3,134.849387935,0.13640688171377494,0.6368073739640003,1.201354874566085,5.101678297601615,1.0,1.0,0.0,0.0,,1.5972606299991732,1.000949219769558,4.992028062568387,1.2091115732110536,acceleration,275.44481995018316,214.06822640061932,30809.03190817452,53.28962919686096,27.208583534654313
bottom,top,3,kinetic,tight,snopt,no-acceleration,True,0.0,1.0,1945464198,True,0.3994877338409424,42,0.7181379795074463,18,18,4.103698555739218,,3.876864411182121,8.80714271503479,31.222427297809386,0.03202825938104311,46.669647455215454,True,SolutionResult.kSolutionFound,3,46.663706266,0.149869262045828,0.7062152986798872,1.2458311026434161,4.679282138402208,1.0,1.0,0.0,0.0,,1.4623500213377583,1.000952612157675,4.268401183323192,1.2065369043273944,acceleration,278.4522600090893,217.8916357646772,28141.866304122093,54.91366493744592,28.898515910851714
middle,bottom,5,parameterized,notebook,snopt,no-acceleration,True,0.0,1.0,1087232320,True,0.264554500579834,36,0.9389429092407227,13,13,2.5690888751215306,,5.530084740301406,9.547084393644596,34.86714016583017,0.18082905542338887,2.2927327156066895,True,SolutionResult.kSolutionFound,1,2.287686258,0.3642139002287855,2.0141337318608685,3.760064139371624,14.114334810596914,1.0,1.0,0.0,0.0,,1.920105434466029,1.0018082438709772,4.225310680500736,1.0563722355663456,acceleration,310.38955850043,122.76124160747764,32606.803148410643,69.9420426149937,26.45371719585113
middle,bottom,5,cspace,notebook,snopt,no-acceleration,True,0.0,1.0,1087232320,True,0.264554500579834,36,0.9389429092407227,13,13,2.5690888751215306,,5.530084740301406,9.547084393644596,34.86714016583017,0.10474402013935172,4.342946290969849,True,SolutionResult.kSolutionFound,1,4.33803096,0.15633991812890566,0.8706734860637244,1.492590392472149,6.9860480853852565,0.998,0.998,0.0,0.0,,1.50958618262998,1.000722920593692,5.2516932867776385,1.1215199948473038,acceleration,236.88330015861507,84.771107550707,36688.01421518413,51.33955977511563,29.170827229468056
middle,bottom,5,kinetic,notebook,snopt,no-acceleration,True,0.0,1.0,1087232320,True,0.264554500579834,36,0.9389429092407227,13,13,2.5690888751215306,,5.530084740301406,9.547084393644596,34.86714016583017,0.028680298849975683,6.634446382522583,True,SolutionResult.kSolutionFound,1,6.628659671,0.2224604033965352,1.2136916001406175,2.012687154823507,7.756558066574115,1.0,1.0,0.0,0.0,,1.5162747512165164,1.0004992958665295,4.349279442557649,1.1252137385451229,acceleration,253.78365919616354,92.92564166749057,35253.0297469357,55.0287019603457,31.747032198784325
middle,bottom,5,parameterized,tight,snopt,no-acceleration,True,0.0,1.0,1087232320,True,0.264554500579834,36,0.9389429092407227,13,13,2.5690888751215306,,5.530084740301406,9.547084393644596,34.86714016583017,0.18082905542338887,5.049580335617065,True,SolutionResult.kSolutionFound,1,5.043607936,0.0237817207594184,0.13151493106977058,0.7150661084715428,2.741104451508643,1.0,1.0,0.0,5.427147033287838e-05,,1.350481241760679,1.0010490424650096,4.942207257562619,1.001408451993512,acceleration,142.5316630183952,34.83320406141656,22954.42874079496,23.682128054040106,26.38451212695346
middle,bottom,5,cspace,tight,snopt,no-acceleration,True,0.0,1.0,1087232320,True,0.264554500579834,36,0.9389429092407227,13,13,2.5690888751215306,,5.530084740301406,9.547084393644596,34.86714016583017,0.10474402013935172,36.740798234939575,True,SolutionResult.kSolutionFound,1,36.735510065,0.04117533935856343,0.19796525248581295,0.3931044397931609,1.4131731518536552,1.0,1.0,0.0,0.0,,0.8388093559510054,1.0004158637156337,4.233821329642309,1.1185579785189697,acceleration,128.389708241969,28.843600372517784,20271.860692518327,20.030892137941372,26.08765076561265
middle,bottom,5,kinetic,tight,snopt,no-acceleration,True,0.0,1.0,1087232320,True,0.264554500579834,36,0.9389429092407227,13,13,2.5690888751215306,,5.530084740301406,9.547084393644596,34.86714016583017,0.028680298849975683,40.712260723114014,True,SolutionResult.kSolutionFound,1,40.706302363,0.040829611979340034,0.20033451251837125,0.39913482819082613,1.4236118038001078,1.0,1.0,0.0,0.0,,0.8484283253233516,1.0009356821283157,4.260045883885202,1.1195729095540454,acceleration,127.64617095427398,28.95513768075688,19752.092528215824,19.833446642574458,27.00382526637949
bottom,middle,9,parameterized,notebook,snopt,no-acceleration,True,0.0,1.0,1071891321,True,0.2499551773071289,23,0.6489963531494141,21,21,2.345918159567961,,0.9829784561953164,1.8629862925241771,8.06458315837323,1.0173162938591418,1.1578476428985596,True,SolutionResult.kSolutionFound,1,1.147159322,0.47033009844902957,0.4623243540756209,0.856959782683469,3.7137656098015386,1.0,1.0,0.0,0.0,,1.3127348250617032,1.0021377141249914,5.915186235659605,1.1056678063914727,acceleration,230.11400246137626,154.00942761808716,38093.89827079082,49.64601181641684,31.23607310145359
bottom,middle,9,cspace,notebook,snopt,no-acceleration,True,0.0,1.0,1071891321,True,0.2499551773071289,23,0.6489963531494141,21,21,2.345918159567961,,0.9829784561953164,1.8629862925241771,8.06458315837323,0.5367726021457145,4.209826231002808,True,SolutionResult.kSolutionFound,1,4.199929962,0.34327438011548567,0.3523966678391149,0.639515464729884,2.8819068292530097,1.0,1.0,0.0,0.0,,1.229043752496917,1.0022139636486602,5.920685409423801,1.2062134672878606,acceleration,222.6064859877656,150.6969657673215,38255.56046800519,44.126435423373565,34.22899260010124
bottom,middle,9,kinetic,notebook,snopt,no-acceleration,True,0.0,1.0,1071891321,True,0.2499551773071289,23,0.6489963531494141,21,21,2.345918159567961,,0.9829784561953164,1.8629862925241771,8.06458315837323,0.12399896936541947,7.300143718719482,True,SolutionResult.kSolutionFound,1,7.292624197,0.38293461401912415,0.46089353159031676,0.7912560710803278,3.0882080389767834,1.0,1.0,0.0,0.0,,1.2723978946426189,1.0016036329211764,5.3735541571627055,1.2295785663034935,acceleration,219.39493431189396,149.35418257454256,36261.878642057665,44.87685128423998,30.900026231790807
bottom,middle,9,parameterized,tight,snopt,no-acceleration,True,0.0,1.0,1071891321,True,0.2499551773071289,23,0.6489963531494141,21,21,2.345918159567961,,0.9829784561953164,1.8629862925241771,8.06458315837323,1.0173162938591418,12.190919399261475,True,SolutionResult.kSolutionFound,1,12.185581383,0.07883689907760287,0.07749497334652848,0.40624042077153205,1.5642415926608684,1.0,1.0,0.0,2.2193036310902414e-06,,1.3521847179415676,1.0016138970776134,4.368928617864872,1.0029738972175892,acceleration,138.59034309173657,108.2933299266423,22253.330624970295,23.538782175408777,23.21422108378553
bottom,middle,9,cspace,tight,snopt,no-acceleration,True,0.0,1.0,1071891321,True,0.2499551773071289,23,0.6489963531494141,21,21,2.345918159567961,,0.9829784561953164,1.8629862925241771,8.06458315837323,0.5367726021457145,97.33644914627075,True,SolutionResult.kSolutionFound,1,97.327345381,0.12157797455117655,0.11316124440388803,0.22649810006169513,0.8221716208634847,1.0,1.0,0.0,0.0,,0.8490026003471228,1.001295843377376,5.100699373674307,1.249483551471623,acceleration,128.20895326259736,101.93398991481493,20216.478979475392,19.63184678856964,26.299809889429408
bottom,middle,9,kinetic,tight,snopt,no-acceleration,True,0.0,1.0,1071891321,True,0.2499551773071289,23,0.6489963531494141,21,21,2.345918159567961,,0.9829784561953164,1.8629862925241771,8.06458315837323,0.12399896936541947,83.08355331420898,False,SolutionResult.kSolverSpecificError,41,83.078387037,0.10146488309258282,0.11372981727186982,0.22803110421994333,0.8182719873547522,1.0,1.0,0.0,0.0,,0.8529166989949599,1.0013036010191774,5.290989465251593,1.2471532841456494,acceleration,125.1824779890035,100.29892087585937,19417.47479430344,19.536827678299662,23.780428540010455
bottom,middle,2,parameterized,notebook,snopt,no-acceleration,True,0.0,1.0,674306801,True,0.3196225166320801,53,0.78574538230896,20,20,4.632527415275373,,8.237501309708875,14.943682253571167,45.15635307551427,0.12139603532704524,0.634514331817627,True,SolutionResult.kSolutionFound,1,0.625734273,0.4608491887763959,3.7962457961238405,7.388953956946981,23.17226887753972,1.0,1.0,0.0,0.0,,3.0080691182916457,1.0041141570452436,7.0196096454999655,1.1169342374738407,acceleration,433.3159050609106,264.3918144316257,38778.57749846189,109.3036951432889,30.206280716684628
bottom,middle,2,cspace,notebook,snopt,no-acceleration,True,0.0,1.0,674306801,True,0.3196225166320801,53,0.78574538230896,20,20,4.632527415275373,,8.237501309708875,14.943682253571167,45.15635307551427,0.06691791106312,3.100775718688965,True,SolutionResult.kSolutionFound,1,3.095093497,0.22432884187786475,2.2180063626030164,3.3522989333344193,11.158455095074713,0.998,0.998,0.0,0.0,,2.063016980918795,1.0015794539822,4.317343027227318,1.2571273805922771,acceleration,409.6609058610362,249.20332400196793,38536.174219199296,88.84493236362115,32.50474799621931
bottom,middle,2,kinetic,notebook,snopt,no-acceleration,True,0.0,1.0,674306801,True,0.3196225166320801,53,0.78574538230896,20,20,4.632527415275373,,8.237501309708875,14.943682253571167,45.15635307551427,0.022145278170000032,4.027780055999756,True,SolutionResult.kSolutionFound,1,4.02216984,0.368745220392138,3.554697312310565,5.774893588683142,16.651189366935707,1.0,1.0,0.0,0.0,,2.673728033450293,1.0015179581478229,4.9366660311792865,1.521379179657983,acceleration,414.27351419031083,252.40628191392642,40114.27975219446,99.70795901040725,26.882196632047737
bottom,middle,2,parameterized,tight,snopt,no-acceleration,True,0.0,1.0,674306801,True,0.3196225166320801,53,0.78574538230896,20,20,4.632527415275373,,8.237501309708875,14.943682253571167,45.15635307551427,0.12139603532704524,9.01097846031189,True,SolutionResult.kSolutionFound,1,9.005644218,0.009942765470649033,0.08190354358659585,0.43200402413251743,1.6816627645249942,1.0,1.0,0.0,3.846921225836297e-05,,1.3519602408121845,1.001471748916661,4.7497031362332525,1.0062403727063431,acceleration,139.65611292466764,108.45619560535658,22288.75815992741,23.967448339248904,23.499070679373233
bottom,middle,2,cspace,tight,snopt,no-acceleration,True,0.0,1.0,674306801,True,0.3196225166320801,53,0.78574538230896,20,20,4.632527415275373,,8.237501309708875,14.943682253571167,45.15635307551427,0.06691791106312,97.32052206993103,True,SolutionResult.kSolutionFound,3,97.31449516,0.015895689743108656,0.11851349357740425,0.23754013672236596,0.8573239569962706,1.0,1.0,0.0,0.0,,0.8413388532760177,1.001226436316426,5.310301235611334,1.2305972886285046,acceleration,124.39967865353874,99.95640753749402,20041.87632541867,19.79467118829505,25.001646160945665
bottom,middle,2,kinetic,tight,snopt,no-acceleration,True,0.0,1.0,674306801,True,0.3196225166320801,53,0.78574538230896,20,20,4.632527415275373,,8.237501309708875,14.943682253571167,45.15635307551427,0.022145278170000032,91.84326100349426,True,SolutionResult.kSolutionFound,1,91.83591141,0.01914937159629896,0.12103462218664843,0.24127835501222034,0.8647157849766999,1.0,1.0,0.0,0.0,,0.8406790437592435,1.0011573764280204,5.2161204741505,1.2288579102642239,acceleration,124.04200740026542,99.8593945704814,20020.489510314495,19.833099918474808,26.764029884023493
middle,bottom,1,parameterized,notebook,snopt,no-acceleration,True,0.0,1.0,1201675609,True,0.2266538143157959,38,0.7993259429931641,17,17,2.8163442298826658,,2.474295196682986,5.839731137202929,23.20792858555339,0.40415549500342135,1.2186884880065918,True,SolutionResult.kSolutionFound,1,1.21374766,0.2918204228457787,0.722049870541309,2.0710156316363015,8.961671939124615,1.0,1.0,0.0,0.0,,2.1484255983448564,1.0106109617529724,7.489501610331918,1.0510671481945886,acceleration,286.8406193036875,109.78652441733924,37170.486945031014,59.07130204139007,23.864444258479995
middle,bottom,1,cspace,notebook,snopt,no-acceleration,True,0.0,1.0,1201675609,True,0.2266538143157959,38,0.7993259429931641,17,17,2.8163442298826658,,2.474295196682986,5.839731137202929,23.20792858555339,0.1712407603201699,2.2559585571289062,True,SolutionResult.kSolutionFound,1,2.250726527,0.2687733191752845,0.9393327258358066,1.5695639208372905,6.542533965618014,1.0,1.0,0.0,0.0,,1.5667334423629,1.0007762869774954,6.541189849085573,1.165823857692105,acceleration,320.66846913268375,126.45806873185174,40588.64169320579,61.38754800220022,30.21472330847046
middle,bottom,1,kinetic,notebook,snopt,no-acceleration,True,0.0,1.0,1201675609,True,0.2266538143157959,38,0.7993259429931641,17,17,2.8163442298826658,,2.474295196682986,5.839731137202929,23.20792858555339,0.0430887227316998,2.7939491271972656,True,SolutionResult.kSolutionFound,1,2.788938463,0.28528627391597927,1.0559733034076961,1.781916773199912,6.620903471480668,1.0,1.0,0.0,0.0,,1.581404927834059,1.0019002426899917,7.180943536206716,1.2496231672173648,acceleration,328.12656352833335,130.60656964206754,39020.7937669818,61.618758569905694,30.78272651571869
middle,bottom,1,parameterized,tight,snopt,no-acceleration,True,0.0,1.0,1201675609,True,0.2266538143157959,38,0.7993259429931641,17,17,2.8163442298826658,,2.474295196682986,5.839731137202929,23.20792858555339,0.40415549500342135,7.211919546127319,True,SolutionResult.kSolutionFound,1,7.206555612,0.04054341667619538,0.1003163811390273,0.5294329908576128,2.048156578210801,1.0,1.0,0.0,5.145203672007881e-05,,1.3409863167229257,1.0010620745820493,4.753408017018587,1.012334884020167,acceleration,140.0539444595267,34.461889133916124,22262.73933884792,23.8360846399379,25.120963421736295
middle,bottom,1,cspace,tight,snopt,no-acceleration,True,0.0,1.0,1201675609,True,0.2266538143157959,38,0.7993259429931641,17,17,2.8163442298826658,,2.474295196682986,5.839731137202929,23.20792858555339,0.1712407603201699,64.17017793655396,True,SolutionResult.kSolutionFound,1,64.164833433,0.05123154429466867,0.15144489984402754,0.2991784444245676,1.081851105036921,1.0,1.0,0.0,0.0,,0.8343283200790806,1.0009327753028865,4.432209863196779,1.174164440607658,acceleration,130.73564120024741,30.462872274884763,20532.8458020466,20.25111584081354,26.273874849076787
middle,bottom,1,kinetic,tight,snopt,no-acceleration,True,0.0,1.0,1201675609,True,0.2266538143157959,38,0.7993259429931641,17,17,2.8163442298826658,,2.474295196682986,5.839731137202929,23.20792858555339,0.0430887227316998,65.797438621521,True,SolutionResult.kSolutionFound,1,65.790851136,0.046403868095619485,0.15103991081594176,0.30077789454903037,1.0769376568565763,1.0,1.0,0.0,0.0,,0.8443548482118811,1.0014243261541764,4.47481414034465,1.1838080493961376,acceleration,130.40769683438612,30.473335952588084,20125.541711906626,20.05863026240538,26.921258360179156
bottom,top,6,parameterized,notebook,snopt,no-acceleration,True,0.0,1.0,60791049,True,0.24449586868286133,38,0.55307936668396,18,18,3.4154855895954026,,1.852256460262831,6.251276344699553,26.2689665364841,0.5398820419598387,1.3903722763061523,True,SolutionResult.kSolutionFound,1,1.38147833,0.3849432033872714,0.7130135353083382,3.5092960776023054,14.333765442894444,1.0,1.0,0.0,0.0,,2.84728386535739,1.0064558536602648,6.95768939101751,1.0563439418582357,acceleration,323.17034994068234,241.8160996251657,32863.36223710369,67.3859451881257,26.08568307882929
bottom,top,6,cspace,notebook,snopt,no-acceleration,True,0.0,1.0,60791049,True,0.24449586868286133,38,0.55307936668396,18,18,3.4154855895954026,,1.852256460262831,6.251276344699553,26.2689665364841,0.1599673322469416,2.3996026515960693,True,SolutionResult.kSolutionFound,1,2.393929973,0.2771552152320869,0.9241675038348734,1.7325738407904583,7.093395479871975,0.994,0.994,0.0,0.0,,1.777479905737007,1.001268248689193,5.666560502732103,1.0,acceleration,324.928139432512,240.89895338042624,31976.80445320447,58.72742595358437,31.990398219127954
bottom,top,6,kinetic,notebook,snopt,no-acceleration,True,0.0,1.0,60791049,True,0.24449586868286133,38,0.55307936668396,18,18,3.4154855895954026,,1.852256460262831,6.251276344699553,26.2689665364841,0.038067732836430127,3.5174710750579834,True,SolutionResult.kSolutionFound,1,3.511954789,0.26894890287652684,1.118765867759097,1.9461249807404952,7.065009729687595,0.994,0.994,0.0,0.0,,1.704888355992484,1.001004384078278,6.381277137078215,1.080986706325127,acceleration,330.6102105643899,241.53404028584953,33770.6755631409,60.36562538246955,34.23765195448807
bottom,top,6,parameterized,tight,snopt,no-acceleration,True,0.0,1.0,60791049,True,0.24449586868286133,38,0.55307936668396,18,18,3.4154855895954026,,1.852256460262831,6.251276344699553,26.2689665364841,0.5398820419598387,8.509409189224243,True,SolutionResult.kSolutionFound,1,8.50446325,0.2423838399682998,0.44895703344458887,2.602219203665457,10.617946448544796,1.0,1.0,0.0,2.7568314616033263e-05,,2.729558789977351,1.0026708184613329,6.536482578942703,0.8627898276069166,acceleration,315.50205936392956,236.07441376256048,32248.09313792918,63.72205866531038,23.227112744318237
bottom,top,6,cspace,tight,snopt,no-acceleration,True,0.0,1.0,60791049,True,0.24449586868286133,38,0.55307936668396,18,18,3.4154855895954026,,1.852256460262831,6.251276344699553,26.2689665364841,0.1599673322469416,107.2817006111145,True,SolutionResult.kSolutionFound,1,107.276479323,0.19427638579763631,0.6429021355315176,1.2144753748704882,5.115870879462054,0.996,0.996,0.0,0.0,,1.552484138046714,1.0008871264642896,5.10748808846156,1.2116810418661355,acceleration,278.50506038198307,217.75452485175583,29402.617330299625,53.70274945896551,29.004006537721256
bottom,top,6,kinetic,tight,snopt,no-acceleration,True,0.0,1.0,60791049,True,0.24449586868286133,38,0.55307936668396,18,18,3.4154855895954026,,1.852256460262831,6.251276344699553,26.2689665364841,0.038067732836430127,111.92720127105713,True,SolutionResult.kSolutionFound,3,111.921160452,0.17655113788947138,0.6558927096686933,1.232618467188091,4.637815933196715,1.0,1.0,0.0,0.0,,1.44840064582681,1.001039371564552,4.677539039298145,1.213036094820509,acceleration,279.6434870348353,218.37323954811382,24764.59117730592,54.20170337049019,29.076398700272915
middle,bottom,8,parameterized,notebook,snopt,no-acceleration,True,0.0,1.0,1048356349,True,0.27263593673706055,43,0.6977846622467041,14,14,2.682591126185637,,3.4904423638538207,7.437484570993336,27.935827565133433,0.28649663731902836,2.6299891471862793,True,SolutionResult.kSolutionFound,1,2.624441793,0.1901157965739756,0.6635882303996172,2.090180913248483,8.312112279480436,1.0,1.0,0.0,0.0,,1.7933347020100712,1.0024548302186167,6.209654703703538,1.162412846213042,acceleration,267.1942667899509,100.36395380684101,31223.876670225603,49.45507655318326,22.634201856209188
middle,bottom,8,cspace,notebook,snopt,no-acceleration,True,0.0,1.0,1048356349,True,0.27263593673706055,43,0.6977846622467041,14,14,2.682591126185637,,3.4904423638538207,7.437484570993336,27.935827565133433,0.1344540604359791,1.8555595874786377,True,SolutionResult.kSolutionFound,1,1.850261166,0.2725632283414611,1.2297509502842874,2.0271848054097505,7.107227844197884,1.0,1.0,0.0,0.0,,1.5007842950588304,1.0011509541040384,4.377116084423541,1.1001345101796862,acceleration,294.8574341776973,115.92969956470262,31201.815098671366,57.641995177987624,29.899940419710337
middle,bottom,8,kinetic,notebook,snopt,no-acceleration,True,0.0,1.0,1048356349,True,0.27263593673706055,43,0.6977846622467041,14,14,2.682591126185637,,3.4904423638538207,7.437484570993336,27.935827565133433,0.03579632633643884,1.5957131385803223,True,SolutionResult.kSolutionFound,1,1.59065222,0.2989705654007832,1.704398187339939,2.6803987443873836,8.351990162086727,1.0,1.0,0.0,0.0,,1.6008458514784887,1.000955251027074,4.845482131784641,1.1502091434064012,acceleration,322.1050008673135,129.25955184620892,30710.784657544904,58.78997912446209,29.26073184991801
middle,bottom,8,parameterized,tight,snopt,no-acceleration,True,0.0,1.0,1048356349,True,0.27263593673706055,43,0.6977846622467041,14,14,2.682591126185637,,3.4904423638538207,7.437484570993336,27.935827565133433,0.28649663731902836,5.558574676513672,True,SolutionResult.kSolutionFound,1,5.553634753,0.03587479852329447,0.12521891656042927,0.6706246671973566,2.567123582098486,1.0,1.0,0.0,6.376016617792857e-05,,1.347070150572068,1.0017715384366668,4.772664663589341,1.0000152086261247,acceleration,140.21655973091976,34.32238882211359,22421.314540954234,23.601055162150644,23.287462174162474
middle,bottom,8,cspace,tight,snopt,no-acceleration,True,0.0,1.0,1048356349,True,0.27263593673706055,43,0.6977846622467041,14,14,2.682591126185637,,3.4904423638538207,7.437484570993336,27.935827565133433,0.1344540604359791,39.57115387916565,True,SolutionResult.kSolutionFound,1,39.565984172,0.0536660704029946,0.20399799978361646,0.3991405706081143,1.4329388291251801,1.0,1.0,0.0,0.0,,0.8399289570505754,1.0016705125648937,4.261010903050606,1.154824847537115,acceleration,129.24176373281682,29.10057558090681,20481.870459966165,20.259512624129037,26.730111279159136
middle,bottom,8,kinetic,tight,snopt,no-acceleration,True,0.0,1.0,1048356349,True,0.27263593673706055,43,0.6977846622467041,14,14,2.682591126185637,,3.4904423638538207,7.437484570993336,27.935827565133433,0.03579632633643884,32.64426898956299,True,SolutionResult.kSolutionFound,1,32.637331485,0.050628056019769434,0.20162350879809832,0.39840668677530405,1.4143366429261945,1.0,1.0,0.0,0.0,,0.8504918074544789,1.0009732283970563,4.321353314686868,1.153598401733218,acceleration,130.98493759800778,30.293745433133104,20009.381364429806,20.235975036654008,25.844391676578848
middle,bottom,9,parameterized,notebook,snopt,no-acceleration,True,0.0,1.0,1232835947,True,0.09292054176330566,28,0.5196261405944824,12,12,2.129339841627099,,2.763967159217897,5.654108543375072,17.962444524996528,0.36179879947740184,1.078718900680542,True,SolutionResult.kSolutionFound,1,1.07348177,0.24295753095727762,0.671526636650583,1.9484643678237692,7.270371985167366,1.0,1.0,0.0,0.0,,1.436551842081372,1.0018356844064886,5.23796414042181,1.1979625463506594,acceleration,263.78627703894927,98.38087555376624,27043.989430957,48.16030994261675,36.511441642123685
middle,bottom,9,cspace,notebook,snopt,no-acceleration,True,0.0,1.0,1232835947,True,0.09292054176330566,28,0.5196261405944824,12,12,2.129339841627099,,2.763967159217897,5.654108543375072,17.962444524996528,0.17686254027997067,3.694918632507324,True,SolutionResult.kSolutionFound,1,3.689184711,0.14236831674166484,0.389291904788708,0.8049659159949754,3.3621511830434616,1.0,1.0,0.0,0.0,,1.0399983176373946,1.0005808702956194,5.48462239579088,1.151060219298714,acceleration,181.7060610069405,56.260818511297394,28456.98451675538,34.830501911554386,31.31692102766992
middle,bottom,9,kinetic,notebook,snopt,no-acceleration,True,0.0,1.0,1232835947,True,0.09292054176330566,28,0.5196261405944824,12,12,2.129339841627099,,2.763967159217897,5.654108543375072,17.962444524996528,0.05567170986156147,3.6881275177001953,True,SolutionResult.kSolutionFound,1,3.683055822,0.2627537796177947,0.8794771154632979,1.5139736509872597,4.719700190117802,1.0,1.0,0.0,0.0,,0.9843604493466982,1.0004566654758926,4.072005634953647,1.0582943827244056,acceleration,288.3696296975592,110.90834835815215,27494.59404183259,49.36524096148027,39.0438964844122
middle,bottom,9,parameterized,tight,snopt,no-acceleration,True,0.0,1.0,1232835947,True,0.09292054176330566,28,0.5196261405944824,12,12,2.129339841627099,,2.763967159217897,5.654108543375072,17.962444524996528,0.36179879947740184,4.254472494125366,True,SolutionResult.kSolutionFound,1,4.249294085,0.05203246149137629,0.1438160147754374,0.7980046134122913,3.047882694696373,1.0,1.0,0.0,2.154012873401001e-05,,1.3535233847065602,1.0008195532551118,4.894848752762153,0.9990042072527724,acceleration,139.8719375524163,34.848094385563954,22021.189859281807,23.65584836690286,23.59143792838246
middle,bottom,9,cspace,tight,snopt,no-acceleration,True,0.0,1.0,1232835947,True,0.09292054176330566,28,0.5196261405944824,12,12,2.129339841627099,,2.763967159217897,5.654108543375072,17.962444524996528,0.17686254027997067,31.688400745391846,True,SolutionResult.kSolutionFound,1,31.682869401,0.07522914332628874,0.2143589064422321,0.4253537419919569,1.5266931848004088,1.0,1.0,0.0,0.0,,0.8371373420049316,1.000584476933192,4.3568474261246966,1.1051863486987334,acceleration,129.58074017898036,29.610415376256135,20564.07250164284,20.036859944808114,28.87086879977741
middle,bottom,9,kinetic,tight,snopt,no-acceleration,True,0.0,1.0,1232835947,True,0.09292054176330566,28,0.5196261405944824,12,12,2.129339841627099,,2.763967159217897,5.654108543375072,17.962444524996528,0.05567170986156147,33.10608744621277,True,SolutionResult.kSolutionFound,3,33.09962883,0.08464083655176587,0.21151992289243526,0.427461013756148,1.5203563311103923,1.0,1.0,0.0,0.0,,0.8557477342753755,1.0005207120689215,4.2168141645273245,1.1059804752291,acceleration,124.39224870340405,27.151860361645593,19197.08274509516,19.595030744655915,26.497963060615763
middle,bottom,0,parameterized,notebook,snopt,no-acceleration,True,0.0,1.0,816262607,True,0.2678534984588623,27,0.5634434223175049,19,19,2.740033601383101,,2.224283686720811,4.543780245382948,14.983944406659015,0.449582940328204,0.9095501899719238,True,SolutionResult.kSolutionFound,1,0.901362616,0.36643465680586373,0.8150546293824199,1.735274510076361,5.815202677292834,1.0,1.0,0.0,0.0,,1.44765655336669,1.0006371910599996,2.77138808646795,1.1939301117216994,acceleration,271.3005375476753,103.45330828845844,24776.061602525457,60.69903959533224,31.251450540346877
middle,bottom,0,cspace,notebook,snopt,no-acceleration,True,0.0,1.0,816262607,True,0.2678534984588623,27,0.5634434223175049,19,19,2.740033601383101,,2.224283686720811,4.543780245382948,14.983944406659015,0.22008106598379748,5.432681560516357,True,SolutionResult.kSolutionFound,1,5.427536735,0.23858567374818834,0.6133879591006579,1.0840808712083994,3.8439210246193856,1.0,1.0,0.0,0.0,,1.2719586154537703,1.0022357742486032,4.097267513287665,1.2437607084122082,acceleration,291.4219135212836,113.19232292174824,30202.480613470245,51.06407575568841,33.62557979087392
middle,bottom,0,kinetic,notebook,snopt,no-acceleration,True,0.0,1.0,816262607,True,0.2678534984588623,27,0.5634434223175049,19,19,2.740033601383101,,2.224283686720811,4.543780245382948,14.983944406659015,0.06673810132101064,7.62489128112793,True,SolutionResult.kSolutionFound,1,7.616741346,0.2212644257357673,0.5663413972675675,1.0076204039842822,3.31541385439607,1.0,1.0,0.0,0.0,,1.1095013196789048,1.001580035858637,3.534653873990954,1.20801228035886,acceleration,283.190235245748,108.09049307832437,29235.730880706975,51.58939142069859,32.19507780584008
middle,bottom,0,parameterized,tight,snopt,no-acceleration,True,0.0,1.0,816262607,True,0.2678534984588623,27,0.5634434223175049,19,19,2.740033601383101,,2.224283686720811,4.543780245382948,14.983944406659015,0.449582940328204,8.869247436523438,True,SolutionResult.kSolutionFound,1,8.863762021,0.038783260288083245,0.0862649731766289,0.4512707783334421,1.74499233636104,1.0,1.0,0.0,5.588867439243472e-05,,1.3446008200237896,1.001321793253742,4.76774222614541,0.9961238250251593,acceleration,139.3263953869289,34.949436733863934,22194.90447934441,23.774106929190687,24.135455944798174
middle,bottom,0,cspace,tight,snopt,no-acceleration,True,0.0,1.0,816262607,True,0.2678534984588623,27,0.5634434223175049,19,19,2.740033601383101,,2.224283686720811,4.543780245382948,14.983944406659015,0.22008106598379748,86.70507860183716,True,SolutionResult.kSolutionFound,3,86.699950871,0.05658596944074758,0.1294032496943115,0.25711421011071206,0.9260382908735703,1.0,1.0,0.0,0.0,,0.8393700506038377,1.00104023151389,4.5447759684153235,1.2036712277384287,acceleration,128.16882684381554,27.671201513072706,20484.081189093456,19.89438867424921,26.886323572357558
middle,bottom,0,kinetic,tight,snopt,no-acceleration,True,0.0,1.0,816262607,True,0.2678534984588623,27,0.5634434223175049,19,19,2.740033601383101,,2.224283686720811,4.543780245382948,14.983944406659015,0.06673810132101064,73.94497442245483,True,SolutionResult.kSolutionFound,3,73.93968521,0.061701220644263824,0.1284314258161806,0.2591447074291087,0.9245276599566511,1.0,1.0,0.0,0.0,,0.8540832053271186,1.0013885172965764,4.578290730274349,1.204599217414677,acceleration,125.14484267596154,27.268425846623046,19702.61049215127,19.55475573517543,25.547894310153396
middle,bottom,3,parameterized,notebook,snopt,no-acceleration,True,0.0,1.0,699300981,True,0.35021448135375977,31,0.819758415222168,15,15,2.4361401938366907,,3.903699361221895,7.73125168914266,31.34164163919005,0.2561672678827886,2.2434394359588623,True,SolutionResult.kSolutionFound,1,2.237007901,0.13978010840566776,0.5456595198947312,1.9010348524244258,8.518152463189132,1.0,1.0,0.0,0.0,,1.9011184679029303,1.0025432414795292,7.081266070844326,1.2436154072984613,acceleration,248.07126759744764,90.7853450008493,31292.33829594506,53.789548580952626,26.92866413458152
middle,bottom,3,cspace,notebook,snopt,no-acceleration,True,0.0,1.0,699300981,True,0.35021448135375977,31,0.819758415222168,15,15,2.4361401938366907,,3.903699361221895,7.73125168914266,31.34164163919005,0.1293451617160963,3.4516983032226562,True,SolutionResult.kSolutionFound,1,3.445444081,0.23250301800188938,1.0305298705651842,1.797539350657874,7.089423717743731,1.0,1.0,0.0,0.0,,1.3956251731254317,1.001016691713458,6.450245256458062,1.1855261658657346,acceleration,282.8295320814479,108.5127061098384,32727.989635548063,60.38467518560725,29.419933002055114
middle,bottom,3,kinetic,notebook,snopt,no-acceleration,True,0.0,1.0,699300981,True,0.35021448135375977,31,0.819758415222168,15,15,2.4361401938366907,,3.903699361221895,7.73125168914266,31.34164163919005,0.03190643334871091,5.643054246902466,True,SolutionResult.kSolutionFound,1,5.637512448,0.22443436845753822,1.1160966206690044,1.9296326581198098,7.034141547714103,1.0,1.0,0.0,0.0,,1.4067914543679187,1.0013038825248077,6.094202044098286,1.1979746491259855,acceleration,295.27374632744704,114.3736215029437,33799.42777391717,61.09677367696153,29.538338476992813
middle,bottom,3,parameterized,tight,snopt,no-acceleration,True,0.0,1.0,699300981,True,0.35021448135375977,31,0.819758415222168,15,15,2.4361401938366907,,3.903699361221895,7.73125168914266,31.34164163919005,0.2561672678827886,6.927444696426392,True,SolutionResult.kSolutionFound,1,6.922273598,0.029238252546491574,0.1141373477889806,0.5986723669556318,2.3107348357077466,1.0,1.0,0.0,8.0031141642678e-05,,1.3371251034813598,1.0012879105010033,4.7025669965130765,0.9959206513869024,acceleration,137.2585202112383,34.03709412715624,21768.10477602167,23.74590004884411,24.841714145565263
middle,bottom,3,cspace,tight,snopt,no-acceleration,True,0.0,1.0,699300981,True,0.35021448135375977,31,0.819758415222168,15,15,2.4361401938366907,,3.903699361221895,7.73125168914266,31.34164163919005,0.1293451617160963,48.20365595817566,True,SolutionResult.kSolutionFound,1,48.198498236,0.04725674083999424,0.1878733411149364,0.36535375744258236,1.3112323806803379,1.0,1.0,0.0,0.0,,0.8418340758111815,1.00097435294515,4.325954575700982,1.156080123032884,acceleration,132.2402637054382,30.388675035947116,20775.588523418985,20.178421766723698,28.68604584011042
middle,bottom,3,kinetic,tight,snopt,no-acceleration,True,0.0,1.0,699300981,True,0.35021448135375977,31,0.819758415222168,15,15,2.4361401938366907,,3.903699361221895,7.73125168914266,31.34164163919005,0.03190643334871091,87.77066349983215,True,SolutionResult.kSolutionFound,1,87.763324138,0.0419570546331377,0.18763344240173052,0.3700699729305373,1.3150029705477206,1.0,1.0,0.0,0.0,,0.8503043013279801,1.0008023942100799,4.33419581673274,1.1674887385013635,acceleration,132.38049478100913,30.426947935210798,20250.953562825787,20.28093205881295,27.324173834165006
bottom,top,0,parameterized,notebook,snopt,no-acceleration,True,0.0,1.0,1794915388,True,0.6036443710327148,40,0.7531123161315918,25,25,3.7888485041374627,,1.9570470616712254,5.9265147016340265,23.288710903762997,0.5109739155409209,1.7645914554595947,True,SolutionResult.kSolutionFound,1,1.752768048,0.4717625279700101,0.9232614691703035,2.7834958628364728,11.274038691237223,1.0,1.0,0.0,0.0,,2.725127671218523,1.0028381316938688,5.5574718641513625,1.0007046112391838,acceleration,369.9729131450298,263.3343579178832,41979.21305880163,78.20451996032371,25.080087444186553
bottom,top,0,cspace,notebook,snopt,no-acceleration,True,0.0,1.0,1794915388,True,0.6036443710327148,40,0.7531123161315918,25,25,3.7888485041374627,,1.9570470616712254,5.9265147016340265,23.288710903762997,0.16873323535741597,4.533740758895874,True,SolutionResult.kSolutionFound,1,4.524788819,0.2199329567821657,0.7666304066901507,1.303435901743346,5.586620750878475,0.994,0.994,0.0,0.0,,1.962784007163424,1.0025865872079616,3.827393700018725,0.9999999999999998,acceleration,313.6501175717534,234.76855513818947,38162.7032248759,63.82775445526425,31.351085230269526
bottom,top,0,kinetic,notebook,snopt,no-acceleration,True,0.0,1.0,1794915388,True,0.6036443710327148,40,0.7531123161315918,25,25,3.7888485041374627,,1.9570470616712254,5.9265147016340265,23.288710903762997,0.04293925946061788,7.749289512634277,True,SolutionResult.kSolutionFound,1,7.741436285,0.21965933429813675,0.7717630664968109,1.3005419987689706,5.115582733782338,0.994,0.994,0.0,0.0,,1.844135931174494,1.0025964629282718,5.878310894045301,1.0593615714387623,acceleration,317.0278475387298,237.7078644562872,37518.75523589166,64.18624662030456,30.82449838257216
bottom,top,0,parameterized,tight,snopt,no-acceleration,True,0.0,1.0,1794915388,True,0.6036443710327148,40,0.7531123161315918,25,25,3.7888485041374627,,1.9570470616712254,5.9265147016340265,23.288710903762997,0.5109739155409209,14.51454496383667,True,SolutionResult.kSolutionFound,1,14.508353922,0.16049075608706537,0.31408796262558347,2.374098218501847,9.704963868096286,0.996,0.996,0.0,5.089134367919357e-05,,3.0944589354693086,1.0058415462580024,8.122738154466115,1.0156226453178707,acceleration,343.82050927307876,247.5690357917287,39316.87049428427,67.90644334727972,25.23844638597543
bottom,top,0,cspace,tight,snopt,no-acceleration,True,0.0,1.0,1794915388,True,0.6036443710327148,40,0.7531123161315918,25,25,3.7888485041374627,,1.9570470616712254,5.9265147016340265,23.288710903762997,0.16873323535741597,174.80932092666626,True,SolutionResult.kSolutionFound,1,174.803678822,0.15008085559592457,0.47052319133037457,0.88945639712306,3.830582386700995,1.0,1.0,0.0,0.0,,1.6442171774242966,1.0019053551969286,5.217216270193059,1.1146830185056102,acceleration,281.50049441380963,219.31843405152958,34432.41950164661,54.2043102700474,27.96328142767783
bottom,top,0,kinetic,tight,snopt,no-acceleration,True,0.0,1.0,1794915388,True,0.6036443710327148,40,0.7531123161315918,25,25,3.7888485041374627,,1.9570470616712254,5.9265147016340265,23.288710903762997,0.04293925946061788,56.071040391922,False,SolutionResult.kSolverSpecificError,41,56.065519093,0.16355603551786704,0.55341559993352,0.964985123436204,3.809009227741199,1.0,1.0,0.0,0.0,,1.6155108647858183,1.001982944218685,5.714620757209087,1.0805689100304707,acceleration,282.0600443210051,218.48489575275153,34688.55025628681,55.90682119593103,30.048580625140637
middle,top,9,parameterized,notebook,snopt,no-acceleration,True,0.0,1.0,945657374,True,0.1611783504486084,28,0.7560231685638428,17,17,2.6763310039980066,,1.6355347867186079,4.82756952813985,16.12178307895864,0.6114208075062172,2.2890610694885254,True,SolutionResult.kSolutionFound,1,2.281530796,0.22769407089199967,0.3724015736734433,2.4456765734899086,9.85681635238203,0.998,0.998,0.0,1.759955023983295e-05,,2.817110086402614,1.001824703080368,5.2142046305094185,0.870912975395196,acceleration,258.60713626480816,171.2154983452616,34659.25017649003,53.38526164316273,26.871365459483513
middle,top,9,cspace,notebook,snopt,no-acceleration,True,0.0,1.0,945657374,True,0.1611783504486084,28,0.7560231685638428,17,17,2.6763310039980066,,1.6355347867186079,4.82756952813985,16.12178307895864,0.20714357280014528,2.7962889671325684,True,SolutionResult.kSolutionFound,1,2.789400954,0.27112124251480224,0.7036926182317088,1.3088566487958737,4.5254313230835015,1.0,1.0,0.0,0.0,,1.3538571832863753,1.001499675216436,6.586247140864004,1.1891985184290885,acceleration,258.1618801072059,170.6612245287661,27785.085250504264,51.61892018080997,30.329353247007514
middle,top,9,kinetic,notebook,snopt,no-acceleration,True,0.0,1.0,945657374,True,0.1611783504486084,28,0.7560231685638428,17,17,2.6763310039980066,,1.6355347867186079,4.82756952813985,16.12178307895864,0.0620278783743934,3.772005319595337,True,SolutionResult.kSolutionFound,1,3.765057376,0.27919183767033745,0.7899071332181891,1.3993766524807119,4.501070244337012,0.998,0.998,0.0,0.0,,1.322489458635224,1.0018827102640253,6.5477290758892455,1.0091531428417446,acceleration,266.99296921668554,175.07896263416987,27272.845223298158,52.574709200283415,32.86632357168296
middle,top,9,parameterized,tight,snopt,no-acceleration,True,0.0,1.0,945657374,True,0.1611783504486084,28,0.7560231685638428,17,17,2.6763310039980066,,1.6355347867186079,4.82756952813985,16.12178307895864,0.6114208075062172,4.552955627441406,True,SolutionResult.kSolutionFound,1,4.547080258,0.20512665703726102,0.3354917832677391,2.141381556714595,8.644557232417036,1.0,1.0,0.0,2.6975572273268966e-05,,2.5505534861387025,1.0048254883898384,7.980637485382874,1.0007953314392943,acceleration,248.74526592783312,165.40606402058432,32581.136273529155,51.4690749736357,27.606969969029368
middle,top,9,cspace,tight,snopt,no-acceleration,True,0.0,1.0,945657374,True,0.1611783504486084,28,0.7560231685638428,17,17,2.6763310039980066,,1.6355347867186079,4.82756952813985,16.12178307895864,0.20714357280014528,22.342962741851807,False,SolutionResult.kSolverSpecificError,41,22.33758638,0.1907921116599255,0.46789529278527864,0.9210621844589124,3.533434375031989,0.996,0.996,0.0,0.0,,1.276895190754067,1.0008545850169013,5.391751735111423,1.1936526156889182,acceleration,226.82381860066994,153.8815795271664,31002.79883189078,44.30292469661064,30.369044490353055
middle,top,9,kinetic,tight,snopt,no-acceleration,True,0.0,1.0,945657374,True,0.1611783504486084,28,0.7560231685638428,17,17,2.6763310039980066,,1.6355347867186079,4.82756952813985,16.12178307895864,0.0620278783743934,22.059272050857544,False,SolutionResult.kSolverSpecificError,41,22.053070123,0.2071340628292258,0.4941470094811564,0.9412875837092053,3.339370429196169,1.0,1.0,0.0,0.0,,1.2323526583180817,1.0007393265222417,6.232915805922742,1.18484940873117,acceleration,229.22581526535743,155.12353904590975,28734.226667214803,43.82326343084574,32.02318392736824
middle,bottom,6,parameterized,notebook,snopt,no-acceleration,True,0.0,1.0,1506052346,True,0.1996142864227295,36,0.525562047958374,13,13,2.0284213294921845,,1.728786089733636,3.5874106350990482,14.525545530799203,0.5784405635483079,1.4648451805114746,True,SolutionResult.kSolutionFound,1,1.459598732,0.19519984117286887,0.3374587701378729,1.4034955120541415,6.471710257718201,1.0,1.0,0.0,0.0,,1.6823946729112402,1.00120352346963,5.280849856138654,1.2357958831827158,acceleration,209.57072348252615,69.78621966083904,32765.001581961456,41.62752559772192,28.001002389426002
middle,bottom,6,cspace,notebook,snopt,no-acceleration,True,0.0,1.0,1506052346,True,0.1996142864227295,36,0.525562047958374,13,13,2.0284213294921845,,1.728786089733636,3.5874106350990482,14.525545530799203,0.2787525883477206,6.23374342918396,True,SolutionResult.kSolutionFound,1,6.227709311,0.2124120637645697,0.3678877964900078,0.7620092965723548,3.638262403327904,1.0,1.0,0.0,0.0,,1.1018412808721174,1.0006581442238895,6.389981742259459,1.1395280299159132,acceleration,172.99919839341305,51.982311392495646,34953.516177786565,38.72936635226533,34.55480556868934
middle,bottom,6,kinetic,notebook,snopt,no-acceleration,True,0.0,1.0,1506052346,True,0.1996142864227295,36,0.525562047958374,13,13,2.0284213294921845,,1.728786089733636,3.5874106350990482,14.525545530799203,0.06884423017914561,4.4873738288879395,True,SolutionResult.kSolutionFound,1,4.482195954,0.3191016226480926,0.6527285353199079,1.170606387193525,4.635125148726775,1.0,1.0,0.0,0.0,,1.2302777902992845,1.000765650474869,4.909334003274418,1.1020209904547646,acceleration,221.3903001747709,76.3915823523107,34419.76562600734,43.77188180577581,32.93087704282916
middle,bottom,6,parameterized,tight,snopt,no-acceleration,True,0.0,1.0,1506052346,True,0.1996142864227295,36,0.525562047958374,13,13,2.0284213294921845,,1.728786089733636,3.5874106350990482,14.525545530799203,0.5784405635483079,4.7429633140563965,True,SolutionResult.kSolutionFound,1,4.73674861,0.07613078872463379,0.13161384854759967,0.6980589719620698,2.67966960498833,1.0,1.0,0.0,5.283673379929965e-05,,1.3392296460129924,1.000899571250834,4.8158602664527645,0.9974228099032346,acceleration,139.5281081992918,35.14921383350288,21910.00516779173,23.677296191656822,25.9548598596
middle,bottom,6,cspace,tight,snopt,no-acceleration,True,0.0,1.0,1506052346,True,0.1996142864227295,36,0.525562047958374,13,13,2.0284213294921845,,1.728786089733636,3.5874106350990482,14.525545530799203,0.2787525883477206,118.0718924999237,True,SolutionResult.kSolutionFound,1,118.0630417,0.10742259392798498,0.19301520747286383,0.38536895590717984,1.385417827157463,1.0,1.0,0.0,0.0,,0.8379530474760593,1.0005475849247516,4.261163711721516,1.1182224603881343,acceleration,132.88656770237827,30.570614905101074,20699.869321712955,20.02136898147393,30.027793437500097
middle,bottom,6,kinetic,tight,snopt,no-acceleration,True,0.0,1.0,1506052346,True,0.1996142864227295,36,0.525562047958374,13,13,2.0284213294921845,,1.728786089733636,3.5874106350990482,14.525545530799203,0.06884423017914561,36.803438901901245,True,SolutionResult.kSolutionFound,1,36.797624105,0.09569556890297076,0.1954776662252096,0.39041435532973606,1.3900303431958339,1.0,1.0,0.0,0.0,,0.8479959102898653,1.000461973163137,4.2888173320741725,1.119242685897428,acceleration,126.35884624946168,28.294372389698403,19383.654493115537,19.7868849330306,26.560343778418854
middle,bottom,7,parameterized,notebook,snopt,no-acceleration,True,0.0,1.0,784578668,True,0.28526926040649414,33,1.193037509918213,18,18,2.6948628613147356,,2.880603511955254,4.609370680221314,18.020036633700425,0.34714947609059693,1.3578002452850342,True,SolutionResult.kSolutionFound,1,1.350847062,0.40955958680875787,1.1797787841162528,2.033961104749553,7.8599557928666925,1.0,1.0,0.0,0.0,,1.6147047777236552,1.0008337123174618,4.830202483019719,1.2124543702499988,acceleration,307.54425740212923,122.28152090427503,35255.79625448022,67.59553484665706,27.742327701333576
middle,bottom,7,cspace,notebook,snopt,no-acceleration,True,0.0,1.0,784578668,True,0.28526926040649414,33,1.193037509918213,18,18,2.6948628613147356,,2.880603511955254,4.609370680221314,18.020036633700425,0.21694935586130515,1.9020719528198242,True,SolutionResult.kSolutionFound,1,1.889455182,0.4155040722176053,1.2091279751440236,1.9152122879923894,7.194982391991227,1.0,1.0,0.0,0.0,,1.5751599904845621,1.001247562588117,4.823310103128044,1.1837759936468266,acceleration,294.9848555172489,114.66732413244176,33408.945144708334,64.46340217225713,27.769884814286076
middle,bottom,7,kinetic,notebook,snopt,no-acceleration,True,0.0,1.0,784578668,True,0.28526926040649414,33,1.193037509918213,18,18,2.6948628613147356,,2.880603511955254,4.609370680221314,18.020036633700425,0.05549378285557067,4.192960262298584,True,SolutionResult.kSolutionFound,1,4.186264301,0.2563302851337529,0.7452436559352384,1.2875141707920814,4.619081128437103,1.0,1.0,0.0,0.0,,1.2695581351605045,1.0016519337518535,4.497660730659381,1.1427099862303838,acceleration,304.43360501644656,119.60844467627413,32200.614902244866,57.474105270085,30.9543679537623
middle,bottom,7,parameterized,tight,snopt,no-acceleration,True,0.0,1.0,784578668,True,0.28526926040649414,33,1.193037509918213,18,18,2.6948628613147356,,2.880603511955254,4.609370680221314,18.020036633700425,0.34714947609059693,8.170699834823608,True,SolutionResult.kSolutionFound,1,8.163929424,0.03193115884999663,0.09198100832409993,0.4765661219835987,1.8431375082288923,1.0,1.0,0.0,7.643404233848017e-05,,1.3379570104017298,1.0011670144238487,4.782601030394437,0.9961267935931897,acceleration,138.07796540992183,34.240931642579284,22062.474495169947,23.75580604620369,25.462557215342784
middle,bottom,7,cspace,tight,snopt,no-acceleration,True,0.0,1.0,784578668,True,0.28526926040649414,33,1.193037509918213,18,18,2.6948628613147356,,2.880603511955254,4.609370680221314,18.020036633700425,0.21694935586130515,67.79468321800232,True,SolutionResult.kSolutionFound,1,67.789230885,0.06215031501825731,0.14523552973295617,0.2864738398116737,1.029699841529432,1.0,1.0,0.0,0.0,,0.84098763633848,1.0014868860061028,4.49131635716746,1.1889418368172762,acceleration,123.70091715056952,26.382884900988067,20170.39553537947,19.96071251693973,25.379719770842524
middle,bottom,7,kinetic,tight,snopt,no-acceleration,True,0.0,1.0,784578668,True,0.28526926040649414,33,1.193037509918213,18,18,2.6948628613147356,,2.880603511955254,4.609370680221314,18.020036633700425,0.05549378285557067,72.2772228717804,True,SolutionResult.kSolutionFound,1,72.271532383,0.05859827866423218,0.14972631613760554,0.29593708149087544,1.0559431282012501,1.0,1.0,0.0,0.0,,0.8484389592944364,1.0013484321918573,4.187132495076561,1.2135347050469891,acceleration,131.04067597045906,29.850504175279468,19830.05851238366,20.13458182736838,25.855158584686816
middle,top,4,parameterized,notebook,snopt,no-acceleration,True,0.0,1.0,1189931683,True,0.11542510986328125,25,0.4663078784942627,16,16,2.933518319090016,,1.253168083636025,5.001948057844432,20.01970822854421,0.7979775522997151,2.6726725101470947,True,SolutionResult.kSolutionFound,1,2.66760185,0.28536111306056894,0.3576054391983554,2.46801196693363,9.93127498229159,1.0,1.0,0.0,1.1524988194455688e-05,,2.668971432408645,1.007741908875074,8.0931441086821,1.0005768873379375,acceleration,249.2518239851889,163.69600288159972,34201.695126318606,51.74045074433809,25.86295588501579
middle,top,4,cspace,notebook,snopt,no-acceleration,True,0.0,1.0,1189931683,True,0.11542510986328125,25,0.4663078784942627,16,16,2.933518319090016,,1.253168083636025,5.001948057844432,20.01970822854421,0.19992210803383387,4.7075583934783936,True,SolutionResult.kSolutionFound,1,4.70256616,0.21559245385361592,0.5341579304782047,1.0783822558390095,4.158501614661635,1.0,1.0,0.0,0.0,,1.338937233611117,1.0007006714485376,5.665794493988932,1.187894002766327,acceleration,228.45418109795617,153.85154061599394,32507.236828416942,45.60505714554213,33.485896262937175
middle,top,4,kinetic,notebook,snopt,no-acceleration,True,0.0,1.0,1189931683,True,0.11542510986328125,25,0.4663078784942627,16,16,2.933518319090016,,1.253168083636025,5.001948057844432,20.01970822854421,0.04995077793262713,0.5319015979766846,True,SolutionResult.kSolutionFound,1,0.526664774,0.7214194757243204,1.209618824881164,3.857171625214282,14.44260741439023,1.0,1.0,0.0,0.0,,2.4555020214011503,1.007801143465894,8.609016146628733,1.0000000000000002,acceleration,292.4693266006265,184.8352531372928,37371.06439429593,52.726977536513814,24.470059344364593
middle,top,4,parameterized,tight,snopt,no-acceleration,True,0.0,1.0,1189931683,True,0.11542510986328125,25,0.4663078784942627,16,16,2.933518319090016,,1.253168083636025,5.001948057844432,20.01970822854421,0.7979775522997151,5.085659980773926,True,SolutionResult.kSolutionFound,1,5.06715988,0.28524848440679024,0.35746429656413925,2.4397296115907174,9.822219997772777,1.0,1.0,0.0,3.936245311386699e-05,,2.644029038655039,1.006374162448374,8.074171058234914,0.9997379093595512,acceleration,247.8959485497748,166.48490874314365,33379.50762227329,51.69944637773603,25.552550491859215
middle,top,4,cspace,tight,snopt,no-acceleration,True,0.0,1.0,1189931683,True,0.11542510986328125,25,0.4663078784942627,16,16,2.933518319090016,,1.253168083636025,5.001948057844432,20.01970822854421,0.19992210803383387,34.55047631263733,True,SolutionResult.kSolutionFound,3,34.544855572,0.2002161296372133,0.5048151142946455,1.0014706807879883,3.8744747111816484,1.0,1.0,0.0,0.0,,1.2832940801861519,1.0006858782828894,5.038231441984346,1.1797331929965444,acceleration,226.88036268450966,154.49414485743952,31551.22683393833,44.64064506562079,30.36620274456839
middle,top,4,kinetic,tight,snopt,no-acceleration,True,0.0,1.0,1189931683,True,0.11542510986328125,25,0.4663078784942627,16,16,2.933518319090016,,1.253168083636025,5.001948057844432,20.01970822854421,0.04995077793262713,52.707212924957275,True,SolutionResult.kSolutionFound,1,52.702044305,0.1807365725962761,0.5698982394328959,1.0325422572232312,3.618293449604548,1.0,1.0,0.0,0.0,,1.2040922919541046,1.0007242527143125,3.956714753097148,1.1773227199043954,acceleration,230.66240094461324,155.99627798850565,29964.679629230865,45.526870371686336,31.98863746729915
middle,top,0,parameterized,notebook,snopt,no-acceleration,True,0.0,1.0,1098985146,True,0.2020118236541748,32,0.7090158462524414,15,15,2.470756568605242,,1.7292158989157436,4.252254513992814,15.837825487300853,0.5782967879412987,6.2748119831085205,True,SolutionResult.kSolutionFound,1,6.269697777,0.23995618677878705,0.4149360532210788,2.175431622513291,8.870582228282546,0.998,0.998,0.0,0.0,,2.2489541333571497,1.0013687206600903,4.542746328307222,0.6786409576304818,acceleration,218.71607714272005,150.68442884781354,28261.13991378917,50.49787171645894,22.977009037342636
middle,top,0,cspace,notebook,snopt,no-acceleration,True,0.0,1.0,1098985146,True,0.2020118236541748,32,0.7090158462524414,15,15,2.470756568605242,,1.7292158989157436,4.252254513992814,15.837825487300853,0.2351693664406302,4.149096727371216,True,SolutionResult.kSolutionFound,1,4.143911425,0.28316096192815676,0.6026416650704864,1.2040724785455528,4.773203750476344,0.996,0.996,0.0,0.0,,1.437229554944489,1.0006308844241163,7.348905847237569,1.1494065836166363,acceleration,212.80844208118344,147.22919972787508,29675.75395330548,43.63844767584589,26.41053818255705
middle,top,0,kinetic,notebook,snopt,no-acceleration,True,0.0,1.0,1098985146,True,0.2020118236541748,32,0.7090158462524414,15,15,2.470756568605242,,1.7292158989157436,4.252254513992814,15.837825487300853,0.06313998097793311,3.969236135482788,True,SolutionResult.kSolutionFound,1,3.963874193,0.2921516098605897,0.6821635923733236,1.272782321964419,4.627046212806023,0.998,0.998,0.0,0.0,,1.4395270422668875,1.0009363241537608,6.63210900428029,1.0279258006767702,acceleration,218.40585682274968,149.42826100815967,28763.656470556416,42.584499775603646,25.550287598741672
middle,top,0,parameterized,tight,snopt,no-acceleration,True,0.0,1.0,1098985146,True,0.2020118236541748,32,0.7090158462524414,15,15,2.470756568605242,,1.7292158989157436,4.252254513992814,15.837825487300853,0.5782967879412987,10.0741548538208,True,SolutionResult.kSolutionFound,1,10.068855462,0.21889252735809317,0.3785124384614601,2.0078424256512504,7.791647312892045,0.998,0.998,0.0,2.756583073582064e-05,,2.144280232157159,1.0012866067001611,4.877986524902848,0.6556879269735896,acceleration,220.6938620763504,151.80619116121778,24668.91924695657,47.9941585150147,22.99494817327228
middle,top,0,cspace,tight,snopt,no-acceleration,True,0.0,1.0,1098985146,True,0.2020118236541748,32,0.7090158462524414,15,15,2.470756568605242,,1.7292158989157436,4.252254513992814,15.837825487300853,0.2351693664406302,43.09186792373657,False,SolutionResult.kSolverSpecificError,41,43.086484717,0.23677674635173004,0.5203451488699802,1.0068349884826764,3.614164853255192,1.0,1.0,0.0,0.0,,1.2394574020986622,1.0006021127497224,5.493875880978044,1.1678673518503024,acceleration,203.9152813563565,142.56312498251793,24294.811426640666,40.10019767345178,20.797317594925843
middle,top,0,kinetic,tight,snopt,no-acceleration,True,0.0,1.0,1098985146,True,0.2020118236541748,32,0.7090158462524414,15,15,2.470756568605242,,1.7292158989157436,4.252254513992814,15.837825487300853,0.06313998097793311,71.13760638237,True,SolutionResult.kSolutionFound,1,71.132353924,0.21839237727114755,0.5305399489370698,1.0148881312909281,3.458860358977205,0.998,0.998,0.0,0.0,,1.226490422304334,1.000605337120832,4.997628467642237,1.1669472680962165,acceleration,210.75106613093283,145.33451315750528,23471.173390787928,39.33374608526355,21.814192607724962
top,bottom,4,parameterized,notebook,snopt,no-acceleration,True,0.0,1.0,1493919170,True,0.21056914329528809,38,1.0190925598144531,15,15,3.5879290590519197,,3.1993014115460015,11.883510060739754,46.06674388719112,0.3125682364253292,1.7078843116760254,True,SolutionResult.kSolutionFound,1,1.701263827,0.1963844763439057,0.6282931323727795,7.1534423761808155,28.211251622032854,0.996,0.996,0.0,0.0,,3.8608188667062575,1.0093682756272757,7.9283372696472005,0.9998345438682051,acceleration,356.09947893914466,110.42142944909455,41981.20646194229,75.54319336165946,25.914958530729113
top,bottom,4,cspace,notebook,snopt,no-acceleration,True,0.0,1.0,1493919170,True,0.21056914329528809,38,1.0190925598144531,15,15,3.5879290590519197,,3.1993014115460015,11.883510060739754,46.06674388719112,0.08415022117949464,2.670718193054199,True,SolutionResult.kSolutionFound,1,2.663756885,0.19566135595562764,1.2849606489010803,2.325143691996683,9.177596408778076,1.0,1.0,0.0,0.0,,1.8145290575194482,1.0007703107036838,4.205189573267428,1.2041446126539412,acceleration,326.52001853603616,93.24731169001777,31974.916958021837,69.6985128541188,28.78320692425729
top,bottom,4,kinetic,notebook,snopt,no-acceleration,True,0.0,1.0,1493919170,True,0.21056914329528809,38,1.0190925598144531,15,15,3.5879290590519197,,3.1993014115460015,11.883510060739754,46.06674388719112,0.02170763365539387,2.5272998809814453,True,SolutionResult.kSolutionFound,1,2.52041361,0.21862685936610282,1.533289769616799,2.870803897715018,10.071427537279213,1.0,1.0,0.0,0.0,,1.7515194544442272,1.0006505388754083,3.885046871092008,1.105896007352388,acceleration,350.8939277180349,106.69684850679121,32108.496170793136,77.11729931200446,33.33510384478294
top,bottom,4,parameterized,tight,snopt,no-acceleration,True,0.0,1.0,1493919170,True,0.21056914329528809,38,1.0190925598144531,15,15,3.5879290590519197,,3.1993014115460015,11.883510060739754,46.06674388719112,0.3125682364253292,5.727782726287842,True,SolutionResult.kSolutionFound,1,5.719259353,0.17631959498440897,0.5640995291168396,5.155193569859338,20.946091414589375,1.0,1.0,0.0,6.068967507433243e-05,,3.2747862574012228,1.0080092469660353,8.308221994061777,0.9969545407552669,acceleration,348.6972684058082,105.24596735771391,40093.70799021684,69.48030312439725,27.43273943925642
top,bottom,4,cspace,tight,snopt,no-acceleration,True,0.0,1.0,1493919170,True,0.21056914329528809,38,1.0190925598144531,15,15,3.5879290590519197,,3.1993014115460015,11.883510060739754,46.06674388719112,0.08415022117949464,21.76664686203003,False,SolutionResult.kSolverSpecificError,41,21.760037251,0.13171747860541877,0.8184343691184259,1.5652659821827675,6.799730287703586,0.998,0.998,0.0,0.0,,1.6609671779177937,1.001012432231328,5.916484616113587,1.1111225957667819,acceleration,273.03819334861055,65.83114001181336,33418.31506597728,55.226074203538474,30.02171446844666
top,bottom,4,kinetic,tight,snopt,no-acceleration,True,0.0,1.0,1493919170,True,0.21056914329528809,38,1.0190925598144531,15,15,3.5879290590519197,,3.1993014115460015,11.883510060739754,46.06674388719112,0.02170763365539387,37.58267545700073,True,SolutionResult.kSolutionFound,1,37.576153596,0.1286241968451992,0.9459005281160812,1.6188630721590396,5.925297933763448,1.0,1.0,0.0,0.0,,1.4472313115455633,1.0008198878767764,3.7581175427892313,1.1716634844847287,acceleration,278.6273130635195,68.11490698681384,26869.196813426497,56.409933069398946,26.17904820662677
middle,top,8,parameterized,notebook,snopt,no-acceleration,True,0.0,1.0,1331340936,True,0.2219219207763672,31,0.39870572090148926,16,16,2.828517905250406,,2.1464508831569433,5.957034753289132,20.50286098103323,0.4658853402362631,1.6684296131134033,True,SolutionResult.kSolutionFound,1,1.663443388,0.39134763794424265,0.8400084830868029,2.538545828387162,9.26451010206427,1.0,1.0,0.0,0.0,,1.9403148492806066,1.0049833960679988,5.852005810854836,1.0096997673095356,acceleration,338.73423394522183,209.2653466758392,39806.32954173801,56.61828147660604,30.763303205801435
middle,top,8,cspace,notebook,snopt,no-acceleration,True,0.0,1.0,1331340936,True,0.2219219207763672,31,0.39870572090148926,16,16,2.828517905250406,,2.1464508831569433,5.957034753289132,20.50286098103323,0.1678687537365562,5.651733160018921,True,SolutionResult.kSolutionFound,1,5.646712701,0.23415972490571121,0.7305409979160369,1.3948976190839444,4.820927678838183,1.0,1.0,0.0,0.0,,1.382567426678829,1.0005047398442086,3.48129065823671,1.138107374268165,acceleration,251.0787584150766,167.91684872883462,28312.37519059699,50.87193862800991,35.72935963932515
middle,top,8,kinetic,notebook,snopt,no-acceleration,True,0.0,1.0,1331340936,True,0.2219219207763672,31,0.39870572090148926,16,16,2.828517905250406,,2.1464508831569433,5.957034753289132,20.50286098103323,0.04877368094750675,4.266306161880493,True,SolutionResult.kSolutionFound,1,4.259569895,0.25436601126257424,0.8697947736701681,1.6697647034454248,5.215230967216489,1.0,1.0,0.0,0.0,,1.314410841122238,1.0007718400547667,3.9000678684297436,1.0468317756046848,acceleration,262.40504760592785,173.65551757852012,28962.315983433018,55.37188912296345,33.51662906321247
middle,top,8,parameterized,tight,snopt,no-acceleration,True,0.0,1.0,1331340936,True,0.2219219207763672,31,0.39870572090148926,16,16,2.828517905250406,,2.1464508831569433,5.957034753289132,20.50286098103323,0.4658853402362631,5.123032569885254,True,SolutionResult.kSolutionFound,1,5.116666238,0.17264489820052456,0.37057379421505754,3.147461124322411,12.635393788454714,0.998,0.998,0.0,4.471296937724745e-05,,2.9639426473995627,1.007352075859446,8.392363320705046,1.0013810204224867,acceleration,251.5682040370184,168.22987083355048,35600.755899819516,53.75059330047893,21.64524629233082
middle,top,8,cspace,tight,snopt,no-acceleration,True,0.0,1.0,1331340936,True,0.2219219207763672,31,0.39870572090148926,16,16,2.828517905250406,,2.1464508831569433,5.957034753289132,20.50286098103323,0.1678687537365562,45.287880659103394,True,SolutionResult.kSolutionFound,3,45.280866004,0.17315227703807823,0.5266230710235384,1.03147413192698,3.8881746804116353,0.998,0.998,0.0,0.0,,1.2692848363539178,1.000822680928412,4.776388692651084,1.1819506796849006,acceleration,234.80593818034896,158.48961361439214,30529.616836987538,44.84566497081656,31.010769778130854
middle,top,8,kinetic,tight,snopt,no-acceleration,True,0.0,1.0,1331340936,True,0.2219219207763672,31,0.39870572090148926,16,16,2.828517905250406,,2.1464508831569433,5.957034753289132,20.50286098103323,0.04877368094750675,57.313918113708496,True,SolutionResult.kSolutionFound,3,57.298939714,0.17958208603806258,0.59401672592673,1.0661274235293605,3.6819465447223463,1.0,1.0,0.0,0.0,,1.191470660682423,1.0008883672848994,3.783272494347381,1.178152948112094,acceleration,235.66005610077156,159.0147479222083,29373.304065340337,46.330315268887105,31.579322843989956
middle,top,6,parameterized,notebook,snopt,no-acceleration,True,0.0,1.0,685935503,True,0.18411684036254883,33,0.6709380149841309,15,15,3.5061431376355543,,2.1338159952285696,6.161627476927384,23.15762838032493,0.4686439703498812,3.8849196434020996,True,SolutionResult.kSolutionFound,1,3.87994379,0.17696012396230854,0.3776003430284034,2.1696571398103712,8.708613097872178,0.998,0.998,0.0,1.5363224967757105e-05,,2.3711373547975296,1.0020293562372706,6.7641024995650945,0.8891480518567201,acceleration,234.3411237933054,158.1534963924772,28871.050054592495,49.719880607835094,23.127859865749418
middle,top,6,cspace,notebook,snopt,no-acceleration,True,0.0,1.0,685935503,True,0.18411684036254883,33,0.6709380149841309,15,15,3.5061431376355543,,2.1338159952285696,6.161627476927384,23.15762838032493,0.1622947839259295,0.38050103187561035,True,SolutionResult.kSolutionFound,1,0.374832267,0.8418519842799628,2.0861506131513234,5.187178317845258,18.791582086573044,1.0,1.0,0.0,0.0,,2.7212756141640866,1.0058376180128674,5.628136741660604,1.0197850964884105,acceleration,320.2524246423899,201.71314807462946,35019.0558874835,62.78314764825969,28.409920664053598
middle,top,6,kinetic,notebook,snopt,no-acceleration,True,0.0,1.0,685935503,True,0.18411684036254883,33,0.6709380149841309,15,15,3.5061431376355543,,2.1338159952285696,6.161627476927384,23.15762838032493,0.043182314854383584,2.7032861709594727,True,SolutionResult.kSolutionFound,1,2.69757995,0.2500447328783118,1.1349329742786327,1.8542415771635459,5.79044300245356,0.998,0.998,0.0,0.0,,1.4346432814020702,1.001519539602192,4.690411527050943,1.0157406990851163,acceleration,284.34227083696146,183.24305918748115,29546.39135856912,55.123831872815494,35.15255005835936
middle,top,6,parameterized,tight,snopt,no-acceleration,True,0.0,1.0,685935503,True,0.18411684036254883,33,0.6709380149841309,15,15,3.5061431376355543,,2.1338159952285696,6.161627476927384,23.15762838032493,0.4686439703498812,6.275917291641235,True,SolutionResult.kSolutionFound,1,6.270550759,0.1762738910320571,0.37613604822537916,2.093676531153947,8.305059177336805,1.0,1.0,0.0,3.457978868270928e-05,,2.2918616689509865,1.00133773592094,5.6871497737764845,0.7448569675674392,acceleration,229.17686616084916,155.18691036232212,27206.965893848774,49.218376636569744,23.33598411103004
middle,top,6,cspace,tight,snopt,no-acceleration,True,0.0,1.0,685935503,True,0.18411684036254883,33,0.6709380149841309,15,15,3.5061431376355543,,2.1338159952285696,6.161627476927384,23.15762838032493,0.1622947839259295,87.67784333229065,True,SolutionResult.kSolutionFound,3,87.672275928,0.16678101521126573,0.5191271708902498,1.0276424859555793,3.780093502699531,1.0,1.0,0.0,0.0,,1.2549172405224742,1.0006388190266522,4.963181912391777,1.167629722537344,acceleration,220.5402738105956,151.13304040967148,27121.83827206605,41.86386807113304,27.005093579555844
middle,top,6,kinetic,tight,snopt,no-acceleration,True,0.0,1.0,685935503,True,0.18411684036254883,33,0.6709380149841309,15,15,3.5061431376355543,,2.1338159952285696,6.161627476927384,23.15762838032493,0.043182314854383584,44.172468423843384,True,SolutionResult.kSolutionFound,3,44.162685455,0.1661821780517455,0.5967474626872906,1.090204512572243,3.848385122755312,1.0,1.0,0.0,0.0,,1.2086389774457222,1.0006888482305658,4.238047145003313,1.161456876153018,acceleration,227.3116256176578,153.95474890979457,29321.645217082216,45.130873899575356,31.06667238623126
top,bottom,8,parameterized,notebook,snopt,no-acceleration,True,0.0,1.0,1354574313,True,0.29846668243408203,33,0.4772958755493164,13,13,2.433782776757299,,2.1177386476973306,4.717153020767125,20.09263381963747,0.4722017993520233,3.989405870437622,True,SolutionResult.kSolutionFound,1,3.984072754,0.3007602953100049,0.6369317010708628,3.8919788923366676,15.976435078700193,1.0,1.0,0.0,1.955917552010078e-05,,2.7886449592937237,1.0025648671672127,4.868360428655083,0.90884310581074,acceleration,315.3050312546036,85.84604313093334,32220.737884493854,64.50078613597024,22.72010536997564
top,bottom,8,cspace,notebook,snopt,no-acceleration,True,0.0,1.0,1354574313,True,0.29846668243408203,33,0.4772958755493164,13,13,2.433782776757299,,2.1177386476973306,4.717153020767125,20.09263381963747,0.21199227491614753,4.2305731773376465,True,SolutionResult.kSolutionFound,1,4.22559643,0.4074725856725457,1.0341694755858568,1.9221105383850388,8.064424369237713,0.998,0.998,0.0,0.0,,1.599521410494268,1.0007075978459614,4.368893593667622,1.0,acceleration,267.5359743717414,63.308465925476796,29152.93156338076,57.53306847698082,27.22595674859012
top,bottom,8,kinetic,notebook,snopt,no-acceleration,True,0.0,1.0,1354574313,True,0.29846668243408203,33,0.4772958755493164,13,13,2.433782776757299,,2.1177386476973306,4.717153020767125,20.09263381963747,0.049769483133796685,2.9314663410186768,True,SolutionResult.kSolutionFound,1,2.926536788,0.41704029889500754,1.175782697590327,2.1186141155233438,8.379438013729548,1.0,1.0,0.0,0.0,,1.6055680324105723,1.0004004743592532,4.1317719009535265,1.1197059822772348,acceleration,286.3185112176331,73.75474393151494,30042.044854292064,59.76068035162332,31.92471631596494
top,bottom,8,parameterized,tight,snopt,no-acceleration,True,0.0,1.0,1354574313,True,0.29846668243408203,33,0.4772958755493164,13,13,2.433782776757299,,2.1177386476973306,4.717153020767125,20.09263381963747,0.4722017993520233,6.670971155166626,True,SolutionResult.kSolutionFound,1,6.665727901,0.3007331266831101,0.6368741650196809,3.8849339600005024,15.921872398829791,1.0,1.0,0.0,2.1878305483724603e-05,,2.784029118655913,1.0016860333448054,4.727051625625415,0.8970147537202802,acceleration,316.0219559108405,85.53355900493841,32227.01985895801,64.41464688575523,22.80584720763106
top,bottom,8,cspace,tight,snopt,no-acceleration,True,0.0,1.0,1354574313,True,0.29846668243408203,33,0.4772958755493164,13,13,2.433782776757299,,2.1177386476973306,4.717153020767125,20.09263381963747,0.21199227491614753,25.438666820526123,False,SolutionResult.kSolverSpecificError,41,25.433419712,0.3719022051106042,0.932175531274166,1.7543196102674417,7.10931844895783,0.996,0.996,0.0,0.0,,1.5297469629449238,1.0005066294240756,4.335195324303425,1.1509485295871114,acceleration,271.31491612195657,64.24767593734585,26326.792413241517,53.334835127191255,29.165723645371255
top,bottom,8,kinetic,tight,snopt,no-acceleration,True,0.0,1.0,1354574313,True,0.29846668243408203,33,0.4772958755493164,13,13,2.433782776757299,,2.1177386476973306,4.717153020767125,20.09263381963747,0.049769483133796685,25.33942413330078,False,SolutionResult.kSolverSpecificError,41,25.333848297,0.33690820944332467,0.9850080063426099,1.7934970039836582,6.769373283174452,1.0,1.0,0.0,0.0,,1.4500146041860396,1.000484700403228,4.033741549538796,1.1490641588171724,acceleration,265.0547302527456,62.86175033501897,25238.88823151817,55.83298037667834,29.635563174505098
middle,top,1,parameterized,notebook,snopt,no-acceleration,True,0.0,1.0,914759212,True,0.11327481269836426,26,0.46761488914489746,16,16,2.279034622795987,,1.7741402124032426,3.508409465203154,12.360144248985247,0.5636533082384759,5.296863794326782,True,SolutionResult.kSolutionFound,1,5.290619076,0.19768174323275026,0.3507151299271928,1.9222494405484167,7.619161093396979,0.998,0.998,0.0,2.4883001308317887e-05,,2.2630936702341273,1.0015268107530109,6.294251851040252,0.8309050112156389,acceleration,228.23330266733663,155.2660713846115,27209.95133990743,49.03874805246946,23.524796021925667
middle,top,1,cspace,notebook,snopt,no-acceleration,True,0.0,1.0,914759212,True,0.11327481269836426,26,0.46761488914489746,16,16,2.279034622795987,,1.7741402124032426,3.508409465203154,12.360144248985247,0.285029444230534,3.0138797760009766,True,SolutionResult.kSolutionFound,1,3.009019991,0.3225060054779074,0.6410223809817076,1.1314831222035506,3.967264407217254,1.0,1.0,0.0,0.0,,1.2761357269305824,1.0011399977480446,7.11264108340951,1.0660460977988357,acceleration,210.5220717641278,145.63490785178692,30214.553555998227,45.60637267468788,28.68204207133608
middle,top,1,kinetic,notebook,snopt,no-acceleration,True,0.0,1.0,914759212,True,0.11327481269836426,26,0.46761488914489746,16,16,2.279034622795987,,1.7741402124032426,3.508409465203154,12.360144248985247,0.08090520465261551,8.72512674331665,True,SolutionResult.kSolutionFound,1,8.719116839,0.28734074096907963,0.5746305926824313,1.03590501749994,3.5515730069881286,0.998,0.998,0.0,0.0,,1.2505822585874962,1.0006370732895784,6.254499561639152,1.1603572309392576,acceleration,210.97110599329926,147.33857184751315,28165.44189047708,42.26527079575499,29.784052570316906
middle,top,1,parameterized,tight,snopt,no-acceleration,True,0.0,1.0,914759212,True,0.11327481269836426,26,0.46761488914489746,16,16,2.279034622795987,,1.7741402124032426,3.508409465203154,12.360144248985247,0.5636533082384759,7.062717437744141,True,SolutionResult.kSolutionFound,1,7.056179908,0.19759647976598452,0.35056386058215827,1.9022047153292372,7.521334622099927,0.998,0.998,0.0,3.669986451493301e-05,,2.245879062247185,1.001323211934327,5.8493978665208735,0.7770275793286654,acceleration,227.13213222698272,154.5287508378333,26735.056073833737,48.873313033747515,23.009502339766147
middle,top,1,cspace,tight,snopt,no-acceleration,True,0.0,1.0,914759212,True,0.11327481269836426,26,0.46761488914489746,16,16,2.279034622795987,,1.7741402124032426,3.508409465203154,12.360144248985247,0.285029444230534,75.4603681564331,True,SolutionResult.kSolutionFound,1,75.455149829,0.266500656736976,0.4767197121530333,0.9349934265788634,3.365004430447091,0.998,0.998,0.0,0.0,,1.2369004538524733,1.0007262984272223,5.001211291655824,1.1846578609397156,acceleration,209.6987407153875,145.85337109873007,25013.542032792142,40.66336182430029,22.316521704674855
middle,top,1,kinetic,tight,snopt,no-acceleration,True,0.0,1.0,914759212,True,0.11327481269836426,26,0.46761488914489746,16,16,2.279034622795987,,1.7741402124032426,3.508409465203154,12.360144248985247,0.08090520465261551,84.04795527458191,True,SolutionResult.kSolutionFound,3,84.039347348,0.26014016670482243,0.4907380696363121,0.9414830034677357,3.2153699854266744,1.0,1.0,0.0,0.0,,1.2235717367701904,1.000688394907348,4.903969069079388,1.1821865444196658,acceleration,211.14707560862138,146.32636976620591,23264.887460331753,39.408920774255684,21.89925295222375
middle,top,2,parameterized,notebook,snopt,no-acceleration,True,0.0,1.0,797921174,True,0.2169334888458252,36,0.4348914623260498,18,18,2.358572610669561,,1.091420576271545,2.8785798590449247,10.537106558228786,0.916237078300419,3.7313079833984375,True,SolutionResult.kSolutionFound,1,3.726175359,0.4474011801658485,0.48830285388117645,1.6865575966883994,6.61732196134482,1.0,1.0,0.0,0.0,,1.8179864078966061,1.0049394555571982,5.521304494123656,0.9999999999999997,acceleration,268.9136492114858,176.64628797128762,29753.081747213124,48.592747232939956,26.275337850470457
middle,top,2,cspace,notebook,snopt,no-acceleration,True,0.0,1.0,797921174,True,0.2169334888458252,36,0.4348914623260498,18,18,2.358572610669561,,1.091420576271545,2.8785798590449247,10.537106558228786,0.34739352353135233,13.503836870193481,True,SolutionResult.kSolutionFound,1,13.498700029,0.33293279828434336,0.47613708420239675,0.9583736475567777,3.6509583453475845,1.0,1.0,0.0,0.0,,1.3146606933441751,1.0009045035976487,4.542952298123739,1.0635138351434619,acceleration,232.24130342435382,157.33675187660364,29379.78675010696,45.06480404311455,28.68767276900796
middle,top,2,kinetic,notebook,snopt,no-acceleration,True,0.0,1.0,797921174,True,0.2169334888458252,36,0.4348914623260498,18,18,2.358572610669561,,1.091420576271545,2.8785798590449247,10.537106558228786,0.09490271304308544,5.012071371078491,True,SolutionResult.kSolutionFound,1,5.003926793,0.4173623260647885,0.5793194648317899,1.1847428222538285,4.397791303134904,1.0,1.0,0.0,0.0,,1.4517825883400695,1.0009159273925345,5.329746167524334,1.0,acceleration,263.2842557737382,171.76181567001373,28323.683659028917,47.114803197540965,33.52979720458548
middle,top,2,parameterized,tight,snopt,no-acceleration,True,0.0,1.0,797921174,True,0.2169334888458252,36,0.4348914623260498,18,18,2.358572610669561,,1.091420576271545,2.8785798590449247,10.537106558228786,0.916237078300419,10.399446964263916,False,SolutionResult.kIterationLimit,31,10.391582571,0.34588694191027514,0.37750812546451507,1.541578749888887,6.133943082714192,1.0,1.0,0.0,0.0,,1.915985000527945,1.0023253840683795,4.638005021468636,0.7783287349014539,acceleration,241.45221328232662,161.44792045990152,26663.31562021757,47.80103875317809,29.33617773101909
middle,top,2,cspace,tight,snopt,no-acceleration,True,0.0,1.0,797921174,True,0.2169334888458252,36,0.4348914623260498,18,18,2.358572610669561,,1.091420576271545,2.8785798590449247,10.537106558228786,0.34739352353135233,43.570462703704834,False,SolutionResult.kSolverSpecificError,41,43.565003513,0.31873927506566013,0.471481008050208,0.9175164574905895,3.412562914971759,1.0,1.0,0.0,0.0,,1.2574437387006572,1.0009605793080019,5.081622784995945,1.2115398559006132,acceleration,237.2489914010938,160.2934406665375,29437.756729182798,45.325927439925124,29.5169467745966
middle,top,2,kinetic,tight,snopt,no-acceleration,True,0.0,1.0,797921174,True,0.2169334888458252,36,0.4348914623260498,18,18,2.358572610669561,,1.091420576271545,2.8785798590449247,10.537106558228786,0.09490271304308544,119.51475024223328,True,SolutionResult.kSolutionFound,1,119.508071386,0.3092610136549086,0.513789938303806,0.9735867723973379,3.258716255187619,1.0,1.0,0.0,0.0,,1.2182077894947805,1.0011508814434278,4.587257336728962,1.2163431597530923,acceleration,251.3948094729011,167.72161364367804,24356.887843547374,44.58578803459031,33.15876309395745
top,bottom,7,parameterized,notebook,snopt,no-acceleration,True,0.0,1.0,1073886328,True,0.4353640079498291,57,0.7931857109069824,11,11,3.494683326592325,,11.372370393088357,24.90151616604215,64.266909871439,0.08793241562091202,3.0739550590515137,True,SolutionResult.kSolutionFound,1,3.0687011,0.19691877869055852,2.239433288623628,6.766728154713302,22.810554264092385,1.0,1.0,0.0,0.0,,2.5948230517862947,1.0010412521931593,3.4236164644244376,1.1284209491880741,acceleration,357.90347985529706,111.7335338569361,34010.44719598254,79.61837628602493,34.06971609805852
top,bottom,7,cspace,notebook,snopt,no-acceleration,True,0.0,1.0,1073886328,True,0.4353640079498291,57,0.7931857109069824,11,11,3.494683326592325,,11.372370393088357,24.90151616604215,64.266909871439,0.04015819732951386,8.267915487289429,True,SolutionResult.kSolutionFound,1,8.262621433,0.09452164031855036,1.2336678155646839,2.3537321544332026,10.157188000198447,1.0,1.0,0.0,0.0,,1.7116642499846448,1.0006094250280597,5.359227774301282,1.1186433591818103,acceleration,288.1311882605438,71.682577060195,31522.901092468623,58.00775044222812,36.41992652028588
top,bottom,7,kinetic,notebook,snopt,no-acceleration,True,0.0,1.0,1073886328,True,0.4353640079498291,57,0.7931857109069824,11,11,3.494683326592325,,11.372370393088357,24.90151616604215,64.266909871439,0.015560107090887409,6.124899387359619,True,SolutionResult.kSolutionFound,1,6.119717287,0.31806970551881364,4.378760343162893,7.785031107907421,20.441357097412745,1.0,1.0,0.0,0.0,,2.286755522539375,1.0013535552355897,3.4642048034975277,1.1229853094131932,acceleration,351.0301122896676,107.57168616973706,33351.63371133256,78.81226734193072,36.278167320201675
top,bottom,7,parameterized,tight,snopt,no-acceleration,True,0.0,1.0,1073886328,True,0.4353640079498291,57,0.7931857109069824,11,11,3.494683326592325,,11.372370393088357,24.90151616604215,64.266909871439,0.08793241562091202,8.149827241897583,True,SolutionResult.kSolutionFound,1,8.142517892,0.0675611829306574,0.7683307964826362,5.07082239653516,20.879867014553177,0.998,0.998,0.0,7.14646671262642e-06,,2.8802178248124894,1.0018192236441787,4.455854873664438,0.8423970707087797,acceleration,321.84067822087576,89.96913253502903,32776.74623129354,65.66922818595839,23.089543754325707
top,bottom,7,cspace,tight,snopt,no-acceleration,True,0.0,1.0,1073886328,True,0.4353640079498291,57,0.7931857109069824,11,11,3.494683326592325,,11.372370393088357,24.90151616604215,64.266909871439,0.04015819732951386,50.63345742225647,True,SolutionResult.kSolutionFound,1,50.626472294,0.08428488874977122,1.1102880985339108,2.098821519755492,8.719421351967537,1.0,1.0,0.0,0.0,,1.582982326453905,1.0003326930446441,4.769995821586974,1.116122021342402,acceleration,263.7577153611711,61.351106337056144,28552.58014212267,53.731745603306805,25.944247496406895
top,bottom,7,kinetic,tight,snopt,no-acceleration,True,0.0,1.0,1073886328,True,0.4353640079498291,57,0.7931857109069824,11,11,3.494683326592325,,11.372370393088357,24.90151616604215,64.266909871439,0.015560107090887409,39.69055485725403,True,SolutionResult.kSolutionFound,1,39.683676578,0.1280364874485925,1.2913613499397556,2.2256162366936962,8.228509399114325,1.0,1.0,0.0,0.0,,1.4542953262089713,1.0004696520591223,3.5694591867883743,1.113746559482894,acceleration,269.76979280820325,64.34331391685294,26037.379778426333,56.0379306234902,26.372639265500286
middle,top,5,parameterized,notebook,snopt,no-acceleration,True,0.0,1.0,837540405,True,0.3206486701965332,38,0.9882926940917969,16,16,3.395026648678054,,3.0449467687065117,6.694303339775448,22.400550014508074,0.3284129661238046,5.622206926345825,True,SolutionResult.kSolutionFound,1,5.615108767,0.1205155689082467,0.3669634921259934,2.1941129149500056,8.9087897148011,0.998,0.998,0.0,0.0,,2.469572802457128,1.0054011711340196,7.6670472700834775,0.9962244136080258,acceleration,237.60125747744092,159.43910837555336,31537.105346411445,51.39869283875301,22.53986275197068
middle,top,5,cspace,notebook,snopt,no-acceleration,True,0.0,1.0,837540405,True,0.3206486701965332,38,0.9882926940917969,16,16,3.395026648678054,,3.0449467687065117,6.694303339775448,22.400550014508074,0.14938074198973236,6.247993230819702,True,SolutionResult.kSolutionFound,1,6.241797533,0.24913229760680247,1.119464080667485,1.6677671719151486,5.872665392909366,1.0,1.0,0.0,0.0,,1.4962820048161527,1.0008452009554154,6.165361443005915,1.1767154313919825,acceleration,247.73524521686053,165.98138040638406,33073.633184966704,56.843855816656514,22.776805011976037
middle,top,5,kinetic,notebook,snopt,no-acceleration,True,0.0,1.0,837540405,True,0.3206486701965332,38,0.9882926940917969,16,16,3.395026648678054,,3.0449467687065117,6.694303339775448,22.400550014508074,0.04464176099927609,5.1642231941223145,True,SolutionResult.kSolutionFound,1,5.157688554,0.29608814389416593,1.5589485337058748,2.1737452536192228,6.632537276004127,1.0,1.0,0.0,0.0,,1.6778531880988103,1.0008068797427874,6.937958762757934,1.1154806206805907,acceleration,265.7295296546275,174.3591230632548,35551.25961869734,54.71588994581337,24.53865478732664
middle,top,5,parameterized,tight,snopt,no-acceleration,True,0.0,1.0,837540405,True,0.3206486701965332,38,0.9882926940917969,16,16,3.395026648678054,,3.0449467687065117,6.694303339775448,22.400550014508074,0.3284129661238046,7.702066421508789,True,SolutionResult.kSolutionFound,1,7.696670885,0.11541864120221784,0.3514436185771901,2.0404806525696557,8.148750037466177,1.0,1.0,0.0,2.2798749357733072e-05,,2.382975662973344,1.0020248637482692,6.515944206614345,0.851299182056097,acceleration,233.83114728632273,157.34128961490762,28969.98854452917,49.84353171683862,23.693621282482614
middle,top,5,cspace,tight,snopt,no-acceleration,True,0.0,1.0,837540405,True,0.3206486701965332,38,0.9882926940917969,16,16,3.395026648678054,,3.0449467687065117,6.694303339775448,22.400550014508074,0.14938074198973236,106.46986031532288,True,SolutionResult.kSolutionFound,1,106.464483732,0.14139692093693954,0.4868910307480402,0.9465538800621196,3.4533842763420863,1.0,1.0,0.0,0.0,,1.2442656848028792,1.000736313064691,4.834367714854503,1.1824159094123108,acceleration,214.49032269327884,147.70856719400987,26704.28032573407,41.396442796948655,24.96140252220955
middle,top,5,kinetic,tight,snopt,no-acceleration,True,0.0,1.0,837540405,True,0.3206486701965332,38,0.9882926940917969,16,16,3.395026648678054,,3.0449467687065117,6.694303339775448,22.400550014508074,0.04464176099927609,78.31555843353271,True,SolutionResult.kSolutionFound,3,78.309107646,0.14467799292206238,0.49274224758795143,0.9484808259186231,3.2408666164493036,1.0,1.0,0.0,0.0,,1.2157172032498524,1.000689383052962,4.864902957225226,1.1829393188397677,acceleration,213.47556492145765,147.41894872900846,23110.33533599168,39.87596991793342,21.9742257225085
middle,top,7,parameterized,notebook,snopt,no-acceleration,True,0.0,1.0,1608891161,True,0.28398609161376953,31,0.6195898056030273,15,15,3.748276160802103,,3.043223422468486,12.034016519652303,34.97944871111754,0.3285989430210346,1.3590452671051025,True,SolutionResult.kSolutionFound,1,1.35188657,0.3114964789405328,0.9479533807282935,6.174645442810737,21.194312759672318,1.0,1.0,0.0,0.0,,3.4410860878124234,1.0044391269818422,4.343222040763885,1.021286019945574,acceleration,302.3180352244667,194.64046490797966,34102.35308808444,71.03165125894796,22.689248291077107
middle,top,7,cspace,notebook,snopt,no-acceleration,True,0.0,1.0,1608891161,True,0.28398609161376953,31,0.6195898056030273,15,15,3.748276160802103,,3.043223422468486,12.034016519652303,34.97944871111754,0.08309777524128685,5.870034217834473,True,SolutionResult.kSolutionFound,1,5.863595997,0.2613487523206069,1.3503239264059552,3.1450752028167015,9.633580208210562,1.0,1.0,0.0,0.0,,1.8892611185212687,1.0010718752597736,3.068306750811312,1.2742631674851028,acceleration,321.69708143427766,204.81304530498497,27828.832395862468,64.4667127139187,26.627430522769096
middle,top,7,kinetic,notebook,snopt,no-acceleration,True,0.0,1.0,1608891161,True,0.28398609161376953,31,0.6195898056030273,15,15,3.748276160802103,,3.043223422468486,12.034016519652303,34.97944871111754,0.028588214990425773,3.547529458999634,True,SolutionResult.kSolutionFound,1,3.542118731,0.267415860985288,1.4373784895302286,3.5277214314584073,9.354059393874222,0.998,0.998,0.0,0.0,,1.9553147700873026,1.0006735645626494,2.0423118165878713,1.237696466847689,acceleration,285.0761407792539,186.97974760403906,25501.871704772024,63.49047273407767,26.145734000906266
middle,top,7,parameterized,tight,snopt,no-acceleration,True,0.0,1.0,1608891161,True,0.28398609161376953,31,0.6195898056030273,15,15,3.748276160802103,,3.043223422468486,12.034016519652303,34.97944871111754,0.3285989430210346,5.754706382751465,True,SolutionResult.kSolutionFound,1,5.749174689,0.13061791569162165,0.39749950042675575,3.1934424689832173,12.856713599391677,0.996,0.996,0.0,5.747279750867307e-05,,2.8702718510896865,1.0074007717827491,8.264381476262686,1.0007605526273462,acceleration,255.78145644671915,168.6145437910366,36244.014029037484,53.31042679433319,22.816123059472904
middle,top,7,cspace,tight,snopt,no-acceleration,True,0.0,1.0,1608891161,True,0.28398609161376953,31,0.6195898056030273,15,15,3.748276160802103,,3.043223422468486,12.034016519652303,34.97944871111754,0.08309777524128685,78.13199520111084,False,SolutionResult.kSolverSpecificError,41,78.126544207,0.09684149862129308,0.5942480021519401,1.165392194196527,4.409699398154071,1.0,1.0,0.0,0.0,,1.2786117790455043,1.0007592470380253,4.5692041086519986,1.1713154422736642,acceleration,237.53848221724172,159.07606844844912,30773.15151291823,45.479965931431614,31.52468816671225
middle,top,7,kinetic,tight,snopt,no-acceleration,True,0.0,1.0,1608891161,True,0.28398609161376953,31,0.6195898056030273,15,15,3.748276160802103,,3.043223422468486,12.034016519652303,34.97944871111754,0.028588214990425773,104.5376045703888,True,SolutionResult.kSolutionFound,1,104.5304344,0.11449062975902524,0.624880361939113,1.1806990760402742,4.004819111559372,1.0,1.0,0.0,0.0,,1.1984997814722025,1.0006271951186716,4.012408074948463,1.1687704668190146,acceleration,251.20525259778753,166.7743191225312,25130.764209734945,45.794614935133275,32.81054908574343
top,bottom,5,parameterized,notebook,snopt,no-acceleration,True,0.0,1.0,772560212,True,0.3883852958679199,32,0.4668924808502197,16,16,3.577678784829058,,1.461115595684748,5.481944095049798,21.758461636077897,0.6844085457395673,1.8081841468811035,True,SolutionResult.kSolutionFound,1,1.80326234,0.515955134081075,0.7538700930794742,3.483289791853602,14.346976591820592,1.0,1.0,0.0,0.0,,2.9204257340120447,1.0059825095501078,5.894467498200469,1.1955917182857032,acceleration,364.2110898553527,109.58594834400459,36797.22946451066,71.20243862813416,27.498971230120205
top,bottom,5,cspace,notebook,snopt,no-acceleration,True,0.0,1.0,772560212,True,0.3883852958679199,32,0.4668924808502197,16,16,3.577678784829058,,1.461115595684748,5.481944095049798,21.758461636077897,0.18241703721550193,3.071925401687622,True,SolutionResult.kSolutionFound,1,3.067156893,0.305313896118718,0.8759938720396578,1.6737137099646542,7.151349959900044,0.998,0.998,0.0,0.0,,1.7195158017833407,1.0008052720701488,5.571083535325173,1.1815359437950042,acceleration,307.873049920955,83.38047300362666,32268.10760726546,61.29647348317036,29.447770640225226
top,bottom,5,kinetic,notebook,snopt,no-acceleration,True,0.0,1.0,772560212,True,0.3883852958679199,32,0.4668924808502197,16,16,3.577678784829058,,1.461115595684748,5.481944095049798,21.758461636077897,0.04595913151975281,3.969325304031372,True,SolutionResult.kSolutionFound,1,3.961944039,0.35544309055269807,1.0465886654694643,1.9504338988089467,7.733894849599843,1.0,1.0,0.0,0.0,,1.7424785944141399,1.001161147747738,3.8695387147561595,1.0896751538223053,acceleration,343.93375205376947,102.92916727232605,32267.159282832275,64.99243751484073,34.69392180275751
top,bottom,5,parameterized,tight,snopt,no-acceleration,True,0.0,1.0,772560212,True,0.3883852958679199,32,0.4668924808502197,16,16,3.577678784829058,,1.461115595684748,5.481944095049798,21.758461636077897,0.6844085457395673,5.795587062835693,True,SolutionResult.kSolutionFound,1,5.790484926,0.34378644275797915,0.5023117330986677,3.3212932410922154,13.622184742513715,1.0,1.0,0.0,4.2687891974591e-05,,2.9052965494126153,1.00638429346472,7.632783736433303,0.9821032262902474,acceleration,334.1255895782516,96.5814214597256,36019.9203579149,66.19481210992154,22.891120333853276
top,bottom,5,cspace,tight,snopt,no-acceleration,True,0.0,1.0,772560212,True,0.3883852958679199,32,0.4668924808502197,16,16,3.577678784829058,,1.461115595684748,5.481944095049798,21.758461636077897,0.18241703721550193,77.1306848526001,True,SolutionResult.kSolutionFound,3,77.125161944,0.25313498233041315,0.7359811106060529,1.3876718216367436,5.881465897433501,1.0,1.0,0.0,0.0,,1.6138972223498602,1.0007181364879116,5.5808081258992,1.1348874780008507,acceleration,269.82908958276033,62.95091519421474,31063.430664035295,53.70378807425607,26.935003964773678
top,bottom,5,kinetic,tight,snopt,no-acceleration,True,0.0,1.0,772560212,True,0.3883852958679199,32,0.4668924808502197,16,16,3.577678784829058,,1.461115595684748,5.481944095049798,21.758461636077897,0.04595913151975281,61.364075899124146,True,SolutionResult.kSolutionFound,3,61.355728503,0.24678597353889978,0.829020875637561,1.444331867111191,5.369683137568287,1.0,1.0,0.0,0.0,,1.4513310860720319,1.0007901017751195,3.876338989250938,1.1887826524905838,acceleration,277.0214184517255,67.67101119530474,27422.33215920768,55.69735022703097,27.742160749726335
top,middle,0,parameterized,notebook,snopt,no-acceleration,True,0.0,1.0,453438722,True,0.11707115173339844,27,0.46996021270751953,16,16,2.324265405794893,,1.1707174605855868,3.090520589778436,13.341808619071141,0.8541770612183449,2.777533531188965,True,SolutionResult.kSolutionFound,1,2.772628806,0.37422597663542656,0.43811288505178664,1.960894662689945,8.444022294578613,1.0,1.0,0.0,0.0,,2.1821138639742745,1.0019045673327813,6.418242063773578,0.9999999999999997,acceleration,224.99695127342727,78.27964165190362,32399.203270136673,50.35556036503021,22.164460498754853
top,middle,0,cspace,notebook,snopt,no-acceleration,True,0.0,1.0,453438722,True,0.11707115173339844,27,0.46996021270751953,16,16,2.324265405794893,,1.1707174605855868,3.090520589778436,13.341808619071141,0.3235700817873184,3.681941270828247,True,SolutionResult.kSolutionFound,1,3.676949364,0.36135036303468027,0.540094721996624,1.1167607370825923,4.558745930236691,0.996,0.996,0.0,0.0,,1.4341847837196997,1.0007174390572715,6.616168379384381,1.1774047428305745,acceleration,229.44740716977756,80.98499165809598,32204.968153813123,46.10318677595362,29.476456612390276
top,middle,0,kinetic,notebook,snopt,no-acceleration,True,0.0,1.0,453438722,True,0.11707115173339844,27,0.46996021270751953,16,16,2.324265405794893,,1.1707174605855868,3.090520589778436,13.341808619071141,0.0749523568019536,3.6145596504211426,True,SolutionResult.kSolutionFound,1,3.609386065,0.36294160344222304,0.6529455846729959,1.2773821532733258,4.84229741302495,1.0,1.0,0.0,0.0,,1.4644913519012792,1.0013146926569203,6.187304164853592,1.1670999429150257,acceleration,247.69648656156153,87.97251576866586,29098.42265303754,46.82080039637966,28.992307887425767
top,middle,0,parameterized,tight,snopt,no-acceleration,True,0.0,1.0,453438722,True,0.11707115173339844,27,0.46996021270751953,16,16,2.324265405794893,,1.1707174605855868,3.090520589778436,13.341808619071141,0.8541770612183449,7.134134292602539,True,SolutionResult.kSolutionFound,1,7.12939755,0.30050714114048016,0.351808957163812,1.8969522015893987,7.55235329152292,0.998,0.998,0.0,8.030415523885281e-05,,2.261652287665464,1.0015972925101615,5.712990286063567,0.7603392291193201,acceleration,229.96859777938056,81.59597064449562,27095.507029178476,49.17223092669839,24.196702103445755
top,middle,0,cspace,tight,snopt,no-acceleration,True,0.0,1.0,453438722,True,0.11707115173339844,27,0.46996021270751953,16,16,2.324265405794893,,1.1707174605855868,3.090520589778436,13.341808619071141,0.3235700817873184,67.55452251434326,False,SolutionResult.kSolverSpecificError,41,67.549293873,0.30646262394078355,0.4795437378047653,0.9471290492865174,3.523476258723488,0.998,0.998,0.0,0.0,,1.2649001237387207,1.0007200569875105,5.611855187418494,1.179975430961541,acceleration,215.92363830321284,73.0441392016357,27460.32279283257,41.54394543850366,24.558395791951344
top,middle,0,kinetic,tight,snopt,no-acceleration,True,0.0,1.0,453438722,True,0.11707115173339844,27,0.46996021270751953,16,16,2.324265405794893,,1.1707174605855868,3.090520589778436,13.341808619071141,0.0749523568019536,29.782949686050415,False,SolutionResult.kSolverSpecificError,41,29.777737861,0.27192466766041135,0.5326810498241631,0.9982942966994143,3.6279668747297324,1.0,1.0,0.0,0.0,,1.219013743368311,1.0007858977831556,4.429267450736657,1.1595075789305407,acceleration,227.34687022213024,78.71812247030677,30579.997345903208,44.76685920938362,30.295933395306466
bottom,middle,7,parameterized,notebook,snopt,no-acceleration,True,0.0,1.0,1482419838,True,0.14065837860107422,19,0.4400928020477295,27,27,2.596906802637979,,0.3723556946007378,1.5285977214529471,7.441299408518447,2.685604153502366,2.2186272144317627,True,SolutionResult.kSolutionFound,1,2.206186098,0.32187997453049827,0.11985384149437447,0.5851345601003114,2.82267934220348,1.0,1.0,0.0,0.0,,1.751249307602567,1.0045055351980736,6.8702085049108055,1.085611644912269,acceleration,171.129729112063,125.07289566153908,34840.02359179687,39.53542056789833,25.022955671800084
bottom,middle,7,cspace,notebook,snopt,no-acceleration,True,0.0,1.0,1482419838,True,0.14065837860107422,19,0.4400928020477295,27,27,2.596906802637979,,0.3723556946007378,1.5285977214529471,7.441299408518447,0.6541943547119056,5.666003942489624,True,SolutionResult.kSolutionFound,1,5.65738329,0.25268732846078085,0.16822590853655933,0.3862572745251821,1.7981428678711742,0.998,0.998,0.0,0.0,,1.2180186662340267,1.0012805474448292,6.101474372194887,1.4009481294306299,acceleration,187.99778856838327,132.68657030379913,33428.029942000154,37.3433486868924,29.182414340920545
bottom,middle,7,kinetic,notebook,snopt,no-acceleration,True,0.0,1.0,1482419838,True,0.14065837860107422,19,0.4400928020477295,27,27,2.596906802637979,,0.3723556946007378,1.5285977214529471,7.441299408518447,0.1343851315611958,6.437605857849121,True,SolutionResult.kSolutionFound,1,6.43121039,0.2079934441116607,0.18564219749172028,0.37871960159657764,1.5477414926438153,0.998,0.998,0.0,0.0,,1.054942780433062,1.0023547243651305,5.925132150933331,1.3797595247407166,acceleration,212.12498108306465,144.64694726446726,32203.803920385762,37.76407792956401,28.6339523846309
bottom,middle,7,parameterized,tight,snopt,no-acceleration,True,0.0,1.0,1482419838,True,0.14065837860107422,19,0.4400928020477295,27,27,2.596906802637979,,0.3723556946007378,1.5285977214529471,7.441299408518447,2.685604153502366,15.73142671585083,True,SolutionResult.kSolutionFound,1,15.72421681,0.1588292232715396,0.05914096575417689,0.3207709287343342,1.2309206075621797,1.0,1.0,0.0,4.585201482498746e-06,,1.3697247714924092,1.002705068836135,5.08108079174856,1.0060467149169385,acceleration,140.23544381976532,108.20431311095031,22849.154606564225,23.50262444689268,21.87942508759686
bottom,middle,7,cspace,tight,snopt,no-acceleration,True,0.0,1.0,1482419838,True,0.14065837860107422,19,0.4400928020477295,27,27,2.596906802637979,,0.3723556946007378,1.5285977214529471,7.441299408518447,0.6541943547119056,148.0487470626831,False,SolutionResult.kSolverSpecificError,41,148.040823883,0.11355476068206057,0.0868993248271316,0.17357954843873244,0.6298901544193825,1.0,1.0,0.0,0.0,,0.8445314478072475,1.0022479853132016,5.125851243199708,1.3556216835089763,acceleration,127.30657899522356,101.93514520593413,20056.86781926847,19.70612204725756,25.17075222308683
bottom,middle,7,kinetic,tight,snopt,no-acceleration,True,0.0,1.0,1482419838,True,0.14065837860107422,19,0.4400928020477295,27,27,2.596906802637979,,0.3723556946007378,1.5285977214529471,7.441299408518447,0.1343851315611958,234.5882523059845,True,SolutionResult.kSolutionFound,3,234.58312642,0.0838036453324149,0.08630290131455023,0.173438529370207,0.6236080164437885,1.0,1.0,0.0,0.0,,0.8510840445339207,1.0022873316117968,5.702407923899991,1.3544941311621972,acceleration,126.69603154447225,101.47665273658255,20021.653566192595,19.491189150710127,24.908010804444306
top,middle,3,parameterized,notebook,snopt,no-acceleration,True,0.0,1.0,34585784,True,0.13890409469604492,29,0.8253045082092285,14,14,2.1638668267759797,,1.8653072979458643,3.3971546508527934,12.915493923535909,0.5361046949750488,2.140019178390503,True,SolutionResult.kSolutionFound,1,2.133449716,0.24939599394228504,0.4652001675790077,2.971441150316503,12.293570436715218,1.0,1.0,0.0,0.0,,2.55140103245767,1.0040385050022729,7.868217721648252,1.0880268024627437,acceleration,260.4172061284828,98.11666536947831,37093.784809421115,54.25229993938358,24.85921859354956
top,middle,3,cspace,notebook,snopt,no-acceleration,True,0.0,1.0,34585784,True,0.13890409469604492,29,0.8253045082092285,14,14,2.1638668267759797,,1.8653072979458643,3.3971546508527934,12.915493923535909,0.2943639906852543,5.397183179855347,True,SolutionResult.kSolutionFound,1,5.39091449,0.38440872391401054,0.6819280858455545,1.3058958842728683,5.174063151766794,1.0,1.0,0.0,0.0,,1.3861355507612116,1.0012330852231184,5.148999207960463,1.1374231945291515,acceleration,228.14493581515788,79.01945727797487,33914.04334581779,46.7792085650827,34.19946153106417
top,middle,3,kinetic,notebook,snopt,no-acceleration,True,0.0,1.0,34585784,True,0.13890409469604492,29,0.8253045082092285,14,14,2.1638668267759797,,1.8653072979458643,3.3971546508527934,12.915493923535909,0.07742638461373123,4.1524598598480225,True,SolutionResult.kSolutionFound,1,4.145077111,0.39840709238647826,0.8733092590361496,1.4929602529123112,5.145624380811172,1.0,1.0,0.0,0.0,,1.2979813949136672,1.0008591271535296,4.302338901596231,1.0905661817314738,acceleration,231.79192211267815,82.50594950028348,32864.10071878484,49.90821871785103,35.49913669301137
top,middle,3,parameterized,tight,snopt,no-acceleration,True,0.0,1.0,34585784,True,0.13890409469604492,29,0.8253045082092285,14,14,2.1638668267759797,,1.8653072979458643,3.3971546508527934,12.915493923535909,0.5361046949750488,6.201860427856445,True,SolutionResult.kSolutionFound,1,6.195722464,0.22144660709637468,0.41306597232221726,2.7214112872116,10.958773382354636,1.0,1.0,0.0,3.52894261590464e-06,,2.5732838366210418,1.0041329195558863,7.875128644604813,0.9995470998794435,acceleration,246.0227082283348,88.58919723721479,32513.80141514824,51.377335326429474,24.47567077021946
top,middle,3,cspace,tight,snopt,no-acceleration,True,0.0,1.0,34585784,True,0.13890409469604492,29,0.8253045082092285,14,14,2.1638668267759797,,1.8653072979458643,3.3971546508527934,12.915493923535909,0.2943639906852543,37.81099224090576,False,SolutionResult.kSolverSpecificError,41,37.805003634,0.34876966498070006,0.6039530375624035,1.1848244894655557,4.459793738214739,1.0,1.0,0.0,0.0,,1.263252481515001,1.000742442942995,4.936972418775782,1.093207035035959,acceleration,233.5946730848127,81.72212479821383,29671.366313490864,45.06989109201761,30.972665942646547
top,middle,3,kinetic,tight,snopt,no-acceleration,True,0.0,1.0,34585784,True,0.13890409469604492,29,0.8253045082092285,14,14,2.1638668267759797,,1.8653072979458643,3.3971546508527934,12.915493923535909,0.07742638461373123,26.35990262031555,False,SolutionResult.kSolverSpecificError,41,26.354536419,0.334749134312818,0.7005768635847798,1.255475016146361,4.323450410126107,1.0,1.0,0.0,0.0,,1.1919500928311102,1.0007247866934987,3.5321372221914324,1.0924541160324899,acceleration,241.71351030274178,85.05710958056741,29378.03970145506,46.718325129829616,33.05380367663125
middle,top,3,parameterized,notebook,snopt,no-acceleration,True,0.0,1.0,1485340416,True,0.16950559616088867,36,0.6316976547241211,20,20,2.6985755981477975,,0.9423536486871622,2.4568618952890238,7.489590094955108,1.0611727363640473,3.937086343765259,True,SolutionResult.kSolutionFound,1,3.931782412,0.2958194281131088,0.27876651743493425,1.4895007721090192,5.776957188277742,0.998,0.998,0.0,4.922002561524863e-06,,2.1780629032238896,1.0021583830390555,6.083903738310185,0.817577913825545,acceleration,227.45316583086728,155.3491357485015,26132.000935370736,48.18706294827084,23.877337142208155
middle,top,3,cspace,notebook,snopt,no-acceleration,True,0.0,1.0,1485340416,True,0.16950559616088867,36,0.6316976547241211,20,20,2.6985755981477975,,0.9423536486871622,2.4568618952890238,7.489590094955108,0.40702328523938486,3.808945894241333,True,SolutionResult.kSolutionFound,1,3.803728779,0.36875910817481067,0.5233049971547097,0.9059902014154558,3.044526325727261,1.0,1.0,0.0,0.0,,1.2767019874166303,1.001562362460147,8.125995750757987,1.231431502152103,acceleration,220.19110504876232,151.9457266545735,26105.509143736857,44.84088013975434,23.51346667077212
middle,top,3,kinetic,notebook,snopt,no-acceleration,True,0.0,1.0,1485340416,True,0.16950559616088867,36,0.6316976547241211,20,20,2.6985755981477975,,0.9423536486871622,2.4568618952890238,7.489590094955108,0.13351865553678127,8.481473922729492,True,SolutionResult.kSolutionFound,1,8.476346462,0.3908737581099922,0.5456624007843922,0.9156446410054985,2.927484227118477,0.996,0.996,0.0,0.0,,1.2646949450299394,1.0011254176820052,8.023578584022088,1.2189158844676977,acceleration,223.563167244201,152.70675307007178,26213.650911882774,43.89447348858225,23.78822920553602
middle,top,3,parameterized,tight,snopt,no-acceleration,True,0.0,1.0,1485340416,True,0.16950559616088867,36,0.6316976547241211,20,20,2.6985755981477975,,0.9423536486871622,2.4568618952890238,7.489590094955108,1.0611727363640473,6.422668218612671,True,SolutionResult.kSolutionFound,1,6.417420054,0.2940981663239412,0.277144480107573,1.4650090904507187,5.659222393218779,0.998,0.998,0.0,1.685818851449028e-05,,2.1333294646255245,1.0020589985235266,4.909658064378364,0.6637045831853098,acceleration,223.6885872486824,152.02699985416638,25022.99085339041,47.99457316976577,23.488117656621508
middle,top,3,cspace,tight,snopt,no-acceleration,True,0.0,1.0,1485340416,True,0.16950559616088867,36,0.6316976547241211,20,20,2.6985755981477975,,0.9423536486871622,2.4568618952890238,7.489590094955108,0.40702328523938486,107.13301634788513,True,SolutionResult.kSolutionFound,3,107.127585294,0.297365759244955,0.3805196868178019,0.7305866028526197,2.5690854619828474,0.998,0.998,0.0,0.0,,1.2309708968167437,1.0011613968546234,5.672746164814554,1.2462316586514888,acceleration,210.50104453130945,146.70996475388088,24463.535501550978,39.677003591884684,21.304689801349742
middle,top,3,kinetic,tight,snopt,no-acceleration,True,0.0,1.0,1485340416,True,0.16950559616088867,36,0.6316976547241211,20,20,2.6985755981477975,,0.9423536486871622,2.4568618952890238,7.489590094955108,0.13351865553678127,107.163889169693,True,SolutionResult.kSolutionFound,3,107.158882937,0.3356916478799726,0.3883456449623478,0.7391318702873504,2.5141928409210013,1.0,1.0,0.0,0.0,,1.2254046275728445,1.0011907390676402,5.423702955565705,1.242760623757102,acceleration,216.2407101391076,148.38829687013248,24004.522877592368,39.32136451862142,21.941908230088686
top,bottom,9,parameterized,notebook,snopt,no-acceleration,True,0.0,1.0,666507647,True,0.18183588981628418,40,0.6432919502258301,17,17,2.990006091034215,,3.359552875971882,6.888480246966244,25.179687449359623,0.29765865783871936,1.504361867904663,True,SolutionResult.kSolutionFound,1,1.499266401,0.2413244924168664,0.8107423925415413,2.771867934691889,11.336166273978938,1.0,1.0,0.0,0.0,,2.639160284009443,1.001048086331387,3.320906641484202,1.0,acceleration,308.02733754781605,85.28969766221755,31605.67379350235,66.17253173611047,22.26756542332114
top,bottom,9,cspace,notebook,snopt,no-acceleration,True,0.0,1.0,666507647,True,0.18183588981628418,40,0.6432919502258301,17,17,2.990006091034215,,3.359552875971882,6.888480246966244,25.179687449359623,0.14516990165434676,2.6252968311309814,True,SolutionResult.kSolutionFound,1,2.620274453,0.3697275846981176,1.4179914109525376,2.546861163951522,9.01546282253487,1.0,1.0,0.0,0.0,,1.8536585525949465,1.0011115507342176,4.410156645876934,1.0595690878528192,acceleration,350.60004701410685,106.56271921489204,30801.551140716565,68.8694444727268,33.68664499774341
top,bottom,9,kinetic,notebook,snopt,no-acceleration,True,0.0,1.0,666507647,True,0.18183588981628418,40,0.6432919502258301,17,17,2.990006091034215,,3.359552875971882,6.888480246966244,25.179687449359623,0.039714551739816466,4.128209590911865,True,SolutionResult.kSolutionFound,1,4.123023802,0.30973127788456983,1.379027466098289,2.348708485898199,7.798936770424219,0.998,0.998,0.0,0.0,,1.7338205772519806,1.0006280761846864,3.6861063160737717,1.1518564287319109,acceleration,339.7124946966916,101.2485539571979,31087.379331810273,66.89886564274875,34.88565333246886
top,bottom,9,parameterized,tight,snopt,no-acceleration,True,0.0,1.0,666507647,True,0.18183588981628418,40,0.6432919502258301,17,17,2.990006091034215,,3.359552875971882,6.888480246966244,25.179687449359623,0.29765865783871936,6.456396818161011,True,SolutionResult.kSolutionFound,1,6.450756124,0.1404064696643817,0.47170295896603015,2.8992638240559647,11.905370023470688,1.0,1.0,0.0,6.09603623851207e-05,,2.816901109777824,1.0024102559491428,7.416301457724248,0.9575017986374436,acceleration,324.4159122991141,93.17975695185392,34322.193787533615,65.25007736991914,22.915699157593718
top,bottom,9,cspace,tight,snopt,no-acceleration,True,0.0,1.0,666507647,True,0.18183588981628418,40,0.6432919502258301,17,17,2.990006091034215,,3.359552875971882,6.888480246966244,25.179687449359623,0.14516990165434676,89.63596105575562,False,SolutionResult.kSolverSpecificError,41,89.628241169,0.18420561651901596,0.6720939620968345,1.2688967507714808,5.2405613755620974,1.0,1.0,0.0,0.0,,1.57101034665957,1.0008293070232932,5.087730367824366,1.208119430602466,acceleration,270.1361592420825,64.36120542159033,29574.30615156079,53.267953668481304,26.62919425456537
top,bottom,9,kinetic,tight,snopt,no-acceleration,True,0.0,1.0,666507647,True,0.18183588981628418,40,0.6432919502258301,17,17,2.990006091034215,,3.359552875971882,6.888480246966244,25.179687449359623,0.039714551739816466,35.75301122665405,False,SolutionResult.kSolverSpecificError,41,35.746680182,0.19794266321315032,0.7578099975229537,1.3342546776694568,4.98413439260098,1.0,1.0,0.0,0.0,,1.4639206901200552,1.0008295875428341,3.999300811739128,1.2068956289184105,acceleration,275.77899667585575,65.78722297644464,28030.76143041491,54.97137769647284,28.149515459647503
top,middle,8,parameterized,notebook,snopt,no-acceleration,True,0.0,1.0,366830896,True,0.24959111213684082,28,0.7439231872558594,19,19,2.311893220924642,,1.867370786943093,3.517616464852421,8.540934735612224,0.5355122865754001,8.457453966140747,False,SolutionResult.kIterationLimit,31,8.450931295,1.1013843612568077,2.056692981406945,16.02253639871455,54.76370370724214,0.93,0.934,0.0,0.0034510401786307376,,3.968817352465204,1.1037538724808893,7.68277426258628,1.1245286279816218,acceleration,606.4288365480988,269.1963559214459,73082.14358179845,79.21890183306026,26.30384484717302
top,middle,8,cspace,notebook,snopt,no-acceleration,True,0.0,1.0,366830896,True,0.24959111213684082,28,0.7439231872558594,19,19,2.311893220924642,,1.867370786943093,3.517616464852421,8.540934735612224,0.2842834089480401,7.018939971923828,False,SolutionResult.kIterationLimit,31,7.012531389,39.22430729828728,27.968826644993673,137.9760691748863,351.0511614744889,0.594,0.648,0.22761780891425287,0.05359452111386975,,10.734506103786572,4.366684648676957,26.989228662073177,5.780115968311837,acceleration,1526.4361073884222,655.4417796643796,227714.3408555123,182.24036208393773,85.36369981854452
top,middle,8,kinetic,notebook,snopt,no-acceleration,True,0.0,1.0,366830896,True,0.24959111213684082,28,0.7439231872558594,19,19,2.311893220924642,,1.867370786943093,3.517616464852421,8.540934735612224,0.11708320353162363,11.520428895950317,False,SolutionResult.kIterationLimit,31,11.514346228,1.7087452347066936,2.548336628178423,4.508619586955416,14.594281529418268,1.0,1.0,0.0,0.0,,2.1428295929006707,1.0074876318680095,5.849385629502282,1.3653407196536302,acceleration,523.7759862311416,228.65444833142453,59233.61303378046,64.75179047114983,27.87702003251337
top,middle,8,parameterized,tight,snopt,no-acceleration,True,0.0,1.0,366830896,True,0.24959111213684082,28,0.7439231872558594,19,19,2.311893220924642,,1.867370786943093,3.517616464852421,8.540934735612224,0.5355122865754001,7.666909217834473,False,SolutionResult.kIterationLimit,31,7.661422496,1.1013843612568077,2.056692981406945,16.02253639871455,54.76370370724214,0.93,0.934,0.0,0.0034510401786307376,,3.968817352465204,1.1037538724808893,7.68277426258628,1.1245286279816218,acceleration,606.4288365480988,269.1963559214459,73082.14358179845,79.21890183306026,26.30384484717302
top,middle,8,cspace,tight,snopt,no-acceleration,True,0.0,1.0,366830896,True,0.24959111213684082,28,0.7439231872558594,19,19,2.311893220924642,,1.867370786943093,3.517616464852421,8.540934735612224,0.2842834089480401,5.742635011672974,False,SolutionResult.kIterationLimit,31,5.736847107,39.22430729828728,27.968826644993673,137.9760691748863,351.0511614744889,0.594,0.648,0.22761780891425287,0.05359452111386975,,10.734506103786572,4.366684648676957,26.989228662073177,5.780115968311837,acceleration,1526.4361073884222,655.4417796643796,227714.3408555123,182.24036208393773,85.36369981854452
top,middle,8,kinetic,tight,snopt,no-acceleration,True,0.0,1.0,366830896,True,0.24959111213684082,28,0.7439231872558594,19,19,2.311893220924642,,1.867370786943093,3.517616464852421,8.540934735612224,0.11708320353162363,6.913722276687622,False,SolutionResult.kIterationLimit,31,6.909942763,1.7087452347066936,2.548336628178423,4.508619586955416,14.594281529418268,1.0,1.0,0.0,0.0,,2.1428295929006707,1.0074876318680095,5.849385629502282,1.3653407196536302,acceleration,523.7759862311416,228.65444833142453,59233.61303378046,64.75179047114983,27.87702003251337
top,bottom,0,parameterized,notebook,snopt,no-acceleration,True,0.0,1.0,1583784411,True,0.17333221435546875,32,0.49401354789733887,22,22,4.4307319845535815,,3.092167645723201,10.31060325478944,36.988688407178756,0.3233977308387878,1.2734811305999756,True,SolutionResult.kSolutionFound,1,1.267955668,0.3199554794921482,0.9893559817574725,4.055448913274463,15.3856285434388,1.0,1.0,0.0,0.0,,3.078040773352347,1.0114768617904408,7.715812403648119,1.0159561728675155,acceleration,437.33502274140676,150.2396117865572,41802.21358119303,86.5825598489634,30.29323849501927
top,bottom,0,cspace,notebook,snopt,no-acceleration,True,0.0,1.0,1583784411,True,0.17333221435546875,32,0.49401354789733887,22,22,4.4307319845535815,,3.092167645723201,10.31060325478944,36.988688407178756,0.09698753557756032,2.76499605178833,True,SolutionResult.kSolutionFound,1,2.759629263,0.2216282560251115,1.2753102966740006,2.285121017925822,9.067829554001664,1.0,1.0,0.0,0.0,,1.8856736231439795,1.0027174553206617,5.980708723286825,1.3230675746333915,acceleration,408.86905263089244,134.3153174395604,41484.51825264387,76.38981515234812,35.28836687128993
top,bottom,0,kinetic,notebook,snopt,no-acceleration,True,0.0,1.0,1583784411,True,0.17333221435546875,32,0.49401354789733887,22,22,4.4307319845535815,,3.092167645723201,10.31060325478944,36.988688407178756,0.027035292222092423,1.9919192790985107,True,SolutionResult.kSolutionFound,1,1.986734025,0.23309949721341489,1.3715218486499037,2.458295912891184,8.622044670297038,1.0,1.0,0.0,0.0,,1.8706588584724626,1.0021669767890906,6.081959566360629,1.2983712479684688,acceleration,408.72952273357095,134.67706042180745,39355.027024219,74.08866213759839,36.61455743557153
top,bottom,0,parameterized,tight,snopt,no-acceleration,True,0.0,1.0,1583784411,True,0.17333221435546875,32,0.49401354789733887,22,22,4.4307319845535815,,3.092167645723201,10.31060325478944,36.988688407178756,0.3233977308387878,17.45264720916748,True,SolutionResult.kSolutionFound,3,17.447017528,0.11599075729765362,0.35866286691874427,2.626225229879736,10.759825343988792,0.994,0.994,0.0,4.227996326555683e-05,,3.0502973174373693,1.0131479418883824,8.071120168943782,0.9958989861384104,acceleration,343.6232002673251,100.21267693598168,39143.48876061479,67.65716277588723,24.246467192083553
top,bottom,0,cspace,tight,snopt,no-acceleration,True,0.0,1.0,1583784411,True,0.17333221435546875,32,0.49401354789733887,22,22,4.4307319845535815,,3.092167645723201,10.31060325478944,36.988688407178756,0.09698753557756032,129.42914366722107,True,SolutionResult.kSolutionFound,3,129.424155413,0.09633095154400764,0.5259431110847576,0.9932302225266085,4.204175570718418,1.0,1.0,0.0,0.0,,1.621515808780762,1.0015826249457296,6.1259514655559295,1.220235576177147,acceleration,274.38332846167225,66.42406764170394,32999.00783272216,53.72367913759272,26.790988161604105
top,bottom,0,kinetic,tight,snopt,no-acceleration,True,0.0,1.0,1583784411,True,0.17333221435546875,32,0.49401354789733887,22,22,4.4307319845535815,,3.092167645723201,10.31060325478944,36.988688407178756,0.027035292222092423,61.63188028335571,True,SolutionResult.kSolutionFound,1,61.618275409,0.10305894449458143,0.6019966091277554,1.0337645834358755,3.812015185482804,1.0,1.0,0.0,0.0,,1.4387608392710103,1.0015447156734967,4.185436787796002,1.2882574627579344,acceleration,282.1665636255357,69.29643378436046,28135.844487438386,55.979177992760775,28.112191547386335
top,bottom,1,parameterized,notebook,snopt,no-acceleration,True,0.0,1.0,694260045,True,0.2927241325378418,37,0.8776021003723145,12,12,2.778383810789822,,3.306691817495521,7.751809652284141,28.125879011852895,0.30241705462512597,2.2582457065582275,True,SolutionResult.kSolutionFound,1,2.250979025,0.34985841696026476,1.1568739646444446,3.9672957855311384,15.153072028640981,1.0,1.0,0.0,0.0,,2.317231206784055,1.0012272992753077,6.043090434621982,1.0459187086838817,acceleration,350.0320389098134,104.51697595684286,31735.94324619113,63.0646456446999,29.716799596881447
top,bottom,1,cspace,notebook,snopt,no-acceleration,True,0.0,1.0,694260045,True,0.2927241325378418,37,0.8776021003723145,12,12,2.778383810789822,,3.306691817495521,7.751809652284141,28.125879011852895,0.12900213561169435,3.0611565113067627,True,SolutionResult.kSolutionFound,1,3.054745745,0.2949434546058171,1.2106291106575326,2.286345518291403,9.12793195645987,1.0,1.0,0.0,0.0,,1.6698947132081081,1.0012101026079696,3.709568586063772,1.1223757816209665,acceleration,332.6555029718305,95.05136372416382,27303.090925903696,57.14482799360151,33.22537004003822
top,bottom,1,kinetic,notebook,snopt,no-acceleration,True,0.0,1.0,694260045,True,0.2927241325378418,37,0.8776021003723145,12,12,2.778383810789822,,3.306691817495521,7.751809652284141,28.125879011852895,0.035554444345671,9.270814418792725,True,SolutionResult.kSolutionFound,1,9.264082092,0.26372599532495933,1.0662222690186156,1.9622281874005474,7.417525436790289,1.0,1.0,0.0,0.0,,1.477609165819904,1.0005328750925113,3.8078203938754553,1.1234966719584627,acceleration,282.18250582395405,69.91321435695913,25958.189846495756,55.300700394508326,33.65703883109355
top,bottom,1,parameterized,tight,snopt,no-acceleration,True,0.0,1.0,694260045,True,0.2927241325378418,37,0.8776021003723145,12,12,2.778383810789822,,3.306691817495521,7.751809652284141,28.125879011852895,0.30241705462512597,8.428410291671753,True,SolutionResult.kSolutionFound,1,8.422076076,0.21031163266025715,0.695435754841794,4.370400214300949,17.945558797708212,0.998,0.998,0.0,1.897883840262793e-05,,2.8191142109497793,1.0024541390204524,5.828060234203264,0.815376303747331,acceleration,318.15969914067654,90.86224588731459,32477.340844861686,64.65552511813297,22.471204932114187
top,bottom,1,cspace,tight,snopt,no-acceleration,True,0.0,1.0,694260045,True,0.2927241325378418,37,0.8776021003723145,12,12,2.778383810789822,,3.306691817495521,7.751809652284141,28.125879011852895,0.12900213561169435,177.0363585948944,False,SolutionResult.kSolverSpecificError,41,177.03048595,0.24439690857183435,1.005935357008297,1.89451831485555,7.961518845696529,1.0,1.0,0.0,0.0,,1.5848349503015084,1.0003943379136755,4.984536476649784,1.1321816659410628,acceleration,265.14609948383963,60.21205100958029,28884.3120379944,53.516448219805,26.849125632326622
top,bottom,1,kinetic,tight,snopt,no-acceleration,True,0.0,1.0,694260045,True,0.2927241325378418,37,0.8776021003723145,12,12,2.778383810789822,,3.306691817495521,7.751809652284141,28.125879011852895,0.035554444345671,15.146990776062012,False,SolutionResult.kSolverSpecificError,41,15.141574521,0.26207230813887744,1.059373110543965,1.967846791366231,7.371014031071101,1.0,1.0,0.0,0.0,,1.4694664612419794,1.000698000998384,3.445148649423838,1.1264268134605566,acceleration,282.24283198429,70.96021097785145,25554.953960914485,55.30502834441105,35.97875021065151
top,bottom,3,parameterized,notebook,snopt,no-acceleration,True,0.0,1.0,1198518369,True,0.5660150051116943,38,0.6673955917358398,17,17,3.1397785560518083,,3.718275578636857,8.287659469642357,25.7117773617593,0.2689418734171947,3.553729295730591,True,SolutionResult.kSolutionFound,1,3.548519881,0.1519465106637476,0.5649789998600979,4.1492569492917895,16.586157276429507,0.998,0.998,0.0,0.0,,3.338803387517612,1.0062629438306385,8.65769947385787,1.0002580608559477,acceleration,342.0350057556865,101.53431565360424,37479.03723916877,69.72505351139947,25.536886202091136
top,bottom,3,cspace,notebook,snopt,no-acceleration,True,0.0,1.0,1198518369,True,0.5660150051116943,38,0.6673955917358398,17,17,3.1397785560518083,,3.718275578636857,8.287659469642357,25.7117773617593,0.12066132828731604,2.484889268875122,True,SolutionResult.kSolutionFound,1,2.477163386,0.3390067539781392,1.6042714735217145,2.809572534879642,8.538581308908263,1.0,1.0,0.0,0.0,,1.7526840371831662,1.0017540891967596,2.7348428593710192,1.0491145400800195,acceleration,360.099844571222,112.72162147305028,27972.21887734883,73.69158629403873,32.3198318737132
top,bottom,3,kinetic,notebook,snopt,no-acceleration,True,0.0,1.0,1198518369,True,0.5660150051116943,38,0.6673955917358398,17,17,3.1397785560518083,,3.718275578636857,8.287659469642357,25.7117773617593,0.03889268275507408,4.534855365753174,True,SolutionResult.kSolutionFound,1,4.527789332,0.27416471566307904,1.3845263019884806,2.3693179571136707,7.049262129579132,1.0,1.0,0.0,0.0,,1.6054318986004914,1.0010345245438885,2.27492703420695,1.2008216061768504,acceleration,353.38043847001063,108.10841761891679,25287.479209420715,71.31395174581631,33.26430367788297
top,bottom,3,parameterized,tight,snopt,no-acceleration,True,0.0,1.0,1198518369,True,0.5660150051116943,38,0.6673955917358398,17,17,3.1397785560518083,,3.718275578636857,8.287659469642357,25.7117773617593,0.2689418734171947,6.738306760787964,True,SolutionResult.kSolutionFound,1,6.732141871,0.12702606793579,0.472317926255914,3.4294185927353253,14.03469989418991,0.998,0.998,0.0,1.5041532979598315e-05,,3.0223828488233595,1.007154113720461,7.927313901264536,0.9987715270875702,acceleration,337.5410476951597,99.60134588409052,38156.85455244453,67.16736546115135,24.248379572849238
top,bottom,3,cspace,tight,snopt,no-acceleration,True,0.0,1.0,1198518369,True,0.5660150051116943,38,0.6673955917358398,17,17,3.1397785560518083,,3.718275578636857,8.287659469642357,25.7117773617593,0.12066132828731604,170.65485405921936,True,SolutionResult.kSolutionFound,3,170.648832352,0.15995695570972304,0.6968699124506756,1.325668778722849,5.469699554293888,1.0,1.0,0.0,0.0,,1.5911773736919381,1.001279787985501,5.444615611693369,1.1850990306328204,acceleration,272.50358321573185,64.6079511673204,31055.541472233424,54.0882100265291,26.464353772049222
top,bottom,3,kinetic,tight,snopt,no-acceleration,True,0.0,1.0,1198518369,True,0.5660150051116943,38,0.6673955917358398,17,17,3.1397785560518083,,3.718275578636857,8.287659469642357,25.7117773617593,0.03889268275507408,21.44572162628174,True,SolutionResult.kSolutionFound,1,21.439711151,0.19666617357332428,0.7798186354400015,1.378236155878477,5.056636869506424,1.0,1.0,0.0,0.0,,1.433516177449586,1.0009438913482356,3.5433003567192682,1.2038041837359734,acceleration,277.573870732351,68.19080393040812,26646.801155716257,56.64448979536732,30.056188935496195
top,middle,7,parameterized,notebook,snopt,no-acceleration,True,0.0,1.0,90339489,True,0.3238086700439453,39,0.7457425594329834,15,15,2.4311394249130154,,2.130651607901498,4.759477614490596,16.23728781799023,0.4693399879602611,3.5316238403320312,True,SolutionResult.kSolutionFound,1,3.525008794,0.17840459563411382,0.380118038544838,2.3369665302362583,9.390229577886183,1.0,1.0,0.0,0.0,,2.4779186241536673,1.0026454809862115,6.57904496644562,0.8549658756762362,acceleration,237.39321772863997,85.16755591321228,30019.198586918814,50.786822383993325,24.691983928984662
top,middle,7,cspace,notebook,snopt,no-acceleration,True,0.0,1.0,90339489,True,0.3238086700439453,39,0.7457425594329834,15,15,2.4311394249130154,,2.130651607901498,4.759477614490596,16.23728781799023,0.2101070917857504,8.147340059280396,True,SolutionResult.kSolutionFound,1,8.141145606,0.2354552456253376,0.5854453193049798,1.1206439707681792,4.241542143889853,1.0,1.0,0.0,0.0,,1.3078680827484324,1.000649688416779,5.760174185889714,1.105207253361419,acceleration,215.07999595424016,73.00323979160339,31479.886151919265,45.05501549090326,34.24221666490229
top,middle,7,kinetic,notebook,snopt,no-acceleration,True,0.0,1.0,90339489,True,0.3238086700439453,39,0.7457425594329834,15,15,2.4311394249130154,,2.130651607901498,4.759477614490596,16.23728781799023,0.061586640035538584,3.4098994731903076,True,SolutionResult.kSolutionFound,1,3.403437552,0.3211739979793995,1.0978011281049904,1.7708841232953332,5.214994644846121,1.0,1.0,0.0,0.0,,1.3012341479983558,1.001216373900201,4.996959225354605,1.275090999010996,acceleration,261.76590874274,98.27183147516519,34081.03300578832,53.3507540058327,32.00825134766214
top,middle,7,parameterized,tight,snopt,no-acceleration,True,0.0,1.0,90339489,True,0.3238086700439453,39,0.7457425594329834,15,15,2.4311394249130154,,2.130651607901498,4.759477614490596,16.23728781799023,0.4693399879602611,5.3659234046936035,True,SolutionResult.kSolutionFound,1,5.359541463,0.17805946935078032,0.3793826946743267,2.2805408807798453,9.15881091268797,1.0,1.0,0.0,2.4706086844350494e-05,,2.4408223968492253,1.002417234695003,6.906183345282688,0.898769269917306,acceleration,240.15749406085703,83.61250927401731,30268.056317319577,50.44781600469828,24.921743550239466
top,middle,7,cspace,tight,snopt,no-acceleration,True,0.0,1.0,90339489,True,0.3238086700439453,39,0.7457425594329834,15,15,2.4311394249130154,,2.130651607901498,4.759477614490596,16.23728781799023,0.2101070917857504,45.144243240356445,False,SolutionResult.kSolverSpecificError,41,45.137163653,0.21888799988193502,0.5241192779109177,1.0417925355186899,3.9210218111989534,1.0,1.0,0.0,0.0,,1.2689217606370213,1.000662611455242,5.5209248222799205,1.1656414818509178,acceleration,221.59328586741395,75.73965458654158,29186.102669568347,43.08665948729593,29.655571984285995
top,middle,7,kinetic,tight,snopt,no-acceleration,True,0.0,1.0,90339489,True,0.3238086700439453,39,0.7457425594329834,15,15,2.4311394249130154,,2.130651607901498,4.759477614490596,16.23728781799023,0.061586640035538584,14.926183462142944,True,SolutionResult.kSolutionFound,3,14.922717557,0.2386383899281928,0.6097966022256557,1.1080430936095476,3.874840221685848,1.0,1.0,0.0,0.0,,1.203987177430319,1.0006257454183523,3.5933160167076448,1.1275234699625751,acceleration,234.90407038071396,83.08762391820875,29523.863649513438,45.56806172953289,32.562990214862296
top,bottom,2,parameterized,notebook,snopt,no-acceleration,True,0.0,1.0,812171511,True,0.37531089782714844,50,0.5410714149475098,22,22,3.8210299964510064,,1.9867642652363235,5.311122889965684,20.887614197399035,0.5033309776593203,5.477920055389404,True,SolutionResult.kSolutionFound,1,5.472340656,0.18157236245396743,0.36074148127807887,2.7737338376176695,11.419773532963346,0.996,0.996,0.0,3.986430944769026e-05,,3.1443728230065027,1.0139305978981177,8.162249473958038,0.9994426527895633,acceleration,338.7185732204868,99.88344228486632,40105.66545993297,68.76886124918451,27.13727768178943
top,bottom,2,cspace,notebook,snopt,no-acceleration,True,0.0,1.0,812171511,True,0.37531089782714844,50,0.5410714149475098,22,22,3.8210299964510064,,1.9867642652363235,5.311122889965684,20.887614197399035,0.1882841012564974,3.3548531532287598,True,SolutionResult.kSolutionFound,1,3.344694925,0.3523306942883892,1.025855430369864,1.8712716152725666,7.732083116254142,0.994,0.994,0.0,0.0,,1.9685347856843118,1.0018095273728798,4.472135653985345,1.1408255279905415,acceleration,340.9515561742594,101.53726875460305,42065.22466025588,71.05724004097064,32.37797246174298
top,bottom,2,kinetic,notebook,snopt,no-acceleration,True,0.0,1.0,812171511,True,0.37531089782714844,50,0.5410714149475098,22,22,3.8210299964510064,,1.9867642652363235,5.311122889965684,20.887614197399035,0.04787526189202221,4.576045036315918,True,SolutionResult.kSolutionFound,1,4.568187014,0.32341003823943676,1.029176977140831,1.8136053442159223,6.755264106311421,0.994,0.994,0.0,0.0,,1.8698807325580864,1.001804000115529,5.012178131365979,1.2772986752494444,acceleration,332.06976998429144,95.3122556469894,36773.243592077844,68.48667374116644,30.919571596924097
top,bottom,2,parameterized,tight,snopt,no-acceleration,True,0.0,1.0,812171511,True,0.37531089782714844,50,0.5410714149475098,22,22,3.8210299964510064,,1.9867642652363235,5.311122889965684,20.887614197399035,0.5033309776593203,8.45600938796997,True,SolutionResult.kSolutionFound,1,8.450591584,0.1810589892555996,0.35972152975283617,2.7244051122088138,11.136171777766503,0.998,0.998,0.0,6.936915610022965e-05,,3.0910260380646246,1.0106729588765762,8.281064887997978,1.0186467057618722,acceleration,341.33520437400307,100.47824433788091,39471.003894977744,67.9212745461272,24.494812427649496
top,bottom,2,cspace,tight,snopt,no-acceleration,True,0.0,1.0,812171511,True,0.37531089782714844,50,0.5410714149475098,22,22,3.8210299964510064,,1.9867642652363235,5.311122889965684,20.887614197399035,0.1882841012564974,107.26417326927185,True,SolutionResult.kSolutionFound,1,107.258315233,0.1945847715739434,0.5459309251234967,1.0334636343451147,4.490472951031088,0.998,0.998,0.0,0.0,,1.6552459137304585,1.0014410018991837,6.397818364358771,1.2098786259168577,acceleration,274.93158227516625,66.44775433894714,34640.13199601956,54.57794441838138,28.10604901031898
top,bottom,2,kinetic,tight,snopt,no-acceleration,True,0.0,1.0,812171511,True,0.37531089782714844,50,0.5410714149475098,22,22,3.8210299964510064,,1.9867642652363235,5.311122889965684,20.887614197399035,0.04787526189202221,89.20002770423889,True,SolutionResult.kSolutionFound,1,89.186202951,0.18821943331815147,0.6279820949904814,1.073465910999778,3.931454907602621,1.0,1.0,0.0,0.0,,1.4341149604380383,1.0016465394664449,4.147883194930327,1.286641773805716,acceleration,286.1589592443047,72.94668232402948,28084.08397514959,56.70224640505443,27.062839256423565
top,middle,1,parameterized,notebook,snopt,no-acceleration,True,0.0,1.0,1812061588,True,0.2918519973754883,41,0.6472072601318359,17,17,2.991682369961094,,1.4814223127255748,5.671495343699293,21.043101174212765,0.6750269598411567,2.45391845703125,True,SolutionResult.kSolutionFound,1,2.447755827,0.24943668160134067,0.3695210657364518,2.3638927448293456,9.605426282751417,1.0,1.0,0.0,0.0,,2.7508385995743123,1.0051291348042004,8.008605391337502,1.000560410247461,acceleration,246.65115272378324,88.3832741283081,33921.0685641429,52.71506613047244,27.553890856574025
top,middle,1,cspace,notebook,snopt,no-acceleration,True,0.0,1.0,1812061588,True,0.2918519973754883,41,0.6472072601318359,17,17,2.991682369961094,,1.4814223127255748,5.671495343699293,21.043101174212765,0.1763203422375975,4.888701915740967,True,SolutionResult.kSolutionFound,1,4.881879942,0.2049255250154553,0.5934868919021641,1.1622341609302875,4.215031361526871,0.996,0.996,0.0,0.0,,1.3852119181270641,1.0012327103584546,4.852060285833698,1.1700271143249057,acceleration,243.02180900156844,87.69531018167115,31041.84488509147,48.3496949484295,32.89849757547404
top,middle,1,kinetic,notebook,snopt,no-acceleration,True,0.0,1.0,1812061588,True,0.2918519973754883,41,0.6472072601318359,17,17,2.991682369961094,,1.4814223127255748,5.671495343699293,21.043101174212765,0.047521512714364,3.9248714447021484,True,SolutionResult.kSolutionFound,1,3.907251907,0.21704365824922858,0.7744298805650882,1.4544251697829633,4.567271659759776,0.996,0.996,0.0,0.0,,1.3107992360678038,1.0009082991486957,4.8345304747199185,1.1385015703525985,acceleration,266.6103856506537,99.19162655369583,30807.37517369682,53.70653094677875,33.45900991355979
top,middle,1,parameterized,tight,snopt,no-acceleration,True,0.0,1.0,1812061588,True,0.2918519973754883,41,0.6472072601318359,17,17,2.991682369961094,,1.4814223127255748,5.671495343699293,21.043101174212765,0.6750269598411567,5.355733156204224,True,SolutionResult.kSolutionFound,1,5.348888081,0.2230698208001964,0.3304606098291104,2.0324958063572014,8.126382185244918,1.0,1.0,0.0,6.673473364937621e-05,,2.473406809978486,1.003048587322803,7.7181644478065685,0.9882324459937394,acceleration,238.53151181484523,85.62968067142369,30019.87346955925,50.26708611989313,23.52650834570526
top,middle,1,cspace,tight,snopt,no-acceleration,True,0.0,1.0,1812061588,True,0.2918519973754883,41,0.6472072601318359,17,17,2.991682369961094,,1.4814223127255748,5.671495343699293,21.043101174212765,0.1763203422375975,63.60408687591553,False,SolutionResult.kSolverSpecificError,41,63.597532024,0.15675183011962276,0.4492770031509137,0.8890172746397832,3.3013933622369183,0.998,0.998,0.0,0.0,,1.2623128223516107,1.000808220181087,5.53539775960065,1.1949426818306415,acceleration,219.35273162890476,74.0674974124181,27955.230440361895,41.78769899521397,25.649431816000625
top,middle,1,kinetic,tight,snopt,no-acceleration,True,0.0,1.0,1812061588,True,0.2918519973754883,41,0.6472072601318359,17,17,2.991682369961094,,1.4814223127255748,5.671495343699293,21.043101174212765,0.047521512714364,67.39667248725891,True,SolutionResult.kSolutionFound,3,67.391430388,0.14749917492317166,0.46801564678399243,0.90667870352839,3.103840061021209,1.0,1.0,0.0,0.0,,1.2139513981983177,1.000808703771901,4.936278762352389,1.194101490109416,acceleration,216.1868314317063,72.81889793615565,23616.373327898385,40.501780053789886,22.008564482870753
top,bottom,6,parameterized,notebook,snopt,no-acceleration,True,0.0,1.0,923075822,True,0.3105123043060303,48,0.7364158630371094,27,27,4.488318954737269,,2.5055994703691575,5.348530291779243,17.346476223371422,0.39910608691686345,2.250239372253418,True,SolutionResult.kSolutionFound,1,2.243120588,0.568469076962612,1.4243558181587668,2.9177308540899305,9.479252001633627,0.998,0.998,0.0,0.0,,2.4654079162692875,1.0035833597590025,3.8933417078915635,1.0000000000000002,acceleration,428.6091129496972,144.39920506081515,36876.0978986412,90.1674731404085,35.7720867223823
top,bottom,6,cspace,notebook,snopt,no-acceleration,True,0.0,1.0,923075822,True,0.3105123043060303,48,0.7364158630371094,27,27,4.488318954737269,,2.5055994703691575,5.348530291779243,17.346476223371422,0.1869672499634175,2.3484504222869873,True,SolutionResult.kSolutionFound,1,2.343499793,0.4971306124237458,1.5364590609978468,2.6589181395191703,8.283932382498637,1.0,1.0,0.0,0.0,,2.0246869522169213,1.003360493793333,4.3151863931461785,1.2300080830190063,acceleration,462.76870619746035,162.55107072719338,40733.441046470056,89.36581411295053,38.84029157886111
top,bottom,6,kinetic,notebook,snopt,no-acceleration,True,0.0,1.0,923075822,True,0.3105123043060303,48,0.7364158630371094,27,27,4.488318954737269,,2.5055994703691575,5.348530291779243,17.346476223371422,0.05764859601010321,5.4390459060668945,True,SolutionResult.kSolutionFound,1,5.433764686,0.35893040312475893,1.2925961963916477,2.1586779027106333,6.2261777036487524,1.0,1.0,0.0,0.0,,1.8315862803027616,1.0022739953490736,3.5041890152047777,1.2321852003353484,acceleration,440.5956659773509,153.0544692645182,37330.39010187065,83.7089972193688,43.032787669445625
top,bottom,6,parameterized,tight,snopt,no-acceleration,True,0.0,1.0,923075822,True,0.3105123043060303,48,0.7364158630371094,27,27,4.488318954737269,,2.5055994703691575,5.348530291779243,17.346476223371422,0.39910608691686345,11.831784009933472,True,SolutionResult.kSolutionFound,1,11.826443875,0.11464710052414125,0.2872597143526454,2.034058200051889,8.321444076863488,0.998,0.998,0.0,4.4679927845514555e-05,,3.0208226047978783,1.0117378099126566,8.092498728899342,0.9999854902624303,acceleration,338.1032634649971,97.50432801693754,38441.542932912154,67.11001694721244,23.917002748447644
top,bottom,6,cspace,tight,snopt,no-acceleration,True,0.0,1.0,923075822,True,0.3105123043060303,48,0.7364158630371094,27,27,4.488318954737269,,2.5055994703691575,5.348530291779243,17.346476223371422,0.1869672499634175,100.41338205337524,False,SolutionResult.kSolverSpecificError,41,100.399712971,0.14819079440997834,0.41836202146723955,0.7926029528645991,3.350379660145378,1.0,1.0,0.0,0.0,,1.6168471969285307,1.0022780184649798,6.618861782960258,1.304926206053809,acceleration,276.43468978891394,68.29173009366588,34429.46184166141,53.699497979366576,26.984752170750827
top,bottom,6,kinetic,tight,snopt,no-acceleration,True,0.0,1.0,923075822,True,0.3105123043060303,48,0.7364158630371094,27,27,4.488318954737269,,2.5055994703691575,5.348530291779243,17.346476223371422,0.05764859601010321,103.73299765586853,True,SolutionResult.kSolutionFound,1,103.726676948,0.17763062406483582,0.4891383753295747,0.8382175283544009,3.081265396883301,1.0,1.0,0.0,0.0,,1.4364689009498615,1.0022491978824204,4.481535362708796,1.3811956713338522,acceleration,284.4468415673316,71.8857771145108,28913.54002696346,56.07376272099986,28.36252781205103
top,middle,5,parameterized,notebook,snopt,no-acceleration,True,0.0,1.0,1802246541,True,0.38912034034729004,35,0.9082002639770508,17,17,3.063910938485326,,2.1597148155334946,5.819530463190786,25.95306126320613,0.46302409596286404,1.3781490325927734,True,SolutionResult.kSolutionFound,1,1.370951089,0.34947010078023266,0.7547557542410487,2.674626832561919,11.518747865517373,1.0,1.0,0.0,0.0,,2.5905519963360515,1.0038118205134081,5.722926366000204,1.007265516570529,acceleration,273.38523244012237,104.47183265592898,39547.83673610565,63.9442095147724,26.962820947430206
top,middle,5,cspace,notebook,snopt,no-acceleration,True,0.0,1.0,1802246541,True,0.38912034034729004,35,0.9082002639770508,17,17,3.063910938485326,,2.1597148155334946,5.819530463190786,25.95306126320613,0.17183516888950365,4.946872711181641,True,SolutionResult.kSolutionFound,1,4.938112795,0.2558100887952775,0.9022422659368523,1.4886946045356577,6.539738160901955,0.996,0.996,0.0,0.0,,1.7307623037130904,1.0011921804930615,6.500925631986034,1.1600131441658283,acceleration,237.06540491069154,83.51154978489964,41758.14238035308,58.1749605919755,29.04228483190908
top,middle,5,kinetic,notebook,snopt,no-acceleration,True,0.0,1.0,1802246541,True,0.38912034034729004,35,0.9082002639770508,17,17,3.063910938485326,,2.1597148155334946,5.819530463190786,25.95306126320613,0.03853110004474533,6.866755962371826,True,SolutionResult.kSolutionFound,1,6.861244804,0.24311402190089532,0.9337993203193077,1.5191127774420115,6.309553104338373,0.996,0.996,0.0,0.0,,1.692295371315107,1.0009755779882934,5.784151527151659,1.0000000000000004,acceleration,248.2662709411457,91.27834892344418,42591.88439880896,58.13372952138732,31.6097798119668
top,middle,5,parameterized,tight,snopt,no-acceleration,True,0.0,1.0,1802246541,True,0.38912034034729004,35,0.9082002639770508,17,17,3.063910938485326,,2.1597148155334946,5.819530463190786,25.95306126320613,0.46302409596286404,4.604259014129639,True,SolutionResult.kSolutionFound,1,4.598248078,0.15408604016032462,0.33278190380114003,2.003878695782663,8.077957020859333,0.998,0.998,0.0,3.5961014888119536e-05,,2.465855584935529,1.0024118217229536,7.573917587614878,0.9828390248647935,acceleration,243.4312285732631,86.7887527046708,31143.25808908279,50.74412941397433,24.753948915577
top,middle,5,cspace,tight,snopt,no-acceleration,True,0.0,1.0,1802246541,True,0.38912034034729004,35,0.9082002639770508,17,17,3.063910938485326,,2.1597148155334946,5.819530463190786,25.95306126320613,0.17183516888950365,61.6984224319458,False,SolutionResult.kSolverSpecificError,41,61.693017216,0.15444882909073535,0.4563117504161134,0.8988196658976823,3.4006165544368803,1.0,1.0,0.0,0.0,,1.2688189050297358,1.0008569349655094,5.789548740886529,1.1952868465351925,acceleration,222.49007930526474,76.40137763366134,29592.935212956163,42.80155405059072,27.9469841819928
top,middle,5,kinetic,tight,snopt,no-acceleration,True,0.0,1.0,1802246541,True,0.38912034034729004,35,0.9082002639770508,17,17,3.063910938485326,,2.1597148155334946,5.819530463190786,25.95306126320613,0.03853110004474533,55.64240860939026,True,SolutionResult.kSolutionFound,1,55.63881898,0.12940458920340903,0.5183098118000107,0.9479993179958008,3.3584452313360975,1.0,1.0,0.0,0.0,,1.2083808001147285,1.0008016611273338,3.9456003136949924,1.1376431110466017,acceleration,230.0561959478653,80.82541517432031,30745.881150511486,45.119250109456104,31.900285482291768
top,middle,2,parameterized,notebook,snopt,no-acceleration,True,0.0,1.0,1963494446,True,0.11700177192687988,25,0.567253589630127,22,22,3.5356962393462705,,1.300668746516617,4.851355941082392,18.091886661603493,0.7688352646883749,1.4050109386444092,True,SolutionResult.kSolutionFound,1,1.398131503,0.43033227090457643,0.5597197353831027,1.7504886921727294,6.514577110276086,1.0,1.0,0.0,0.0,,2.219843927835363,1.0039932776526128,5.141931160697695,1.0056079156026319,acceleration,263.05059739495937,96.93191790889716,33418.32502854109,52.52994487823552,24.924526982635765
top,middle,2,cspace,notebook,snopt,no-acceleration,True,0.0,1.0,1963494446,True,0.11700177192687988,25,0.567253589630127,22,22,3.5356962393462705,,1.300668746516617,4.851355941082392,18.091886661603493,0.20612793869272117,3.780275344848633,True,SolutionResult.kSolutionFound,1,3.773643178,0.21614781246035478,0.6097679669805877,1.048609974131505,3.4932743461632194,0.998,0.998,0.0,0.0,,1.3649847197036318,1.0018094579357921,4.498052402600958,1.2185828432527794,acceleration,267.896850655799,100.85380145340123,29943.654791157867,49.243390598219904,33.43820687533725
top,middle,2,kinetic,notebook,snopt,no-acceleration,True,0.0,1.0,1963494446,True,0.11700177192687988,25,0.567253589630127,22,22,3.5356962393462705,,1.300668746516617,4.851355941082392,18.091886661603493,0.05527339512480505,3.4476969242095947,True,SolutionResult.kSolutionFound,1,3.440300199,0.2059025565593379,0.7197226134668374,1.1941632190784837,3.725165716605943,1.0,1.0,0.0,0.0,,1.4137444795875327,1.0014806543400157,5.370746858531826,1.2738119236733272,acceleration,277.14229329294983,104.42022642863694,28169.22334103546,50.79139240638151,30.826741423466792
top,middle,2,parameterized,tight,snopt,no-acceleration,True,0.0,1.0,1963494446,True,0.11700177192687988,25,0.567253589630127,22,22,3.5356962393462705,,1.300668746516617,4.851355941082392,18.091886661603493,0.7688352646883749,8.142452955245972,True,SolutionResult.kSolutionFound,1,8.135530466,0.1939881845965702,0.2523143688982542,1.6118599470669692,6.481870758849093,1.0,1.0,0.0,5.052780755310238e-05,,2.562983826230003,1.0070333752290264,8.014658323432387,0.9999331307652503,acceleration,246.55230461399867,89.7287777495126,32398.729028827554,50.91266280804063,26.055804493121073
top,middle,2,cspace,tight,snopt,no-acceleration,True,0.0,1.0,1963494446,True,0.11700177192687988,25,0.567253589630127,22,22,3.5356962393462705,,1.300668746516617,4.851355941082392,18.091886661603493,0.20612793869272117,36.91052055358887,True,SolutionResult.kSolutionFound,3,36.904201023,0.14867872318941533,0.3689709667535146,0.7212934070575147,2.688947816058138,1.0,1.0,0.0,0.0,,1.2452199551265688,1.00142603086093,5.288849995995648,1.2600509570564493,acceleration,235.90408352327552,83.45124910988987,30113.05706855656,45.20225998294225,30.954782517482418
top,middle,2,kinetic,tight,snopt,no-acceleration,True,0.0,1.0,1963494446,True,0.11700177192687988,25,0.567253589630127,22,22,3.5356962393462705,,1.300668746516617,4.851355941082392,18.091886661603493,0.05527339512480505,124.9654107093811,True,SolutionResult.kSolutionFound,1,124.959973078,0.1402678816393693,0.3934160966493727,0.7472182657699555,2.5377106168826833,1.0,1.0,0.0,0.0,,1.195076932130494,1.0014764208578069,4.6982302459736385,1.2728320190863944,acceleration,242.94097455643316,87.00327791009363,25650.98216473362,44.294455567807404,31.300026111257193
top,middle,6,parameterized,notebook,snopt,no-acceleration,True,0.0,1.0,1919240247,True,0.19736647605895996,43,0.8151953220367432,17,17,3.959338158050511,,2.0886484964569005,13.175604870664106,50.44834235186612,0.47877850279564027,1.936037302017212,True,SolutionResult.kSolutionFound,1,1.929132312,0.4091169529646896,0.8545015086847291,6.149018117507602,21.671750925188267,1.0,1.0,0.0,0.0,,3.293665266272792,1.0082595771743272,4.069635128802616,1.0000000000000002,acceleration,278.3959153611622,106.03391688522238,34300.18912472318,68.53742389487527,20.42574678842519
top,middle,6,cspace,notebook,snopt,no-acceleration,True,0.0,1.0,1919240247,True,0.19736647605895996,43,0.8151953220367432,17,17,3.959338158050511,,2.0886484964569005,13.175604870664106,50.44834235186612,0.07589784376628743,4.159409761428833,True,SolutionResult.kSolutionFound,1,4.153511523,0.21024814494639366,0.9715250308492205,2.7701464826037983,10.050586001060557,0.998,0.998,0.0,0.0,,2.124892032066627,1.0021570888099545,7.2668730410971865,1.088262255599502,acceleration,300.0796964863306,115.0389851419819,34398.85847425916,63.00806095298459,28.184807514858374
top,middle,6,kinetic,notebook,snopt,no-acceleration,True,0.0,1.0,1919240247,True,0.19736647605895996,43,0.8151953220367432,17,17,3.959338158050511,,2.0886484964569005,13.175604870664106,50.44834235186612,0.019822256854848064,4.89338231086731,True,SolutionResult.kSolutionFound,1,4.885998944,0.1360520848793251,0.936354847000677,2.007250625297442,6.863602155677342,0.996,0.996,0.0,0.0,,1.5576289908384315,1.0008741832098065,3.0012357389193727,1.3347232182102984,acceleration,298.4960323493641,116.56139865258686,31662.62015118938,58.14202494653444,39.81853376215087
top,middle,6,parameterized,tight,snopt,no-acceleration,True,0.0,1.0,1919240247,True,0.19736647605895996,43,0.8151953220367432,17,17,3.959338158050511,,2.0886484964569005,13.175604870664106,50.44834235186612,0.47877850279564027,6.214483737945557,True,SolutionResult.kSolutionFound,1,6.209124168,0.1575941317875443,0.32915874640848575,1.7408695815051114,6.8012010148181705,0.998,0.998,0.0,8.256456178301619e-06,,2.1683971435445777,1.0015359739298504,5.077471114432738,0.6807467438631418,acceleration,222.2282464145523,76.6409048183324,25322.936675752397,48.29270720575423,22.950329178864486
top,middle,6,cspace,tight,snopt,no-acceleration,True,0.0,1.0,1919240247,True,0.19736647605895996,43,0.8151953220367432,17,17,3.959338158050511,,2.0886484964569005,13.175604870664106,50.44834235186612,0.07589784376628743,67.42201948165894,True,SolutionResult.kSolutionFound,1,67.416538582,0.06620956486919505,0.4503253330078699,0.8723510653751172,3.1243598757923245,1.0,1.0,0.0,0.0,,1.232874284853204,1.000845197149752,5.2950129338845935,1.1960579268548532,acceleration,208.92055981289988,69.48393199250506,25171.373235318286,40.322254588946436,21.439724053929258
top,middle,6,kinetic,tight,snopt,no-acceleration,True,0.0,1.0,1919240247,True,0.19736647605895996,43,0.8151953220367432,17,17,3.959338158050511,,2.0886484964569005,13.175604870664106,50.44834235186612,0.019822256854848064,64.78113269805908,True,SolutionResult.kSolutionFound,3,64.777609554,0.05961306747206789,0.45916810542999426,0.8799518664476109,3.007380436475776,1.0,1.0,0.0,0.0,,1.2234081675217798,1.0009554027649594,4.923340913780404,1.195138875043893,acceleration,212.24396668194962,70.67651214672762,23943.53546571701,39.346650462561286,21.797829482170247
top,middle,4,parameterized,notebook,snopt,no-acceleration,True,0.0,1.0,476784923,True,0.13158798217773438,29,0.47058916091918945,20,20,2.5055436707638123,,1.215939180968611,2.3120876107319583,6.824307100334433,0.82240955440173,3.3196768760681152,True,SolutionResult.kSolutionFound,1,3.314401507,0.24217789243006296,0.29447358817011726,1.8131419406460412,6.988179046713176,1.0,1.0,0.0,0.0,,2.5115444935637963,1.002973945454822,8.22826975392186,1.0001980446924212,acceleration,257.10198260905736,93.06286336995777,31993.95972012568,50.8031702973455,26.91494714184045
top,middle,4,cspace,notebook,snopt,no-acceleration,True,0.0,1.0,476784923,True,0.13158798217773438,29,0.47058916091918945,20,20,2.5055436707638123,,1.215939180968611,2.3120876107319583,6.824307100334433,0.43250956207642194,4.694537162780762,True,SolutionResult.kSolutionFound,1,4.688245487,0.45458913647192906,0.5517113766647287,1.0510499104100866,3.3527595107709676,0.998,0.998,0.0,0.0,,1.2864735701707162,1.0015872628437033,7.998948894065416,1.2669556905945931,acceleration,266.8740954383485,98.91966233282226,29215.18560658369,49.10384533999087,29.258302644334858
top,middle,4,kinetic,notebook,snopt,no-acceleration,True,0.0,1.0,476784923,True,0.13158798217773438,29,0.47058916091918945,20,20,2.5055436707638123,,1.215939180968611,2.3120876107319583,6.824307100334433,0.14653502330676088,10.171782493591309,True,SolutionResult.kSolutionFound,1,10.164602534,0.4540241031210564,0.530959285526605,0.9895031657144984,3.0983999106519997,0.998,0.998,0.0,0.0,,1.2805684473653187,1.0015511586796628,7.598586589823755,1.1789852307601978,acceleration,259.0376092085192,94.95347087731272,29018.681127673226,46.36939222916774,31.66308865174641
top,middle,4,parameterized,tight,snopt,no-acceleration,True,0.0,1.0,476784923,True,0.13158798217773438,29,0.47058916091918945,20,20,2.5055436707638123,,1.215939180968611,2.3120876107319583,6.824307100334433,0.82240955440173,7.648855209350586,True,SolutionResult.kSolutionFound,1,7.641812644,0.2295478811563026,0.27911626260627787,1.7754993551680844,7.150592929722385,1.0,1.0,0.0,3.091258381937578e-05,,2.555739911892857,1.0042962901424857,7.955913268297207,1.0004660505818705,acceleration,243.76713218341573,87.62329383390346,32177.74880192444,51.04589811509598,25.442172652245496
top,middle,4,cspace,tight,snopt,no-acceleration,True,0.0,1.0,476784923,True,0.13158798217773438,29,0.47058916091918945,20,20,2.5055436707638123,,1.215939180968611,2.3120876107319583,6.824307100334433,0.43250956207642194,60.51043152809143,True,SolutionResult.kSolutionFound,3,60.503636926,0.3300935479792551,0.3907690947248392,0.7632052026653912,2.8394452707003666,1.0,1.0,0.0,0.0,,1.2467738085813012,1.0011622847498693,5.636979498036008,1.2416111898566005,acceleration,226.03911911439835,77.3338387278979,29855.123043677835,43.42879646546699,30.185622006466065
top,middle,4,kinetic,tight,snopt,no-acceleration,True,0.0,1.0,476784923,True,0.13158798217773438,29,0.47058916091918945,20,20,2.5055436707638123,,1.215939180968611,2.3120876107319583,6.824307100334433,0.14653502330676088,92.59940695762634,True,SolutionResult.kSolutionFound,1,92.595798529,0.39459168797087346,0.4143391671588492,0.791182211696916,2.6928148579525804,1.0,1.0,0.0,0.0,,1.205785351905923,1.0012099071278446,4.939121452476596,1.2411396744283327,acceleration,225.9740416732671,79.17042658389732,24280.84379836559,42.013792671657676,26.04730481117496
top,middle,9,parameterized,notebook,snopt,no-acceleration,True,0.0,1.0,1658475942,True,0.1429593563079834,31,0.5374598503112793,20,20,2.8112534181932323,,2.464819229256543,4.007594845401985,12.682612589665313,0.40570926586840506,1.2853856086730957,True,SolutionResult.kSolutionFound,1,1.280510381,0.42646101516522583,1.0511493107075136,2.031806952944153,7.083088693692251,1.0,1.0,0.0,0.0,,1.9810661487573693,1.0042774633889908,4.983082959880482,0.9969299330392991,acceleration,340.81490273996263,137.6352792891007,36049.397327883285,61.28969566913389,27.97959663376359
top,middle,9,cspace,notebook,snopt,no-acceleration,True,0.0,1.0,1658475942,True,0.1429593563079834,31,0.5374598503112793,20,20,2.8112534181932323,,2.464819229256543,4.007594845401985,12.682612589665313,0.24952622173055375,10.136848449707031,True,SolutionResult.kSolutionFound,1,10.131807373,0.24639220717911733,0.59489106309344,0.9874401394382485,3.6686603596841216,1.0,1.0,0.0,0.0,,1.3701182261510068,1.001511659440866,6.044313450843904,1.2182060752634325,acceleration,217.36588944376985,75.47456452844759,33867.35085590083,50.66994956229139,29.313855895403602
top,middle,9,kinetic,notebook,snopt,no-acceleration,True,0.0,1.0,1658475942,True,0.1429593563079834,31,0.5374598503112793,20,20,2.8112534181932323,,2.464819229256543,4.007594845401985,12.682612589665313,0.0788481074329173,20.910350799560547,True,SolutionResult.kSolutionFound,1,20.904658472,0.3005687868167364,0.7377586401987943,1.1864298530955284,3.8119974797423706,0.998,0.998,0.0,0.0,,1.427743044570581,1.0014472243084642,5.71328071428196,1.239353797611876,acceleration,226.89708911960614,79.95819673505878,29251.98877642848,50.811191507170534,26.185847500854607
top,middle,9,parameterized,tight,snopt,no-acceleration,True,0.0,1.0,1658475942,True,0.1429593563079834,31,0.5374598503112793,20,20,2.8112534181932323,,2.464819229256543,4.007594845401985,12.682612589665313,0.40570926586840506,8.56853199005127,True,SolutionResult.kSolutionFound,1,8.564664351,0.11194897336936808,0.2759339822563485,1.4820486071214467,5.8801059670116835,0.998,0.998,0.0,4.1260835879963764e-05,,2.249404895057638,1.002039933652018,5.570892335020086,0.7410288228496933,acceleration,230.5027096341887,79.70976585445243,27180.648057232127,49.066608685270985,24.239474789165612
top,middle,9,cspace,tight,snopt,no-acceleration,True,0.0,1.0,1658475942,True,0.1429593563079834,31,0.5374598503112793,20,20,2.8112534181932323,,2.464819229256543,4.007594845401985,12.682612589665313,0.24952622173055375,86.46021032333374,True,SolutionResult.kSolutionFound,1,86.454516504,0.1835730120735585,0.379615958752712,0.7356862569409093,2.6492487283928514,0.998,0.998,0.0,0.0,,1.2274560730239008,1.001168213037224,5.351982836321403,1.2424166519999238,acceleration,212.72027256951512,71.4626541618504,26296.694286573773,41.134839076372856,23.76760063604289
top,middle,9,kinetic,tight,snopt,no-acceleration,True,0.0,1.0,1658475942,True,0.1429593563079834,31,0.5374598503112793,20,20,2.8112534181932323,,2.464819229256543,4.007594845401985,12.682612589665313,0.0788481074329173,54.007251024246216,True,SolutionResult.kSolutionFound,1,54.004407948,0.22180278733476827,0.44353865569430834,0.803422186128507,2.81303882307479,1.0,1.0,0.0,0.0,,1.2066183895312728,1.0011363249998289,3.9702611440634725,1.2407521377412778,acceleration,232.35626059576546,81.32757968025413,30094.736245890264,45.233065668447985,29.66010727187484
