start,goal,trial,metric,solver_setting,solver,toppra_limits,shortcut,payload_mass,torque_limit_scale,seed,rrt_success,rrt_time,rrt_waypoints,shortcut_time,shortcut_waypoints,num_control_points,shortcut_duration,shortcut_toppra_note,initial_parameterized,initial_cspace,initial_kinetic,cost_scale,solve_time,trajopt_success,solution_result,solver_exit_code,snopt_solve_time,final_cost,final_parameterized,final_cspace,final_kinetic,feasible_fraction,collision_free_fraction,worst_reachability_violation,worst_joint_limit_violation,toppra_note,duration,peak_velocity_utilization,peak_acceleration_utilization,peak_torque_utilization,binding_limit,mechanical_work,positive_work,thermal_integral,kinetic_energy_integral,peak_kinetic_energy
bottom,middle,0,parameterized,notebook,snopt,all,True,28.0,1.0,1178565597,True,0.5534782409667969,49,0.4980432987213135,17,17,5.190776545362005,,4.239167263994292,8.653506838271408,30.261575171516395,0.2358953864579915,8.28937578201294,False,SolutionResult.kIterationLimit,31,8.280823324,3023.9871130893066,12819.187176548794,13147.00710734559,68799.21023467697,0.006,0.036,12.540395440837745,0.9984390410238166,TOPPRA returned no path parameterization,nan,,,,,,,,,
bottom,middle,0,cspace,notebook,snopt,all,True,28.0,1.0,1178565597,True,0.5534782409667969,49,0.4980432987213135,17,17,5.190776545362005,,4.239167263994292,8.653506838271408,30.261575171516395,0.11556008664341175,8.753173589706421,False,SolutionResult.kIterationLimit,31,8.746158756,788.9925182608678,6826.934614089014,6827.552152115399,43250.64486556982,0.042,0.128,10.58524770846289,0.9576733601477163,TOPPRA returned no path parameterization,nan,,,,,,,,,
bottom,middle,0,kinetic,notebook,snopt,all,True,28.0,1.0,1178565597,True,0.5534782409667969,49,0.4980432987213135,17,17,5.190776545362005,,4.239167263994292,8.653506838271408,30.261575171516395,0.03304520648155971,7.970879077911377,False,SolutionResult.kIterationLimit,31,7.965246908,1.608873767401129,8.477049524787077,15.643208246873165,48.68705445369005,0.836,0.836,0.0,0.0,,3.6578132403529358,1.0041697036354398,1.5216390346245223,1.0066907390046846,acceleration,1046.2498787497946,612.2510961665034,263986.3499299474,93.07699597426975,37.426372437639465
bottom,middle,0,parameterized,tight,snopt,all,True,28.0,1.0,1178565597,True,0.5534782409667969,49,0.4980432987213135,17,17,5.190776545362005,,4.239167263994292,8.653506838271408,30.261575171516395,0.2358953864579915,8.459645509719849,False,SolutionResult.kIterationLimit,31,8.454108474,3023.9871130893066,12819.187176548794,13147.00710734559,68799.21023467697,0.006,0.036,12.540395440837745,0.9984390410238166,TOPPRA returned no path parameterization,nan,,,,,,,,,
bottom,middle,0,cspace,tight,snopt,all,True,28.0,1.0,1178565597,True,0.5534782409667969,49,0.4980432987213135,17,17,5.190776545362005,,4.239167263994292,8.653506838271408,30.261575171516395,0.11556008664341175,9.4457528591156,False,SolutionResult.kIterationLimit,31,9.440518127,788.9925182608678,6826.934614089014,6827.552152115399,43250.64486556982,0.042,0.128,10.58524770846289,0.9576733601477163,TOPPRA returned no path parameterization,nan,,,,,,,,,
bottom,middle,0,kinetic,tight,snopt,all,True,28.0,1.0,1178565597,True,0.5534782409667969,49,0.4980432987213135,17,17,5.190776545362005,,4.239167263994292,8.653506838271408,30.261575171516395,0.03304520648155971,8.569706439971924,False,SolutionResult.kIterationLimit,31,8.563411409,1.608873767401129,8.477049524787077,15.643208246873165,48.68705445369005,0.836,0.836,0.0,0.0,,3.6578132403529358,1.0041697036354398,1.5216390346245223,1.0066907390046846,acceleration,1046.2498787497946,612.2510961665034,263986.3499299474,93.07699597426975,37.426372437639465
bottom,middle,4,parameterized,notebook,snopt,all,True,28.0,1.0,1095942084,True,0.39925503730773926,42,0.7110879421234131,11,11,3.5023124065913285,,6.300809260908588,12.030618147434614,59.63012097445322,0.15870977180728021,3.0415289402008057,True,SolutionResult.kSolutionFound,1,3.032930595,0.14727207956296978,0.9279332827836249,2.517916162033488,15.430332379942609,1.0,1.0,0.0,0.0,,1.9763725511500032,1.000471130351015,1.1225204234305677,0.9539110502016467,acceleration,476.70283282869184,324.78827116550406,126372.86901675307,74.43043504820602,31.736990362925084
bottom,middle,4,cspace,notebook,snopt,all,True,28.0,1.0,1095942084,True,0.39925503730773926,42,0.7110879421234131,11,11,3.5023124065913285,,6.300809260908588,12.030618147434614,59.63012097445322,0.08312124844667587,2.4744179248809814,True,SolutionResult.kSolutionFound,1,2.467763177,0.17539002758660874,1.213825251821103,2.1100504487625127,13.918898333713031,1.0,1.0,0.0,0.0,,1.735469462712845,1.0005295251807915,1.06000242510186,0.9964208327682155,acceleration,539.2692917344586,355.86849431422,117787.66999618275,77.37158025716158,34.85573244584213
bottom,middle,4,kinetic,notebook,snopt,all,True,28.0,1.0,1095942084,True,0.39925503730773926,42,0.7110879421234131,11,11,3.5023124065913285,,6.300809260908588,12.030618147434614,59.63012097445322,0.01677004815114195,4.394659519195557,True,SolutionResult.kSolutionFound,1,4.388907234,0.23258141609991598,1.5759504925913523,2.757354627995774,13.868857978447629,1.0,1.0,0.0,0.0,,1.6792011365809665,1.0004019154999428,1.0858337452931113,1.0040343558501885,acceleration,578.4447754978389,376.83782820301406,118416.07623927205,81.52893336964435,45.22608307274061
bottom,middle,4,parameterized,tight,snopt,all,True,28.0,1.0,1095942084,True,0.39925503730773926,42,0.7110879421234131,11,11,3.5023124065913285,,6.300809260908588,12.030618147434614,59.63012097445322,0.15870977180728021,5.6103668212890625,True,SolutionResult.kSolutionFound,1,5.605009153,0.02524948415715783,0.1590921836105833,0.8613961585520471,4.203717626773421,1.0,1.0,0.0,1.3133476536530964e-05,,1.5194216689726405,1.0003643338791124,1.142155484347722,1.00105833728787,acceleration,244.0456606468502,206.8806615260214,71860.31843995383,27.265064766332742,22.807608566939308
bottom,middle,4,cspace,tight,snopt,all,True,28.0,1.0,1095942084,True,0.39925503730773926,42,0.7110879421234131,11,11,3.5023124065913285,,6.300809260908588,12.030618147434614,59.63012097445322,0.08312124844667587,24.648927450180054,True,SolutionResult.kSolutionFound,1,24.643735954,0.03938822795006533,0.23969500136664162,0.4738647299713472,2.252992489443265,1.0,1.0,0.0,0.0,,1.0058689399794385,1.000255021509886,1.101181758953163,1.0010326637686817,acceleration,234.8300352664416,202.21132180972057,52595.41395379067,23.243305849917824,19.705257808488938
bottom,middle,4,kinetic,tight,snopt,all,True,28.0,1.0,1095942084,True,0.39925503730773926,42,0.7110879421234131,11,11,3.5023124065913285,,6.300809260908588,12.030618147434614,59.63012097445322,0.01677004815114195,19.29619550704956,True,SolutionResult.kSolutionFound,1,19.291003546,0.03844122858414879,0.2469824399030452,0.4923811598880022,2.2922551108794016,1.0,1.0,0.0,0.0,,1.0216974737095001,1.000312929912637,1.1117961158792842,0.9788771828056378,acceleration,231.92003648778442,200.5519189081445,52554.41161063231,23.024788700473337,18.796865965893463
bottom,middle,6,parameterized,notebook,snopt,all,True,28.0,1.0,794615528,True,0.2384793758392334,45,0.7591977119445801,14,14,3.740793797026221,,3.957795291090048,7.850812382362247,33.59189307450018,0.2526659229322045,1.1127073764801025,True,SolutionResult.kSolutionFound,1,1.104401039,0.25095387424786564,0.9932240617790072,2.3967676167971605,11.846156408068412,1.0,1.0,0.0,0.0,,1.9808700035306617,1.0014728965753756,1.1889933599302516,0.9173360057349699,acceleration,578.8981179205196,376.588116418658,115504.379122345,77.36470244049127,43.3174093191701
bottom,middle,6,cspace,notebook,snopt,all,True,28.0,1.0,794615528,True,0.2384793758392334,45,0.7591977119445801,14,14,3.740793797026221,,3.957795291090048,7.850812382362247,33.59189307450018,0.12737535318594737,3.765584707260132,True,SolutionResult.kSolutionFound,1,3.759094621,0.23707441929677517,1.0871092638702713,1.8612267865564618,9.885344425749043,1.0,1.0,0.0,0.0,,1.6853194156672724,1.0003670736073753,1.141074975280809,1.0115568737185598,acceleration,664.8830740356078,419.1011513483819,109574.06462220947,76.18983523456994,36.63358244532028
bottom,middle,6,kinetic,notebook,snopt,all,True,28.0,1.0,794615528,True,0.2384793758392334,45,0.7591977119445801,14,14,3.740793797026221,,3.957795291090048,7.850812382362247,33.59189307450018,0.029769087374212515,3.6941895484924316,True,SolutionResult.kSolutionFound,1,3.688322618,0.3011102490783775,1.3887884011550518,2.341205306985939,10.114863290676976,1.0,1.0,0.0,0.0,,1.6997692765938055,1.0004909309201695,1.172534513623931,1.0146581244916661,acceleration,699.2057682503439,437.59519822535526,110002.87912909625,79.45302868633239,43.50743667600057
bottom,middle,6,parameterized,tight,snopt,all,True,28.0,1.0,794615528,True,0.2384793758392334,45,0.7591977119445801,14,14,3.740793797026221,,3.957795291090048,7.850812382362247,33.59189307450018,0.2526659229322045,5.891567230224609,True,SolutionResult.kSolutionFound,1,5.886825599,0.030337851139555304,0.12007100438192195,0.6484167153154378,3.1590325833352506,1.0,1.0,0.0,4.14690641887816e-05,,1.5455093702745404,1.000618438045298,1.1893030564788896,1.0016881140761142,acceleration,244.68539080166252,207.32096725136867,72498.93904709932,26.739108412705278,20.66348889437836
bottom,middle,6,cspace,tight,snopt,all,True,28.0,1.0,794615528,True,0.2384793758392334,45,0.7591977119445801,14,14,3.740793797026221,,3.957795291090048,7.850812382362247,33.59189307450018,0.12737535318594737,36.31080722808838,True,SolutionResult.kSolutionFound,1,36.305910328,0.046782164081937264,0.18597662121858594,0.36727799304817543,1.7531373998578326,1.0,1.0,0.0,0.0,,1.0087449359889273,1.0004416488300059,1.1427654856720402,0.999903154394212,acceleration,233.13183416976415,201.4947546797776,52832.75585400319,23.20034979312731,19.114355259338534
bottom,middle,6,kinetic,tight,snopt,all,True,28.0,1.0,794615528,True,0.2384793758392334,45,0.7591977119445801,14,14,3.740793797026221,,3.957795291090048,7.850812382362247,33.59189307450018,0.029769087374212515,26.32081437110901,True,SolutionResult.kSolutionFound,1,26.315521349,0.05316162226731818,0.1932805428021765,0.3843842748348265,1.7857995308707195,1.0,1.0,0.0,0.0,,1.0194032780046662,1.0005008333672294,1.1487712397278769,0.9131821396106349,acceleration,234.74698081956197,201.69904288222384,52520.88643302795,23.272944897554883,19.070566023608123
bottom,middle,1,parameterized,notebook,snopt,all,True,28.0,1.0,825772875,True,0.10417461395263672,24,0.41878318786621094,16,16,4.567930098395365,,1.221998592071885,3.4438232943464855,16.89418634911155,0.8183315484058874,2.233778238296509,True,SolutionResult.kSolutionFound,1,2.225690059,0.2810411961990486,0.34343194606943755,1.5132272464074201,8.834925752951635,1.0,1.0,0.0,0.0,,2.101533176840584,1.0014241672387532,1.0963358144326152,1.0012947103280754,acceleration,462.94955873616084,316.8927277858407,109435.7496002341,55.90843134902338,26.053268563762742
bottom,middle,1,cspace,notebook,snopt,all,True,28.0,1.0,825772875,True,0.10417461395263672,24,0.41878318786621094,16,16,4.567930098395365,,1.221998592071885,3.4438232943464855,16.89418634911155,0.29037494509129985,3.30926513671875,True,SolutionResult.kSolutionFound,1,3.302105594,0.23831058604899855,0.4421492585401192,0.8206995475249039,5.3094025690157185,1.0,1.0,0.0,0.0,,1.3274760840913133,1.0007364226067381,1.2162962805761068,1.0007820948931405,acceleration,520.9774088401397,346.3112713132319,95463.83528862757,62.17252997043501,38.397951482906706
bottom,middle,1,kinetic,notebook,snopt,all,True,28.0,1.0,825772875,True,0.10417461395263672,24,0.41878318786621094,16,16,4.567930098395365,,1.221998592071885,3.4438232943464855,16.89418634911155,0.05919195984555889,4.482592582702637,True,SolutionResult.kSolutionFound,1,4.477382361,0.2914095296574457,0.5502194444022064,0.9981417104044137,4.923126897939839,1.0,1.0,0.0,0.0,,1.3529625746789662,1.0005437960112926,1.2376501686069068,1.0189590991061954,acceleration,564.2147309587513,368.4537189649502,90994.10021772103,56.18726725248945,36.09986621942973
bottom,middle,1,parameterized,tight,snopt,all,True,28.0,1.0,825772875,True,0.10417461395263672,24,0.41878318786621094,16,16,4.567930098395365,,1.221998592071885,3.4438232943464855,16.89418634911155,0.8183315484058874,7.21425461769104,True,SolutionResult.kSolutionFound,1,7.209594356,0.08601057044121405,0.10510479598246139,0.5744933836070795,2.796446580041003,1.0,1.0,0.0,1.3501634910539906e-05,,1.5680149396873377,1.0008688791210651,1.2139694735674957,1.001420695074742,acceleration,245.5505856972821,206.9370760784558,72875.23551295,26.49161461186976,19.43596803841518
bottom,middle,1,cspace,tight,snopt,all,True,28.0,1.0,825772875,True,0.10417461395263672,24,0.41878318786621094,16,16,4.567930098395365,,1.221998592071885,3.4438232943464855,16.89418634911155,0.29037494509129985,37.95604681968689,False,SolutionResult.kSolverSpecificError,41,37.951286456,0.08982966290158767,0.15576850200647888,0.30935748562377996,1.5205944586698683,1.0,1.0,0.0,0.0,,1.0063048468911988,1.000526656729274,1.1747279519778961,1.0008582608513097,acceleration,241.51208503794084,205.40492293960529,53672.76521960144,23.69129039167966,21.419067103744492
bottom,middle,1,kinetic,tight,snopt,all,True,28.0,1.0,825772875,True,0.10417461395263672,24,0.41878318786621094,16,16,4.567930098395365,,1.221998592071885,3.4438232943464855,16.89418634911155,0.05919195984555889,32.18896126747131,False,SolutionResult.kSolverSpecificError,41,32.184045671,0.0873928914222786,0.15595158298729267,0.31452781750359216,1.4764317932756468,1.0,1.0,0.0,0.0,,1.034010660483268,1.0006094027192203,1.18051974784816,1.0017196518680125,acceleration,240.45526106221587,204.97232448306434,53876.39354927094,22.798852139996438,24.795392880930606
bottom,top,9,parameterized,notebook,snopt,all,True,28.0,1.0,320898200,True,0.39287233352661133,40,0.9659891128540039,14,14,4.445181925376262,,2.2827666939619564,5.828449017289443,35.76890392534216,0.4380649159833351,1.3819620609283447,True,SolutionResult.kSolutionFound,1,1.374112326,0.44945271980763357,1.02599569928748,3.1730227084910108,19.091134445894234,0.998,0.998,0.0,0.0,,2.6629697092970135,1.0014606278423028,1.1250252817089965,0.9350987140349948,acceleration,728.153252235282,528.3901466251351,160039.38996960846,80.31543696390469,23.6360629351845
bottom,top,9,cspace,notebook,snopt,all,True,28.0,1.0,320898200,True,0.39287233352661133,40,0.9659891128540039,14,14,4.445181925376262,,2.2827666939619564,5.828449017289443,35.76890392534216,0.17157223079992837,3.7509443759918213,True,SolutionResult.kSolutionFound,1,3.743975331,0.3084501501939872,0.9847522983992398,1.797785974780926,11.424595025588276,0.994,0.994,0.0,0.0,,1.7654967326020714,1.0007100728327665,1.1940124985163878,1.0000127868377275,acceleration,695.1733543673696,512.180436387783,125745.15081854872,85.27869631072444,38.93490497478365
bottom,top,9,kinetic,notebook,snopt,all,True,28.0,1.0,320898200,True,0.39287233352661133,40,0.9659891128540039,14,14,4.445181925376262,,2.2827666939619564,5.828449017289443,35.76890392534216,0.02795724470862254,3.330794095993042,True,SolutionResult.kSolutionFound,1,3.325161501,0.32859655526302267,1.2369184934153004,2.1074313394743274,11.75353861540144,0.994,0.994,0.0,0.0,,1.8523967289155971,1.0004104037267914,1.1301086819094666,0.9861907870431259,acceleration,707.8247275432667,518.5416035777766,129631.709271779,82.79113357862815,35.23427932518513
bottom,top,9,parameterized,tight,snopt,all,True,28.0,1.0,320898200,True,0.39287233352661133,40,0.9659891128540039,14,14,4.445181925376262,,2.2827666939619564,5.828449017289443,35.76890392534216,0.4380649159833351,11.664173603057861,True,SolutionResult.kSolutionFound,1,11.658329732,0.2586029003790762,0.5903300879473186,3.5135083961295566,18.209415633115285,1.0,1.0,0.0,2.3022454388677005e-05,,2.9726833299856046,1.001261013256244,1.3182648913791628,1.0065845368815642,acceleration,755.3791489787386,542.3339496920515,152580.97574408085,77.18523256964559,28.558388601129607
bottom,top,9,cspace,tight,snopt,all,True,28.0,1.0,320898200,True,0.39287233352661133,40,0.9659891128540039,14,14,4.445181925376262,,2.2827666939619564,5.828449017289443,35.76890392534216,0.17157223079992837,23.29133439064026,False,SolutionResult.kSolverSpecificError,41,23.284707007,0.27996569427794477,0.8917039051720259,1.6317657756890442,9.496784838025734,1.0,1.0,0.0,0.0,,1.6735631375866307,1.0007117284982046,1.084509894367733,1.0070880567843947,acceleration,671.3366669004918,499.378136140093,111906.82029280941,77.07226387151579,39.50680485276204
bottom,top,9,kinetic,tight,snopt,all,True,28.0,1.0,320898200,True,0.39287233352661133,40,0.9659891128540039,14,14,4.445181925376262,,2.2827666939619564,5.828449017289443,35.76890392534216,0.02795724470862254,46.18465256690979,True,SolutionResult.kSolutionFound,1,46.179306625,0.22412394532489296,0.8880385452531298,1.7512198541036352,8.016667867694736,1.0,1.0,0.0,0.0,,1.7248068105599086,1.000944392011738,1.001574621953943,1.00132114922764,acceleration,674.2788423885249,501.5415927117425,96642.6507862214,62.54092541395348,29.67622973355689
bottom,top,4,parameterized,notebook,snopt,all,True,28.0,1.0,1838282789,True,0.26139163970947266,29,0.7095041275024414,19,19,6.030155361488907,,2.155158726431325,4.53338186016062,24.58024218114783,0.46400294685295673,2.2756268978118896,True,SolutionResult.kSolutionFound,1,2.265116967,0.4372985569703197,0.9424478011104096,2.3164014682948144,12.768635260124475,0.998,0.998,0.0,0.0,,2.52500707027574,1.0008023286567886,1.1897693161790897,1.0098252741796605,acceleration,968.6295705694687,649.097709500771,161613.79080126263,89.72190467741262,36.08079357618845
bottom,top,4,cspace,notebook,snopt,all,True,28.0,1.0,1838282789,True,0.26139163970947266,29,0.7095041275024414,19,19,6.030155361488907,,2.155158726431325,4.53338186016062,24.58024218114783,0.22058587404427682,3.0308940410614014,True,SolutionResult.kSolutionFound,1,3.022487497,0.36955529507812424,0.9465603005619767,1.6753352710334741,9.46902403949171,1.0,1.0,0.0,0.0,,1.917774592537888,1.0004945519720585,1.240868246972523,1.0015167047141675,acceleration,856.2756750583295,593.2142665934014,134352.05663884335,91.52121863714314,38.27824631719983
bottom,top,4,kinetic,notebook,snopt,all,True,28.0,1.0,1838282789,True,0.26139163970947266,29,0.7095041275024414,19,19,6.030155361488907,,2.155158726431325,4.53338186016062,24.58024218114783,0.04068308166495464,6.30481481552124,True,SolutionResult.kSolutionFound,1,6.298405465,0.32882236131874054,0.9656181258360382,1.6250529773288083,8.082533275791539,1.0,1.0,0.0,0.0,,1.7157451203531386,1.0008721601101398,1.2152841359474513,1.001801723996759,acceleration,845.2956268361178,588.2764953193393,117656.26783695903,89.3577497983398,41.198054391234805
bottom,top,4,parameterized,tight,snopt,all,True,28.0,1.0,1838282789,True,0.26139163970947266,29,0.7095041275024414,19,19,6.030155361488907,,2.155158726431325,4.53338186016062,24.58024218114783,0.46400294685295673,12.96493411064148,True,SolutionResult.kSolutionFound,1,12.958714805,0.1934167225532555,0.41684373744839326,2.6596489618167403,13.907395476128766,1.0,1.0,0.0,4.18413142155849e-05,,3.1364119887525095,1.002661706865955,1.1950630054376703,1.0088463953067985,acceleration,774.7252104209001,552.5301965430882,162801.973323363,79.07819858045235,31.262826530388253
bottom,top,4,cspace,tight,snopt,all,True,28.0,1.0,1838282789,True,0.26139163970947266,29,0.7095041275024414,19,19,6.030155361488907,,2.155158726431325,4.53338186016062,24.58024218114783,0.22058587404427682,28.816582679748535,False,SolutionResult.kSolverSpecificError,41,28.809973146,0.2477698577745673,0.5998047389680922,1.1232353787298002,7.143061997672044,0.996,0.996,0.0,0.0,,1.719187147628209,1.0007618686154172,1.1492552934351221,1.0124852805797324,acceleration,690.782231635942,509.91755524546784,118498.65821343433,77.2175123793385,36.231652162812225
bottom,top,4,kinetic,tight,snopt,all,True,28.0,1.0,1838282789,True,0.26139163970947266,29,0.7095041275024414,19,19,6.030155361488907,,2.155158726431325,4.53338186016062,24.58024218114783,0.04068308166495464,45.56875801086426,False,SolutionResult.kSolverSpecificError,41,45.561825971,0.23222412822030047,0.6189292887456981,1.2132914466121278,5.708125311960916,1.0,1.0,0.0,0.0,,1.7084829934878483,1.0009595932379731,1.0766955853028906,0.9975683102584529,acceleration,683.7728493070556,506.1275529629015,97611.79127290595,62.97979721692508,31.179418069966435
bottom,top,1,parameterized,notebook,snopt,all,True,28.0,1.0,502992042,True,0.14223122596740723,27,0.5420341491699219,16,16,5.117053507135416,,1.8186302897418822,5.849342098841292,32.92581326286099,0.5498643708072902,0.833967924118042,True,SolutionResult.kSolutionFound,1,0.824328223,0.45844366299970807,0.8337395316714866,2.758871639178584,15.194155447391474,1.0,1.0,0.0,0.0,,2.722659951365473,1.0025062622874816,1.2041816954655138,1.0011075792801927,acceleration,782.0970181387706,555.7550697911151,151579.03386619873,76.30692995570982,24.838217954987282
bottom,top,1,cspace,notebook,snopt,all,True,28.0,1.0,502992042,True,0.14223122596740723,27,0.5420341491699219,16,16,5.117053507135416,,1.8186302897418822,5.849342098841292,32.92581326286099,0.17095939733087112,2.445779323577881,True,SolutionResult.kSolutionFound,1,2.437668686,0.2868537490235173,0.8999483614669079,1.6779057103737136,9.536874589829912,1.0,1.0,0.0,0.0,,1.8319581749198306,1.0007099057722282,1.1413342594044456,1.000922783869463,acceleration,712.7412655745367,520.9553460365679,123418.36052253062,79.29982014604698,31.965959645649747
bottom,top,1,kinetic,notebook,snopt,all,True,28.0,1.0,502992042,True,0.14223122596740723,27,0.5420341491699219,16,16,5.117053507135416,,1.8186302897418822,5.849342098841292,32.92581326286099,0.030371307521444284,4.11597752571106,True,SolutionResult.kSolutionFound,1,4.108714009,0.27691999937837386,0.9974795171399321,1.7976648515984905,9.117816188283918,1.0,1.0,0.0,0.0,,1.7702747092851576,1.0006504955780318,1.1081008001481427,1.0004362765304329,acceleration,743.2373022003853,536.1746061611423,117177.12580108196,78.8787228529932,36.27638074683338
bottom,top,1,parameterized,tight,snopt,all,True,28.0,1.0,502992042,True,0.14223122596740723,27,0.5420341491699219,16,16,5.117053507135416,,1.8186302897418822,5.849342098841292,32.92581326286099,0.5498643708072902,7.040696859359741,True,SolutionResult.kSolutionFound,1,7.03468548,0.27651731568535826,0.5028827659435083,3.198922716761892,16.61714799415034,0.998,0.998,0.0,2.0970093100647347e-05,,3.1151509100687393,1.001669761146984,1.2346618375469125,1.0074897811473735,acceleration,766.7540438726821,547.0186715551629,160365.71829375502,78.23243413782495,29.958690596165926
bottom,top,1,cspace,tight,snopt,all,True,28.0,1.0,502992042,True,0.14223122596740723,27,0.5420341491699219,16,16,5.117053507135416,,1.8186302897418822,5.849342098841292,32.92581326286099,0.17095939733087112,28.320777416229248,True,SolutionResult.kSolutionFound,1,28.314988237,0.23254548410609585,0.7274147177863192,1.3602380900772144,8.264229069230565,1.0,1.0,0.0,0.0,,1.688394901099489,1.000691551739901,1.0897638870391821,1.0038431129416285,acceleration,678.5138064481052,503.4309298326483,116074.7793876306,77.6722568663691,38.49371298145148
bottom,top,1,kinetic,tight,snopt,all,True,28.0,1.0,502992042,True,0.14223122596740723,27,0.5420341491699219,16,16,5.117053507135416,,1.8186302897418822,5.849342098841292,32.92581326286099,0.030371307521444284,65.25541090965271,True,SolutionResult.kSolutionFound,1,65.249470923,0.21375046520105456,0.7677681134554564,1.5067648214926816,7.037907902059588,1.0,1.0,0.0,0.0,,1.725351087968245,1.0011831553648114,1.006900638707615,0.9522543017428255,acceleration,687.0822396602666,507.47160586751795,97358.57861939186,63.30041070284355,32.79211868113644
bottom,middle,8,parameterized,notebook,snopt,all,True,28.0,1.0,1222964207,True,0.43670034408569336,53,0.7651762962341309,18,18,6.1445493137565474,,4.2711531413488455,12.91632555035943,35.82304597021903,0.23412880945874875,1.545928955078125,True,SolutionResult.kSolutionFound,1,1.537972268,0.4085554362314311,1.7450028348750266,5.559667152973812,17.673672723142985,1.0,1.0,0.0,0.0,,2.9021566206909233,1.0010081688001147,1.2782801713869072,1.0019338229924615,acceleration,620.6010278287899,399.7012378236281,175863.78810933078,79.96800101633558,24.968600561140757
bottom,middle,8,cspace,notebook,snopt,all,True,28.0,1.0,1222964207,True,0.43670034408569336,53,0.7651762962341309,18,18,6.1445493137565474,,4.2711531413488455,12.91632555035943,35.82304597021903,0.07742139946079112,2.178698778152466,True,SolutionResult.kSolutionFound,1,2.171870552,0.24652517740322502,1.547497144359792,3.184199447700166,11.383727816405067,1.0,1.0,0.0,0.0,,2.0197598255639613,1.0010237008943166,1.2124678730852805,1.0368937413479977,acceleration,616.7833748139303,397.1250197863883,136292.22922992767,88.03649076131506,41.606787899776194
bottom,middle,8,kinetic,notebook,snopt,all,True,28.0,1.0,1222964207,True,0.43670034408569336,53,0.7651762962341309,18,18,6.1445493137565474,,4.2711531413488455,12.91632555035943,35.82304597021903,0.0279149908366624,2.8850958347320557,True,SolutionResult.kSolutionFound,1,2.879804195,0.32489930223553587,1.7318814250489074,3.7922740392733956,11.638882639675689,1.0,1.0,0.0,0.0,,2.415789872488497,1.000714718425245,1.2446310502817193,1.0512820457735659,acceleration,582.7197182655922,379.85886689412087,157862.3098173124,73.41197188375773,31.086018709351748
bottom,middle,8,parameterized,tight,snopt,all,True,28.0,1.0,1222964207,True,0.43670034408569336,53,0.7651762962341309,18,18,6.1445493137565474,,4.2711531413488455,12.91632555035943,35.82304597021903,0.23412880945874875,6.797183275222778,True,SolutionResult.kSolutionFound,1,6.792318563,0.02146725507107476,0.0916899339329609,0.49835691657016945,2.4423111725206157,1.0,1.0,0.0,2.79908229634529e-05,,1.5671959200351595,1.0010676852141525,1.2464132828253993,1.0019512160257653,acceleration,246.4242872298141,208.0236175849345,73104.16984385722,26.722582466487527,19.632019717670147
bottom,middle,8,cspace,tight,snopt,all,True,28.0,1.0,1222964207,True,0.43670034408569336,53,0.7651762962341309,18,18,6.1445493137565474,,4.2711531413488455,12.91632555035943,35.82304597021903,0.07742139946079112,60.963829040527344,True,SolutionResult.kSolutionFound,1,60.958857085,0.020627370842788248,0.13323593563593483,0.2664298370534451,1.2885317666333527,1.0,1.0,0.0,0.0,,1.0103223244170676,1.0004994305796557,1.2035559841952086,1.0032945160847266,acceleration,238.04010285540232,203.74785608433615,53470.99048289286,23.147703262554927,22.18947661306512
bottom,middle,8,kinetic,tight,snopt,all,True,28.0,1.0,1222964207,True,0.43670034408569336,53,0.7651762962341309,18,18,6.1445493137565474,,4.2711531413488455,12.91632555035943,35.82304597021903,0.0279149908366624,48.26833200454712,True,SolutionResult.kSolutionFound,3,48.263584376,0.035855299692679726,0.13516505285452224,0.2738370109930898,1.2844460491668461,1.0,1.0,0.0,0.0,,1.0355205395008822,1.000707811970594,1.2118291266719856,0.9916322513473591,acceleration,232.76003685296985,200.87353683566684,53182.136295167744,22.521519138897414,19.33717689051579
bottom,middle,5,parameterized,notebook,snopt,all,True,28.0,1.0,911576914,True,0.4238247871398926,54,0.5335774421691895,17,17,4.442739427308573,,4.032020893008468,7.16195426710874,36.443301130713934,0.24801458785444339,2.7536704540252686,True,SolutionResult.kSolutionFound,1,2.745362506,0.04734289618596864,0.1908875465573583,1.1025355971099884,6.624420509642334,1.0,1.0,0.0,0.0,,2.079703712417744,1.0013582301127661,1.2215841670710381,1.0014919545960745,acceleration,307.71254337206784,239.2424404575835,102039.7052202837,50.412933537410396,26.058473365297196
bottom,middle,5,cspace,notebook,snopt,all,True,28.0,1.0,911576914,True,0.4238247871398926,54,0.5335774421691895,17,17,4.442739427308573,,4.032020893008468,7.16195426710874,36.443301130713934,0.13962669443345901,5.7027623653411865,True,SolutionResult.kSolutionFound,1,5.695512931,0.16012357959304221,0.6579102018856271,1.146797754131115,8.849271854591855,1.0,1.0,0.0,0.0,,1.838587220109543,1.0008136739090494,1.1851465400708796,1.0117348994876827,acceleration,442.88932968389554,306.88519826692163,133875.2995509354,74.72921642333063,30.964178027342083
bottom,middle,5,kinetic,notebook,snopt,all,True,28.0,1.0,911576914,True,0.4238247871398926,54,0.5335774421691895,17,17,4.442739427308573,,4.032020893008468,7.16195426710874,36.443301130713934,0.027439885218225008,4.358659744262695,True,SolutionResult.kSolutionFound,1,4.349670875,0.4517555516410922,2.4510102865120618,3.89699341347425,16.463463605928112,0.996,0.996,0.0,0.0,,2.2769212104341183,1.0010335306319595,1.2058942668522967,0.9667454118166517,acceleration,665.2424708626991,421.6484854061343,163411.7059211632,97.99953108534048,40.72686626593137
bottom,middle,5,parameterized,tight,snopt,all,True,28.0,1.0,911576914,True,0.4238247871398926,54,0.5335774421691895,17,17,4.442739427308573,,4.032020893008468,7.16195426710874,36.443301130713934,0.24801458785444339,5.495305776596069,True,SolutionResult.kSolutionFound,1,5.487945006,0.024489411508708463,0.09874181886059502,0.5251284457320762,2.593325077502796,1.0,1.0,0.0,6.588364332538177e-05,,1.5407837017770585,1.0009673682877738,1.2463517317574317,1.0020394145727776,acceleration,241.57525690115733,205.41735551579893,72513.71013229928,27.0095682654387,21.339504188173308
bottom,middle,5,cspace,tight,snopt,all,True,28.0,1.0,911576914,True,0.4238247871398926,54,0.5335774421691895,17,17,4.442739427308573,,4.032020893008468,7.16195426710874,36.443301130713934,0.13962669443345901,59.812904596328735,True,SolutionResult.kSolutionFound,1,59.807758206,0.04192173353125094,0.1518364610510789,0.3002415383487382,1.4360998373444902,1.0,1.0,0.0,0.0,,1.013821215557542,1.000673032014664,1.1880136434071715,0.9913390133474329,acceleration,233.18494005089485,201.21706298072291,53174.719164231894,23.12848485327401,19.473603185127914
bottom,middle,5,kinetic,tight,snopt,all,True,28.0,1.0,911576914,True,0.4238247871398926,54,0.5335774421691895,17,17,4.442739427308573,,4.032020893008468,7.16195426710874,36.443301130713934,0.027439885218225008,55.58153510093689,True,SolutionResult.kSolutionFound,1,55.576146957,0.04051615294190918,0.16415541294520988,0.31998190382864683,1.4765423623200575,1.0,1.0,0.0,0.0,,1.028697062317848,1.0007407694812134,1.1918968382846165,0.9199250184606675,acceleration,234.5777109870006,201.80397194071907,52777.77888846209,23.160714832916675,17.95463636196672
middle,bottom,4,parameterized,notebook,snopt,all,True,28.0,1.0,936045014,True,0.42188215255737305,37,0.5189695358276367,10,10,3.6278937531024344,,5.320779814371767,10.120276209412392,49.98271062996111,0.18794237590868465,1.88081693649292,True,SolutionResult.kSolutionFound,1,1.875786549,0.14113929830133193,0.750971129416323,2.84306840754972,16.112321118057785,1.0,1.0,0.0,0.0,,2.1508832471985926,1.0008329770812008,1.1068113504144457,0.9985354525165584,acceleration,363.22254746988915,100.62561211571958,109652.81555730611,56.6045598232898,26.595616656245586
middle,bottom,4,cspace,notebook,snopt,all,True,28.0,1.0,936045014,True,0.42188215255737305,37,0.5189695358276367,10,10,3.6278937531024344,,5.320779814371767,10.120276209412392,49.98271062996111,0.09881153234433929,2.473069190979004,True,SolutionResult.kSolutionFound,1,2.467867926,0.20109648261466206,1.2781819388787794,2.035151948801677,11.405852075311216,1.0,1.0,0.0,0.0,,1.4405328731602105,1.0005656141258785,1.126337721204839,0.9814308565929594,acceleration,474.07393245821135,155.86983153807142,98433.31311438151,66.79031460603984,36.311821947649655
middle,bottom,4,kinetic,notebook,snopt,all,True,28.0,1.0,936045014,True,0.42188215255737305,37,0.5189695358276367,10,10,3.6278937531024344,,5.320779814371767,10.120276209412392,49.98271062996111,0.02000691814022128,1.968322515487671,True,SolutionResult.kSolutionFound,1,1.963339234,0.19486161746335806,1.6048676793081376,2.348820774335373,9.739711838557206,0.998,0.998,0.0,0.0,,1.5213937827116877,1.000374162815466,1.113632729611343,0.9620498854130798,acceleration,441.37688459393246,140.1636071702713,96758.53671724453,55.724702675354834,30.429428811685515
middle,bottom,4,parameterized,tight,snopt,all,True,28.0,1.0,936045014,True,0.42188215255737305,37,0.5189695358276367,10,10,3.6278937531024344,,5.320779814371767,10.120276209412392,49.98271062996111,0.18794237590868465,4.4140944480896,True,SolutionResult.kSolutionFound,1,4.40863799,0.03489777495607626,0.18568337655278358,1.0827885381086233,5.189538265708165,1.0,1.0,0.0,2.1239567765896084e-05,,1.5231430555961927,1.0006305738807448,1.1641900113402122,0.998150750837731,acceleration,248.72379154161587,42.92410889946685,71121.14634806733,27.246396320969055,23.051156469381148
middle,bottom,4,cspace,tight,snopt,all,True,28.0,1.0,936045014,True,0.42188215255737305,37,0.5189695358276367,10,10,3.6278937531024344,,5.320779814371767,10.120276209412392,49.98271062996111,0.09881153234433929,23.17931842803955,True,SolutionResult.kSolutionFound,3,23.169749751,0.05198776684655337,0.26441157675527627,0.5261305599976525,2.5267579069038164,1.0,1.0,0.0,0.0,,1.002994349398163,1.0001911020864038,1.0873600459117063,0.9991580558007424,acceleration,236.6446235530406,36.038250504799514,52313.348726080716,23.489358563511228,20.783528102498874
middle,bottom,4,kinetic,tight,snopt,all,True,28.0,1.0,936045014,True,0.42188215255737305,37,0.5189695358276367,10,10,3.6278937531024344,,5.320779814371767,10.120276209412392,49.98271062996111,0.02000691814022128,22.573863744735718,True,SolutionResult.kSolutionFound,3,22.568547841,0.04961898540947027,0.26412558238673023,0.5278435847041985,2.480091389473814,1.0,1.0,0.0,0.0,,1.010708395647066,1.000220984859063,1.094128026390752,0.9899375554814284,acceleration,234.98495295685638,35.51175678412123,51758.15671775631,23.08516858793483,19.83724597124139
bottom,middle,3,parameterized,notebook,snopt,all,True,28.0,1.0,1597385319,True,0.27356934547424316,39,0.5110812187194824,19,19,nan,TOPPRA returned no path parameterization,2.277619520966076,4.187202175071336,19.012539176339676,0.43905489516345536,2.6877622604370117,True,SolutionResult.kSolutionFound,1,2.679651832,0.22884028294814468,0.5212110956260947,1.4914171672557706,7.964040652349598,1.0,1.0,0.0,0.0,TOPPRA returned no path parameterization,nan,,,,,,,,,
bottom,middle,3,cspace,notebook,snopt,all,True,28.0,1.0,1597385319,True,0.27356934547424316,39,0.5110812187194824,19,19,nan,TOPPRA returned no path parameterization,2.277619520966076,4.187202175071336,19.012539176339676,0.23882295580412552,5.305209636688232,True,SolutionResult.kSolutionFound,1,5.298251477,0.24124373128023008,0.5735772003802742,1.0101362763389046,5.9041608671024175,1.0,1.0,0.0,0.0,,1.5814141957045842,1.000810725809939,1.1988377684259754,1.011537726772556,acceleration,608.0887145838343,390.23279734661156,106185.05602163565,68.4088500255623,39.29751752120077
bottom,middle,3,kinetic,notebook,snopt,all,True,28.0,1.0,1597385319,True,0.27356934547424316,39,0.5110812187194824,19,19,nan,TOPPRA returned no path parameterization,2.277619520966076,4.187202175071336,19.012539176339676,0.052596867295056464,4.82421350479126,True,SolutionResult.kSolutionFound,1,4.818820372,0.2905694731106189,0.7385724119778773,1.246071872537083,5.524463490964023,1.0,1.0,0.0,0.0,,1.5350900715396767,1.0014972696485767,1.3423152356277241,1.0148442733693028,acceleration,662.2122438103256,418.04549032470635,99088.49646266422,66.20113078169342,36.698176790637355
bottom,middle,3,parameterized,tight,snopt,all,True,28.0,1.0,1597385319,True,0.27356934547424316,39,0.5110812187194824,19,19,nan,TOPPRA returned no path parameterization,2.277619520966076,4.187202175071336,19.012539176339676,0.43905489516345536,10.493602275848389,True,SolutionResult.kSolutionFound,1,10.488315497,0.03773968971054304,0.08595665399993566,0.4565257166668395,2.24713098962205,1.0,1.0,0.0,7.909921291293642e-07,,1.5500528044359496,1.001148489945805,1.2721377801430398,1.0021288584870276,acceleration,243.13895755277548,206.421885897923,72782.32885097447,26.841954718390838,20.946152042222636
bottom,middle,3,cspace,tight,snopt,all,True,28.0,1.0,1597385319,True,0.27356934547424316,39,0.5110812187194824,19,19,nan,TOPPRA returned no path parameterization,2.277619520966076,4.187202175071336,19.012539176339676,0.23882295580412552,82.77302694320679,True,SolutionResult.kSolutionFound,1,82.767830931,0.06345163537910267,0.13525944611271795,0.265684825671212,1.271389036267168,1.0,1.0,0.0,0.0,,1.0145122654748522,1.0007432715781865,1.2177860134603946,0.9993813237962859,acceleration,232.99771859055744,201.0516720773139,53119.381789037405,23.106733260778526,19.897005131429392
bottom,middle,3,kinetic,tight,snopt,all,True,28.0,1.0,1597385319,True,0.27356934547424316,39,0.5110812187194824,19,19,nan,TOPPRA returned no path parameterization,2.277619520966076,4.187202175071336,19.012539176339676,0.052596867295056464,55.798604249954224,True,SolutionResult.kSolutionFound,1,55.792492956,0.06903213556413311,0.14161722093801077,0.28118796833736914,1.3124761818394721,1.0,1.0,0.0,0.0,,1.023144099453098,1.000823368737093,1.2264151897980202,1.0001559538679068,acceleration,234.6108302870573,201.74620589366268,52994.631537765745,23.242105303486714,18.662775537076023
bottom,top,2,parameterized,notebook,snopt,all,True,28.0,1.0,82992400,True,0.701770544052124,54,0.7969608306884766,17,17,5.065387637535848,,3.488910343982315,8.471003426623529,44.40261382973524,0.2866224412228889,2.1845510005950928,True,SolutionResult.kSolutionFound,1,2.176630932,0.30440726614353153,1.0620496596315465,4.077064067939365,23.82824576254846,1.0,1.0,0.0,0.0,,3.2450363107223352,1.0013506604505913,1.3378725361877157,0.9760377734797959,acceleration,816.1056500831315,573.2407324057796,190995.95426454247,101.78183383746935,36.40622224423935
bottom,top,2,cspace,notebook,snopt,all,True,28.0,1.0,82992400,True,0.701770544052124,54,0.7969608306884766,17,17,5.065387637535848,,3.488910343982315,8.471003426623529,44.40261382973524,0.11804976927020222,3.403761625289917,True,SolutionResult.kSolutionFound,1,3.396739896,0.25237843972350893,1.207687962341839,2.137898627703744,14.982710025653041,1.0,1.0,0.0,0.0,,2.136910298062372,1.0005564054354559,1.1911732322458433,1.0157766930856889,acceleration,802.19249267811,566.1257151242751,161008.51785042882,103.43060448954832,49.99171517330172
bottom,top,2,kinetic,notebook,snopt,all,True,28.0,1.0,82992400,True,0.701770544052124,54,0.7969608306884766,17,17,5.065387637535848,,3.488910343982315,8.471003426623529,44.40261382973524,0.022521196698792694,2.7798306941986084,True,SolutionResult.kSolutionFound,1,2.774148777,0.31729683147373827,1.582549157670746,2.712241439433725,14.088808677326975,1.0,1.0,0.0,0.0,,2.2115464032306806,1.0008885971168524,1.1644659001840232,1.0162508379806192,acceleration,839.9214223536585,586.017864453088,157740.12970792,102.1176220947314,45.12091639113433
bottom,top,2,parameterized,tight,snopt,all,True,28.0,1.0,82992400,True,0.701770544052124,54,0.7969608306884766,17,17,5.065387637535848,,3.488910343982315,8.471003426623529,44.40261382973524,0.2866224412228889,8.39061689376831,True,SolutionResult.kSolutionFound,1,8.385592274,0.1353480835162177,0.4722173286179137,2.895407112808127,15.20534724703238,1.0,1.0,0.0,6.276400728211229e-05,,3.069147020523866,1.0022264273087595,1.2396052477428465,1.0077151470103412,acceleration,766.2702171199484,547.5257154956092,159190.81231094664,78.9041375220543,29.682876643097526
bottom,top,2,cspace,tight,snopt,all,True,28.0,1.0,82992400,True,0.701770544052124,54,0.7969608306884766,17,17,5.065387637535848,,3.488910343982315,8.471003426623529,44.40261382973524,0.11804976927020222,66.72395539283752,True,SolutionResult.kSolutionFound,3,66.718897663,0.15313235451196833,0.6884898492447095,1.2971846997978127,8.90474491012381,1.0,1.0,0.0,0.0,,1.803323033735016,1.0006739460531549,1.1166281661343687,1.0004842983943583,acceleration,687.9967664846336,507.9950351992747,127575.78792187285,79.20506307724625,32.26317431842624
bottom,top,2,kinetic,tight,snopt,all,True,28.0,1.0,82992400,True,0.701770544052124,54,0.7969608306884766,17,17,5.065387637535848,,3.488910343982315,8.471003426623529,44.40261382973524,0.022521196698792694,84.07065606117249,True,SolutionResult.kSolutionFound,1,84.064887544,0.1483848179150587,0.7163083429968264,1.4147390468128067,6.58867376807793,1.0,1.0,0.0,0.0,,1.7315072812400814,1.0013208465007335,1.0011621900455623,1.0008813965560543,velocity,685.0205547625166,506.83454406495986,97955.44813129117,63.11345318383121,32.740979991130004
bottom,middle,9,parameterized,notebook,snopt,all,True,28.0,1.0,1071891321,True,0.24416351318359375,23,0.6303751468658447,21,21,4.507149093422798,,0.9829784561953164,1.8629862925241771,12.731838436851737,1.0173162938591418,1.156057357788086,True,SolutionResult.kSolutionFound,1,1.146727448,0.47033009844902957,0.4623243540756209,0.856959782683469,5.884336386119428,1.0,1.0,0.0,0.0,,1.5885599339780268,1.0021238551282394,1.1122033625892762,0.9991210750302223,acceleration,511.35843502442685,341.1492141531387,111063.05072858723,70.68104514660973,37.926023581810476
bottom,middle,9,cspace,notebook,snopt,all,True,28.0,1.0,1071891321,True,0.24416351318359375,23,0.6303751468658447,21,21,4.507149093422798,,0.9829784561953164,1.8629862925241771,12.731838436851737,0.5367726021457145,4.033426523208618,True,SolutionResult.kSolutionFound,1,4.025602858,0.34327438011548567,0.3523966678391149,0.639515464729884,4.633824462453839,1.0,1.0,0.0,0.0,,1.5013108798230665,1.001947189036942,1.2381331523398222,1.0045223852564693,acceleration,462.9582107886039,317.04442306729345,107138.38439205603,62.62907818855712,34.76414590743676
bottom,middle,9,kinetic,notebook,snopt,all,True,28.0,1.0,1071891321,True,0.24416351318359375,23,0.6303751468658447,21,21,4.507149093422798,,0.9829784561953164,1.8629862925241771,12.731838436851737,0.07854325241086509,5.186613321304321,True,SolutionResult.kSolutionFound,1,5.181090766,0.37539208750116143,0.45903080693959597,0.7857085261060771,4.779431408537299,1.0,1.0,0.0,0.0,,1.4949372223977977,1.0016994879899834,1.2290014374774547,1.0017483756171188,acceleration,522.4056324582994,347.02431820433526,106691.67750908952,63.90648984477776,34.89396967225595
bottom,middle,9,parameterized,tight,snopt,all,True,28.0,1.0,1071891321,True,0.24416351318359375,23,0.6303751468658447,21,21,4.507149093422798,,0.9829784561953164,1.8629862925241771,12.731838436851737,1.0173162938591418,10.055131912231445,True,SolutionResult.kSolutionFound,1,10.050240568,0.07883689907760287,0.07749497334652848,0.40624042077153205,2.0004403966043753,1.0,1.0,0.0,2.2193036310902414e-06,,1.5525992629483096,1.0013928991281318,1.3003808220613942,1.0017357476901052,acceleration,241.27366476246914,204.8905480967992,72718.85676122422,26.62957500469199,20.742006452856955
bottom,middle,9,cspace,tight,snopt,all,True,28.0,1.0,1071891321,True,0.24416351318359375,23,0.6303751468658447,21,21,4.507149093422798,,0.9829784561953164,1.8629862925241771,12.731838436851737,0.5367726021457145,88.25912714004517,True,SolutionResult.kSolutionFound,1,88.253690361,0.12157797455117655,0.11316124440388803,0.22649810006169513,1.101759061448032,1.0,1.0,0.0,0.0,,1.024996080483351,1.000136797391469,1.2539913282643989,1.0039199744028318,acceleration,236.4610260636219,202.88658805015632,54296.97202763082,22.821588281825665,22.170902015825423
bottom,middle,9,kinetic,tight,snopt,all,True,28.0,1.0,1071891321,True,0.24416351318359375,23,0.6303751468658447,21,21,4.507149093422798,,0.9829784561953164,1.8629862925241771,12.731838436851737,0.07854325241086509,61.7367217540741,True,SolutionResult.kSolutionFound,3,61.730761391,0.08550175327306478,0.1143255929532573,0.23092613055477737,1.08859450874022,1.0,1.0,0.0,0.0,,1.038151759902121,1.0003673358107963,1.2609258403144048,1.0028386522184656,acceleration,240.36482322397288,204.81920806203573,54407.90073944793,22.592351266799128,24.951935847785396
middle,bottom,2,parameterized,notebook,snopt,all,True,28.0,1.0,1588153571,True,0.3431112766265869,39,0.5461149215698242,14,14,3.979276066914008,,4.242471927039272,8.095803786619241,43.74110592092837,0.23571163632846429,2.406085729598999,True,SolutionResult.kSolutionFound,1,2.401093889,0.35048412122055334,1.4869190451512302,3.119548320604105,16.89369144612197,1.0,1.0,0.0,0.0,,2.0730090308938087,1.0010526202045091,1.2014036219204722,0.9982223090237256,acceleration,665.9677009897875,253.7749631227562,130581.68910071522,90.19295088828852,34.63480004884881
middle,bottom,2,cspace,notebook,snopt,all,True,28.0,1.0,1588153571,True,0.3431112766265869,39,0.5461149215698242,14,14,3.979276066914008,,4.242471927039272,8.095803786619241,43.74110592092837,0.12352078019143717,3.7576653957366943,True,SolutionResult.kSolutionFound,1,3.752722073,0.16530986513735985,0.7563931755528742,1.3383162321445536,9.175252670634904,0.998,0.998,0.0,0.0,,1.6452103667110431,1.000602025800354,1.1477360297485584,0.9985335919017914,acceleration,548.5197677267527,193.01987862057396,116885.3291427547,72.47529438592551,32.87711787472252
middle,bottom,2,kinetic,notebook,snopt,all,True,28.0,1.0,1588153571,True,0.3431112766265869,39,0.5461149215698242,14,14,3.979276066914008,,4.242471927039272,8.095803786619241,43.74110592092837,0.022861790504513514,4.170237302780151,True,SolutionResult.kSolutionFound,1,4.165286038,0.2749850063596782,1.5021126178761999,2.484766983841242,12.02814828984584,1.0,1.0,0.0,0.0,,1.7126290982396895,1.0017524282134145,1.2434381905635565,0.9842039559856011,acceleration,702.1271749821069,272.2413873513459,123411.55904826576,86.23206653597539,36.65920068120917
middle,bottom,2,parameterized,tight,snopt,all,True,28.0,1.0,1588153571,True,0.3431112766265869,39,0.5461149215698242,14,14,3.979276066914008,,4.242471927039272,8.095803786619241,43.74110592092837,0.23571163632846429,7.634081125259399,True,SolutionResult.kSolutionFound,1,7.62878847,0.02854527285675066,0.12110251874444129,0.6694587903693875,3.2452273037590924,1.0,1.0,0.0,2.6105965454270574e-05,,1.5569981830800956,1.0006578503097026,1.19988869649739,0.9984026194171094,acceleration,243.79887519170637,39.90749920674476,72379.67996480217,26.608133379616625,20.79119427936428
middle,bottom,2,cspace,tight,snopt,all,True,28.0,1.0,1588153571,True,0.3431112766265869,39,0.5461149215698242,14,14,3.979276066914008,,4.242471927039272,8.095803786619241,43.74110592092837,0.12352078019143717,44.661566734313965,True,SolutionResult.kSolutionFound,3,44.655248308,0.043685971467975225,0.177041889806537,0.35367305323257386,1.7027359882779134,1.0,1.0,0.0,0.0,,1.007835774986536,1.0003891835524503,1.1429089435773143,0.9930625807635729,acceleration,235.13019662012096,35.43985003606172,52630.758150922986,23.242710578324008,20.38430437257655
middle,bottom,2,kinetic,tight,snopt,all,True,28.0,1.0,1588153571,True,0.3431112766265869,39,0.5461149215698242,14,14,3.979276066914008,,4.242471927039272,8.095803786619241,43.74110592092837,0.022861790504513514,28.46816325187683,True,SolutionResult.kSolutionFound,1,28.461461298,0.03879308265470629,0.18046949165861517,0.3604004387783118,1.6968523373988362,1.0,1.0,0.0,0.0,,1.02030995267344,1.0004680202438645,1.1454591921408237,0.9951451580069008,acceleration,232.11118213509778,33.78053448978062,52279.55293231705,22.89095953022736,19.091293377823305
middle,bottom,5,parameterized,notebook,snopt,all,True,28.0,1.0,1087232320,True,0.18845725059509277,36,0.6557199954986572,13,13,nan,TOPPRA returned no path parameterization,5.530084740301406,9.547084393644596,49.465020371336465,0.18082905542338887,2.1274514198303223,True,SolutionResult.kSolutionFound,1,2.121179066,0.3642139002287855,2.0141337318608685,3.760064139371624,19.999406672092874,1.0,1.0,0.0,0.0,TOPPRA returned no path parameterization,nan,,,,,,,,,
middle,bottom,5,cspace,notebook,snopt,all,True,28.0,1.0,1087232320,True,0.18845725059509277,36,0.6557199954986572,13,13,nan,TOPPRA returned no path parameterization,5.530084740301406,9.547084393644596,49.465020371336465,0.10474402013935172,4.330043792724609,True,SolutionResult.kSolutionFound,1,4.324287759,0.15633991812890566,0.8706734860637244,1.492590392472149,10.921762698411694,0.998,0.998,0.0,0.0,,1.762870176748963,1.0005529936170943,1.1536287602353448,0.9846826187044811,acceleration,543.6310960662913,190.97738191861708,126350.83916949114,72.87784935366608,33.45100841216504
middle,bottom,5,kinetic,notebook,snopt,all,True,28.0,1.0,1087232320,True,0.18845725059509277,36,0.6557199954986572,13,13,nan,TOPPRA returned no path parameterization,5.530084740301406,9.547084393644596,49.465020371336465,0.0202163062401056,9.569881200790405,False,SolutionResult.kIterationLimit,31,9.563619002,0.3147401639326477,1.9836705405659767,3.3242451598367095,15.568628620606203,1.0,1.0,0.0,0.0,,3.0722110810749115,1.0005441728812463,1.1270987991375112,1.0136431095164455,acceleration,812.7323094517831,327.00008107947906,210891.9840083489,74.58766390661694,31.31895988048503
middle,bottom,5,parameterized,tight,snopt,all,True,28.0,1.0,1087232320,True,0.18845725059509277,36,0.6557199954986572,13,13,nan,TOPPRA returned no path parameterization,5.530084740301406,9.547084393644596,49.465020371336465,0.18082905542338887,5.335392951965332,True,SolutionResult.kSolutionFound,1,5.328443857,0.0237817207594184,0.13151493106977058,0.7150661084715428,3.4852857898149283,1.0,1.0,0.0,5.427147033287838e-05,,1.5520738487860959,1.0005234721114384,1.1719791047039831,0.9985566365944418,acceleration,243.1042402082699,39.73234305815653,72420.74191381168,26.66623048428456,20.175687691232095
middle,bottom,5,cspace,tight,snopt,all,True,28.0,1.0,1087232320,True,0.18845725059509277,36,0.6557199954986572,13,13,nan,TOPPRA returned no path parameterization,5.530084740301406,9.547084393644596,49.465020371336465,0.10474402013935172,38.634087562561035,True,SolutionResult.kSolutionFound,1,38.627645888,0.04117533935856343,0.19796525248581295,0.3931044397931609,1.8765200618156845,1.0,1.0,0.0,0.0,,1.0116677031807215,1.0003798130904862,1.1285387494565526,0.992690975794801,acceleration,232.73577254818045,34.110694333277756,52661.72554264517,23.128125159432173,19.20930735253136
middle,bottom,5,kinetic,tight,snopt,all,True,28.0,1.0,1087232320,True,0.18845725059509277,36,0.6557199954986572,13,13,nan,TOPPRA returned no path parameterization,5.530084740301406,9.547084393644596,49.465020371336465,0.0202163062401056,9.009626150131226,False,SolutionResult.kIterationLimit,31,9.00304743,0.3147401639326477,1.9836705405659767,3.3242451598367095,15.568628620606203,1.0,1.0,0.0,0.0,,3.0722110810749115,1.0005441728812463,1.1270987991375112,1.0136431095164455,acceleration,812.7323094517831,327.00008107947906,210891.9840083489,74.58766390661694,31.31895988048503
bottom,middle,2,parameterized,notebook,snopt,all,True,28.0,1.0,674306801,True,0.4453275203704834,53,0.9933485984802246,20,20,7.517086545389455,,8.237501309708875,14.943682253571167,55.41044038686278,0.12139603532704524,0.645794153213501,True,SolutionResult.kSolutionFound,1,0.637710307,0.4608491887763959,3.7962457961238405,7.388953956946981,28.739743334234902,1.0,1.0,0.0,0.0,,3.2742757456747595,1.0018181432815814,1.3427844844850816,0.9753566333424158,acceleration,954.0541523193757,567.755711631148,188037.81050309964,128.85425269944642,37.852916275115156
bottom,middle,2,cspace,notebook,snopt,all,True,28.0,1.0,674306801,True,0.4453275203704834,53,0.9933485984802246,20,20,7.517086545389455,,8.237501309708875,14.943682253571167,55.41044038686278,0.06691791106312,3.661379814147949,True,SolutionResult.kSolutionFound,1,3.654244121,0.22432884187786475,2.2180063626030164,3.3522989333344193,14.807565651005914,0.998,0.998,0.0,0.0,TOPPRA returned no path parameterization,nan,,,,,,,,,
bottom,middle,2,kinetic,notebook,snopt,all,True,28.0,1.0,674306801,True,0.4453275203704834,53,0.9933485984802246,20,20,7.517086545389455,,8.237501309708875,14.943682253571167,55.41044038686278,0.018047140448952094,5.624151945114136,True,SolutionResult.kSolutionFound,1,5.616190193,0.3992252727126603,4.023196357488732,6.497348426378623,22.1212481745739,0.996,0.996,0.0,0.0,,3.1023474566770215,1.0006998602137702,1.18726013612312,1.0102973535161532,acceleration,979.3996029999848,580.5426984468241,193509.97182646167,117.01895452480511,34.75807811648419
bottom,middle,2,parameterized,tight,snopt,all,True,28.0,1.0,674306801,True,0.4453275203704834,53,0.9933485984802246,20,20,7.517086545389455,,8.237501309708875,14.943682253571167,55.41044038686278,0.12139603532704524,7.794621706008911,True,SolutionResult.kSolutionFound,1,7.787227619,0.009942765470649033,0.08190354358659585,0.43200402413251743,2.154917060720426,1.0,1.0,0.0,3.846921225836297e-05,,1.553515185855871,1.0012516018530995,1.2838825225779504,1.0019250393708075,acceleration,245.46759516959926,207.75972563010382,72876.42668109911,27.152681154109025,20.178875847073925
bottom,middle,2,cspace,tight,snopt,all,True,28.0,1.0,674306801,True,0.4453275203704834,53,0.9933485984802246,20,20,7.517086545389455,,8.237501309708875,14.943682253571167,55.41044038686278,0.06691791106312,88.1051185131073,True,SolutionResult.kSolutionFound,3,88.099752379,0.015895689743108656,0.11851349357740425,0.23754013672236596,1.1469979629244558,1.0,1.0,0.0,0.0,,1.0178266253202437,1.000433515997417,1.2368799229152068,1.0071342477260357,acceleration,237.441839220979,203.46295206976333,53885.37375162398,23.017422498752254,21.99711212027519
bottom,middle,2,kinetic,tight,snopt,all,True,28.0,1.0,674306801,True,0.4453275203704834,53,0.9933485984802246,20,20,7.517086545389455,,8.237501309708875,14.943682253571167,55.41044038686278,0.018047140448952094,70.96354794502258,True,SolutionResult.kSolutionFound,1,70.956877323,0.02096394712912455,0.12163192760181996,0.2466107944148787,1.161621542671699,1.0,1.0,0.0,0.0,,1.0386684274981228,1.000931964709907,1.2458634322425843,0.9587825246019971,acceleration,232.5523624629359,200.66016538220973,53443.63033285648,22.520259982433807,17.645868598766988
bottom,top,7,parameterized,notebook,snopt,all,True,28.0,1.0,1956161951,True,0.43454647064208984,48,1.1197879314422607,16,16,5.312645253738895,,3.0265934994135124,6.941029855198292,35.63185803707222,0.3304044630353492,1.8069672584533691,True,SolutionResult.kSolutionFound,1,1.79569852,0.4741766257743405,1.435139893142454,3.922169477965994,20.779636811975564,1.0,1.0,0.0,0.0,,2.8684852083719825,1.0011702876732356,1.2360061514733922,1.015491006281148,acceleration,891.5470199795852,611.607832177626,173927.84027682955,112.56680966641812,49.952575176575266
bottom,top,7,cspace,notebook,snopt,all,True,28.0,1.0,1956161951,True,0.43454647064208984,48,1.1197879314422607,16,16,5.312645253738895,,3.0265934994135124,6.941029855198292,35.63185803707222,0.14407083975457585,2.7355234622955322,True,SolutionResult.kSolutionFound,1,2.725977391,0.3680076976361955,1.5150700837870108,2.5543524162356195,15.283996304145026,1.0,1.0,0.0,0.0,,2.080834470914958,1.0011066495909045,1.239900655248248,1.0174104787566534,acceleration,866.7292256489281,598.9140800862444,158342.70766952645,103.04236806424055,40.70012670194857
bottom,top,7,kinetic,notebook,snopt,all,True,28.0,1.0,1956161951,True,0.43454647064208984,48,1.1197879314422607,16,16,5.312645253738895,,3.0265934994135124,6.941029855198292,35.63185803707222,0.028064772792919655,3.0718588829040527,True,SolutionResult.kSolutionFound,1,3.064326835,0.42011836902854166,1.7812658577683465,3.0041452851753707,14.969598083991313,0.998,0.998,0.0,0.0,,2.140313678641107,1.0004611234210579,1.1770538652273133,1.0215624755616501,acceleration,901.2469792236815,617.1153675050036,156800.24554332087,99.32082097058739,39.24586236558918
bottom,top,7,parameterized,tight,snopt,all,True,28.0,1.0,1956161951,True,0.43454647064208984,48,1.1197879314422607,16,16,5.312645253738895,,3.0265934994135124,6.941029855198292,35.63185803707222,0.3304044630353492,7.0119309425354,True,SolutionResult.kSolutionFound,1,7.005842782,0.16674359690143364,0.5046650864507041,3.0504066204707394,15.939912139914886,1.0,1.0,0.0,3.4518764061353124e-05,,3.0365764396101693,1.0019256667215322,1.2710364099347997,1.0076004342417941,acceleration,762.2221723276023,545.6642116422785,156891.65430050943,77.97770858566439,29.04870493127401
bottom,top,7,cspace,tight,snopt,all,True,28.0,1.0,1956161951,True,0.43454647064208984,48,1.1197879314422607,16,16,5.312645253738895,,3.0265934994135124,6.941029855198292,35.63185803707222,0.14407083975457585,88.55702805519104,False,SolutionResult.kSolverSpecificError,41,88.551526288,0.19574986573135764,0.7171015901833526,1.3587056621924103,8.8913548682445,1.0,1.0,0.0,0.0,,1.7436388497045696,1.000682890286789,1.1008772021756617,1.0003672541946476,acceleration,679.8260476673622,504.23241837709054,122153.87631273261,79.1282642357547,33.350602974134745
bottom,top,7,kinetic,tight,snopt,all,True,28.0,1.0,1956161951,True,0.43454647064208984,48,1.1197879314422607,16,16,5.312645253738895,,3.0265934994135124,6.941029855198292,35.63185803707222,0.028064772792919655,78.78261971473694,True,SolutionResult.kSolutionFound,1,78.775948031,0.199296712242205,0.7778491548364923,1.5250939406890116,7.101312157869482,1.0,1.0,0.0,0.0,,1.7331641470203183,1.0011679529106325,1.0068698534495972,0.9281952490127886,acceleration,684.9271789515595,507.086301625731,97761.22341648827,63.441061345281696,32.00741390188777
middle,bottom,3,parameterized,notebook,snopt,all,True,28.0,1.0,699300981,True,0.3379645347595215,31,0.800299882888794,15,15,4.891982210684176,,3.903699361221895,7.73125168914266,43.03493430078951,0.2561672678827886,2.1303329467773438,True,SolutionResult.kSolutionFound,1,2.121468917,0.13978010840566776,0.5456595198947312,1.9010348524244258,11.37979634239847,1.0,1.0,0.0,0.0,,2.1309422436263508,1.0010189075376894,1.2530619570719876,0.9992997925366706,acceleration,516.0529397770953,177.69677206052,115191.2452179211,67.2083332697437,35.77601903656569
middle,bottom,3,cspace,notebook,snopt,all,True,28.0,1.0,699300981,True,0.3379645347595215,31,0.800299882888794,15,15,4.891982210684176,,3.903699361221895,7.73125168914266,43.03493430078951,0.1293451617160963,3.3703529834747314,True,SolutionResult.kSolutionFound,1,3.363683818,0.23250301800188938,1.0305298705651842,1.797539350657874,10.312457463756118,1.0,1.0,0.0,0.0,,1.7162320735263696,1.000946793030256,1.1012006394751317,0.9878001665588677,acceleration,646.2586577251074,242.7510922772179,109298.36861849643,77.15264862105118,41.87895936700641
middle,bottom,3,kinetic,notebook,snopt,all,True,28.0,1.0,699300981,True,0.3379645347595215,31,0.800299882888794,15,15,4.891982210684176,,3.903699361221895,7.73125168914266,43.03493430078951,0.023236935672088482,2.8234806060791016,True,SolutionResult.kSolutionFound,1,2.817352953,0.22575250430618307,1.1137401772256446,1.9444751073626643,9.71524419105529,1.0,1.0,0.0,0.0,,1.7878622627059364,1.0009930509634462,1.2478313708958226,0.9873834121387233,acceleration,655.5976259228546,248.33627718709468,109112.11228809367,72.50461277021907,42.72993131729102
middle,bottom,3,parameterized,tight,snopt,all,True,28.0,1.0,699300981,True,0.3379645347595215,31,0.800299882888794,15,15,4.891982210684176,,3.903699361221895,7.73125168914266,43.03493430078951,0.2561672678827886,7.04257345199585,True,SolutionResult.kSolutionFound,1,7.037255012,0.029238252546491574,0.1141373477889806,0.5986723669556318,2.9555257462370674,1.0,1.0,0.0,8.0031141642678e-05,,1.5269209526248637,1.0007398378649592,1.1954073818834494,0.9984745893193864,acceleration,241.02382586303685,38.19537526091405,71970.6097935769,27.003837456064534,21.425883871082508
middle,bottom,3,cspace,tight,snopt,all,True,28.0,1.0,699300981,True,0.3379645347595215,31,0.800299882888794,15,15,4.891982210684176,,3.903699361221895,7.73125168914266,43.03493430078951,0.1293451617160963,45.56055045127869,True,SolutionResult.kSolutionFound,1,45.554685758,0.04725674083999424,0.1878733411149364,0.36535375744258236,1.7311224072423035,1.0,1.0,0.0,0.0,,1.0166370696651748,1.0005488453177551,1.15754767039528,0.985137147072907,acceleration,231.99538152410173,34.08324732462244,52657.468567357595,23.317533625376704,19.394297578416104
middle,bottom,3,kinetic,tight,snopt,all,True,28.0,1.0,699300981,True,0.3379645347595215,31,0.800299882888794,15,15,4.891982210684176,,3.903699361221895,7.73125168914266,43.03493430078951,0.023236935672088482,31.634126663208008,True,SolutionResult.kSolutionFound,1,31.628318238,0.04193882725230258,0.19957529751042413,0.3948673816468742,1.8048346754550026,1.0,1.0,0.0,0.0,,1.0239571199684263,1.0006132986366947,1.159143780267616,0.9172313176866017,acceleration,237.20744543220127,36.82264481379846,52458.85752943893,23.695346076638753,20.006276348991438
middle,bottom,1,parameterized,notebook,snopt,all,True,28.0,1.0,1201675609,True,0.17424750328063965,38,0.5635836124420166,17,17,4.820801167631557,,2.474295196682986,5.839731137202929,30.83466119600517,0.40415549500342135,1.0685153007507324,True,SolutionResult.kSolutionFound,1,1.063558179,0.2918204228457787,0.722049870541309,2.0710156316363015,11.949630409909767,1.0,1.0,0.0,0.0,,2.4459498716503942,1.000843647061148,1.060113524442667,0.9873618092284879,acceleration,600.3742573902111,220.62252832161485,138856.24591906794,74.01572634759914,32.32804974082113
middle,bottom,1,cspace,notebook,snopt,all,True,28.0,1.0,1201675609,True,0.17424750328063965,38,0.5635836124420166,17,17,4.820801167631557,,2.474295196682986,5.839731137202929,30.83466119600517,0.1712407603201699,2.012632369995117,True,SolutionResult.kSolutionFound,1,2.0076813,0.2687733191752845,0.9393327258358066,1.5695639208372905,9.383486004058145,1.0,1.0,0.0,0.0,,1.8494401456781437,1.0003609095721695,1.1604438725936026,0.9858944206054986,acceleration,716.0746261433906,277.9589729046925,124835.80849186936,79.2612823802298,37.94666696917754
middle,bottom,1,kinetic,notebook,snopt,all,True,28.0,1.0,1201675609,True,0.17424750328063965,38,0.5635836124420166,17,17,4.820801167631557,,2.474295196682986,5.839731137202929,30.83466119600517,0.0324310357634011,2.876493215560913,True,SolutionResult.kSolutionFound,1,2.869413294,0.3074051969030113,1.0947099670954041,1.8670592031775293,9.478735096395614,1.0,1.0,0.0,0.0,,1.9430953623752265,1.000679236907409,1.1565113647442378,0.9853023334112514,acceleration,758.0635888585646,299.74715617162644,128499.27473035367,77.72204794103033,39.48972182591848
middle,bottom,1,parameterized,tight,snopt,all,True,28.0,1.0,1201675609,True,0.17424750328063965,38,0.5635836124420166,17,17,4.820801167631557,,2.474295196682986,5.839731137202929,30.83466119600517,0.40415549500342135,7.4109532833099365,True,SolutionResult.kSolutionFound,1,7.405963775,0.04054341667619538,0.1003163811390273,0.5294329908576128,2.621925365751653,1.0,1.0,0.0,5.145203672007881e-05,,1.5269139797535027,1.0009873330716275,1.2249278791304954,0.9982605355655583,acceleration,238.83664535990545,37.53581578690505,72137.8895863024,27.209592381770612,22.485299681158498
middle,bottom,1,cspace,tight,snopt,all,True,28.0,1.0,1201675609,True,0.17424750328063965,38,0.5635836124420166,17,17,4.820801167631557,,2.474295196682986,5.839731137202929,30.83466119600517,0.1712407603201699,60.35405468940735,True,SolutionResult.kSolutionFound,1,60.34894221,0.05123154429466867,0.15144489984402754,0.2991784444245676,1.4403998444015507,1.0,1.0,0.0,0.0,,1.0080165285868397,1.0006431806067382,1.1871296493617385,0.9986963502373588,acceleration,230.7490639043746,33.38438529399761,52624.22589049811,23.268382851888155,19.107814263971783
middle,bottom,1,kinetic,tight,snopt,all,True,28.0,1.0,1201675609,True,0.17424750328063965,38,0.5635836124420166,17,17,4.820801167631557,,2.474295196682986,5.839731137202929,30.83466119600517,0.0324310357634011,48.48815894126892,True,SolutionResult.kSolutionFound,1,48.482563019,0.04559802192251941,0.15059441639033583,0.30075057708235514,1.4059995571889021,1.0,1.0,0.0,0.0,,1.0244349021005914,1.0006347321625861,1.1924488923777534,0.9293488837715689,acceleration,231.95276153601952,33.71956394822031,52579.96454894368,22.93341057430954,18.074269611063784
bottom,top,6,parameterized,notebook,snopt,all,True,28.0,1.0,60791049,True,0.21979761123657227,38,0.563441276550293,18,18,5.544949980504294,,1.852256460262831,6.251276344699553,36.68899322368395,0.5398820419598387,1.337169885635376,True,SolutionResult.kSolutionFound,1,1.328702511,0.3849432033872714,0.7130135353083382,3.5092960776023054,18.876056692271497,1.0,1.0,0.0,0.0,,3.058403424115648,1.0023116911749277,1.1843203242302514,0.9986885309438204,acceleration,785.7104187026371,557.574072430357,161906.10910823647,86.16201804249877,38.317183256269026
bottom,top,6,cspace,notebook,snopt,all,True,28.0,1.0,60791049,True,0.21979761123657227,38,0.563441276550293,18,18,5.544949980504294,,1.852256460262831,6.251276344699553,36.68899322368395,0.1599673322469416,2.644130229949951,True,SolutionResult.kSolutionFound,1,2.637126757,0.2771552152320869,0.9241675038348734,1.7325738407904583,10.966549764417955,0.994,0.994,0.0,0.0,,1.9394997280302666,1.0004124258020766,1.2063150912693934,1.0004543535837174,acceleration,770.5595652285757,550.3937668182516,130638.18101766359,85.46962126912122,34.619066055151585
bottom,top,6,kinetic,notebook,snopt,all,True,28.0,1.0,60791049,True,0.21979761123657227,38,0.563441276550293,18,18,5.544949980504294,,1.852256460262831,6.251276344699553,36.68899322368395,0.027256130848378447,2.289315700531006,True,SolutionResult.kSolutionFound,1,2.280466606,0.31572926349298086,1.2568949178992452,2.3400742225542692,11.583788808812699,0.998,0.998,0.0,0.0,,2.074996942542287,1.0016268321080528,1.436136019436613,0.885108349547899,acceleration,836.6527118273547,583.5328713083969,133584.15826066368,88.16704440469312,46.301548434015764
bottom,top,6,parameterized,tight,snopt,all,True,28.0,1.0,60791049,True,0.21979761123657227,38,0.563441276550293,18,18,5.544949980504294,,1.852256460262831,6.251276344699553,36.68899322368395,0.5398820419598387,7.9808690547943115,True,SolutionResult.kSolutionFound,1,7.975945415,0.2423838399682998,0.44895703344458887,2.602219203665457,13.48559893751241,1.0,1.0,0.0,2.7568314616033263e-05,,2.963611838009924,1.0019991163689392,1.3659631660817713,1.0069820723268477,acceleration,753.0420614766551,540.5334520118154,151982.45239884933,76.91127520467285,29.258201020262064
bottom,top,6,cspace,tight,snopt,all,True,28.0,1.0,60791049,True,0.21979761123657227,38,0.563441276550293,18,18,5.544949980504294,,1.852256460262831,6.251276344699553,36.68899322368395,0.1599673322469416,98.2522361278534,True,SolutionResult.kSolutionFound,1,98.246720731,0.19427638579763631,0.6429021355315176,1.2144753748704882,7.797219593933135,0.996,0.996,0.0,0.0,,1.7306883710838281,1.0006000822754677,1.114152155301585,1.000299289640162,acceleration,698.7347951853317,513.5696115604569,116826.21002751424,75.81982132711015,37.06345359168098
bottom,top,6,kinetic,tight,snopt,all,True,28.0,1.0,60791049,True,0.21979761123657227,38,0.563441276550293,18,18,5.544949980504294,,1.852256460262831,6.251276344699553,36.68899322368395,0.027256130848378447,84.48338222503662,True,SolutionResult.kSolutionFound,3,84.477741058,0.1651770314310562,0.6660347340696826,1.3014325851668975,6.060178986882251,1.0,1.0,0.0,0.0,,1.6955309528294062,1.001110405328084,1.0053266329524924,0.9945624117575439,acceleration,692.1595093612734,510.9491241084038,96844.59597002857,63.49627480512555,30.668116972742204
bottom,top,5,parameterized,notebook,snopt,all,True,28.0,1.0,446089395,True,0.6013729572296143,42,0.5044517517089844,18,18,nan,TOPPRA returned no path parameterization,3.70798496047286,7.84700276777129,35.96201364732731,0.26968825673782537,2.01236891746521,True,SolutionResult.kSolutionFound,1,2.003851422,0.13863570098329442,0.5140590942306691,5.069296370670195,24.358209497163102,1.0,1.0,0.0,1.935127273089421e-06,,4.40293673188078,1.004153535111256,1.0004488156905789,1.0078293263334177,torque,833.7931317144878,581.9510775046081,222609.69056052924,80.8558050135579,23.49951874638444
bottom,top,5,cspace,notebook,snopt,all,True,28.0,1.0,446089395,True,0.6013729572296143,42,0.5044517517089844,18,18,nan,TOPPRA returned no path parameterization,3.70798496047286,7.84700276777129,35.96201364732731,0.12743719221141814,0.37538838386535645,True,SolutionResult.kSolutionFound,1,0.36820797,0.9398927416810663,3.501259819165948,7.375340945379474,31.552606507736627,1.0,1.0,0.0,0.0,TOPPRA returned no path parameterization,nan,,,,,,,,,
bottom,top,5,kinetic,notebook,snopt,all,True,28.0,1.0,446089395,True,0.6013729572296143,42,0.5044517517089844,18,18,nan,TOPPRA returned no path parameterization,3.70798496047286,7.84700276777129,35.96201364732731,0.027807119195460285,3.2425475120544434,True,SolutionResult.kSolutionFound,1,3.237455077,0.34245111517776705,1.7390575988369452,2.793609746897203,12.315231677565318,1.0,1.0,0.0,6.959599822131679e-05,,2.190014056860662,1.0013709211528097,1.2304803723313542,1.0181489399274997,acceleration,911.9062178319415,623.411876871703,157621.85708320167,97.73115829408684,40.100347038002894
bottom,top,5,parameterized,tight,snopt,all,True,28.0,1.0,446089395,True,0.6013729572296143,42,0.5044517517089844,18,18,nan,TOPPRA returned no path parameterization,3.70798496047286,7.84700276777129,35.96201364732731,0.26968825673782537,9.516361236572266,True,SolutionResult.kSolutionFound,1,9.511172883,0.12193383827163712,0.4521288384839667,3.768630729057653,19.07892724274118,0.998,0.998,0.0,6.315759405284282e-05,,3.4856794506160917,1.0030737975303585,1.0004119526620732,1.0093282687521923,torque,801.7951341854489,565.2490786889246,180103.55299989792,81.76389026664692,28.607790621116468
bottom,top,5,cspace,tight,snopt,all,True,28.0,1.0,446089395,True,0.6013729572296143,42,0.5044517517089844,18,18,nan,TOPPRA returned no path parameterization,3.70798496047286,7.84700276777129,35.96201364732731,0.12743719221141814,74.56949400901794,True,SolutionResult.kSolutionFound,1,74.56304264,0.16002892229222881,0.6661601253034486,1.2557473961505765,8.582726933878954,1.0,1.0,0.0,0.0,,1.817667847751027,1.0008475755055486,1.1199861988407716,0.998353401324039,acceleration,682.4534760733941,504.1772197877034,131674.8427236662,81.10652255662126,32.634721266017486
bottom,top,5,kinetic,tight,snopt,all,True,28.0,1.0,446089395,True,0.6013729572296143,42,0.5044517517089844,18,18,nan,TOPPRA returned no path parameterization,3.70798496047286,7.84700276777129,35.96201364732731,0.027807119195460285,114.91683769226074,True,SolutionResult.kSolutionFound,3,114.910062834,0.1752452781562209,0.7585551217711806,1.4320314898148652,6.302173084683684,1.0,1.0,0.0,0.0,,1.8102379957794026,1.0009976146777704,1.2114031305444495,0.8680964239099167,acceleration,692.1797477870679,510.1538406977088,97103.13253247338,61.03479600761074,27.915699340021625
bottom,top,8,parameterized,notebook,snopt,all,True,28.0,1.0,1680323598,True,0.4656062126159668,45,0.6916689872741699,20,20,6.035615651964047,,1.7361266910074606,4.133318350937927,24.66044088319211,0.5759948310106954,5.090008020401001,True,SolutionResult.kSolutionFound,1,5.07950767,0.22755883388125914,0.3950709652757873,2.5816305206958363,13.608815453688168,0.998,0.998,0.0,1.6136754164008948e-06,,3.2185543164784542,1.003050477107998,1.2060934619157995,1.0088745620280766,acceleration,771.8340285970176,550.5880927046635,167740.4758219117,80.35751191535542,30.853444548722692
bottom,top,8,cspace,notebook,snopt,all,True,28.0,1.0,1680323598,True,0.4656062126159668,45,0.6916689872741699,20,20,6.035615651964047,,1.7361266910074606,4.133318350937927,24.66044088319211,0.24193636083537612,4.027390003204346,True,SolutionResult.kSolutionFound,1,4.01944435,0.36427915160032026,0.8518167644091703,1.5056817021737028,10.400119694648406,0.996,0.996,0.0,0.0,,2.014122305329477,1.0005413914950883,1.1720681480397195,1.0125272269963221,acceleration,805.8548048784967,568.0527582131906,151945.97214010952,95.56977312597793,39.441868440791595
bottom,top,8,kinetic,notebook,snopt,all,True,28.0,1.0,1680323598,True,0.4656062126159668,45,0.6916689872741699,20,20,6.035615651964047,,1.7361266910074606,4.133318350937927,24.66044088319211,0.04055077541949272,2.98429536819458,True,SolutionResult.kSolutionFound,1,2.977122939,0.4348638072621238,1.0577887453851251,1.814395341848953,10.723933211227454,0.998,0.998,0.0,0.0,,1.9952083501101,1.000597993717542,1.2655865242333924,0.9607926038949248,acceleration,842.9722181207433,586.1208595064306,151158.57228941674,100.06257393099634,44.9855626651676
bottom,top,8,parameterized,tight,snopt,all,True,28.0,1.0,1680323598,True,0.4656062126159668,45,0.6916689872741699,20,20,6.035615651964047,,1.7361266910074606,4.133318350937927,24.66044088319211,0.5759948310106954,10.669614791870117,True,SolutionResult.kSolutionFound,3,10.662268783,0.22682787703288027,0.3938019315813415,2.5370433211539742,13.192183272633962,1.0,1.0,0.0,2.9074427823960747e-05,,3.164071365015639,1.0029698535450422,1.1819730843569543,1.008413696879798,acceleration,773.2427273679575,550.8347490771355,163412.14765192755,78.85304211023855,30.79094775975144
bottom,top,8,cspace,tight,snopt,all,True,28.0,1.0,1680323598,True,0.4656062126159668,45,0.6916689872741699,20,20,6.035615651964047,,1.7361266910074606,4.133318350937927,24.66044088319211,0.24193636083537612,74.1480917930603,True,SolutionResult.kSolutionFound,3,74.143014684,0.2612302068844003,0.5717867117340191,1.079747607934603,7.345163676367398,0.996,0.996,0.0,0.0,,1.8021874317861837,1.0006945806636065,1.1631195636288718,1.0001678983290714,acceleration,685.5517382787123,506.74074404561355,126798.20297060262,78.2891373690867,32.84166765187424
bottom,top,8,kinetic,tight,snopt,all,True,28.0,1.0,1680323598,True,0.4656062126159668,45,0.6916689872741699,20,20,6.035615651964047,,1.7361266910074606,4.133318350937927,24.66044088319211,0.04055077541949272,112.69012403488159,True,SolutionResult.kSolutionFound,1,112.684468158,0.22226781816565172,0.5989184982921931,1.173316678495632,5.481222390110147,1.0,1.0,0.0,0.0,,1.7152912412490962,1.0014804025651545,1.00818584320913,1.0002368417140632,acceleration,695.4431968108078,512.110658233044,97864.87800628162,63.409485629500736,33.43874770307065
middle,bottom,0,parameterized,notebook,snopt,all,True,28.0,1.0,816262607,True,0.37990283966064453,27,0.766826868057251,19,19,4.397640476683539,,2.224283686720811,4.543780245382948,20.7087107308477,0.449582940328204,1.0405137538909912,True,SolutionResult.kSolutionFound,1,1.033885643,0.36643465680586373,0.8150546293824199,1.735274510076361,8.10236461094394,1.0,1.0,0.0,0.0,,1.61614934727219,1.0003325148909514,1.184029752740339,1.0104010602622056,acceleration,546.2628725377573,194.23943720331891,103160.95042633647,79.80512915710901,43.65663717160881
middle,bottom,0,cspace,notebook,snopt,all,True,28.0,1.0,816262607,True,0.37990283966064453,27,0.766826868057251,19,19,4.397640476683539,,2.224283686720811,4.543780245382948,20.7087107308477,0.22008106598379748,4.1012678146362305,True,SolutionResult.kSolutionFound,1,4.091460919,0.23858567374818834,0.6133879591006579,1.0840808712083994,5.581770163489569,1.0,1.0,0.0,0.0,,1.5455385184897321,1.0006414666716956,1.1919526217473142,1.0087433703902675,acceleration,594.1150823169015,216.88191882065678,105070.498529962,64.86402749477472,39.450278780315145
middle,bottom,0,kinetic,notebook,snopt,all,True,28.0,1.0,816262607,True,0.37990283966064453,27,0.766826868057251,19,19,4.397640476683539,,2.224283686720811,4.543780245382948,20.7087107308477,0.04828885839379657,5.972429513931274,True,SolutionResult.kSolutionFound,1,5.967328563,0.23922795491632137,0.6291701070681529,1.1166035116391233,4.954102517094373,1.0,1.0,0.0,0.0,,1.3621809595748269,1.0014386619713305,1.2523770831354006,1.0015750943197765,acceleration,580.6079321263917,210.80945787879511,95714.9021698813,67.0643969621405,46.52640062693924
middle,bottom,0,parameterized,tight,snopt,all,True,28.0,1.0,816262607,True,0.37990283966064453,27,0.766826868057251,19,19,4.397640476683539,,2.224283686720811,4.543780245382948,20.7087107308477,0.449582940328204,7.762235164642334,True,SolutionResult.kSolutionFound,1,7.757366534,0.038783260288083245,0.0862649731766289,0.4512707783334421,2.233737752657651,1.0,1.0,0.0,5.588867439243472e-05,,1.5392489327684695,1.0011557020145823,1.264722318095054,0.9983341932217599,acceleration,241.78103531732907,38.70357155145721,72332.8767471411,26.974821410023175,21.416128541614466
middle,bottom,0,cspace,tight,snopt,all,True,28.0,1.0,816262607,True,0.37990283966064453,27,0.766826868057251,19,19,4.397640476683539,,2.224283686720811,4.543780245382948,20.7087107308477,0.22008106598379748,80.9894585609436,True,SolutionResult.kSolutionFound,3,80.983617999,0.05658596944074758,0.1294032496943115,0.25711421011071206,1.233542357686473,1.0,1.0,0.0,0.0,,1.0162032610371996,1.0005491665611133,1.2185411522720901,1.0018943883839653,acceleration,233.34443530969935,34.47787170365125,53000.481056745324,23.024136414891665,20.150820785217995
middle,bottom,0,kinetic,tight,snopt,all,True,28.0,1.0,816262607,True,0.37990283966064453,27,0.766826868057251,19,19,4.397640476683539,,2.224283686720811,4.543780245382948,20.7087107308477,0.04828885839379657,57.014983892440796,True,SolutionResult.kSolutionFound,1,57.008731556,0.05997557731837217,0.1309729361297979,0.26502069283310825,1.2420168816017592,1.0,1.0,0.0,0.0,,1.0315457507154577,1.0007679428960867,1.2214516048821507,0.9402945287223037,acceleration,231.29682162328197,33.34319273375603,53066.0473061979,22.778809992816665,18.549943610905302
middle,bottom,8,parameterized,notebook,snopt,all,True,28.0,1.0,1048356349,True,0.29421281814575195,43,0.5560202598571777,14,14,nan,TOPPRA returned no path parameterization,3.4904423638538207,7.437484570993336,36.018349532476876,0.28649663731902836,2.4332475662231445,True,SolutionResult.kSolutionFound,1,2.429007204,0.1901157965739756,0.6635882303996172,2.090180913248483,10.6409343986832,1.0,1.0,0.0,0.0,,2.092360581752982,1.0013571355340367,1.1362519984045127,1.0037626231492487,acceleration,538.326450490778,188.2905298103617,108399.03478527487,57.01309275396015,25.55639289855129
middle,bottom,8,cspace,notebook,snopt,all,True,28.0,1.0,1048356349,True,0.29421281814575195,43,0.5560202598571777,14,14,nan,TOPPRA returned no path parameterization,3.4904423638538207,7.437484570993336,36.018349532476876,0.1344540604359791,1.7274539470672607,True,SolutionResult.kSolutionFound,1,1.722313402,0.2725632283414611,1.2297509502842874,2.0271848054097505,9.838416900821473,1.0,1.0,0.0,0.0,TOPPRA returned no path parameterization,nan,,,,,,,,,
middle,bottom,8,kinetic,notebook,snopt,all,True,28.0,1.0,1048356349,True,0.29421281814575195,43,0.5560202598571777,14,14,nan,TOPPRA returned no path parameterization,3.4904423638538207,7.437484570993336,36.018349532476876,0.027763626400991087,3.1576526165008545,True,SolutionResult.kSolutionFound,1,3.15097388,0.2595514376363835,1.3987198312735356,2.281237078112645,9.348614402444134,1.0,1.0,0.0,0.0,TOPPRA returned no path parameterization,nan,,,,,,,,,
middle,bottom,8,parameterized,tight,snopt,all,True,28.0,1.0,1048356349,True,0.29421281814575195,43,0.5560202598571777,14,14,nan,TOPPRA returned no path parameterization,3.4904423638538207,7.437484570993336,36.018349532476876,0.28649663731902836,5.704561471939087,True,SolutionResult.kSolutionFound,1,5.698747926,0.03587479852329447,0.12521891656042927,0.6706246671973566,3.2778739990568395,1.0,1.0,0.0,6.376016617792857e-05,,1.5478924658733557,1.0006420020935178,1.1778676498662142,0.9989698321256788,acceleration,236.8403672722236,36.68778889744858,72577.87634129432,26.68937245330006,21.135303561178528
middle,bottom,8,cspace,tight,snopt,all,True,28.0,1.0,1048356349,True,0.29421281814575195,43,0.5560202598571777,14,14,nan,TOPPRA returned no path parameterization,3.4904423638538207,7.437484570993336,36.018349532476876,0.1344540604359791,36.785038232803345,True,SolutionResult.kSolutionFound,1,36.779934969,0.0536660704029946,0.20399799978361646,0.3991405706081143,1.8903807544258175,1.0,1.0,0.0,0.0,,1.0136031823190415,1.000485454787746,1.142867848802481,0.9981859747682368,acceleration,232.17145998375253,33.8561551347678,52630.01596602533,23.349983798392017,18.84875456269753
middle,bottom,8,kinetic,tight,snopt,all,True,28.0,1.0,1048356349,True,0.29421281814575195,43,0.5560202598571777,14,14,nan,TOPPRA returned no path parameterization,3.4904423638538207,7.437484570993336,36.018349532476876,0.027763626400991087,30.7575900554657,True,SolutionResult.kSolutionFound,1,30.752344672,0.053295317212034156,0.2116979766152731,0.41852390755820923,1.9196093637872778,1.0,1.0,0.0,0.0,,1.0261748719012636,1.0005514160569493,1.144802808348404,0.9822756339270281,acceleration,236.43715083392493,35.88550211264956,52772.93140480074,23.562118484780235,20.124699020172528
middle,bottom,9,parameterized,notebook,snopt,all,True,28.0,1.0,1232835947,True,0.08712911605834961,28,0.487964391708374,12,12,3.0309928536157673,,2.763967159217897,5.654108543375072,24.81198360818239,0.36179879947740184,1.0496528148651123,True,SolutionResult.kSolutionFound,1,1.044739354,0.24295753095727762,0.671526636650583,1.9484643678237692,9.954023506180228,1.0,1.0,0.0,0.0,,1.6356464127405852,1.0011307298711989,1.22000553663148,0.9221730687966858,acceleration,496.2895083183814,167.89395523782997,98664.2805597155,60.38996409538464,46.60189663267898
middle,bottom,9,cspace,notebook,snopt,all,True,28.0,1.0,1232835947,True,0.08712911605834961,28,0.487964391708374,12,12,3.0309928536157673,,2.763967159217897,5.654108543375072,24.81198360818239,0.17686254027997067,3.5131618976593018,True,SolutionResult.kSolutionFound,1,3.508041276,0.14236831674166484,0.389291904788708,0.8049659159949754,5.147355814390134,1.0,1.0,0.0,0.0,,1.2957908081271452,1.000440257711887,1.1287672014560681,0.9999397312778434,acceleration,360.80707559491896,99.01073626927777,80704.4862616474,46.244126502039464,32.827847451253376
middle,bottom,9,kinetic,notebook,snopt,all,True,28.0,1.0,1232835947,True,0.08712911605834961,28,0.487964391708374,12,12,3.0309928536157673,,2.763967159217897,5.654108543375072,24.81198360818239,0.04030310578112039,2.246474266052246,True,SolutionResult.kSolutionFound,1,2.241558894,0.31035721802430843,1.0943994386262275,1.9617699259994983,7.7005782063002295,1.0,1.0,0.0,0.0,,1.3215652773812971,1.0005424383010784,1.2162239819553384,1.0107129962177102,acceleration,562.735031612888,202.2415363338536,87785.90018466968,62.896206655360345,43.43963678742417
middle,bottom,9,parameterized,tight,snopt,all,True,28.0,1.0,1232835947,True,0.08712911605834961,28,0.487964391708374,12,12,3.0309928536157673,,2.763967159217897,5.654108543375072,24.81198360818239,0.36179879947740184,4.401481628417969,True,SolutionResult.kSolutionFound,1,4.396857932,0.05203246149137629,0.1438160147754374,0.7980046134122913,3.8615189408634776,1.0,1.0,0.0,2.154012873401001e-05,,1.5496757979041291,1.0004653533557617,1.1686168561336947,0.9982150267070533,acceleration,246.30300266112835,40.948909488407665,72160.1611704742,26.654202355401036,19.942865803838778
middle,bottom,9,cspace,tight,snopt,all,True,28.0,1.0,1232835947,True,0.08712911605834961,28,0.487964391708374,12,12,3.0309928536157673,,2.763967159217897,5.654108543375072,24.81198360818239,0.17686254027997067,31.84276294708252,True,SolutionResult.kSolutionFound,1,31.837374512,0.07522914332628874,0.2143589064422321,0.4253537419919569,2.0266724740434925,1.0,1.0,0.0,0.0,,1.0110114194126554,1.0003041685633403,1.1156698005648107,0.9894707082682301,acceleration,233.42614768189824,34.57496356234893,52523.94019679389,23.082921548798076,20.088906441848216
middle,bottom,9,kinetic,tight,snopt,all,True,28.0,1.0,1232835947,True,0.08712911605834961,28,0.487964391708374,12,12,3.0309928536157673,,2.763967159217897,5.654108543375072,24.81198360818239,0.04030310578112039,34.620553731918335,False,SolutionResult.kSolverSpecificError,41,34.614676297,0.08116790571057583,0.21268676429892683,0.4290487482211333,2.013936746001301,1.0,1.0,0.0,0.0,,1.0192385926623788,1.0003148613135109,1.1174130406228853,0.9903654459356573,acceleration,233.17681840589776,34.37445032052623,52393.29656759352,22.931958465764154,19.819190065347673
bottom,middle,7,parameterized,notebook,snopt,all,True,28.0,1.0,1482419838,True,0.12161517143249512,19,0.32630062103271484,27,27,5.178400013370278,,0.3723556946007378,1.5285977214529471,10.392871324125421,2.685604153502366,1.871422529220581,True,SolutionResult.kSolutionFound,1,1.86296834,0.32187997453049827,0.11985384149437447,0.5851345601003114,3.8796744312385676,1.0,1.0,0.0,0.0,,2.115849663058711,1.002287636656645,1.3551427967102363,1.001400776285242,acceleration,308.78049797814253,239.11371136734488,108561.08854856835,48.10999752049598,18.688229969879938
bottom,middle,7,cspace,notebook,snopt,all,True,28.0,1.0,1482419838,True,0.12161517143249512,19,0.32630062103271484,27,27,5.178400013370278,,0.3723556946007378,1.5285977214529471,10.392871324125421,0.6541943547119056,5.498289108276367,True,SolutionResult.kSolutionFound,1,5.489054843,0.25268732846078085,0.16822590853655933,0.3862572745251821,2.8093177905852422,0.998,0.998,0.0,0.0,,1.4820263179078517,1.0004362929859665,1.2824958103527186,0.9998563994387951,acceleration,339.3617795477111,254.74771280598208,94447.05252409373,50.765384716981266,28.74128079903912
bottom,middle,7,kinetic,notebook,snopt,all,True,28.0,1.0,1482419838,True,0.12161517143249512,19,0.32630062103271484,27,27,5.178400013370278,,0.3723556946007378,1.5285977214529471,10.392871324125421,0.09621979997757278,4.177217721939087,True,SolutionResult.kSolutionFound,1,4.170967909,0.26222295659160305,0.18366434706578805,0.42284995617674914,2.7252494460882577,1.0,1.0,0.0,0.0,,1.505413473007363,1.0004283454479097,1.4023554992241467,1.0005748192574044,acceleration,363.18372041259215,266.56165235135575,93804.76879576895,50.059635617678296,32.33110766008612
bottom,middle,7,parameterized,tight,snopt,all,True,28.0,1.0,1482419838,True,0.12161517143249512,19,0.32630062103271484,27,27,5.178400013370278,,0.3723556946007378,1.5285977214529471,10.392871324125421,2.685604153502366,14.3463294506073,True,SolutionResult.kSolutionFound,1,14.339562569,0.1588292232715396,0.05914096575417689,0.3207709287343342,1.566532437678222,1.0,1.0,0.0,4.585201482498746e-06,,1.5957870273835122,1.0021288250846034,1.413039527021098,1.00614904479681,acceleration,245.09728135045432,207.1521203592535,73973.02949563663,26.231007495877652,19.049584949836277
bottom,middle,7,cspace,tight,snopt,all,True,28.0,1.0,1482419838,True,0.12161517143249512,19,0.32630062103271484,27,27,5.178400013370278,,0.3723556946007378,1.5285977214529471,10.392871324125421,0.6541943547119056,142.020601272583,False,SolutionResult.kSolverSpecificError,41,142.015247296,0.11355476068206057,0.0868993248271316,0.17357954843873244,0.8459860678134384,1.0,1.0,0.0,0.0,,1.0331409999460788,1.000119096740699,1.3591474926790086,1.003162022113889,acceleration,241.10824034437135,205.10848398555902,54905.62420127164,22.619198126337132,20.838485756265893
bottom,middle,7,kinetic,tight,snopt,all,True,28.0,1.0,1482419838,True,0.12161517143249512,19,0.32630062103271484,27,27,5.178400013370278,,0.3723556946007378,1.5285977214529471,10.392871324125421,0.09621979997757278,85.75904083251953,False,SolutionResult.kSolverSpecificError,41,85.752813842,0.08000596033993113,0.08695665553681561,0.17556195189086696,0.8314916509759858,1.0,1.0,0.0,0.0,,1.0464500311877913,1.0003413128457668,1.3676321297372238,1.0021735395003983,acceleration,239.9845898086315,204.85107352311513,54731.605314855595,22.31837767256598,22.871073944786353
middle,bottom,7,parameterized,notebook,snopt,all,True,28.0,1.0,784578668,True,0.20691394805908203,33,0.6236469745635986,18,18,nan,TOPPRA returned no path parameterization,2.880603511955254,4.609370680221314,26.861116596349948,0.34714947609059693,1.1596899032592773,True,SolutionResult.kSolutionFound,1,1.15474859,0.40955958680875787,1.1797787841162528,2.033961104749553,11.52042922812915,1.0,1.0,0.0,0.0,,2.0172608169514787,1.0007876460317842,1.0052455582657034,1.0984026938494975,torque,731.8119970066177,287.28287907449266,129100.47465028732,85.86837482193918,38.29004837634912
middle,bottom,7,cspace,notebook,snopt,all,True,28.0,1.0,784578668,True,0.20691394805908203,33,0.6236469745635986,18,18,nan,TOPPRA returned no path parameterization,2.880603511955254,4.609370680221314,26.861116596349948,0.21694935586130515,1.6743779182434082,True,SolutionResult.kSolutionFound,1,1.669132778,0.4155040722176053,1.2091279751440236,1.9152122879923894,10.497964128739818,1.0,1.0,0.0,0.0,TOPPRA returned no path parameterization,nan,,,,,,,,,
middle,bottom,7,kinetic,notebook,snopt,all,True,28.0,1.0,784578668,True,0.20691394805908203,33,0.6236469745635986,18,18,nan,TOPPRA returned no path parameterization,2.880603511955254,4.609370680221314,26.861116596349948,0.037228534279765794,5.420837879180908,True,SolutionResult.kSolutionFound,1,5.415747703,0.21168230769395097,0.6361589089425252,1.109821224949956,5.686023148351643,1.0,1.0,0.0,0.0,,1.4897834414825957,1.0006808234232878,1.2248450159166322,1.0219100470043885,acceleration,633.322662665322,236.18902954226854,99593.20406792231,67.87735553825247,41.20413736746047
middle,bottom,7,parameterized,tight,snopt,all,True,28.0,1.0,784578668,True,0.20691394805908203,33,0.6236469745635986,18,18,nan,TOPPRA returned no path parameterization,2.880603511955254,4.609370680221314,26.861116596349948,0.34714947609059693,7.968868732452393,True,SolutionResult.kSolutionFound,1,7.964640674,0.03193115884999663,0.09198100832409993,0.4765661219835987,2.3623768715563798,1.0,1.0,0.0,7.643404233848017e-05,,1.5309925077555935,1.0010648579160764,1.2454567840621948,0.9987632879907142,acceleration,239.78693828550323,38.03821899919939,71932.75755425077,26.977765467716964,21.360039148330852
middle,bottom,7,cspace,tight,snopt,all,True,28.0,1.0,784578668,True,0.20691394805908203,33,0.6236469745635986,18,18,nan,TOPPRA returned no path parameterization,2.880603511955254,4.609370680221314,26.861116596349948,0.21694935586130515,68.38058066368103,True,SolutionResult.kSolutionFound,1,68.374676814,0.06215031501825731,0.14523552973295617,0.2864738398116737,1.3643391354155467,1.0,1.0,0.0,0.0,,1.0176155866586736,1.0006992788457645,1.2027294195665577,0.9988272202816809,acceleration,231.71479321977804,33.879171507482965,52885.30675224292,23.07256078454477,19.440348084767585
middle,bottom,7,kinetic,tight,snopt,all,True,28.0,1.0,784578668,True,0.20691394805908203,33,0.6236469745635986,18,18,nan,TOPPRA returned no path parameterization,2.880603511955254,4.609370680221314,26.861116596349948,0.037228534279765794,44.99757671356201,True,SolutionResult.kSolutionFound,3,44.993417543,0.05049609111883856,0.1431917912247687,0.2893178896125486,1.356381391203033,1.0,1.0,0.0,0.0,,1.0286222126101903,1.0008142429914553,1.2044981248704039,0.9809333546277071,acceleration,233.31588684284975,34.26399058251326,52947.35391636398,23.021140040434577,18.95710103913008
bottom,top,3,parameterized,notebook,snopt,all,True,28.0,1.0,1945464198,True,0.2712984085083008,42,0.5607705116271973,18,18,5.703824386798871,,3.876864411182121,8.80714271503479,45.89429681712263,0.25794041110018684,1.7864036560058594,True,SolutionResult.kSolutionFound,1,1.774110508,0.1458999148188916,0.5656341873558639,3.389905089732346,17.429324450155978,1.0,1.0,0.0,3.428924418136248e-05,,3.9541242122896563,1.0021355004797088,1.1826378763044414,1.0076182219667196,acceleration,831.3116638549615,580.2438870826379,205905.6761359952,81.44867221093418,30.082481860237582
bottom,top,3,cspace,notebook,snopt,all,True,28.0,1.0,1945464198,True,0.2712984085083008,42,0.5607705116271973,18,18,5.703824386798871,,3.876864411182121,8.80714271503479,45.89429681712263,0.11354420296753984,6.2954957485198975,True,SolutionResult.kSolutionFound,1,6.287300831,0.1954356495137661,0.9492584071277872,1.7212296568732572,11.614402135990474,0.996,0.996,0.0,0.0,,2.0701344721716177,1.0007281832946648,1.225213773218479,1.0006219679492465,acceleration,772.5213452471787,550.9124210795077,156979.91403142182,94.4129052400256,42.74542797997599
bottom,top,3,kinetic,notebook,snopt,all,True,28.0,1.0,1945464198,True,0.2712984085083008,42,0.5607705116271973,18,18,5.703824386798871,,3.876864411182121,8.80714271503479,45.89429681712263,0.021789199734005112,3.468341112136841,True,SolutionResult.kSolutionFound,1,3.462021771,0.2797654594216483,1.422635703681335,2.7141807173198575,12.839639033875805,0.996,0.996,0.0,0.0,,2.081039855142819,1.0006917134861313,1.2045897728047323,0.9918149580717044,acceleration,815.2905068335355,574.2301880247705,152209.19143528363,105.62301312401908,43.40954688368387
bottom,top,3,parameterized,tight,snopt,all,True,28.0,1.0,1945464198,True,0.2712984085083008,42,0.5607705116271973,18,18,5.703824386798871,,3.876864411182121,8.80714271503479,45.89429681712263,0.25794041110018684,4.7988386154174805,True,SolutionResult.kSolutionFound,1,4.792356508,0.11457724960111942,0.4442004613097108,2.688216510533316,14.115766202313495,1.0,1.0,0.0,1.0320596766977275e-05,,3.0606996845905163,1.002436387243115,1.2657367330755416,1.0084892497504954,acceleration,765.3212661138646,547.1680397174008,158562.9225512071,78.41403025787058,30.061622971803647
bottom,top,3,cspace,tight,snopt,all,True,28.0,1.0,1945464198,True,0.2712984085083008,42,0.5607705116271973,18,18,5.703824386798871,,3.876864411182121,8.80714271503479,45.89429681712263,0.11354420296753984,138.0169596672058,True,SolutionResult.kSolutionFound,3,138.010893896,0.13640688171377494,0.6368073739640003,1.201354874566085,7.983897293022972,1.0,1.0,0.0,0.0,,1.7697034352943313,1.000796289273237,1.1244363119096654,0.999966746629503,acceleration,682.7311787454225,505.26218732870336,124239.65509396493,78.54660450335761,33.26837064390734
bottom,top,3,kinetic,tight,snopt,all,True,28.0,1.0,1945464198,True,0.2712984085083008,42,0.5607705116271973,18,18,5.703824386798871,,3.876864411182121,8.80714271503479,45.89429681712263,0.021789199734005112,104.55587840080261,True,SolutionResult.kSolutionFound,1,104.550595048,0.13559515087801247,0.6809412620626332,1.3339080168190076,6.22304410135803,1.0,1.0,0.0,0.0,,1.7244969181493515,1.0013277587859508,1.0036651020320941,0.9703400179115816,acceleration,689.0338848267843,508.3251424813643,97399.91574825368,63.56276368689193,34.54783714495079
middle,bottom,6,parameterized,notebook,snopt,all,True,28.0,1.0,1506052346,True,0.342287540435791,36,1.1728179454803467,13,13,3.18916923704391,,1.728786089733636,3.5874106350990482,22.83218020647625,0.5784405635483079,1.5864176750183105,True,SolutionResult.kSolutionFound,1,1.579659479,0.19519984117286887,0.3374587701378729,1.4034955120541415,9.173918116421097,1.0,1.0,0.0,0.0,,1.9426798135709442,1.0007722595855943,1.1642967488043838,1.0127715630426162,acceleration,376.2826864632402,107.05648763118825,111321.699881989,53.207839417896814,26.782392733760208
middle,bottom,6,cspace,notebook,snopt,all,True,28.0,1.0,1506052346,True,0.342287540435791,36,1.1728179454803467,13,13,3.18916923704391,,1.728786089733636,3.5874106350990482,22.83218020647625,0.2787525883477206,5.923293113708496,True,SolutionResult.kSolutionFound,1,5.917283238,0.2124120637645697,0.3678877964900078,0.7620092965723548,5.964063487888649,1.0,1.0,0.0,0.0,,1.359967849575218,1.0006293222028597,1.1475698782453019,0.9889680865570886,acceleration,337.1123982261827,87.00453681593635,92841.79239761621,54.886343482757766,31.11852179853332
middle,bottom,6,kinetic,notebook,snopt,all,True,28.0,1.0,1506052346,True,0.342287540435791,36,1.1728179454803467,13,13,3.18916923704391,,1.728786089733636,3.5874106350990482,22.83218020647625,0.043797832311973185,2.9791512489318848,True,SolutionResult.kSolutionFound,1,2.9732936,0.2582324536897422,0.4898305436975989,0.8863964918205299,5.896009917804728,1.0,1.0,0.0,0.0,,1.3192435122629367,1.0004582197642662,1.134083247825588,0.9657516509257498,acceleration,412.39008899761154,125.22991277829662,93645.25699889372,56.29398460010174,38.89631967554747
middle,bottom,6,parameterized,tight,snopt,all,True,28.0,1.0,1506052346,True,0.342287540435791,36,1.1728179454803467,13,13,3.18916923704391,,1.728786089733636,3.5874106350990482,22.83218020647625,0.5784405635483079,5.15094256401062,True,SolutionResult.kSolutionFound,1,5.14316881,0.07613078872463379,0.13161384854759967,0.6980589719620698,3.4199808520129613,1.0,1.0,0.0,5.283673379929965e-05,,1.5255040100146353,1.000520156559436,1.169700421018569,0.9980261159856212,acceleration,240.64261624258177,38.298222036984335,71809.88485836546,26.965295178010585,21.681899354213268
middle,bottom,6,cspace,tight,snopt,all,True,28.0,1.0,1506052346,True,0.342287540435791,36,1.1728179454803467,13,13,3.18916923704391,,1.728786089733636,3.5874106350990482,22.83218020647625,0.2787525883477206,113.05021142959595,True,SolutionResult.kSolutionFound,1,113.044579701,0.10742259392798498,0.19301520747286383,0.38536895590717984,1.8425165939716817,1.0,1.0,0.0,0.0,,1.0122831741782254,1.0003483647019724,1.1297743387351633,0.9838105803870518,acceleration,233.5848100896648,34.65657867213562,52530.68350844567,23.067750593264673,19.89304343447788
middle,bottom,6,kinetic,tight,snopt,all,True,28.0,1.0,1506052346,True,0.342287540435791,36,1.1728179454803467,13,13,3.18916923704391,,1.728786089733636,3.5874106350990482,22.83218020647625,0.043797832311973185,24.778788328170776,True,SolutionResult.kSolutionFound,1,24.773488821,0.0805869064462561,0.19542546607114558,0.39024557926271547,1.839974770263361,1.0,1.0,0.0,0.0,,1.0130446709094156,1.0004032594917793,1.1312363832015229,0.996706010825719,acceleration,232.9191592630786,34.268849751370325,51975.01305594915,23.037407701630194,19.05139310719945
middle,top,0,parameterized,notebook,snopt,all,True,28.0,1.0,1098985146,True,0.1394510269165039,32,0.5622527599334717,15,15,3.9936090199920233,,1.7292158989157436,4.252254513992814,20.873742081864993,0.5782967879412987,6.330108880996704,True,SolutionResult.kSolutionFound,1,6.325005805,0.23995618677878705,0.4149360532210788,2.175431622513291,11.25856742964292,0.998,0.998,0.0,0.0,,2.4649322189582703,1.0012746681437537,1.1224083127846864,0.8834393754094382,acceleration,588.338378821627,374.5956352490767,135461.30059119602,59.8262534195264,23.706974073081046
middle,top,0,cspace,notebook,snopt,all,True,28.0,1.0,1098985146,True,0.1394510269165039,32,0.5622527599334717,15,15,3.9936090199920233,,1.7292158989157436,4.252254513992814,20.873742081864993,0.2351693664406302,4.280935764312744,True,SolutionResult.kSolutionFound,1,4.275967638,0.28316096192815676,0.6026416650704864,1.2040724785455528,6.835280242990675,0.996,0.996,0.0,0.0,,1.6430372423594621,1.0006004845229577,1.1473626870248748,0.967079213653138,acceleration,597.4681564407197,379.31684851628495,112994.76248593275,56.80056973666023,31.087992560868727
middle,top,0,kinetic,notebook,snopt,all,True,28.0,1.0,1098985146,True,0.1394510269165039,32,0.5622527599334717,15,15,3.9936090199920233,,1.7292158989157436,4.252254513992814,20.873742081864993,0.047907078475823234,3.7995705604553223,True,SolutionResult.kSolutionFound,1,3.794592866,0.31324186229679407,0.7032980553366797,1.3588557599533346,6.5385298428263505,0.996,0.996,0.0,0.0,,1.7214014410089424,1.000514731947058,1.1462499115558467,0.8309355209672644,acceleration,610.3003055338088,385.22786532928245,112497.80912459546,53.348086432639874,28.82289641662519
middle,top,0,parameterized,tight,snopt,all,True,28.0,1.0,1098985146,True,0.1394510269165039,32,0.5622527599334717,15,15,3.9936090199920233,,1.7292158989157436,4.252254513992814,20.873742081864993,0.5782967879412987,9.59248661994934,True,SolutionResult.kSolutionFound,1,9.587104695,0.21889252735809317,0.3785124384614601,2.0078424256512504,9.527930170785448,0.998,0.998,0.0,2.756583073582064e-05,,2.3155392863542645,1.0012134405962936,1.2266141727636777,0.9321197390088728,acceleration,592.2738531616856,376.8238805516228,123446.25070068621,55.371666904426746,26.43067275901066
middle,top,0,cspace,tight,snopt,all,True,28.0,1.0,1098985146,True,0.1394510269165039,32,0.5622527599334717,15,15,3.9936090199920233,,1.7292158989157436,4.252254513992814,20.873742081864993,0.2351693664406302,43.05750775337219,False,SolutionResult.kSolverSpecificError,41,43.052308168,0.23677674635173004,0.5203451488699802,1.0068349884826764,4.792153785062548,1.0,1.0,0.0,0.0,,1.4530258713062292,1.0004776076690178,1.1048787339522612,0.9969612002457784,acceleration,567.0628981653197,363.3133197967319,92915.31974750033,47.76471854676626,28.385521135306373
middle,top,0,kinetic,tight,snopt,all,True,28.0,1.0,1098985146,True,0.1394510269165039,32,0.5622527599334717,15,15,3.9936090199920233,,1.7292158989157436,4.252254513992814,20.873742081864993,0.047907078475823234,47.28505825996399,False,SolutionResult.kSolverSpecificError,41,47.279465853,0.2029697020489758,0.5419764895202712,1.031621240923014,4.236737211003305,0.998,0.998,0.0,0.0,,1.4168996460724752,1.000515616497493,1.1037949593138072,0.9115478709501754,acceleration,575.5736304462599,368.2752670913643,86669.14116454932,44.19915604172219,28.15091062522656
middle,top,1,parameterized,notebook,snopt,all,True,28.0,1.0,914759212,True,0.13114714622497559,26,0.4926314353942871,16,16,3.9257600302139752,,1.7741402124032426,3.508409465203154,16.740096506269794,0.5636533082384759,5.193709373474121,True,SolutionResult.kSolutionFound,1,5.188659322,0.19768174323275026,0.3507151299271928,1.9222494405484167,9.357800074230033,0.998,0.998,0.0,2.4883001308317887e-05,,2.4570585076484086,1.0013981059854018,1.2929589007169513,0.9229837264355176,acceleration,598.9857035486461,379.96764205370755,130307.88676712797,56.8298892486377,22.667538826223833
middle,top,1,cspace,notebook,snopt,all,True,28.0,1.0,914759212,True,0.13114714622497559,26,0.4926314353942871,16,16,3.9257600302139752,,1.7741402124032426,3.508409465203154,16.740096506269794,0.285029444230534,3.0861644744873047,True,SolutionResult.kSolutionFound,1,3.081313774,0.3225060054779074,0.6410223809817076,1.1314831222035506,5.511856221351972,1.0,1.0,0.0,0.0,,1.5223314629479212,1.0005860293982696,1.15823643599263,0.8797533159370918,acceleration,608.9562733675039,384.7216865420873,104835.36873854217,57.007699411977896,29.70025668454258
middle,top,1,kinetic,notebook,snopt,all,True,28.0,1.0,914759212,True,0.13114714622497559,26,0.4926314353942871,16,16,3.9257600302139752,,1.7741402124032426,3.508409465203154,16.740096506269794,0.05973681212802223,4.789205074310303,True,SolutionResult.kSolutionFound,1,4.784518716,0.3069735350345867,0.6983494856572774,1.1894955751768759,5.138766601349773,1.0,1.0,0.0,0.0,,1.5401751655748868,1.0003235551455472,1.1773194214032465,0.9457334371293665,acceleration,627.738624610351,394.7242445871814,102132.85857302266,52.63918511529026,29.612098002726167
middle,top,1,parameterized,tight,snopt,all,True,28.0,1.0,914759212,True,0.13114714622497559,26,0.4926314353942871,16,16,3.9257600302139752,,1.7741402124032426,3.508409465203154,16.740096506269794,0.5636533082384759,6.4684247970581055,True,SolutionResult.kSolutionFound,1,6.463499745,0.19759647976598452,0.35056386058215827,1.9022047153292372,9.23499013170198,0.998,0.998,0.0,3.669986451493301e-05,,2.4384785107401497,1.00121387470467,1.2506987323744683,0.9308659990755934,acceleration,599.0559011202637,380.0161508559528,129415.17490470567,56.61640592995343,23.097227610279784
middle,top,1,cspace,tight,snopt,all,True,28.0,1.0,914759212,True,0.13114714622497559,26,0.4926314353942871,16,16,3.9257600302139752,,1.7741402124032426,3.508409465203154,16.740096506269794,0.285029444230534,73.11293315887451,True,SolutionResult.kSolutionFound,1,73.107859367,0.266500656736976,0.4767197121530333,0.9349934265788634,4.4947163332721844,0.998,0.998,0.0,0.0,,1.4591778167121634,1.00053484955637,1.0542441957040742,0.9978240445367941,acceleration,568.2149591756255,364.5955073141994,94857.66825838694,49.148599013912516,29.821758195313254
middle,top,1,kinetic,tight,snopt,all,True,28.0,1.0,914759212,True,0.13114714622497559,26,0.4926314353942871,16,16,3.9257600302139752,,1.7741402124032426,3.508409465203154,16.740096506269794,0.05973681212802223,47.97682213783264,False,SolutionResult.kSolverSpecificError,41,47.971909129,0.23401459706987632,0.49806054074779693,0.9595376302986746,3.917426938825569,1.0,1.0,0.0,0.0,,1.415933783001204,1.0003257127841794,1.088089363983054,0.8815155445146875,acceleration,573.146197869936,366.87805299372053,86059.97106547639,44.06088738376178,28.215008277444262
middle,top,9,parameterized,notebook,snopt,all,True,28.0,1.0,945657374,True,0.12360835075378418,28,0.536391019821167,17,17,4.091577105558961,,1.6355347867186079,4.82756952813985,20.820709154207854,0.6114208075062172,2.1189277172088623,True,SolutionResult.kSolutionFound,1,2.113766705,0.22769407089199967,0.3724015736734433,2.4456765734899086,11.979910971148032,0.998,0.998,0.0,1.759955023983295e-05,,3.031569151145912,1.001581659554911,1.3016898841102436,0.7913185059461889,acceleration,659.72682221533,410.8256896258815,159756.56183031746,61.77111232318007,18.723080351874373
middle,top,9,cspace,notebook,snopt,all,True,28.0,1.0,945657374,True,0.12360835075378418,28,0.536391019821167,17,17,4.091577105558961,,1.6355347867186079,4.82756952813985,20.820709154207854,0.20714357280014528,2.751626491546631,True,SolutionResult.kSolutionFound,1,2.746260153,0.27112124251480224,0.7036926182317088,1.3088566487958737,6.410366722118686,1.0,1.0,0.0,0.0,,1.5403582321448375,1.0001159517004519,1.1456557512108818,0.9997904088119708,acceleration,660.2067572114092,411.7796490809667,112335.00425915627,67.6228444889453,42.99103798880336
middle,top,9,kinetic,notebook,snopt,all,True,28.0,1.0,945657374,True,0.12360835075378418,28,0.536391019821167,17,17,4.091577105558961,,1.6355347867186079,4.82756952813985,20.820709154207854,0.04802910374442748,5.623827934265137,True,SolutionResult.kSolutionFound,1,5.616895052,0.2793606232083687,0.7613097951515487,1.3414934167165822,5.816486284959692,1.0,1.0,0.0,0.0,,1.5525131700900197,1.000314390520061,1.1940884234069966,1.0014112344849175,acceleration,653.0692383384634,407.33012059672313,108928.22618562788,63.27144932085396,40.437795518707254
middle,top,9,parameterized,tight,snopt,all,True,28.0,1.0,945657374,True,0.12360835075378418,28,0.536391019821167,17,17,4.091577105558961,,1.6355347867186079,4.82756952813985,20.820709154207854,0.6114208075062172,4.925058364868164,True,SolutionResult.kSolutionFound,1,4.917862913,0.20512665703726102,0.3354917832677391,2.141381556714595,10.606796621616711,1.0,1.0,0.0,2.6975572273268966e-05,,2.756611076722537,1.0016793561151636,1.3667159814550929,0.8885498894597855,acceleration,620.0936843916382,390.56336228345276,146372.69276593934,60.16804358469887,19.677316629763205
middle,top,9,cspace,tight,snopt,all,True,28.0,1.0,945657374,True,0.12360835075378418,28,0.536391019821167,17,17,4.091577105558961,,1.6355347867186079,4.82756952813985,20.820709154207854,0.20714357280014528,22.684743404388428,False,SolutionResult.kSolverSpecificError,41,22.678381392,0.1907921116599255,0.46789529278527864,0.9210621844589124,5.2165762545869745,0.996,0.996,0.0,0.0,,1.5061528811534255,1.0006181784652624,1.119250645048114,0.9980205214790395,acceleration,597.4119087924586,378.3359512662442,111486.9818533914,59.017884947848295,36.40023028180916
middle,top,9,kinetic,tight,snopt,all,True,28.0,1.0,945657374,True,0.12360835075378418,28,0.536391019821167,17,17,4.091577105558961,,1.6355347867186079,4.82756952813985,20.820709154207854,0.04802910374442748,118.5695219039917,True,SolutionResult.kSolutionFound,1,118.563512122,0.17677677358639518,0.5234649297820562,0.9832024092203806,3.6806177880615873,1.0,1.0,0.0,0.0,,1.4391981176971236,1.001069623846413,1.1736940139896972,0.889555230835438,acceleration,568.7469266466447,364.97753962105276,83470.16957441258,42.13389354077538,29.736101615318603
top,bottom,8,parameterized,notebook,snopt,all,True,28.0,1.0,1354574313,True,0.31995296478271484,33,0.6133897304534912,13,13,3.968717859304078,,2.1177386476973306,4.717153020767125,30.79550838796142,0.4722017993520233,4.561970949172974,True,SolutionResult.kSolutionFound,1,4.556741958,0.3007602953100049,0.6369317010708628,3.8919788923366676,20.32217956163039,1.0,1.0,0.0,1.955917552010078e-05,,3.02658467343461,1.001092480626114,1.1703423334671348,0.9921189859406987,acceleration,753.9028795734325,219.8524438744538,155784.49445091776,77.81503375807165,28.047431196540046
top,bottom,8,cspace,notebook,snopt,all,True,28.0,1.0,1354574313,True,0.31995296478271484,33,0.6133897304534912,13,13,3.968717859304078,,2.1177386476973306,4.717153020767125,30.79550838796142,0.21199227491614753,4.472146034240723,True,SolutionResult.kSolutionFound,1,4.466921442,0.4074725856725457,1.0341694755858568,1.9221105383850388,12.706412084329163,0.998,0.998,0.0,0.0,,1.7397355717621306,1.0007062098472315,1.1619309457589526,0.999977755542319,acceleration,694.5496605805574,189.71476570735993,125548.64410694418,86.6425653092713,37.56782753949748
top,bottom,8,kinetic,notebook,snopt,all,True,28.0,1.0,1354574313,True,0.31995296478271484,33,0.6133897304534912,13,13,3.968717859304078,,2.1177386476973306,4.717153020767125,30.79550838796142,0.03247226794901428,6.7078752517700195,True,SolutionResult.kSolutionFound,1,6.702871605,0.3403292314523072,1.034123577638851,1.9162704373363648,10.48061170185799,1.0,1.0,0.0,0.0,,1.636896390906799,1.0005067217611985,1.1169910334585327,0.97766495968852,acceleration,686.2955583004261,186.21026938691776,111684.75669342765,80.37682449164922,40.13446066589589
top,bottom,8,parameterized,tight,snopt,all,True,28.0,1.0,1354574313,True,0.31995296478271484,33,0.6133897304534912,13,13,3.968717859304078,,2.1177386476973306,4.717153020767125,30.79550838796142,0.4722017993520233,6.690014839172363,True,SolutionResult.kSolutionFound,1,6.684663242,0.3007331266831101,0.6368741650196809,3.8849339600005024,20.241928086917678,1.0,1.0,0.0,2.1878305483724603e-05,,3.0204260363656394,1.0010780981289744,1.1725291204551276,0.9916740531322956,acceleration,753.4260238296513,220.0992130906053,155014.16337649344,77.68290734056625,27.988991854396886
top,bottom,8,cspace,tight,snopt,all,True,28.0,1.0,1354574313,True,0.31995296478271484,33,0.6133897304534912,13,13,3.968717859304078,,2.1177386476973306,4.717153020767125,30.79550838796142,0.21199227491614753,27.38522458076477,False,SolutionResult.kSolverSpecificError,41,27.379678109,0.3719022051106042,0.932175531274166,1.7543196102674417,10.608152497221838,0.996,0.996,0.0,0.0,,1.6871470327053704,1.0005076401294895,1.1218073213957065,0.9978844137767137,acceleration,683.1596562061086,184.41834074503993,110539.05937615833,74.87158050530704,38.69627813433998
top,bottom,8,kinetic,tight,snopt,all,True,28.0,1.0,1354574313,True,0.31995296478271484,33,0.6133897304534912,13,13,3.968717859304078,,2.1177386476973306,4.717153020767125,30.79550838796142,0.03247226794901428,36.17052984237671,True,SolutionResult.kSolutionFound,1,36.165212641,0.28201642510069885,0.9650001259488441,1.8979515695216358,8.684839184731466,1.0,1.0,0.0,0.0,,1.693220141912967,1.0007998253779613,1.137710497340736,0.999637414837947,acceleration,675.0047103597765,179.92853723211985,95309.83176663809,63.47407793761774,32.06747935972891
top,bottom,4,parameterized,notebook,snopt,all,True,28.0,1.0,1493919170,True,0.23200726509094238,38,1.0414559841156006,15,15,6.299341480655942,,3.1993014115460015,11.883510060739754,60.789468602900165,0.3125682364253292,1.8280372619628906,True,SolutionResult.kSolutionFound,1,1.821882049,0.1963844763439057,0.6282931323727795,7.1534423761808155,33.51813175698512,0.996,0.996,0.0,0.0,,4.076194709750689,1.0047322139844712,1.2278462884917571,0.9882590046384481,acceleration,842.9934719966938,265.34490142469656,207070.60986102998,90.69811094720374,26.68805850511853
top,bottom,4,cspace,notebook,snopt,all,True,28.0,1.0,1493919170,True,0.23200726509094238,38,1.0414559841156006,15,15,6.299341480655942,,3.1993014115460015,11.883510060739754,60.789468602900165,0.08415022117949464,2.888887643814087,True,SolutionResult.kSolutionFound,1,2.883035098,0.19566135595562764,1.2849606489010803,2.325143691996683,14.266627609170676,1.0,1.0,0.0,0.0,,2.0288003819510427,1.0006185473352183,1.1894798350026834,0.9913496897302168,acceleration,801.3864555831394,243.21766565326578,150243.79102311045,99.74864538290649,47.749165495676415
top,bottom,4,kinetic,notebook,snopt,all,True,28.0,1.0,1493919170,True,0.23200726509094238,38,1.0414559841156006,15,15,6.299341480655942,,3.1993014115460015,11.883510060739754,60.789468602900165,0.016450217825268038,2.95076322555542,True,SolutionResult.kSolutionFound,1,2.94444375,0.22569362831465906,1.4502546095768696,2.6650446211893506,13.719795732308585,1.0,1.0,0.0,0.0,,2.078382196182897,1.0005488152633368,1.1358937799990523,1.0094113927953676,acceleration,805.6369907308319,247.1802056838775,152453.37538173073,96.40317794965786,41.39534480115776
top,bottom,4,parameterized,tight,snopt,all,True,28.0,1.0,1493919170,True,0.23200726509094238,38,1.0414559841156006,15,15,6.299341480655942,,3.1993014115460015,11.883510060739754,60.789468602900165,0.3125682364253292,5.743938684463501,True,SolutionResult.kSolutionFound,1,5.738201699,0.17631959498440897,0.5640995291168396,5.155193569859338,25.884991895926138,1.0,1.0,0.0,6.068967507433243e-05,,3.5515126054433055,1.0024663436068708,1.2005119169640084,0.9940148103820423,acceleration,805.3777867851609,246.05444787957836,182926.44710950827,82.87215886164648,27.95810017024664
top,bottom,4,cspace,tight,snopt,all,True,28.0,1.0,1493919170,True,0.23200726509094238,38,1.0414559841156006,15,15,6.299341480655942,,3.1993014115460015,11.883510060739754,60.789468602900165,0.08415022117949464,21.843145608901978,False,SolutionResult.kSolverSpecificError,41,21.836129267,0.13171747860541877,0.8184343691184259,1.5652659821827675,11.104776689083451,0.998,0.998,0.0,0.0,,1.831348607744668,1.0005994659553585,1.1602680193954393,1.000554616672961,acceleration,684.4352080529053,183.77014030896834,136210.62116884268,85.19166658001855,35.701010572956044
top,bottom,4,kinetic,tight,snopt,all,True,28.0,1.0,1493919170,True,0.23200726509094238,38,1.0414559841156006,15,15,6.299341480655942,,3.1993014115460015,11.883510060739754,60.789468602900165,0.016450217825268038,91.9936842918396,True,SolutionResult.kSolutionFound,3,91.987739798,0.12673706814411306,0.9263952566934939,1.7506041078780996,7.70427902477018,1.0,1.0,0.0,0.0,,1.801682696768568,1.000841025094516,1.1849120046883566,0.9131340502697108,acceleration,687.1554639849871,185.64167081993065,96457.63742975306,61.433032800562515,28.725992118523152
middle,top,5,parameterized,notebook,snopt,all,True,28.0,1.0,837540405,True,0.1943497657775879,38,0.681053638458252,16,16,nan,TOPPRA returned no path parameterization,3.0449467687065117,6.694303339775448,28.017236206314745,0.3284129661238046,4.838026762008667,True,SolutionResult.kSolutionFound,1,4.834162935,0.1205155689082467,0.3669634921259934,2.1941129149500056,11.027460847607644,0.998,0.998,0.0,0.0,,2.677970593435858,1.001510314724908,1.3274040200124284,0.8325571113753045,acceleration,611.8326771685634,386.28422731514934,143788.5766829248,60.62563436001916,19.43555450676447
middle,top,5,cspace,notebook,snopt,all,True,28.0,1.0,837540405,True,0.1943497657775879,38,0.681053638458252,16,16,nan,TOPPRA returned no path parameterization,3.0449467687065117,6.694303339775448,28.017236206314745,0.14938074198973236,5.7080371379852295,True,SolutionResult.kSolutionFound,1,5.70298118,0.24913229760680247,1.119464080667485,1.6677671719151486,8.204883310095607,1.0,1.0,0.0,0.0,,1.7617223530351391,1.0006508004511971,1.1891270739724074,0.9952951579873938,acceleration,738.8973583563004,451.28413937264673,129741.32814923178,72.17455448879744,29.633040556068256
middle,top,5,kinetic,notebook,snopt,all,True,28.0,1.0,837540405,True,0.1943497657775879,38,0.681053638458252,16,16,nan,TOPPRA returned no path parameterization,3.0449467687065117,6.694303339775448,28.017236206314745,0.03569231428239921,2.9886631965637207,True,SolutionResult.kSolutionFound,1,2.983959717,0.30437354626808116,1.5271788312619816,2.133617456052947,8.527705540746503,1.0,1.0,0.0,0.0,TOPPRA returned no path parameterization,nan,,,,,,,,,
middle,top,5,parameterized,tight,snopt,all,True,28.0,1.0,837540405,True,0.1943497657775879,38,0.681053638458252,16,16,nan,TOPPRA returned no path parameterization,3.0449467687065117,6.694303339775448,28.017236206314745,0.3284129661238046,8.094469785690308,True,SolutionResult.kSolutionFound,1,8.088938019,0.11541864120221784,0.3514436185771901,2.0404806525696557,9.993664405487653,1.0,1.0,0.0,2.2798749357733072e-05,,2.583853588563778,1.0013087130659049,1.2965556883934464,0.8939458243645885,acceleration,607.0562026154894,384.09393634750506,136502.10890277827,58.000751273990325,20.802846067282438
middle,top,5,cspace,tight,snopt,all,True,28.0,1.0,837540405,True,0.1943497657775879,38,0.681053638458252,16,16,nan,TOPPRA returned no path parameterization,3.0449467687065117,6.694303339775448,28.017236206314745,0.14938074198973236,106.8401415348053,True,SolutionResult.kSolutionFound,1,106.834472652,0.14139692093693954,0.4868910307480402,0.9465538800621196,4.779180774896394,1.0,1.0,0.0,0.0,,1.4691478141314915,1.0006137109610027,1.0614006113501884,0.997767249835179,acceleration,572.0329998561667,366.529404541267,99768.6091406142,51.78980645843301,30.974977352249493
middle,top,5,kinetic,tight,snopt,all,True,28.0,1.0,837540405,True,0.1943497657775879,38,0.681053638458252,16,16,nan,TOPPRA returned no path parameterization,3.0449467687065117,6.694303339775448,28.017236206314745,0.03569231428239921,65.04703569412231,False,SolutionResult.kSolverSpecificError,41,65.042098222,0.14063550267491587,0.49829290588721037,0.9614214315023347,3.9402180974369276,1.0,1.0,0.0,0.0,,1.4141352001297631,1.0007684116541047,1.0949656868489368,0.8745114923474966,acceleration,573.2739880276636,367.324738314682,86207.43429858389,44.23289182088422,28.63804807091075
middle,top,8,parameterized,notebook,snopt,all,True,28.0,1.0,1331340936,True,0.2763798236846924,31,0.5803067684173584,16,16,3.901655845705689,,2.1464508831569433,5.957034753289132,27.606436053502907,0.4658853402362631,1.899261474609375,True,SolutionResult.kSolutionFound,1,1.892856912,0.39134763794424265,0.8400084830868029,2.538545828387162,12.598916423689147,1.0,1.0,0.0,0.0,,2.3015201493849395,1.0011749418038571,1.0551684710813614,0.9991798918121872,acceleration,732.1569723632288,446.5958222344515,158667.985225722,70.09534585227665,37.04248139762347
middle,top,8,cspace,notebook,snopt,all,True,28.0,1.0,1331340936,True,0.2763798236846924,31,0.5803067684173584,16,16,3.901655845705689,,2.1464508831569433,5.957034753289132,27.606436053502907,0.1678687537365562,5.201618909835815,True,SolutionResult.kSolutionFound,1,5.195885004,0.23415972490571121,0.7305409979160369,1.3948976190839444,7.083830795107679,1.0,1.0,0.0,0.0,,1.5378489655387233,1.0002080905336186,1.1204357789290784,1.0032655852572268,acceleration,626.2718519427724,394.3335738928879,121146.18368899688,70.21108405942061,43.562707526292805
middle,top,8,kinetic,notebook,snopt,all,True,28.0,1.0,1331340936,True,0.2763798236846924,31,0.5803067684173584,16,16,3.901655845705689,,2.1464508831569433,5.957034753289132,27.606436053502907,0.03622343710220113,6.1168506145477295,True,SolutionResult.kSolutionFound,1,6.111149971,0.26867253649115097,0.9024656877561397,1.7127414480495113,7.417091197975387,1.0,1.0,0.0,0.0,,1.510010045485345,1.0004942649376,1.199770290077446,1.0123238159600645,acceleration,652.4195420686907,407.99645012378585,118402.45744953095,74.18374555900616,45.58058396300321
middle,top,8,parameterized,tight,snopt,all,True,28.0,1.0,1331340936,True,0.2763798236846924,31,0.5803067684173584,16,16,3.901655845705689,,2.1464508831569433,5.957034753289132,27.606436053502907,0.4658853402362631,5.144990921020508,True,SolutionResult.kSolutionFound,1,5.1387378,0.17264489820052456,0.37057379421505754,3.147461124322411,15.149659393736144,0.998,0.998,0.0,4.471296937724745e-05,,3.174264799856805,1.0021809629188243,1.0408736277778414,0.8007428985238902,acceleration,642.5708236199963,401.6249999630278,165296.95089351138,62.78393015385686,16.214550202118275
middle,top,8,cspace,tight,snopt,all,True,28.0,1.0,1331340936,True,0.2763798236846924,31,0.5803067684173584,16,16,3.901655845705689,,2.1464508831569433,5.957034753289132,27.606436053502907,0.1678687537365562,44.32968282699585,True,SolutionResult.kSolutionFound,3,44.322834652,0.17315227703807823,0.5266230710235384,1.03147413192698,5.753986343285033,0.998,0.998,0.0,0.0,,1.4887648311890374,1.0007002631179156,1.0814257077557585,0.9985649324566798,acceleration,610.6446537852008,385.7468431589964,111643.62088233582,60.27227614939318,38.06333711812007
middle,top,8,kinetic,tight,snopt,all,True,28.0,1.0,1331340936,True,0.2763798236846924,31,0.5803067684173584,16,16,3.901655845705689,,2.1464508831569433,5.957034753289132,27.606436053502907,0.03622343710220113,119.36209535598755,True,SolutionResult.kSolutionFound,3,119.357025545,0.147680855166691,0.5899006110420311,1.0990286690459963,4.0769420844858795,1.0,1.0,0.0,0.0,,1.4625852925645693,1.0007185922397346,1.17810655402085,0.8670439743305504,acceleration,573.3917012407319,367.1634973987776,84180.11891512049,42.426913977119796,29.358620901388026
middle,top,7,parameterized,notebook,snopt,all,True,28.0,1.0,1608891161,True,0.17049765586853027,31,0.4161262512207031,15,15,5.9508535340742235,,3.043223422468486,12.034016519652303,41.4744072990548,0.3285989430210346,1.2486000061035156,True,SolutionResult.kSolutionFound,1,1.24371793,0.3114964789405328,0.9479533807282935,6.174645442810737,24.629463212742188,1.0,1.0,0.0,0.0,,3.5911243881200665,1.0020826992772593,1.283921615312155,0.9020322712157434,acceleration,701.7463142625201,433.2895069398811,186890.84490392794,80.86220014868215,25.994207548498622
middle,top,7,cspace,notebook,snopt,all,True,28.0,1.0,1608891161,True,0.17049765586853027,31,0.4161262512207031,15,15,5.9508535340742235,,3.043223422468486,12.034016519652303,41.4744072990548,0.08309777524128685,5.674785852432251,True,SolutionResult.kSolutionFound,1,5.669654516,0.2613487523206069,1.3503239264059552,3.1450752028167015,12.660818850770418,1.0,1.0,0.0,0.0,,1.9914844242385792,1.001026385224078,1.2659229401659025,0.9993619264460528,acceleration,746.9994951081046,455.70814074023144,134073.86390232027,82.43345530589751,33.01310279643382
middle,top,7,kinetic,notebook,snopt,all,True,28.0,1.0,1608891161,True,0.17049765586853027,31,0.4161262512207031,15,15,5.9508535340742235,,3.043223422468486,12.034016519652303,41.4744072990548,0.024111254750174328,6.802747964859009,True,SolutionResult.kSolutionFound,1,6.797653776,0.19794953782103367,1.250902077831378,2.365214286874367,8.209839756249206,1.0,1.0,0.0,0.0,,1.523080468685523,1.0006552368948312,1.3171783063036444,0.9991067803687101,acceleration,678.7727347656327,422.5410152364332,110754.61522110674,75.94305674814173,45.16258817325704
middle,top,7,parameterized,tight,snopt,all,True,28.0,1.0,1608891161,True,0.17049765586853027,31,0.4161262512207031,15,15,5.9508535340742235,,3.043223422468486,12.034016519652303,41.4744072990548,0.3285989430210346,5.79099702835083,True,SolutionResult.kSolutionFound,1,5.785907592,0.13061791569162165,0.39749950042675575,3.1934424689832173,15.525872236265375,0.996,0.996,0.0,5.747279750867307e-05,,3.0798903905526855,1.0018086646687492,1.086916992257208,0.8006742212566162,acceleration,638.7260753926355,400.20415776933373,161620.97376561293,62.55001657439532,16.228835320481743
middle,top,7,cspace,tight,snopt,all,True,28.0,1.0,1608891161,True,0.17049765586853027,31,0.4161262512207031,15,15,5.9508535340742235,,3.043223422468486,12.034016519652303,41.4744072990548,0.08309777524128685,73.76838493347168,False,SolutionResult.kSolverSpecificError,41,73.763048962,0.09684149862129308,0.5942480021519401,1.165392194196527,6.592218765606697,1.0,1.0,0.0,0.0,,1.491705669441498,1.000608583232962,1.05589302000898,0.9983944545921318,acceleration,616.3539182860018,388.7610480422336,112887.64266736823,61.32122718498721,37.856651826082135
middle,top,7,kinetic,tight,snopt,all,True,28.0,1.0,1608891161,True,0.17049765586853027,31,0.4161262512207031,15,15,5.9508535340742235,,3.043223422468486,12.034016519652303,41.4744072990548,0.024111254750174328,93.95590901374817,True,SolutionResult.kSolutionFound,1,93.950208921,0.10555855791071002,0.6318580953599677,1.178866836234851,4.37797862468965,1.0,1.0,0.0,0.0,,1.461555594061078,1.0006179599353906,1.1627876697891852,0.8924922133177448,acceleration,572.8079360069878,366.73330923683613,84221.31929843625,42.436414878147815,29.413137494811195
top,bottom,5,parameterized,notebook,snopt,all,True,28.0,1.0,772560212,True,0.5949325561523438,32,0.6392264366149902,16,16,nan,TOPPRA returned no path parameterization,1.461115595684748,5.481944095049798,28.80059671875529,0.6844085457395673,1.8719565868377686,True,SolutionResult.kSolutionFound,1,1.867052239,0.515955134081075,0.7538700930794742,3.483289791853602,18.85330666236656,1.0,1.0,0.0,0.0,,3.2360622921623854,1.0027315375963983,1.2023936768980161,0.9952016053463076,acceleration,805.7622278336736,245.96645637134344,177105.1048754401,86.00600820698406,34.14542021066592
top,bottom,5,cspace,notebook,snopt,all,True,28.0,1.0,772560212,True,0.5949325561523438,32,0.6392264366149902,16,16,nan,TOPPRA returned no path parameterization,1.461115595684748,5.481944095049798,28.80059671875529,0.18241703721550193,3.2011849880218506,True,SolutionResult.kSolutionFound,1,3.196258313,0.305313896118718,0.8759938720396578,1.6737137099646542,11.295711550990408,0.998,0.998,0.0,0.0,,1.9055532749057718,1.0004393673892953,1.1482694004976763,1.0002897343954282,acceleration,742.2795970374136,214.27415441806528,136393.43209459283,90.10792977262044,40.71627715407137
top,bottom,5,kinetic,notebook,snopt,all,True,28.0,1.0,772560212,True,0.5949325561523438,32,0.6392264366149902,16,16,nan,TOPPRA returned no path parameterization,1.461115595684748,5.481944095049798,28.80059671875529,0.03472150281347428,3.2920899391174316,True,SolutionResult.kSolutionFound,1,3.286878574,0.4117394303970563,1.061008035960631,2.105173159464526,11.858341288075632,1.0,1.0,0.0,0.0,,2.042372231931334,1.0007927161562864,1.2126002504234856,0.9998123805649007,acceleration,774.4579715511715,230.4213291927503,135035.47553182318,89.10542183888047,39.39757138006331
top,bottom,5,parameterized,tight,snopt,all,True,28.0,1.0,772560212,True,0.5949325561523438,32,0.6392264366149902,16,16,nan,TOPPRA returned no path parameterization,1.461115595684748,5.481944095049798,28.80059671875529,0.6844085457395673,5.553407192230225,True,SolutionResult.kSolutionFound,1,5.548393681,0.34378644275797915,0.5023117330986677,3.3212932410922154,17.258334436231152,1.0,1.0,0.0,4.2687891974591e-05,,3.165812181386733,1.0018087193193665,1.2178688860913973,0.9939578050311985,acceleration,770.2875090228263,227.49231506481505,163783.76484208598,79.47231630647087,30.79045718282449
top,bottom,5,cspace,tight,snopt,all,True,28.0,1.0,772560212,True,0.5949325561523438,32,0.6392264366149902,16,16,nan,TOPPRA returned no path parameterization,1.461115595684748,5.481944095049798,28.80059671875529,0.18241703721550193,78.63802361488342,True,SolutionResult.kSolutionFound,3,78.63293666,0.25313498233041315,0.7359811106060529,1.3876718216367436,9.339143399767954,1.0,1.0,0.0,0.0,,1.7784107385759298,1.0007024896132974,1.1745127941021107,1.0010759976461996,acceleration,675.278817375842,179.53766993408874,126624.86425782989,80.69264401902795,32.61985122204896
top,bottom,5,kinetic,tight,snopt,all,True,28.0,1.0,772560212,True,0.5949325561523438,32,0.6392264366149902,16,16,nan,TOPPRA returned no path parameterization,1.461115595684748,5.481944095049798,28.80059671875529,0.03472150281347428,28.83507204055786,False,SolutionResult.kSolverSpecificError,41,28.830003712,0.2597975875115943,0.7743805140042237,1.4825434789750886,7.482325546426964,1.0,1.0,0.0,0.0,,1.6967125781546526,1.000956433803694,1.1868525032205146,0.9834020923554077,acceleration,674.3049695584477,178.9538895226687,102887.66689268495,68.92564043547112,35.77552736394049
bottom,top,0,parameterized,notebook,snopt,all,True,28.0,1.0,1794915388,True,0.38867640495300293,40,0.63763427734375,25,25,nan,TOPPRA returned no path parameterization,1.9570470616712254,5.9265147016340265,32.97723204155524,0.5109739155409209,1.5977301597595215,True,SolutionResult.kSolutionFound,1,1.586558927,0.4717625279700101,0.9232614691703035,2.7834958628364728,16.133782162382925,1.0,1.0,0.0,0.0,,3.923373373454798,1.001283994371358,1.3257756301129757,1.012634387792843,acceleration,873.3082070762189,601.8595930787966,249316.5392342735,92.71169780872432,33.16872018457136
bottom,top,0,cspace,notebook,snopt,all,True,28.0,1.0,1794915388,True,0.38867640495300293,40,0.63763427734375,25,25,nan,TOPPRA returned no path parameterization,1.9570470616712254,5.9265147016340265,32.97723204155524,0.16873323535741597,4.4471986293792725,True,SolutionResult.kSolutionFound,1,4.438369984,0.2199329567821657,0.7666304066901507,1.303435901743346,8.791766289792802,0.994,0.994,0.0,0.0,,2.161141154070077,1.0020459383220015,1.409915714526995,1.0147016688414092,acceleration,772.8049843473718,551.1804893401779,164521.6312685561,93.23124356472789,31.652460800286963
bottom,top,0,kinetic,notebook,snopt,all,True,28.0,1.0,1794915388,True,0.38867640495300293,40,0.63763427734375,25,25,nan,TOPPRA returned no path parameterization,1.9570470616712254,5.9265147016340265,32.97723204155524,0.03032395195387778,3.2215404510498047,True,SolutionResult.kSolutionFound,1,3.214257672,0.28399555382641184,0.9559036432680673,1.7049780000803387,9.365387277303569,0.996,0.996,0.0,0.0,,2.3820290318952564,1.0012425357451886,1.278372185446498,1.0164772661970507,acceleration,813.2638791647744,572.471834504338,168046.9226509776,93.55132375867922,34.211730205039764
bottom,top,0,parameterized,tight,snopt,all,True,28.0,1.0,1794915388,True,0.38867640495300293,40,0.63763427734375,25,25,nan,TOPPRA returned no path parameterization,1.9570470616712254,5.9265147016340265,32.97723204155524,0.5109739155409209,10.757739782333374,True,SolutionResult.kSolutionFound,1,10.749753743,0.16049075608706537,0.31408796262558347,2.374098218501847,12.185532146515582,0.996,0.996,0.0,5.089134367919357e-05,,3.3875900075105356,1.0049147599563883,1.0079360473871113,1.0099978500180034,torque,797.4216933312946,563.6493564701595,175666.79813553067,81.40966830887893,29.447008410180672
bottom,top,0,cspace,tight,snopt,all,True,28.0,1.0,1794915388,True,0.38867640495300293,40,0.63763427734375,25,25,nan,TOPPRA returned no path parameterization,1.9570470616712254,5.9265147016340265,32.97723204155524,0.16873323535741597,168.22866535186768,True,SolutionResult.kSolutionFound,1,168.223511527,0.15008085559592457,0.47052319133037457,0.88945639712306,6.178395960424474,1.0,1.0,0.0,0.0,,1.8525435442376736,1.001243563227895,1.2347405191405125,1.0000026994026674,acceleration,688.2703837310078,508.4207250077712,135550.5543396306,80.69932395893696,32.56705827031361
bottom,top,0,kinetic,tight,snopt,all,True,28.0,1.0,1794915388,True,0.38867640495300293,40,0.63763427734375,25,25,nan,TOPPRA returned no path parameterization,1.9570470616712254,5.9265147016340265,32.97723204155524,0.03032395195387778,214.59485173225403,False,SolutionResult.kSolverSpecificError,41,214.589063295,0.13524449911619732,0.5302149858018177,1.0052734151775229,4.4599892296987536,1.0,1.0,0.0,0.0,,1.8095224071017346,1.0019791469698296,1.2339520080285207,0.9997753547142075,acceleration,692.5113929539655,510.55390527276535,97886.76814538697,61.308292067273506,27.483475930595393
top,bottom,7,parameterized,notebook,snopt,all,True,28.0,1.0,1073886328,True,0.3784959316253662,57,0.8391194343566895,11,11,nan,TOPPRA returned no path parameterization,11.372370393088357,24.90151616604215,82.85741666150987,0.08793241562091202,2.9782676696777344,True,SolutionResult.kSolutionFound,1,2.972837014,0.19691877869055852,2.239433288623628,6.766728154713302,31.000985621333893,1.0,1.0,0.0,0.0,,2.769713997006605,1.0005662215990756,1.1367655822760034,0.9997233154178713,acceleration,779.4829736652143,235.41172384242168,170367.1107577627,103.13333924817883,38.3682453681751
top,bottom,7,cspace,notebook,snopt,all,True,28.0,1.0,1073886328,True,0.3784959316253662,57,0.8391194343566895,11,11,nan,TOPPRA returned no path parameterization,11.372370393088357,24.90151616604215,82.85741666150987,0.04015819732951386,8.473351240158081,True,SolutionResult.kSolutionFound,1,8.468028755,0.09452164031855036,1.2336678155646839,2.3537321544332026,16.05888446652995,1.0,1.0,0.0,0.0,,1.877682334707034,1.0002675569813424,1.1022884177118701,1.0005123543740562,acceleration,713.6455833979571,199.16125906582926,132873.47425744205,87.37132457957105,39.5181576631902
top,bottom,7,kinetic,notebook,snopt,all,True,28.0,1.0,1073886328,True,0.3784959316253662,57,0.8391194343566895,11,11,nan,TOPPRA returned no path parameterization,11.372370393088357,24.90151616604215,82.85741666150987,0.012068925635048607,4.969061613082886,True,SolutionResult.kSolutionFound,1,4.963527375,0.19970936326048672,2.2783122627366215,3.8588266111197163,16.547401922878976,1.0,1.0,0.0,0.0,,1.8370786904857965,1.0002980705930298,1.123566246227872,0.9321403048909233,acceleration,739.7394813613112,214.43483730763037,127751.5298500022,89.93854153965917,37.81591417245711
top,bottom,7,parameterized,tight,snopt,all,True,28.0,1.0,1073886328,True,0.3784959316253662,57,0.8391194343566895,11,11,nan,TOPPRA returned no path parameterization,11.372370393088357,24.90151616604215,82.85741666150987,0.08793241562091202,7.880539894104004,True,SolutionResult.kSolutionFound,1,7.875175982,0.0675611829306574,0.7683307964826362,5.07082239653516,26.542754516904388,0.998,0.998,0.0,7.14646671262642e-06,,3.0916129279842313,1.0008183465978708,1.1402913319342056,0.9919389202445332,acceleration,766.923323552809,226.331628465287,160017.88424811352,79.9456086795949,28.382999013200347
top,bottom,7,cspace,tight,snopt,all,True,28.0,1.0,1073886328,True,0.3784959316253662,57,0.8391194343566895,11,11,nan,TOPPRA returned no path parameterization,11.372370393088357,24.90151616604215,82.85741666150987,0.04015819732951386,50.72729730606079,True,SolutionResult.kSolutionFound,1,50.721939525,0.08428488874977122,1.1102880985339108,2.098821519755492,13.664407526266862,1.0,1.0,0.0,0.0,,1.7350306998130718,1.0003103720233506,1.1026537331902582,0.999997457390203,acceleration,670.9336303943912,177.7993556943902,121101.57873687509,80.18003296545997,34.1585863205907
top,bottom,7,kinetic,tight,snopt,all,True,28.0,1.0,1073886328,True,0.3784959316253662,57,0.8391194343566895,11,11,nan,TOPPRA returned no path parameterization,11.372370393088357,24.90151616604215,82.85741666150987,0.012068925635048607,64.32708621025085,True,SolutionResult.kSolutionFound,3,64.321487077,0.13136981547477433,1.2559049163105573,2.4812485991220634,10.884963537539043,1.0,1.0,0.0,0.0,,1.832382556252968,1.0008336604406742,1.1327853682486542,0.9991387864080555,acceleration,682.1824509618625,182.9409390212701,96287.53651032246,59.45923273973126,30.26717896035036
middle,top,6,parameterized,notebook,snopt,all,True,28.0,1.0,685935503,True,0.2483348846435547,33,0.9475033283233643,15,15,5.388238535136851,,2.1338159952285696,6.161627476927384,29.930869271734,0.4686439703498812,3.9291043281555176,True,SolutionResult.kSolutionFound,1,3.923564013,0.17696012396230854,0.3776003430284034,2.1696571398103712,10.721378902758742,0.998,0.998,0.0,1.5363224967757105e-05,,2.5701503433070703,1.001143406382849,1.2740532925277663,0.8927032094968367,acceleration,600.8562546196381,380.78874389372453,136180.85336850787,57.89407812205958,21.04679435184007
middle,top,6,cspace,notebook,snopt,all,True,28.0,1.0,685935503,True,0.2483348846435547,33,0.9475033283233643,15,15,5.388238535136851,,2.1338159952285696,6.161627476927384,29.930869271734,0.1622947839259295,0.4027261734008789,True,SolutionResult.kSolutionFound,1,0.396776933,0.8418519842799628,2.0861506131513234,5.187178317845258,24.637767367646187,1.0,1.0,0.0,0.0,,2.9384155820375883,1.0057379188163005,1.4452743108811839,0.795172585492551,acceleration,807.5188748451283,486.044750625725,169866.9742660686,75.3985032669156,30.880269878523894
middle,top,6,kinetic,notebook,snopt,all,True,28.0,1.0,685935503,True,0.2483348846435547,33,0.9475033283233643,15,15,5.388238535136851,,2.1338159952285696,6.161627476927384,29.930869271734,0.03341032266458015,3.912083148956299,True,SolutionResult.kSolutionFound,1,3.903532886,0.2536599957023367,1.0911673459258944,1.7784544645508122,7.592264170835252,1.0,1.0,0.0,0.0,,1.5873840349679447,1.0005748579249458,1.1625020323158999,0.9932520264804692,acceleration,696.4813747777456,429.45959204534876,118033.7471220071,69.11110846165454,35.95238238994589
middle,top,6,parameterized,tight,snopt,all,True,28.0,1.0,685935503,True,0.2483348846435547,33,0.9475033283233643,15,15,5.388238535136851,,2.1338159952285696,6.161627476927384,29.930869271734,0.4686439703498812,6.25169038772583,True,SolutionResult.kSolutionFound,1,6.246668877,0.1762738910320571,0.37613604822537916,2.093676531153947,10.193671224080736,1.0,1.0,0.0,3.457978868270928e-05,,2.486220296117272,1.0010872450782107,1.2513898313613125,0.9170659283756031,acceleration,601.2373477420084,381.0034487493655,131791.93574775057,57.1237645803715,22.681341216576087
middle,top,6,cspace,tight,snopt,all,True,28.0,1.0,685935503,True,0.2483348846435547,33,0.9475033283233643,15,15,5.388238535136851,,2.1338159952285696,6.161627476927384,29.930869271734,0.1622947839259295,87.54927325248718,True,SolutionResult.kSolutionFound,3,87.543998153,0.16678101521126573,0.5191271708902498,1.0276424859555793,5.24817708417792,1.0,1.0,0.0,0.0,,1.481910239312353,1.0005842205658555,1.0560646209859463,0.9969886441717454,acceleration,578.3199969571792,369.40589026799626,101398.78246787601,52.42519536560202,34.39782309045871
middle,top,6,kinetic,tight,snopt,all,True,28.0,1.0,685935503,True,0.2483348846435547,33,0.9475033283233643,15,15,5.388238535136851,,2.1338159952285696,6.161627476927384,29.930869271734,0.03341032266458015,118.85035920143127,False,SolutionResult.kSolverSpecificError,41,118.843210593,0.13871196782232195,0.5810570256253321,1.0956628062111768,4.151769775314891,1.0,1.0,0.0,0.0,,1.4168722721113458,1.000887728381584,1.1156292545824456,0.9342269161314772,acceleration,567.2819184057691,363.8859090059009,83385.32474658407,42.41744148068701,33.82408736428686
middle,top,4,parameterized,notebook,snopt,all,True,28.0,1.0,1189931683,True,0.16719937324523926,25,0.6842567920684814,16,16,4.764107251393851,,1.253168083636025,5.001948057844432,25.69040890941402,0.7979775522997151,2.998650074005127,True,SolutionResult.kSolutionFound,1,2.992791749,0.28536111306056894,0.3576054391983554,2.46801196693363,12.081453388778058,1.0,1.0,0.0,1.1524988194455688e-05,,2.8711085191218104,1.0017705641135124,1.2950534166266408,0.8933553013328481,acceleration,619.963876075587,390.7404218386035,150616.7988772523,60.45744592834049,17.796297880347993
middle,top,4,cspace,notebook,snopt,all,True,28.0,1.0,1189931683,True,0.16719937324523926,25,0.6842567920684814,16,16,4.764107251393851,,1.253168083636025,5.001948057844432,25.69040890941402,0.19992210803383387,4.7973456382751465,True,SolutionResult.kSolutionFound,1,4.791550038,0.21559245385361592,0.5341579304782047,1.0783822558390095,6.131443377615832,1.0,1.0,0.0,0.0,,1.5679504464599339,1.0004293966555091,1.1288958054144724,0.9986261302548196,acceleration,607.960090888256,384.7517793485799,115765.84567940875,60.81547995330723,36.083178512279154
middle,top,4,kinetic,notebook,snopt,all,True,28.0,1.0,1189931683,True,0.16719937324523926,25,0.6842567920684814,16,16,4.764107251393851,,1.253168083636025,5.001948057844432,25.69040890941402,0.038925032432378256,3.8305628299713135,True,SolutionResult.kSolutionFound,1,3.824625768,0.23934440784625793,0.6285882973774786,1.241746189789843,6.148855707751933,0.998,0.998,0.0,0.0,,1.5836726794786995,1.0004471129044932,1.1567397477103591,0.9986509292493665,acceleration,630.6323868799349,396.3481222494822,112574.7697735962,60.38248692727015,42.62844554135074
middle,top,4,parameterized,tight,snopt,all,True,28.0,1.0,1189931683,True,0.16719937324523926,25,0.6842567920684814,16,16,4.764107251393851,,1.253168083636025,5.001948057844432,25.69040890941402,0.7979775522997151,4.588714838027954,True,SolutionResult.kSolutionFound,1,4.583212502,0.28524848440679024,0.35746429656413925,2.4397296115907174,11.949564445379995,1.0,1.0,0.0,3.936245311386699e-05,,2.8492706185187755,1.001733243744908,1.3079700174263722,0.8983323524457215,acceleration,621.6537417842638,391.5588735154463,149656.35966154776,60.33883273127613,18.1095778529394
middle,top,4,cspace,tight,snopt,all,True,28.0,1.0,1189931683,True,0.16719937324523926,25,0.6842567920684814,16,16,4.764107251393851,,1.253168083636025,5.001948057844432,25.69040890941402,0.19992210803383387,35.60397529602051,True,SolutionResult.kSolutionFound,3,35.59831816,0.2002161296372133,0.5048151142946455,1.0014706807879883,5.733347700138917,1.0,1.0,0.0,0.0,,1.5037100664034044,1.000627466961848,1.0928968175318592,0.9585255418029569,acceleration,600.1335320675174,380.85114781046235,112428.77582065419,59.610676147541476,37.042834345766586
middle,top,4,kinetic,tight,snopt,all,True,28.0,1.0,1189931683,True,0.16719937324523926,25,0.6842567920684814,16,16,4.764107251393851,,1.253168083636025,5.001948057844432,25.69040890941402,0.038925032432378256,178.77591466903687,True,SolutionResult.kSolutionFound,3,178.770159865,0.15553807485116544,0.5741849913197044,1.0725392694881601,3.995836743909488,1.0,1.0,0.0,0.0,,1.4503350990970907,1.000698231526025,1.1773770027434605,0.8823572155644643,acceleration,569.01760102303,365.0771722210342,83876.54664521849,42.30430271034874,29.268941109058368
middle,top,3,parameterized,notebook,snopt,all,True,28.0,1.0,1485340416,True,0.255263090133667,36,0.9878027439117432,20,20,4.790148075290832,,0.9423536486871622,2.4568618952890238,9.524252122577836,1.0611727363640473,4.4224958419799805,True,SolutionResult.kSolutionFound,1,4.416445959,0.2958194281131088,0.27876651743493425,1.4895007721090192,7.02990429957842,0.998,0.998,0.0,4.922002561524863e-06,,2.361188479952547,1.00193323194221,1.3795411851106711,0.9705736894399478,acceleration,596.1902541907433,378.47569349273124,125372.97702792623,55.2358697556371,25.86302698634304
middle,top,3,cspace,notebook,snopt,all,True,28.0,1.0,1485340416,True,0.255263090133667,36,0.9878027439117432,20,20,4.790148075290832,,0.9423536486871622,2.4568618952890238,9.524252122577836,0.40702328523938486,4.4218950271606445,True,SolutionResult.kSolutionFound,1,4.411780047,0.36875910817481067,0.5233049971547097,0.9059902014154558,4.055274097773483,1.0,1.0,0.0,0.0,,1.4706497346373741,1.0002989925047414,1.2281396210271898,1.000430506219037,acceleration,620.5548955519871,390.9560562079162,97848.07532250155,54.50772711097589,30.178361126103738
middle,top,3,kinetic,notebook,snopt,all,True,28.0,1.0,1485340416,True,0.255263090133667,36,0.9878027439117432,20,20,4.790148075290832,,0.9423536486871622,2.4568618952890238,9.524252122577836,0.10499512057534022,8.617377996444702,True,SolutionResult.kSolutionFound,1,8.608216941,0.3762402506438626,0.5150032628361683,0.8774825745512711,3.5834070057940255,1.0,1.0,0.0,0.0,,1.47763491426308,1.0004063583165785,1.2244663223900587,0.9356044223009764,acceleration,619.8799139311182,390.5320598693681,93949.64945634276,49.06555789756773,28.706647396003806
middle,top,3,parameterized,tight,snopt,all,True,28.0,1.0,1485340416,True,0.255263090133667,36,0.9878027439117432,20,20,4.790148075290832,,0.9423536486871622,2.4568618952890238,9.524252122577836,1.0611727363640473,6.872086524963379,True,SolutionResult.kSolutionFound,1,6.866375032,0.2940981663239412,0.277144480107573,1.4650090904507187,6.907638872919432,0.998,0.998,0.0,1.685818851449028e-05,,2.306529170669557,1.0019797634652698,1.331701285453917,0.9908477319680077,acceleration,594.6143056486575,377.8464968976278,123120.32186455594,55.251093710103504,26.159294410753226
middle,top,3,cspace,tight,snopt,all,True,28.0,1.0,1485340416,True,0.255263090133667,36,0.9878027439117432,20,20,4.790148075290832,,0.9423536486871622,2.4568618952890238,9.524252122577836,0.40702328523938486,106.95149064064026,True,SolutionResult.kSolutionFound,3,106.944460608,0.297365759244955,0.3805196868178019,0.7305866028526197,3.3238518911192614,0.998,0.998,0.0,0.0,,1.4483497871728908,1.000168658926259,1.1637397132078349,0.8976660625627229,acceleration,566.8387485226922,363.3997376724903,90817.64329992453,45.98123419647564,25.95309432077931
middle,top,3,kinetic,tight,snopt,all,True,28.0,1.0,1485340416,True,0.255263090133667,36,0.9878027439117432,20,20,4.790148075290832,,0.9423536486871622,2.4568618952890238,9.524252122577836,0.10499512057534022,101.36126232147217,True,SolutionResult.kSolutionFound,3,101.356116751,0.32073102396208664,0.39370761264883086,0.7526876139968374,3.0547231357474667,1.0,1.0,0.0,0.0,,1.4270678150100586,1.0002681160868672,1.145387150175441,0.9137322685759167,acceleration,573.0187816071225,366.6956772050991,86279.46173054201,43.45382754473938,28.29675412376614
middle,top,2,parameterized,notebook,snopt,all,True,28.0,1.0,797921174,True,0.2127840518951416,36,0.4551553726196289,18,18,4.151671932824188,,1.091420576271545,2.8785798590449247,13.553844531579152,0.916237078300419,3.811945915222168,True,SolutionResult.kSolutionFound,1,3.806874083,0.4474011801658485,0.48830285388117645,1.6865575966883994,8.50302674672098,1.0,1.0,0.0,0.0,,2.031349585149362,1.0024363933343656,1.2247388717708045,0.9483047235109694,acceleration,670.070003822985,415.3292331045356,128429.32157699973,58.41680819297518,33.39200686492131
middle,top,2,cspace,notebook,snopt,all,True,28.0,1.0,797921174,True,0.2127840518951416,36,0.4551553726196289,18,18,4.151671932824188,,1.091420576271545,2.8785798590449247,13.553844531579152,0.34739352353135233,14.294859886169434,True,SolutionResult.kSolutionFound,1,14.288388779,0.33293279828434336,0.47613708420239675,0.9583736475567777,5.392843291261558,1.0,1.0,0.0,0.0,,1.5393811928646266,1.0008519767124817,1.1239884064314976,0.8819007592954033,acceleration,614.2825877039681,387.61925660741304,113190.67246398967,59.68346658231489,37.76586759704984
middle,top,2,kinetic,notebook,snopt,all,True,28.0,1.0,797921174,True,0.2127840518951416,36,0.4551553726196289,18,18,4.151671932824188,,1.091420576271545,2.8785798590449247,13.553844531579152,0.0737798045174634,8.205731391906738,True,SolutionResult.kSolutionFound,1,8.199296043,0.4297450655340331,0.5722938267684935,1.1567808705399234,5.824697806461575,1.0,1.0,0.0,0.0,,1.6184223535149356,1.0006583633602115,1.1616398286582126,1.0017804515727666,acceleration,645.8536002510334,404.00584056398907,112664.15681567808,58.67066284522133,35.47435603430632
middle,top,2,parameterized,tight,snopt,all,True,28.0,1.0,797921174,True,0.2127840518951416,36,0.4551553726196289,18,18,4.151671932824188,,1.091420576271545,2.8785798590449247,13.553844531579152,0.916237078300419,9.728174686431885,False,SolutionResult.kIterationLimit,31,9.718204158,0.34588694191027514,0.37750812546451507,1.541578749888887,7.8018265144365975,1.0,1.0,0.0,0.0,,2.059030077513759,1.0021275917907648,1.2768047248038068,0.9971910864926077,acceleration,629.9679983767264,395.2014316387879,122288.00378577315,59.140598739504924,28.77427086283879
middle,top,2,cspace,tight,snopt,all,True,28.0,1.0,797921174,True,0.2127840518951416,36,0.4551553726196289,18,18,4.151671932824188,,1.091420576271545,2.8785798590449247,13.553844531579152,0.34739352353135233,41.34075427055359,False,SolutionResult.kSolverSpecificError,41,41.335134043,0.31873927506566013,0.471481008050208,0.9175164574905895,5.019188718671616,1.0,1.0,0.0,0.0,,1.4914702444193693,1.0008834074726003,1.1140476129521688,0.8579778209675297,acceleration,612.6210534411368,386.6356141321367,109707.07291149016,59.65735935003745,39.889240060572625
middle,top,2,kinetic,tight,snopt,all,True,28.0,1.0,797921174,True,0.2127840518951416,36,0.4551553726196289,18,18,4.151671932824188,,1.091420576271545,2.8785798590449247,13.553844531579152,0.0737798045174634,177.3257143497467,True,SolutionResult.kSolutionFound,1,177.320362536,0.2583913214250724,0.5071004320353374,0.9441367085354542,3.5021957989047277,1.0,1.0,0.0,0.0,,1.4517556125140587,1.000995901612368,1.2081157939215212,0.8870463953787454,acceleration,562.756188541837,361.798145133487,83757.87360905984,42.00228026165063,29.312804764308712
top,bottom,9,parameterized,notebook,snopt,all,True,28.0,1.0,666507647,True,0.26947665214538574,40,0.9333109855651855,17,17,4.525996921277372,,3.359552875971882,6.888480246966244,37.741144892285824,0.29765865783871936,1.6405887603759766,True,SolutionResult.kSolutionFound,1,1.633965297,0.2413244924168664,0.8107423925415413,2.771867934691889,15.562531978477008,1.0,1.0,0.0,0.0,,2.7907821325347544,1.0008730200781066,1.203226221969781,0.9907538730867644,acceleration,749.8747432447875,218.2698525312896,159693.86982097986,88.31005147273446,34.202228482900914
top,bottom,9,cspace,notebook,snopt,all,True,28.0,1.0,666507647,True,0.26947665214538574,40,0.9333109855651855,17,17,4.525996921277372,,3.359552875971882,6.888480246966244,37.741144892285824,0.14516990165434676,2.953491449356079,True,SolutionResult.kSolutionFound,1,2.947370956,0.3697275846981176,1.4179914109525376,2.546861163951522,13.512284920515812,1.0,1.0,0.0,0.0,,1.9918072517871654,1.0003159718476191,1.0968636986343296,0.9813213921142662,acceleration,793.903928147223,239.73336871770348,139120.51901508187,99.38366433181814,41.72936790939527
top,bottom,9,kinetic,notebook,snopt,all,True,28.0,1.0,666507647,True,0.26947665214538574,40,0.9333109855651855,17,17,4.525996921277372,,3.359552875971882,6.888480246966244,37.741144892285824,0.02649628152124227,3.0855791568756104,True,SolutionResult.kSolutionFound,1,3.078674507,0.33099934789366214,1.5500466625060487,2.7250304600091053,12.492294348106826,0.996,0.996,0.0,0.0,,1.9676670215160923,1.0007725461237373,1.1873535202474894,0.9993264449704853,acceleration,813.9375402952011,251.3130806128824,135517.8354404344,99.66252307613749,43.1904739648981
top,bottom,9,parameterized,tight,snopt,all,True,28.0,1.0,666507647,True,0.26947665214538574,40,0.9333109855651855,17,17,4.525996921277372,,3.359552875971882,6.888480246966244,37.741144892285824,0.29765865783871936,7.0725648403167725,True,SolutionResult.kSolutionFound,1,7.066451927,0.1404064696643817,0.47170295896603015,2.8992638240559647,15.179776328860056,1.0,1.0,0.0,6.09603623851207e-05,,3.0720454344674684,1.001943949718318,1.2342097552382967,0.9934247059597832,acceleration,758.9343547754031,223.34500712080012,158506.1824410528,78.68501726206446,29.82748334364358
top,bottom,9,cspace,tight,snopt,all,True,28.0,1.0,666507647,True,0.26947665214538574,40,0.9333109855651855,17,17,4.525996921277372,,3.359552875971882,6.888480246966244,37.741144892285824,0.14516990165434676,86.42637896537781,False,SolutionResult.kSolverSpecificError,41,86.419323685,0.18420561651901596,0.6720939620968345,1.2688967507714808,8.113847419201397,1.0,1.0,0.0,0.0,,1.7384628867496958,1.0007708799427995,1.189811619352393,0.9998848498430221,acceleration,677.3412628373526,180.36758823567817,120605.20822802206,77.95861180098922,34.85572444814431
top,bottom,9,kinetic,tight,snopt,all,True,28.0,1.0,666507647,True,0.26947665214538574,40,0.9333109855651855,17,17,4.525996921277372,,3.359552875971882,6.888480246966244,37.741144892285824,0.02649628152124227,50.90244722366333,True,SolutionResult.kSolutionFound,1,50.896959495,0.17506852708978207,0.7221384603714042,1.4289129801428482,6.607286646974532,1.0,1.0,0.0,0.0,,1.7425139060831416,1.0013556192061552,1.2079879341784054,0.9878291109558419,acceleration,671.1993963075122,178.04037450456357,97436.6052646645,62.587331107294645,32.572654186725934
top,middle,8,parameterized,notebook,snopt,all,True,28.0,1.0,366830896,True,0.1582951545715332,28,0.5050485134124756,19,19,nan,TOPPRA returned no path parameterization,1.867370786943093,3.517616464852421,10.809665547102417,0.5355122865754001,7.913552761077881,False,SolutionResult.kIterationLimit,31,7.908494159,1.1013843612568077,2.056692981406945,16.02253639871455,63.31893731355921,0.93,0.934,0.0,0.0034510401786307376,TOPPRA returned no path parameterization,nan,,,,,,,,,
top,middle,8,cspace,notebook,snopt,all,True,28.0,1.0,366830896,True,0.1582951545715332,28,0.5050485134124756,19,19,nan,TOPPRA returned no path parameterization,1.867370786943093,3.517616464852421,10.809665547102417,0.2842834089480401,6.911053657531738,False,SolutionResult.kIterationLimit,31,6.904581388,39.22430729828728,27.968826644993673,137.9760691748863,391.5067287624928,0.594,0.648,0.22761780891425287,0.05359452111386975,TOPPRA returned no path parameterization,nan,,,,,,,,,
top,middle,8,kinetic,notebook,snopt,all,True,28.0,1.0,366830896,True,0.1582951545715332,28,0.5050485134124756,19,19,nan,TOPPRA returned no path parameterization,1.867370786943093,3.517616464852421,10.809665547102417,0.09250980020080776,7.555801868438721,False,SolutionResult.kIterationLimit,31,7.548845266,62.29448277988142,86.33390922702321,217.41941716513438,673.3825242802491,0.684,0.864,1.2572466837146519,0.3629355230893374,TOPPRA returned no path parameterization,nan,,,,,,,,,
top,middle,8,parameterized,tight,snopt,all,True,28.0,1.0,366830896,True,0.1582951545715332,28,0.5050485134124756,19,19,nan,TOPPRA returned no path parameterization,1.867370786943093,3.517616464852421,10.809665547102417,0.5355122865754001,7.754012107849121,False,SolutionResult.kIterationLimit,31,7.748305504,1.1013843612568077,2.056692981406945,16.02253639871455,63.31893731355921,0.93,0.934,0.0,0.0034510401786307376,TOPPRA returned no path parameterization,nan,,,,,,,,,
top,middle,8,cspace,tight,snopt,all,True,28.0,1.0,366830896,True,0.1582951545715332,28,0.5050485134124756,19,19,nan,TOPPRA returned no path parameterization,1.867370786943093,3.517616464852421,10.809665547102417,0.2842834089480401,5.863913536071777,False,SolutionResult.kIterationLimit,31,5.858188315,39.22430729828728,27.968826644993673,137.9760691748863,391.5067287624928,0.594,0.648,0.22761780891425287,0.05359452111386975,TOPPRA returned no path parameterization,nan,,,,,,,,,
top,middle,8,kinetic,tight,snopt,all,True,28.0,1.0,366830896,True,0.1582951545715332,28,0.5050485134124756,19,19,nan,TOPPRA returned no path parameterization,1.867370786943093,3.517616464852421,10.809665547102417,0.09250980020080776,4.2583935260772705,False,SolutionResult.kIterationLimit,31,4.255111797,62.29448277988142,86.33390922702321,217.41941716513438,673.3825242802491,0.684,0.864,1.2572466837146519,0.3629355230893374,TOPPRA returned no path parameterization,nan,,,,,,,,,
top,bottom,1,parameterized,notebook,snopt,all,True,28.0,1.0,694260045,True,0.28261756896972656,37,0.9590387344360352,12,12,nan,TOPPRA returned no path parameterization,3.306691817495521,7.751809652284141,37.947294185781026,0.30241705462512597,2.18509840965271,True,SolutionResult.kSolutionFound,1,2.178793562,0.34985841696026476,1.1568739646444446,3.9672957855311384,20.468971835724165,1.0,1.0,0.0,0.0,TOPPRA returned no path parameterization,nan,,,,,,,,,
top,bottom,1,cspace,notebook,snopt,all,True,28.0,1.0,694260045,True,0.28261756896972656,37,0.9590387344360352,12,12,nan,TOPPRA returned no path parameterization,3.306691817495521,7.751809652284141,37.947294185781026,0.12900213561169435,3.0862481594085693,True,SolutionResult.kSolutionFound,1,3.079587741,0.2949434546058171,1.2106291106575326,2.286345518291403,13.438934290851861,1.0,1.0,0.0,0.0,,1.8143947682323653,1.0006507290623774,1.1429806809473495,1.0004506559903197,acceleration,781.4601380161184,233.0328620473034,114819.41159471168,78.5209447442835,42.62338930499234
top,bottom,1,kinetic,notebook,snopt,all,True,28.0,1.0,694260045,True,0.28261756896972656,37,0.9590387344360352,12,12,nan,TOPPRA returned no path parameterization,3.306691817495521,7.751809652284141,37.947294185781026,0.026352340040484448,4.582809209823608,True,SolutionResult.kSolutionFound,1,4.576380081,0.2978954673376611,1.266464788003417,2.340653390547659,11.304326935672954,1.0,1.0,0.0,0.0,,1.84377864313317,1.0006297282838827,1.1056076825327013,0.9707950773111604,acceleration,744.5948281555584,215.00643195430382,108455.39559518284,68.41199158340049,29.395181417616488
top,bottom,1,parameterized,tight,snopt,all,True,28.0,1.0,694260045,True,0.28261756896972656,37,0.9590387344360352,12,12,nan,TOPPRA returned no path parameterization,3.306691817495521,7.751809652284141,37.947294185781026,0.30241705462512597,8.553158521652222,True,SolutionResult.kSolutionFound,1,8.54654876,0.21031163266025715,0.695435754841794,4.370400214300949,22.791540898485795,0.998,0.998,0.0,1.897883840262793e-05,,3.055623627355471,1.0008872965460605,1.1578136156205712,0.9929339131955659,acceleration,757.2024822831593,220.89514329599348,157106.3145947542,78.15684463190783,27.81713751915521
top,bottom,1,cspace,tight,snopt,all,True,28.0,1.0,694260045,True,0.28261756896972656,37,0.9590387344360352,12,12,nan,TOPPRA returned no path parameterization,3.306691817495521,7.751809652284141,37.947294185781026,0.12900213561169435,178.90421748161316,False,SolutionResult.kSolverSpecificError,41,178.898052185,0.24439690857183435,1.005935357008297,1.89451831485555,12.413324898179319,1.0,1.0,0.0,0.0,,1.7378754456312075,1.0003700809472515,1.1166172632372915,0.999179953327593,acceleration,676.9114527747595,180.70153284742133,120244.66254265772,79.1678534805919,33.06442760103767
top,bottom,1,kinetic,tight,snopt,all,True,28.0,1.0,694260045,True,0.28261756896972656,37,0.9590387344360352,12,12,nan,TOPPRA returned no path parameterization,3.306691817495521,7.751809652284141,37.947294185781026,0.026352340040484448,34.21040105819702,True,SolutionResult.kSolutionFound,3,34.203251522,0.2585160865570506,1.0917395649699404,2.1158445741618346,9.809985988337232,1.0,1.0,0.0,0.0,,1.7192430930852198,1.0008619713521416,1.1402969728692869,0.9927698447737492,acceleration,678.9885149112383,182.36944785066177,95546.26932820326,63.80703658205129,34.96878381494538
top,bottom,0,parameterized,notebook,snopt,all,True,28.0,1.0,1583784411,True,0.19460678100585938,32,0.56087327003479,22,22,7.206474443912014,,3.092167645723201,10.31060325478944,47.73965082832279,0.3233977308387878,1.275439739227295,True,SolutionResult.kSolutionFound,1,1.26998988,0.3199554794921482,0.9893559817574725,4.055448913274463,19.849197615933505,1.0,1.0,0.0,0.0,,3.543542088167141,1.0024117047407897,1.0004313208874167,1.007195937720373,torque,977.8301230995958,334.07327813013205,214346.33148927015,103.18140956772342,38.47699182904388
top,bottom,0,cspace,notebook,snopt,all,True,28.0,1.0,1583784411,True,0.19460678100585938,32,0.56087327003479,22,22,7.206474443912014,,3.092167645723201,10.31060325478944,47.73965082832279,0.09698753557756032,2.8209407329559326,True,SolutionResult.kSolutionFound,1,2.811956934,0.2216282560251115,1.2753102966740006,2.285121017925822,13.745221768013366,1.0,1.0,0.0,0.0,,2.2644436342620082,1.0012030276324824,1.3425982906491103,1.1070955475804682,acceleration,886.4580040104704,287.10306910835334,159885.95129026138,102.67391262949312,42.245533247709496
top,bottom,0,kinetic,notebook,snopt,all,True,28.0,1.0,1583784411,True,0.19460678100585938,32,0.56087327003479,22,22,7.206474443912014,,3.092167645723201,10.31060325478944,47.73965082832279,0.02094694834690169,2.30696702003479,True,SolutionResult.kSolutionFound,1,2.301494673,0.22976376443951113,1.2863872638227414,2.3298686760131107,10.968841887343267,1.0,1.0,0.0,0.0,,2.365843181352696,1.0009912607655944,1.2162225150256176,1.0059534172166962,acceleration,877.6494656262898,281.4866200398699,163152.99929564813,89.00644809273342,37.89610757321907
top,bottom,0,parameterized,tight,snopt,all,True,28.0,1.0,1583784411,True,0.19460678100585938,32,0.56087327003479,22,22,7.206474443912014,,3.092167645723201,10.31060325478944,47.73965082832279,0.3233977308387878,15.850341558456421,True,SolutionResult.kSolutionFound,3,15.845163781,0.11599075729765362,0.35866286691874427,2.626225229879736,13.558043251595516,0.994,0.994,0.0,4.227996326555683e-05,,3.323048255238197,1.0031311045628388,1.31980751612489,0.9925791669378692,acceleration,785.6507482581035,235.3631110004914,172021.22459135175,81.0321779707813,29.349418088823644
top,bottom,0,cspace,tight,snopt,all,True,28.0,1.0,1583784411,True,0.19460678100585938,32,0.56087327003479,22,22,7.206474443912014,,3.092167645723201,10.31060325478944,47.73965082832279,0.09698753557756032,134.39179039001465,True,SolutionResult.kSolutionFound,3,134.382290717,0.09633095154400764,0.5259431110847576,0.9932302225266085,6.705784848000782,1.0,1.0,0.0,0.0,,1.8223311519707843,1.0011730274887665,1.2704097326360093,1.00131788451436,acceleration,675.9152165260192,180.43659452943177,130743.6732444297,79.62076818403284,32.52654820590757
top,bottom,0,kinetic,tight,snopt,all,True,28.0,1.0,1583784411,True,0.19460678100585938,32,0.56087327003479,22,22,7.206474443912014,,3.092167645723201,10.31060325478944,47.73965082832279,0.02094694834690169,83.74333477020264,True,SolutionResult.kSolutionFound,1,83.735713429,0.10680047652998158,0.5793739106863287,1.1082653129785223,5.098617457839805,1.0,1.0,0.0,0.0,,1.7555522078539985,1.0017936212702725,1.295284662172319,0.9978795426789668,acceleration,681.5655101155598,182.89442117499817,97458.45523763882,63.16084980541706,28.768184313882998
top,middle,0,parameterized,notebook,snopt,all,True,28.0,1.0,453438722,True,0.12728285789489746,27,0.4685497283935547,16,16,3.975252360021507,,1.1707174605855868,3.090520589778436,19.5068904546354,0.8541770612183449,2.865363836288452,True,SolutionResult.kSolutionFound,1,2.860528934,0.37422597663542656,0.43811288505178664,1.960894662689945,11.112198318625817,1.0,1.0,0.0,0.0,,2.4057869970008685,1.0007552742779815,1.1785377214034687,0.8536466261779087,acceleration,612.3113909381582,231.66673238504856,143438.81367494835,62.49537594637915,20.843116184631533
top,middle,0,cspace,notebook,snopt,all,True,28.0,1.0,453438722,True,0.12728285789489746,27,0.4685497283935547,16,16,3.975252360021507,,1.1707174605855868,3.090520589778436,19.5068904546354,0.3235700817873184,3.9214284420013428,True,SolutionResult.kSolutionFound,1,3.916589404,0.36135036303468027,0.540094721996624,1.1167607370825923,6.759886211393604,0.996,0.996,0.0,0.0,,1.6368627676496255,1.000476258899362,1.1796944152900803,1.0033124769879689,acceleration,622.362556463523,236.24246844129163,121341.02393920354,63.02262766992236,35.603533723822856
top,middle,0,kinetic,notebook,snopt,all,True,28.0,1.0,453438722,True,0.12728285789489746,27,0.4685497283935547,16,16,3.975252360021507,,1.1707174605855868,3.090520589778436,19.5068904546354,0.05126393682917162,3.677215099334717,True,SolutionResult.kSolutionFound,1,3.672245307,0.35264771451140114,0.6422330292558931,1.2912805749500544,6.87906033605144,1.0,1.0,0.0,0.0,,1.677324108766845,1.0007457183026638,1.1593362957300937,0.8725441576956715,acceleration,676.0860423180907,263.2627474038458,119899.83673308002,63.560002533810945,40.60076474667106
top,middle,0,parameterized,tight,snopt,all,True,28.0,1.0,453438722,True,0.12728285789489746,27,0.4685497283935547,16,16,3.975252360021507,,1.1707174605855868,3.090520589778436,19.5068904546354,0.8541770612183449,6.999852657318115,True,SolutionResult.kSolutionFound,1,6.994462883,0.30050714114048016,0.351808957163812,1.8969522015893987,9.31815100070799,0.998,0.998,0.0,8.030415523885281e-05,,2.4570439835813462,1.0012228659760154,1.208399032620602,0.8852507008617185,acceleration,600.9789346188375,225.87992564158182,130869.83698789233,57.195472775921985,22.33410518565272
top,middle,0,cspace,tight,snopt,all,True,28.0,1.0,453438722,True,0.12728285789489746,27,0.4685497283935547,16,16,3.975252360021507,,1.1707174605855868,3.090520589778436,19.5068904546354,0.3235700817873184,68.24442911148071,False,SolutionResult.kSolverSpecificError,41,68.239166822,0.30646262394078355,0.4795437378047653,0.9471290492865174,4.922192160493844,0.998,0.998,0.0,0.0,,1.4838073938153862,1.0005653524881848,1.189466115779958,1.0008748204268516,acceleration,575.061479399432,212.32902988505538,101657.19285089694,52.660028605023456,30.82179903192927
top,middle,0,kinetic,tight,snopt,all,True,28.0,1.0,453438722,True,0.12728285789489746,27,0.4685497283935547,16,16,3.975252360021507,,1.1707174605855868,3.090520589778436,19.5068904546354,0.05126393682917162,65.18717837333679,True,SolutionResult.kSolutionFound,3,65.181409442,0.1965983064515561,0.5326591811560998,1.0056103809562964,3.8350216275173445,1.0,1.0,0.0,0.0,,1.4194456331672394,1.0010539199143196,1.2082793375191436,0.9408697960954483,acceleration,565.7513442433402,208.06423523355448,83560.02145554514,41.929262094120254,32.55937909756362
top,bottom,3,parameterized,notebook,snopt,all,True,28.0,1.0,1198518369,True,0.6685893535614014,38,0.9261085987091064,17,17,nan,TOPPRA returned no path parameterization,3.718275578636857,8.287659469642357,35.36474638384235,0.2689418734171947,3.326892137527466,True,SolutionResult.kSolutionFound,1,3.320618104,0.1519465106637476,0.5649789998600979,4.1492569492917895,20.2362412778832,0.998,0.998,0.0,0.0,,3.552342858850132,1.002039106299958,1.30733008774783,0.9863195788720439,acceleration,816.2077779778488,251.00006418085258,178394.6613710088,84.24907089966575,28.322054720739924
top,bottom,3,cspace,notebook,snopt,all,True,28.0,1.0,1198518369,True,0.6685893535614014,38,0.9261085987091064,17,17,nan,TOPPRA returned no path parameterization,3.718275578636857,8.287659469642357,35.36474638384235,0.12066132828731604,2.462014675140381,True,SolutionResult.kSolutionFound,1,2.455616899,0.3390067539781392,1.6042714735217145,2.809572534879642,11.914177764915467,1.0,1.0,0.0,0.0,,1.9309403430872243,1.0017333789951208,1.0513368042835785,1.0107675105546368,acceleration,824.2433672789887,256.80344637459865,131554.51845849663,95.76075246251216,36.17490917080778
top,bottom,3,kinetic,notebook,snopt,all,True,28.0,1.0,1198518369,True,0.6685893535614014,38,0.9261085987091064,17,17,nan,TOPPRA returned no path parameterization,3.718275578636857,8.287659469642357,35.36474638384235,0.02827674738979284,3.3849501609802246,True,SolutionResult.kSolutionFound,1,3.378251865,0.31101502096113826,1.6463202720914656,2.8444843238310873,10.998967337856069,1.0,1.0,0.0,0.0,,2.0716012221345927,1.0004828240018377,1.1296889179043388,1.0170503621346298,acceleration,827.7143729974906,258.37139335715193,141051.8976090121,87.28357803061056,33.89053047745449
top,bottom,3,parameterized,tight,snopt,all,True,28.0,1.0,1198518369,True,0.6685893535614014,38,0.9261085987091064,17,17,nan,TOPPRA returned no path parameterization,3.718275578636857,8.287659469642357,35.36474638384235,0.2689418734171947,7.102227210998535,True,SolutionResult.kSolutionFound,1,7.091965637,0.12702606793579,0.472317926255914,3.4294185927353253,17.64262486324909,0.998,0.998,0.0,1.5041532979598315e-05,,3.292220579320154,1.0019544333440642,1.2336888425478558,0.9921564881401596,acceleration,782.6396817771375,234.40320980883294,169743.04882400544,80.43741866930031,30.699522770999067
top,bottom,3,cspace,tight,snopt,all,True,28.0,1.0,1198518369,True,0.6685893535614014,38,0.9261085987091064,17,17,nan,TOPPRA returned no path parameterization,3.718275578636857,8.287659469642357,35.36474638384235,0.12066132828731604,169.94640231132507,True,SolutionResult.kSolutionFound,3,169.939932121,0.15995695570972304,0.6968699124506756,1.325668778722849,8.62472424060057,1.0,1.0,0.0,0.0,,1.7619634995597508,1.0007869282404098,1.1895994191044743,1.0003023818904297,acceleration,671.2325928779711,177.29205780452045,125258.23075286072,80.58557839857673,34.40235090476551
top,bottom,3,kinetic,tight,snopt,all,True,28.0,1.0,1198518369,True,0.6685893535614014,38,0.9261085987091064,17,17,nan,TOPPRA returned no path parameterization,3.718275578636857,8.287659469642357,35.36474638384235,0.02827674738979284,68.96976900100708,True,SolutionResult.kSolutionFound,3,68.964045902,0.1922237802039442,0.7531212111941537,1.4684188665882287,6.797945235855942,1.0,1.0,0.0,0.0,,1.755245253388199,1.001383733987418,1.2135505541026044,0.9072727616451288,acceleration,679.6733086337554,182.5044758487416,97455.5877250127,63.3895461808271,30.317670077414256
top,middle,3,parameterized,notebook,snopt,all,True,28.0,1.0,34585784,True,0.09140682220458984,29,0.5593364238739014,14,14,3.49342987441464,,1.8653072979458643,3.3971546508527934,20.47614269616444,0.5361046949750488,2.0433528423309326,True,SolutionResult.kSolutionFound,1,2.038157742,0.24939599394228504,0.4652001675790077,2.971441150316503,15.298092818138546,1.0,1.0,0.0,0.0,,2.7985289390775723,1.000630524758096,1.0765674061196135,0.8875047723962162,acceleration,651.315137852283,250.5409927194484,155775.8403295584,64.39257435473863,25.50276054266528
top,middle,3,cspace,notebook,snopt,all,True,28.0,1.0,34585784,True,0.09140682220458984,29,0.5593364238739014,14,14,3.49342987441464,,1.8653072979458643,3.3971546508527934,20.47614269616444,0.2943639906852543,4.97372031211853,True,SolutionResult.kSolutionFound,1,4.968389,0.38440872391401054,0.6819280858455545,1.3058958842728683,8.060227163985012,1.0,1.0,0.0,0.0,,1.614254274379626,1.0005772269494453,1.1603612284291414,0.9071661463929793,acceleration,597.9464167913782,223.51194077962865,125538.0018022873,65.47551002838546,39.32614052294999
top,middle,3,kinetic,notebook,snopt,all,True,28.0,1.0,34585784,True,0.09140682220458984,29,0.5593364238739014,14,14,3.49342987441464,,1.8653072979458643,3.3971546508527934,20.47614269616444,0.04883732326144213,5.624117851257324,True,SolutionResult.kSolutionFound,1,5.618863495,0.3627387584822174,0.8190858531139216,1.4176822020621196,7.427490580111413,1.0,1.0,0.0,0.0,,1.4925540548971266,1.0006563073012913,1.168713833767431,0.9999822760145447,acceleration,602.4244788238481,226.4661907874975,116498.76319331021,65.86082011992437,34.02644807788453
top,middle,3,parameterized,tight,snopt,all,True,28.0,1.0,34585784,True,0.09140682220458984,29,0.5593364238739014,14,14,3.49342987441464,,1.8653072979458643,3.3971546508527934,20.47614269616444,0.5361046949750488,5.826214790344238,True,SolutionResult.kSolutionFound,1,5.821023465,0.22144660709637468,0.41306597232221726,2.7214112872116,13.385420214599979,1.0,1.0,0.0,3.52894261590464e-06,,2.785908799725769,1.00113353443487,1.1733254880281156,0.9021571536673355,acceleration,617.7253278011779,233.98098187354003,146823.2690541894,59.97216544619509,18.930402022491656
top,middle,3,cspace,tight,snopt,all,True,28.0,1.0,34585784,True,0.09140682220458984,29,0.5593364238739014,14,14,3.49342987441464,,1.8653072979458643,3.3971546508527934,20.47614269616444,0.2943639906852543,31.419508457183838,False,SolutionResult.kSolverSpecificError,41,31.411698255,0.34876966498070006,0.6039530375624035,1.1848244894655557,6.585948252245485,1.0,1.0,0.0,0.0,,1.4785394570382413,1.00050061213562,1.16396456836208,1.002925372639484,acceleration,605.4123142393653,227.65203235192678,109990.56955078058,60.189679904365526,39.638673701105866
top,middle,3,kinetic,tight,snopt,all,True,28.0,1.0,34585784,True,0.09140682220458984,29,0.5593364238739014,14,14,3.49342987441464,,1.8653072979458643,3.3971546508527934,20.47614269616444,0.04883732326144213,56.41579294204712,True,SolutionResult.kSolutionFound,1,56.410722034,0.23313554854870633,0.6883758784916922,1.2874959700122197,4.773716759631885,1.0,1.0,0.0,0.0,,1.4634195341099625,1.0005272529158893,1.166053621113647,0.9128912915512996,acceleration,571.0221696875301,210.72626597299424,83994.28644505944,42.738212579712936,29.598258807019352
top,bottom,2,parameterized,notebook,snopt,all,True,28.0,1.0,812171511,True,0.3920166492462158,50,0.526087760925293,22,22,6.01040392836962,,1.9867642652363235,5.311122889965684,29.977929721292206,0.5033309776593203,6.004281759262085,True,SolutionResult.kSolutionFound,1,5.998980188,0.18157236245396743,0.36074148127807887,2.7737338376176695,14.371060288814638,0.996,0.996,0.0,3.986430944769026e-05,,3.4167712229180545,1.004220398573707,1.300470725562997,0.992108414957731,acceleration,787.79193108733,237.7412832250947,178103.31953873904,82.77023233797843,29.289173824952876
top,bottom,2,cspace,notebook,snopt,all,True,28.0,1.0,812171511,True,0.3920166492462158,50,0.526087760925293,22,22,6.01040392836962,,1.9867642652363235,5.311122889965684,29.977929721292206,0.1882841012564974,3.1151509284973145,True,SolutionResult.kSolutionFound,1,3.108481273,0.3523306942883892,1.025855430369864,1.8712716152725666,12.20566278774095,0.994,0.994,0.0,0.0,,2.2070090846441017,1.0009765816850815,1.1177824611423177,0.9981388460462595,acceleration,819.4047403725378,252.9862879296149,171413.94389508272,101.94175291113949,39.11925152449934
top,bottom,2,kinetic,notebook,snopt,all,True,28.0,1.0,812171511,True,0.3920166492462158,50,0.526087760925293,22,22,6.01040392836962,,1.9867642652363235,5.311122889965684,29.977929721292206,0.033357873919149836,2.3095314502716064,True,SolutionResult.kSolutionFound,1,2.30444836,0.4344241289697127,1.4256100764830242,2.8155104181297324,13.023136007487631,0.994,0.994,0.0,0.0,,2.405156374688791,1.0013036358998693,1.3637546690655897,0.978865717937261,acceleration,931.337983449188,309.7383524206461,169362.97770814496,103.1860934494764,37.55686304314479
top,bottom,2,parameterized,tight,snopt,all,True,28.0,1.0,812171511,True,0.3920166492462158,50,0.526087760925293,22,22,6.01040392836962,,1.9867642652363235,5.311122889965684,29.977929721292206,0.5033309776593203,8.438087701797485,True,SolutionResult.kSolutionFound,1,8.432505012,0.1810589892555996,0.35972152975283617,2.7244051122088138,13.984713823510942,0.998,0.998,0.0,6.936915610022965e-05,,3.370214068751244,1.0041275606069364,1.3191033040922178,0.9933222873562034,acceleration,790.0224145761299,238.17983927683235,174153.09673978703,81.38795763112121,28.767003227530946
top,bottom,2,cspace,tight,snopt,all,True,28.0,1.0,812171511,True,0.3920166492462158,50,0.526087760925293,22,22,6.01040392836962,,1.9867642652363235,5.311122889965684,29.977929721292206,0.1882841012564974,108.0934112071991,True,SolutionResult.kSolutionFound,1,108.087738685,0.1945847715739434,0.5459309251234967,1.0334636343451147,7.282962539398837,0.998,0.998,0.0,0.0,,1.8497766714179975,1.0011666801223096,1.270212453295585,0.9998038662719844,acceleration,685.3631239125092,184.66521249414072,135989.8066894914,82.14185014469535,32.48441323181802
top,bottom,2,kinetic,tight,snopt,all,True,28.0,1.0,812171511,True,0.3920166492462158,50,0.526087760925293,22,22,6.01040392836962,,1.9867642652363235,5.311122889965684,29.977929721292206,0.033357873919149836,141.88153886795044,True,SolutionResult.kSolutionFound,3,141.876234634,0.17082462350882152,0.621954555891539,1.1663211628169876,5.12096855821365,1.0,1.0,0.0,0.0,,1.8205679107757833,1.0015310178750956,1.2966601304332783,0.9845511154010463,acceleration,687.8125778253439,186.44804434687305,97450.55713750559,60.97636131406934,27.434928343896104
top,bottom,6,parameterized,notebook,snopt,all,True,28.0,1.0,923075822,True,0.28060364723205566,48,0.6823651790618896,27,27,nan,TOPPRA returned no path parameterization,2.5055994703691575,5.348530291779243,23.17898925259944,0.39910608691686345,2.3461413383483887,True,SolutionResult.kSolutionFound,1,2.341130763,0.568469076962612,1.4243558181587668,2.9177308540899305,12.898667172755127,0.998,0.998,0.0,0.0,TOPPRA returned no path parameterization,nan,,,,,,,,,
top,bottom,6,cspace,notebook,snopt,all,True,28.0,1.0,923075822,True,0.28060364723205566,48,0.6823651790618896,27,27,nan,TOPPRA returned no path parameterization,2.5055994703691575,5.348530291779243,23.17898925259944,0.1869672499634175,2.774845600128174,True,SolutionResult.kSolutionFound,1,2.766274057,0.4971306124237458,1.5364590609978468,2.6589181395191703,11.408522227500525,1.0,1.0,0.0,0.0,TOPPRA returned no path parameterization,nan,,,,,,,,,
top,bottom,6,kinetic,notebook,snopt,all,True,28.0,1.0,923075822,True,0.28060364723205566,48,0.6823651790618896,27,27,nan,TOPPRA returned no path parameterization,2.5055994703691575,5.348530291779243,23.17898925259944,0.0431425196803115,4.057298421859741,True,SolutionResult.kSolutionFound,1,4.049718278,0.4836171384822364,1.745276539837682,3.0460863198454815,11.209756455252654,1.0,1.0,0.0,0.0,TOPPRA returned no path parameterization,nan,,,,,,,,,
top,bottom,6,parameterized,tight,snopt,all,True,28.0,1.0,923075822,True,0.28060364723205566,48,0.6823651790618896,27,27,nan,TOPPRA returned no path parameterization,2.5055994703691575,5.348530291779243,23.17898925259944,0.39910608691686345,11.357075214385986,True,SolutionResult.kSolutionFound,1,11.351763521,0.11464710052414125,0.2872597143526454,2.034058200051889,10.489511570126503,0.998,0.998,0.0,4.4679927845514555e-05,,3.290061180346422,1.004671447922269,1.4140368924471618,0.9927380989021062,acceleration,781.7582525522884,233.9427555361381,170113.0277834251,80.56613409258297,29.90278010735563
top,bottom,6,cspace,tight,snopt,all,True,28.0,1.0,923075822,True,0.28060364723205566,48,0.6823651790618896,27,27,nan,TOPPRA returned no path parameterization,2.5055994703691575,5.348530291779243,23.17898925259944,0.1869672499634175,99.4621798992157,False,SolutionResult.kSolverSpecificError,41,99.453914495,0.14819079440997834,0.41836202146723955,0.7926029528645991,5.3399832058618815,1.0,1.0,0.0,0.0,,1.828990385851722,1.0005353853042311,1.3606672854874775,1.0002382179265987,acceleration,675.3441148326253,179.4747960087749,131752.50257993978,79.30558947184863,32.732059441041194
top,bottom,6,kinetic,tight,snopt,all,True,28.0,1.0,923075822,True,0.28060364723205566,48,0.6823651790618896,27,27,nan,TOPPRA returned no path parameterization,2.5055994703691575,5.348530291779243,23.17898925259944,0.0431425196803115,114.47551345825195,True,SolutionResult.kSolutionFound,1,114.470276259,0.17606147016522355,0.4659344410767564,0.8927733107168454,4.080926924756573,1.0,1.0,0.0,0.0,,1.7648171013384317,1.0023481202929574,1.3828248401767786,1.0027404732122667,acceleration,673.678319313497,179.7275270997431,97998.3178057413,62.45889233217902,28.164911758194332
top,middle,5,parameterized,notebook,snopt,all,True,28.0,1.0,1802246541,True,0.3344094753265381,35,0.9068317413330078,17,17,4.856924034815277,,2.1597148155334946,5.819530463190786,35.63558724212977,0.46302409596286404,1.2980806827545166,True,SolutionResult.kSolutionFound,1,1.292202677,0.34947010078023266,0.7547557542410487,2.674626832561919,15.179440037455347,1.0,1.0,0.0,0.0,,2.747496005470241,1.003056753281837,1.0091466057329166,0.8193920073280783,acceleration,686.659460054369,268.9239282878907,175358.2357041816,81.73929318135062,22.509469396273598
top,middle,5,cspace,notebook,snopt,all,True,28.0,1.0,1802246541,True,0.3344094753265381,35,0.9068317413330078,17,17,4.856924034815277,,2.1597148155334946,5.819530463190786,35.63558724212977,0.17183516888950365,4.468544960021973,True,SolutionResult.kSolutionFound,1,4.459750697,0.2558100887952775,0.9022422659368523,1.4886946045356577,9.89229440906722,0.996,0.996,0.0,0.0,,1.952629500509388,1.0004566638289254,1.1616940036222214,0.9977736788667159,acceleration,653.6821903791252,252.37950383492648,164012.41269506817,81.75027845675731,31.01271848368714
top,middle,5,kinetic,notebook,snopt,all,True,28.0,1.0,1802246541,True,0.3344094753265381,35,0.9068317413330078,17,17,4.856924034815277,,2.1597148155334946,5.819530463190786,35.63558724212977,0.028061835861028304,3.368990182876587,True,SolutionResult.kSolutionFound,1,3.363661,0.3198063976193478,1.0797713787218248,1.927679429149098,11.396488782955513,1.0,1.0,0.0,0.0,,2.2586993353293936,1.0006379291128744,1.2028477326845692,1.0032022241087026,acceleration,696.0409219819547,273.0944607137563,170424.00450812627,81.72943276098238,36.946765984172124
top,middle,5,parameterized,tight,snopt,all,True,28.0,1.0,1802246541,True,0.3344094753265381,35,0.9068317413330078,17,17,4.856924034815277,,2.1597148155334946,5.819530463190786,35.63558724212977,0.46302409596286404,4.994264364242554,True,SolutionResult.kSolutionFound,1,4.984527261,0.15408604016032462,0.33278190380114003,2.003878695782663,9.942829143405099,0.998,0.998,0.0,3.5961014888119536e-05,,2.678229028939509,1.0016039664104794,1.2209499929882142,0.9448828720714629,acceleration,614.2119016199163,232.17467370115688,142169.11057352106,59.30651671796307,19.721815468188016
top,middle,5,cspace,tight,snopt,all,True,28.0,1.0,1802246541,True,0.3344094753265381,35,0.9068317413330078,17,17,4.856924034815277,,2.1597148155334946,5.819530463190786,35.63558724212977,0.17183516888950365,72.1652581691742,False,SolutionResult.kSolverSpecificError,41,72.155194835,0.15444882909073535,0.4563117504161134,0.8988196658976823,4.879716004023788,1.0,1.0,0.0,0.0,,1.4903650766879086,1.000511698291438,1.2096183544094665,1.0013202474096246,acceleration,584.2866050137338,217.45794092849053,106142.72008280468,55.658033832646936,33.4905490034364
top,middle,5,kinetic,tight,snopt,all,True,28.0,1.0,1802246541,True,0.3344094753265381,35,0.9068317413330078,17,17,4.856924034815277,,2.1597148155334946,5.819530463190786,35.63558724212977,0.028061835861028304,38.360098361968994,False,SolutionResult.kSolverSpecificError,41,38.3568241,0.10727302369438696,0.4833697294621644,0.937021435061486,3.822737194588381,1.0,1.0,0.0,0.0,,1.400687667494792,1.000604952870099,1.2034176192963284,0.8602173315695771,acceleration,570.2324868577648,210.0317471159672,85627.20454056024,45.694114645675214,32.701474272412355
top,middle,6,parameterized,notebook,snopt,all,True,28.0,1.0,1919240247,True,0.17877817153930664,43,0.6554298400878906,17,17,nan,TOPPRA returned no path parameterization,2.0886484964569005,13.175604870664106,62.06437518448375,0.47877850279564027,1.7306134700775146,True,SolutionResult.kSolutionFound,1,1.724907625,0.4091169529646896,0.8545015086847291,6.149018117507602,26.239376892484117,1.0,1.0,0.0,0.0,,3.6256430661568273,1.0082287088207886,1.0003485500545553,1.0146562472620777,torque,771.4373820291944,312.9075760870098,189090.31629867255,76.84027102242797,19.121109792411055
top,middle,6,cspace,notebook,snopt,all,True,28.0,1.0,1919240247,True,0.17877817153930664,43,0.6554298400878906,17,17,nan,TOPPRA returned no path parameterization,2.0886484964569005,13.175604870664106,62.06437518448375,0.07589784376628743,3.8949508666992188,True,SolutionResult.kSolutionFound,1,3.887063465,0.21024814494639366,0.9715250308492205,2.7701464826037983,13.994387941905874,0.998,0.998,0.0,0.0,,2.3819121143329953,1.0021638892549174,1.296834690716445,1.0087155957118914,acceleration,673.1110612837224,262.7191630248434,153671.48287714605,78.72375104845703,36.31824023551523
top,middle,6,kinetic,notebook,snopt,all,True,28.0,1.0,1919240247,True,0.17877817153930664,43,0.6554298400878906,17,17,nan,TOPPRA returned no path parameterization,2.0886484964569005,13.175604870664106,62.06437518448375,0.01611230270227553,3.8866162300109863,True,SolutionResult.kSolutionFound,1,3.879881175,0.1630212624132206,0.9236153493400409,2.056463578547768,10.117812793462303,0.994,0.994,0.0,0.0,,1.7569871781561894,1.0005889613209977,1.1533031993216365,1.0156305280492333,acceleration,648.8752445644238,250.8286227534654,132459.56998433702,76.85815691644008,39.561056023625405
top,middle,6,parameterized,tight,snopt,all,True,28.0,1.0,1919240247,True,0.17877817153930664,43,0.6554298400878906,17,17,nan,TOPPRA returned no path parameterization,2.0886484964569005,13.175604870664106,62.06437518448375,0.47877850279564027,6.125250339508057,True,SolutionResult.kSolutionFound,1,6.120088022,0.1575941317875443,0.32915874640848575,1.7408695815051114,8.335227500161592,0.998,0.998,0.0,8.256456178301619e-06,,2.3516345576238566,1.0014696376201595,1.231151070546117,0.9389604320395925,acceleration,591.7232363098236,221.43628028708338,125011.67333247443,55.78610010660651,25.34427764175879
top,middle,6,cspace,tight,snopt,all,True,28.0,1.0,1919240247,True,0.17877817153930664,43,0.6554298400878906,17,17,nan,TOPPRA returned no path parameterization,2.0886484964569005,13.175604870664106,62.06437518448375,0.07589784376628743,70.84046697616577,True,SolutionResult.kSolutionFound,1,70.835104098,0.06620956486919505,0.4503253330078699,0.8723510653751172,4.143633555095652,1.0,1.0,0.0,0.0,,1.4444023253785692,1.000355720309441,1.1939063553738247,0.9999306437016493,acceleration,566.2114300405053,208.0004365927248,93133.10220692158,48.32517513932766,28.298346948221173
top,middle,6,kinetic,tight,snopt,all,True,28.0,1.0,1919240247,True,0.17877817153930664,43,0.6554298400878906,17,17,nan,TOPPRA returned no path parameterization,2.0886484964569005,13.175604870664106,62.06437518448375,0.01611230270227553,35.87408232688904,True,SolutionResult.kSolutionFound,3,35.869213535,0.05915180773186498,0.4659831695834231,0.8971589436156672,3.671219987910916,1.0,1.0,0.0,0.0,,1.414204265243039,1.0006459159233498,1.1792842701841266,0.9140129095214,acceleration,573.4180774502,211.91697462394632,85923.89237668554,44.09044149608475,28.220408167059347
top,middle,1,parameterized,notebook,snopt,all,True,28.0,1.0,1812061588,True,0.20628905296325684,41,0.4512484073638916,17,17,4.476786887630141,,1.4814223127255748,5.671495343699293,27.767320942993173,0.6750269598411567,2.3277273178100586,True,SolutionResult.kSolutionFound,1,2.322595187,0.24943668160134067,0.3695210657364518,2.3638927448293456,11.710492593952171,1.0,1.0,0.0,0.0,,2.959121383693317,1.0016129251574901,1.2071162661863608,0.8717918960795511,acceleration,623.6644790134642,237.08344978938214,154838.4269228381,61.1158331080006,15.599306467748168
top,middle,1,cspace,notebook,snopt,all,True,28.0,1.0,1812061588,True,0.20628905296325684,41,0.4512484073638916,17,17,4.476786887630141,,1.4814223127255748,5.671495343699293,27.767320942993173,0.1763203422375975,4.883601427078247,True,SolutionResult.kSolutionFound,1,4.878488523,0.2049255250154553,0.5934868919021641,1.1622341609302875,6.10745063768386,0.996,0.996,0.0,0.0,,1.6003533118646116,1.0002515984461795,1.156448000794227,1.0008811340875876,acceleration,599.2593087425034,225.09760091525447,117969.2373124351,63.27978627615949,33.856299163372604
top,middle,1,kinetic,notebook,snopt,all,True,28.0,1.0,1812061588,True,0.20628905296325684,41,0.4512484073638916,17,17,4.476786887630141,,1.4814223127255748,5.671495343699293,27.767320942993173,0.036013557161420746,4.043603181838989,True,SolutionResult.kSolutionFound,1,4.038424983,0.22592971777386142,0.7748412598951553,1.4492251456379448,6.273462983986677,0.998,0.998,0.0,0.0,,1.5673232201361214,1.0006403943098403,1.2227303338128093,1.016345991493286,acceleration,645.8181485457669,248.54681462923006,115266.23910607075,66.80452262120754,48.513501366137874
top,middle,1,parameterized,tight,snopt,all,True,28.0,1.0,1812061588,True,0.20628905296325684,41,0.4512484073638916,17,17,4.476786887630141,,1.4814223127255748,5.671495343699293,27.767320942993173,0.6750269598411567,5.309044361114502,True,SolutionResult.kSolutionFound,1,5.302706803,0.2230698208001964,0.3304606098291104,2.0324958063572014,9.91105369686808,1.0,1.0,0.0,6.673473364937621e-05,,2.679404912852943,1.001571337075745,1.220660910386708,0.9068279565522835,acceleration,605.3162438204023,227.92568771054704,140433.73789394367,58.34900035712268,20.47456085349985
top,middle,1,cspace,tight,snopt,all,True,28.0,1.0,1812061588,True,0.20628905296325684,41,0.4512484073638916,17,17,4.476786887630141,,1.4814223127255748,5.671495343699293,27.767320942993173,0.1763203422375975,60.41888117790222,False,SolutionResult.kSolverSpecificError,41,60.412372131,0.15675183011962276,0.4492770031509137,0.8890172746397832,4.6205332913168125,0.998,0.998,0.0,0.0,,1.4876237518715854,1.0006212263784007,1.2061648323994112,1.000669873357106,acceleration,577.5614253146821,213.44554465783514,102424.9811393868,52.94816314882638,30.95928434559859
top,middle,1,kinetic,tight,snopt,all,True,28.0,1.0,1812061588,True,0.20628905296325684,41,0.4512484073638916,17,17,4.476786887630141,,1.4814223127255748,5.671495343699293,27.767320942993173,0.036013557161420746,67.86909055709839,True,SolutionResult.kSolutionFound,1,67.862746222,0.12918832507866637,0.5077520709384746,0.9545463528492487,3.587213684547063,1.0,1.0,0.0,0.0,,1.4255729436780897,1.0012478721874993,1.2161827150241542,0.9193861378133659,acceleration,561.6794356070727,206.04842047155515,83187.00180552309,41.842071310227176,31.27276407155336
top,middle,7,parameterized,notebook,snopt,all,True,28.0,1.0,90339489,True,0.3176088333129883,39,0.7310280799865723,15,15,4.293555616424904,,2.130651607901498,4.759477614490596,22.397217903468924,0.4693399879602611,3.5826451778411865,True,SolutionResult.kSolutionFound,1,3.576274246,0.17840459563411382,0.380118038544838,2.3369665302362583,11.533507760883834,1.0,1.0,0.0,0.0,,2.685404120337009,1.0009337735858932,1.1809530696848107,0.9266640236316054,acceleration,609.7944914822268,230.60176528955884,142167.6387840928,59.320007075064524,20.128144617860688
top,middle,7,cspace,notebook,snopt,all,True,28.0,1.0,90339489,True,0.3176088333129883,39,0.7310280799865723,15,15,4.293555616424904,,2.130651607901498,4.759477614490596,22.397217903468924,0.2101070917857504,7.811161756515503,True,SolutionResult.kSolutionFound,1,7.805338749,0.2354552456253376,0.5854453193049798,1.1206439707681792,6.290242888479779,1.0,1.0,0.0,0.0,,1.5421859791236399,1.0005274007416398,1.1446450632415872,0.9991194584519231,acceleration,588.3858398660677,219.42590018575635,114440.70240852803,60.39491429707617,36.90830099617375
top,middle,7,kinetic,notebook,snopt,all,True,28.0,1.0,90339489,True,0.3176088333129883,39,0.7310280799865723,15,15,4.293555616424904,,2.130651607901498,4.759477614490596,22.397217903468924,0.044648402507398835,3.377713441848755,True,SolutionResult.kSolutionFound,1,3.370442891,0.3174377679352269,1.09251011231575,1.7685055912751324,7.1097228592360775,1.0,1.0,0.0,0.0,,1.6166700502846683,1.000521595554359,1.2372471147120259,1.0019139299665087,acceleration,685.0961828469688,268.7534026343466,116243.20791074917,64.52437860865267,39.35343531123731
top,middle,7,parameterized,tight,snopt,all,True,28.0,1.0,90339489,True,0.3176088333129883,39,0.7310280799865723,15,15,4.293555616424904,,2.130651607901498,4.759477614490596,22.397217903468924,0.4693399879602611,5.045711994171143,True,SolutionResult.kSolutionFound,1,5.03796227,0.17805946935078032,0.3793826946743267,2.2805408807798453,11.246278469950585,1.0,1.0,0.0,2.4706086844350494e-05,,2.6506052168724423,1.00117404484501,1.189539078411013,0.9153860045576839,acceleration,609.7485253395473,229.993447142984,140432.04563988143,58.82182272584122,20.32945544016247
top,middle,7,cspace,tight,snopt,all,True,28.0,1.0,90339489,True,0.3176088333129883,39,0.7310280799865723,15,15,4.293555616424904,,2.130651607901498,4.759477614490596,22.397217903468924,0.2101070917857504,46.81369996070862,False,SolutionResult.kSolverSpecificError,41,46.808424177,0.21888799988193502,0.5241192779109177,1.0417925355186899,5.619657217863665,1.0,1.0,0.0,0.0,,1.4897106445442918,1.0005256227140764,1.180408358773885,1.0015001033042588,acceleration,587.853660363837,219.1529887782338,106184.50529760454,56.09913765166029,36.40897376757754
top,middle,7,kinetic,tight,snopt,all,True,28.0,1.0,90339489,True,0.3176088333129883,39,0.7310280799865723,15,15,4.293555616424904,,2.130651607901498,4.759477614490596,22.397217903468924,0.044648402507398835,57.65400528907776,True,SolutionResult.kSolutionFound,1,57.650781907,0.18870922224418477,0.6091477518000877,1.1327345897107484,4.226561570997152,1.0,1.0,0.0,0.0,,1.4451485329485434,1.0006866489411432,1.182958536711451,0.8987631932881102,acceleration,563.5081465937216,206.95428129709174,83550.4613113831,42.11999298056047,29.46772457057975
top,middle,4,parameterized,notebook,snopt,all,True,28.0,1.0,476784923,True,0.1212153434753418,29,0.4441225528717041,20,20,4.543462478891935,,1.215939180968611,2.3120876107319583,9.112540002232278,0.82240955440173,3.324028968811035,True,SolutionResult.kSolutionFound,1,3.319016789,0.24217789243006296,0.29447358817011726,1.8131419406460412,8.501424494482324,1.0,1.0,0.0,0.0,,2.719440649881612,1.002628830106839,1.3055305500012784,0.9012517166276081,acceleration,639.8853626901405,245.20477636949673,142522.33470478,59.011146617088414,18.58607775165339
top,middle,4,cspace,notebook,snopt,all,True,28.0,1.0,476784923,True,0.1212153434753418,29,0.4441225528717041,20,20,4.543462478891935,,1.215939180968611,2.3120876107319583,9.112540002232278,0.43250956207642194,3.7491507530212402,True,SolutionResult.kSolutionFound,1,3.744005697,0.45458913647192906,0.5517113766647287,1.0510499104100866,4.584810473223554,0.998,0.998,0.0,0.0,,1.5213525442753573,1.0001567511198943,1.2700699928571386,1.0007564166347724,acceleration,698.2063728940091,275.1552292388857,106233.44582343419,61.05806712664049,39.44887840307327
top,middle,4,kinetic,notebook,snopt,all,True,28.0,1.0,476784923,True,0.1212153434753418,29,0.4441225528717041,20,20,4.543462478891935,,1.215939180968611,2.3120876107319583,9.112540002232278,0.10973888726469594,6.859745264053345,True,SolutionResult.kSolutionFound,1,6.854594521,0.4613833208122297,0.5672845999220841,1.0518330716029012,4.204373967264211,1.0,1.0,0.0,0.0,,1.5581330115383476,1.0004363606567381,1.2126631725377772,0.9202328081922059,acceleration,678.9286507084837,264.84611493066035,103159.84261221022,54.67874513284496,29.65539015729861
top,middle,4,parameterized,tight,snopt,all,True,28.0,1.0,476784923,True,0.1212153434753418,29,0.4441225528717041,20,20,4.543462478891935,,1.215939180968611,2.3120876107319583,9.112540002232278,0.82240955440173,6.2112109661102295,True,SolutionResult.kSolutionFound,1,6.206113657,0.2295478811563026,0.27911626260627787,1.7754993551680844,8.735093519924458,1.0,1.0,0.0,3.091258381937578e-05,,2.7688737581264937,1.0021608565496198,1.2681779334563021,0.9470824914592786,acceleration,615.0909951680234,232.63526423525462,145929.16309105532,59.48745853885485,18.865669266654592
top,middle,4,cspace,tight,snopt,all,True,28.0,1.0,476784923,True,0.1212153434753418,29,0.4441225528717041,20,20,4.543462478891935,,1.215939180968611,2.3120876107319583,9.112540002232278,0.43250956207642194,61.909907579422,True,SolutionResult.kSolutionFound,3,61.904522186,0.3300935479792551,0.3907690947248392,0.7632052026653912,4.06809860350934,1.0,1.0,0.0,0.0,,1.479105582953652,1.0005950142621156,1.264246682297916,1.0010679527694917,acceleration,590.8583841618849,220.3816447322436,106088.63341116987,55.99787017217415,36.407742871350834
top,middle,4,kinetic,tight,snopt,all,True,28.0,1.0,476784923,True,0.1212153434753418,29,0.4441225528717041,20,20,4.543462478891935,,1.215939180968611,2.3120876107319583,9.112540002232278,0.10973888726469594,66.38116812705994,False,SolutionResult.kSolverSpecificError,41,66.375606992,0.34471929991017936,0.43928659994515157,0.832464254351945,3.1412684099730157,1.0,1.0,0.0,0.0,,1.4405423893603893,1.001489235056137,1.2609376274092274,0.9148561729937928,acceleration,567.1019920146588,208.85639729306385,83793.24338590291,42.64224019658807,30.356561987796006
top,middle,2,parameterized,notebook,snopt,all,True,28.0,1.0,1963494446,True,0.0782780647277832,25,0.3850443363189697,22,22,5.8905340560432755,,1.300668746516617,4.851355941082392,22.838114815539736,0.7688352646883749,1.271090030670166,True,SolutionResult.kSolutionFound,1,1.263705037,0.43033227090457643,0.5597197353831027,1.7504886921727294,8.290362790724016,1.0,1.0,0.0,0.0,,2.476104527832362,1.002940769165169,1.2814040661752795,1.0023698930664497,acceleration,646.2296756585172,248.95552321448557,150927.0702466311,62.4933606045723,23.704569224772687
top,middle,2,cspace,notebook,snopt,all,True,28.0,1.0,1963494446,True,0.0782780647277832,25,0.3850443363189697,22,22,5.8905340560432755,,1.300668746516617,4.851355941082392,22.838114815539736,0.20612793869272117,3.5709612369537354,True,SolutionResult.kSolutionFound,1,3.565559333,0.21614781246035478,0.6097679669805877,1.048609974131505,4.863407244791421,0.998,0.998,0.0,0.0,,1.6100784272696271,1.0013091682160626,1.223259830654767,1.0170865064167722,acceleration,675.3235464867406,263.2504734174022,117363.54019914412,61.30183950480454,36.20495511804927
top,middle,2,kinetic,notebook,snopt,all,True,28.0,1.0,1963494446,True,0.0782780647277832,25,0.3850443363189697,22,22,5.8905340560432755,,1.300668746516617,4.851355941082392,22.838114815539736,0.04378645120566475,2.622817039489746,True,SolutionResult.kSolutionFound,1,2.61734712,0.24147941140269752,0.8013980852957308,1.3763446234637224,5.51493452320376,1.0,1.0,0.0,0.0,,1.7424537777527926,1.0012612858652257,1.3071181418527424,1.0040233607863769,acceleration,665.44398270473,258.9594462088523,114171.11963515557,62.911527479016,40.46509816195037
top,middle,2,parameterized,tight,snopt,all,True,28.0,1.0,1963494446,True,0.0782780647277832,25,0.3850443363189697,22,22,5.8905340560432755,,1.300668746516617,4.851355941082392,22.838114815539736,0.7688352646883749,7.085986852645874,True,SolutionResult.kSolutionFound,1,7.080378148,0.1939881845965702,0.2523143688982542,1.6118599470669692,7.900521952379386,1.0,1.0,0.0,5.052780755310238e-05,,2.774038398956887,1.0027014375969499,1.3016192456796871,0.8925353371237974,acceleration,612.4032324341097,231.7283510528287,145618.09726422039,59.22605029375022,17.79360253339574
top,middle,2,cspace,tight,snopt,all,True,28.0,1.0,1963494446,True,0.0782780647277832,25,0.3850443363189697,22,22,5.8905340560432755,,1.300668746516617,4.851355941082392,22.838114815539736,0.20612793869272117,30.361153841018677,True,SolutionResult.kSolutionFound,3,30.355911304,0.14867872318941533,0.3689709667535146,0.7212934070575147,3.9300099899126772,1.0,1.0,0.0,0.0,,1.4825464191512987,1.0006927608311162,1.3009297747799349,0.931347586663767,acceleration,607.2160523630225,228.88303681131302,109454.6845308018,58.95526100285372,39.23663304295456
top,middle,2,kinetic,tight,snopt,all,True,28.0,1.0,1963494446,True,0.0782780647277832,25,0.3850443363189697,22,22,5.8905340560432755,,1.300668746516617,4.851355941082392,22.838114815539736,0.04378645120566475,118.51881337165833,True,SolutionResult.kSolutionFound,1,118.513768683,0.128354599121711,0.4217920247765512,0.7887686955256903,2.931377071844212,1.0,1.0,0.0,0.0,,1.4795473549898184,1.0013530271137256,1.2926392335324803,0.9694896147498732,acceleration,571.72639288391,210.49539841284033,85154.13781813145,42.05508419235299,28.879668043299823
top,middle,9,parameterized,notebook,snopt,all,True,28.0,1.0,1658475942,True,0.14430785179138184,31,0.5213625431060791,20,20,nan,TOPPRA returned no path parameterization,2.464819229256543,4.007594845401985,16.648916879492166,0.40570926586840506,1.329488754272461,True,SolutionResult.kSolutionFound,1,1.324361535,0.42646101516522583,1.0511493107075136,2.031806952944153,9.13425643241446,1.0,1.0,0.0,0.0,TOPPRA returned no path parameterization,nan,,,,,,,,,
top,middle,9,cspace,notebook,snopt,all,True,28.0,1.0,1658475942,True,0.14430785179138184,31,0.5213625431060791,20,20,nan,TOPPRA returned no path parameterization,2.464819229256543,4.007594845401985,16.648916879492166,0.24952622173055375,8.426237344741821,True,SolutionResult.kSolutionFound,1,8.421471166,0.24639220717911733,0.59489106309344,0.9874401394382485,5.3398204526976585,1.0,1.0,0.0,0.0,,1.6239419946228255,1.0006651387663195,1.2192326227357602,1.003397574705185,acceleration,624.7734060541138,237.71192720685468,121652.39200605653,66.64672735221254,36.11942707303324
top,middle,9,kinetic,notebook,snopt,all,True,28.0,1.0,1658475942,True,0.14430785179138184,31,0.5213625431060791,20,20,nan,TOPPRA returned no path parameterization,2.464819229256543,4.007594845401985,16.648916879492166,0.060063967358247906,43.91408681869507,True,SolutionResult.kSolutionFound,1,43.90904595,0.2997311873913902,0.8004887460264114,1.1953413483228557,4.990199625070743,1.0,1.0,0.0,0.0,,1.6840286312475743,1.0008513527166913,1.2482842284265072,1.0113157480377337,acceleration,662.3053653912627,257.2204500515164,118288.72357467846,61.82775907985978,40.51049034913091
top,middle,9,parameterized,tight,snopt,all,True,28.0,1.0,1658475942,True,0.14430785179138184,31,0.5213625431060791,20,20,nan,TOPPRA returned no path parameterization,2.464819229256543,4.007594845401985,16.648916879492166,0.40570926586840506,7.715829849243164,True,SolutionResult.kSolutionFound,1,7.712520129,0.11194897336936808,0.2759339822563485,1.4820486071214467,7.237751768135471,0.998,0.998,0.0,4.1260835879963764e-05,,2.444697523082827,1.0017650390919486,1.274093373287006,0.9699860233145181,acceleration,599.4353845077624,225.13116793148333,130169.75963919607,56.92360620089744,22.273247325931045
top,middle,9,cspace,tight,snopt,all,True,28.0,1.0,1658475942,True,0.14430785179138184,31,0.5213625431060791,20,20,nan,TOPPRA returned no path parameterization,2.464819229256543,4.007594845401985,16.648916879492166,0.24952622173055375,80.30189561843872,True,SolutionResult.kSolutionFound,1,80.296427181,0.1835730120735585,0.379615958752712,0.7356862569409093,3.5976596003146963,0.998,0.998,0.0,0.0,,1.4549882617088243,1.0001314089056583,1.248459162535941,1.002679621153288,acceleration,567.2698686891183,208.603615906777,96756.99133196051,50.29383117585449,29.662068671651138
top,middle,9,kinetic,tight,snopt,all,True,28.0,1.0,1658475942,True,0.14430785179138184,31,0.5213625431060791,20,20,nan,TOPPRA returned no path parameterization,2.464819229256543,4.007594845401985,16.648916879492166,0.060063967358247906,130.06799268722534,False,SolutionResult.kSolverSpecificError,41,130.065265596,0.18132131431713633,0.4244480578379912,0.7993146905614351,3.0188034905462757,1.0,1.0,0.0,0.0,,1.4293402878255295,1.0014502670415912,1.2698345773427873,0.9247369198217267,acceleration,559.6814679921789,205.19066315503892,83487.90620389151,41.814272989233146,30.84690438643508
