start,goal,trial,metric,solver_setting,solver,toppra_limits,shortcut,payload_mass,torque_limit_scale,seed,rrt_success,rrt_time,rrt_waypoints,shortcut_time,shortcut_waypoints,num_control_points,shortcut_duration,shortcut_toppra_note,initial_parameterized,initial_cspace,initial_kinetic,cost_scale,solve_time,trajopt_success,solution_result,solver_exit_code,snopt_solve_time,final_cost,final_parameterized,final_cspace,final_kinetic,feasible_fraction,collision_free_fraction,worst_reachability_violation,worst_joint_limit_violation,toppra_note,duration,peak_velocity_utilization,peak_acceleration_utilization,peak_torque_utilization,median_velocity_utilization,velocity_active_fraction,median_acceleration_utilization,acceleration_active_fraction,median_torque_utilization,torque_active_fraction,binding_limit,mechanical_work,positive_work,thermal_integral,kinetic_energy_integral,peak_kinetic_energy
bottom,middle,0,parameterized,notebook,snopt,all,True,0.0,0.3,1178565597,True,1.1269209384918213,49,0.84000563621521,17,17,5.984696378839106,,4.239167263994292,8.653506838271408,23.43304246023828,0.2358953864579915,13.688707113265991,False,SolutionResult.kIterationLimit,31,13.675354769,3023.9871130893066,12819.187176548794,13147.00710734559,41794.7244495297,0.006,0.036,12.540395440837745,0.9984390410238166,,113.79470158138844,9.505700886958486,67.15288548234946,47.931981716297756,0.992691330704218,0.51,0.24277152165038307,0.085,0.7901851663961477,0.1475,acceleration,29952.91458344085,20686.479422092587,4014886.1672536293,3977.8215727603856,401.37201784048807
bottom,middle,0,cspace,notebook,snopt,all,True,0.0,0.3,1178565597,True,1.1269209384918213,49,0.84000563621521,17,17,5.984696378839106,,4.239167263994292,8.653506838271408,23.43304246023828,0.11556008664341175,15.641084909439087,False,SolutionResult.kIterationLimit,31,15.629082744,788.9925182608678,6826.934614089014,6827.552152115399,21753.821321375945,0.042,0.128,10.58524770846289,0.9576733601477163,,100.2580103880631,24.45319878331662,1873.9133392294243,1323.0130208355654,0.996513672484413,0.53,0.2040045981895472,0.0625,0.7878738581557345,0.0875,acceleration,850120.2395615333,12328.538247855282,1920377235.3099918,3906.026409553165,2510.6176458717423
bottom,middle,0,kinetic,notebook,snopt,all,True,0.0,0.3,1178565597,True,1.1269209384918213,49,0.84000563621521,17,17,5.984696378839106,,4.239167263994292,8.653506838271408,23.43304246023828,0.042674782913777534,18.91350817680359,False,SolutionResult.kIterationLimit,31,18.904553518,1368.5333445011318,8393.535173333126,8735.10268896783,32068.899969946924,0.028,0.124,11.972531115833538,0.997696975898759,,145.9791048289981,11.571127828166523,59.59406946797235,41.913219307379066,0.9210795377527974,0.3775,0.1928254715767241,0.0925,0.8541330268311702,0.115,acceleration,55337.120575773035,47589.26122571634,6405357.877652716,4607.789779314369,1052.6217563550206
bottom,middle,0,parameterized,tight,snopt,all,True,0.0,0.3,1178565597,True,1.1269209384918213,49,0.84000563621521,17,17,5.984696378839106,,4.239167263994292,8.653506838271408,23.43304246023828,0.2358953864579915,14.391456365585327,False,SolutionResult.kIterationLimit,31,14.383568042,3023.9871130893066,12819.187176548794,13147.00710734559,41794.7244495297,0.006,0.036,12.540395440837745,0.9984390410238166,,113.79470158138844,9.505700886958486,67.15288548234946,47.931981716297756,0.992691330704218,0.51,0.24277152165038307,0.085,0.7901851663961477,0.1475,acceleration,29952.91458344085,20686.479422092587,4014886.1672536293,3977.8215727603856,401.37201784048807
bottom,middle,0,cspace,tight,snopt,all,True,0.0,0.3,1178565597,True,1.1269209384918213,49,0.84000563621521,17,17,5.984696378839106,,4.239167263994292,8.653506838271408,23.43304246023828,0.11556008664341175,17.388041257858276,False,SolutionResult.kIterationLimit,31,17.376138355,788.9925182608678,6826.934614089014,6827.552152115399,21753.821321375945,0.042,0.128,10.58524770846289,0.9576733601477163,,100.2580103880631,24.45319878331662,1873.9133392294243,1323.0130208355654,0.996513672484413,0.53,0.2040045981895472,0.0625,0.7878738581557345,0.0875,acceleration,850120.2395615333,12328.538247855282,1920377235.3099918,3906.026409553165,2510.6176458717423
bottom,middle,0,kinetic,tight,snopt,all,True,0.0,0.3,1178565597,True,1.1269209384918213,49,0.84000563621521,17,17,5.984696378839106,,4.239167263994292,8.653506838271408,23.43304246023828,0.042674782913777534,18.38888692855835,False,SolutionResult.kIterationLimit,31,18.380993509,1368.5333445011318,8393.535173333126,8735.10268896783,32068.899969946924,0.028,0.124,11.972531115833538,0.997696975898759,,145.9791048289981,11.571127828166523,59.59406946797235,41.913219307379066,0.9210795377527974,0.3775,0.1928254715767241,0.0925,0.8541330268311702,0.115,acceleration,55337.120575773035,47589.26122571634,6405357.877652716,4607.789779314369,1052.6217563550206
bottom,top,1,parameterized,notebook,snopt,all,True,0.0,0.3,502992042,True,0.21533679962158203,27,0.8195607662200928,16,16,5.130596156844041,,1.8186302897418822,5.849342098841292,24.082646596949488,0.5498643708072902,1.6931695938110352,True,SolutionResult.kSolutionFound,1,1.678273141,0.45844366299970807,0.8337395316714866,2.758871639178584,11.325042684001332,1.0,1.0,0.0,0.0,,2.720935584299219,1.0025039746227,1.2041816954655138,1.0037419934816092,1.0000353287014176,0.6875,0.26462758048335366,0.205,0.7343930232384108,0.03,acceleration,284.5775539474756,220.81286240344755,27852.627204793283,55.56262473642062,17.34607087692382
bottom,top,1,cspace,notebook,snopt,all,True,0.0,0.3,502992042,True,0.21533679962158203,27,0.8195607662200928,16,16,5.130596156844041,,1.8186302897418822,5.849342098841292,24.082646596949488,0.17095939733087112,3.6775898933410645,True,SolutionResult.kSolutionFound,1,3.666077197,0.2868537490235173,0.8999483614669079,1.6779057103737136,6.470777557316175,1.0,1.0,0.0,0.0,,1.8459302138443945,1.000675067451712,1.1413342594044456,1.0067548390055132,0.9999623433000757,0.625,0.44461748931498446,0.1,0.7479100421058127,0.065,acceleration,261.6548314797232,208.1752442433695,23192.935918469084,52.777464345085804,19.697442279477556
bottom,top,1,kinetic,notebook,snopt,all,True,0.0,0.3,502992042,True,0.21533679962158203,27,0.8195607662200928,16,16,5.130596156844041,,1.8186302897418822,5.849342098841292,24.082646596949488,0.0415236753973157,9.303679704666138,True,SolutionResult.kSolutionFound,1,9.294790336,0.24051780933254985,0.9269370764537115,1.5728897805143724,5.792305402428278,1.0,1.0,0.0,0.0,,1.656633023210487,1.0008003479096153,1.0984195609935885,1.0069804957685982,0.9999512617713489,0.595,0.4172208640138035,0.1175,0.7471220570838449,0.055,acceleration,262.06776482516625,208.62179541320768,21603.968783450557,54.20581468850412,23.074870087896247
bottom,top,1,parameterized,tight,snopt,all,True,0.0,0.3,502992042,True,0.21533679962158203,27,0.8195607662200928,16,16,5.130596156844041,,1.8186302897418822,5.849342098841292,24.082646596949488,0.5498643708072902,10.55885624885559,True,SolutionResult.kSolutionFound,1,10.551186825,0.27651731568535826,0.5028827659435083,3.198922716761892,13.114167006059018,0.998,0.998,0.0,2.0970093100647347e-05,,3.1190046450498516,1.0016720831930925,1.2346618375469125,1.0095304686732718,1.0000000515413383,0.7075,0.17499606817915647,0.1675,0.7085482097746776,0.0425,acceleration,296.65528420653345,227.05744235170732,29006.88003320422,60.36834439572001,21.81021832524908
bottom,top,1,cspace,tight,snopt,all,True,0.0,0.3,502992042,True,0.21533679962158203,27,0.8195607662200928,16,16,5.130596156844041,,1.8186302897418822,5.849342098841292,24.082646596949488,0.17095939733087112,41.741278648376465,True,SolutionResult.kSolutionFound,1,41.733676741,0.23254548410609585,0.7274147177863192,1.3602380900772144,5.4289180961592995,1.0,1.0,0.0,0.0,,1.7096837599244088,1.0006534436154977,1.0897638870391821,1.0073324015985488,0.9999705903719851,0.595,0.4095816853872716,0.125,0.7349969875276116,0.065,acceleration,258.8760880851494,206.57426956050963,21880.53917055241,50.14950995133903,24.965210731201932
bottom,top,1,kinetic,tight,snopt,all,True,0.0,0.3,502992042,True,0.21533679962158203,27,0.8195607662200928,16,16,5.130596156844041,,1.8186302897418822,5.849342098841292,24.082646596949488,0.0415236753973157,50.08926200866699,True,SolutionResult.kSolutionFound,1,50.080861743,0.2192702017899433,0.7906088198729542,1.415492143294036,5.280606778949005,1.0,1.0,0.0,0.0,,1.6043817392636184,1.0007133269330757,1.0492867286907273,1.1033769555126127,0.9997437126454337,0.5275,0.5680107098124154,0.1075,0.7825056343242335,0.1575,torque,266.78996779767624,211.75617687640474,21050.215040236282,52.79349115397328,30.411342551300553
bottom,middle,4,parameterized,notebook,snopt,all,True,0.0,0.3,1095942084,True,0.7486588954925537,42,1.0336580276489258,11,11,3.7532642248452075,,6.300809260908588,12.030618147434614,41.17774215319822,0.15870977180728021,5.032922029495239,True,SolutionResult.kSolutionFound,1,5.020164787,0.14727207956296978,0.9279332827836249,2.517916162033488,10.578945591752364,1.0,1.0,0.0,0.0,,2.0090525319601693,1.0004666947378413,1.0000605633539073,1.1467783656141837,0.9999642562838474,0.615,0.48924669623299805,0.1425,0.806653705638128,0.0975,torque,218.73103010532452,149.23594475051536,24944.201934691577,50.279660944412015,21.50205359406781
bottom,middle,4,cspace,notebook,snopt,all,True,0.0,0.3,1095942084,True,0.7486588954925537,42,1.0336580276489258,11,11,3.7532642248452075,,6.300809260908588,12.030618147434614,41.17774215319822,0.08312124844667587,4.269962549209595,True,SolutionResult.kSolutionFound,1,4.258010459,0.17539002758660874,1.213825251821103,2.1100504487625127,9.19087941747163,1.0,1.0,0.0,0.0,,1.793415222022822,1.0005244459231846,1.06000242510186,1.0109361959711574,0.9999121419453599,0.535,0.4052846301496773,0.155,0.7686644831862118,0.1825,acceleration,204.35951783211019,141.34251340795623,23370.886157228597,49.48789130657339,21.94685520265758
bottom,middle,4,kinetic,notebook,snopt,all,True,0.0,0.3,1095942084,True,0.7486588954925537,42,1.0336580276489258,11,11,3.7532642248452075,,6.300809260908588,12.030618147434614,41.17774215319822,0.02428496434504803,7.268446207046509,True,SolutionResult.kSolutionFound,1,7.259529709,0.1877278353115469,1.115250857886559,1.9666507632789496,7.7302083974369395,1.0,1.0,0.0,0.0,,1.6727624886627273,1.0003697622605912,1.0989182887650428,1.0390150509219402,0.9999516807561926,0.54,0.5192056782832519,0.13,0.7716253767028347,0.18,acceleration,203.86471652781046,141.77902577821507,23171.638318726804,45.98997935735325,22.412538303483263
bottom,middle,4,parameterized,tight,snopt,all,True,0.0,0.3,1095942084,True,0.7486588954925537,42,1.0336580276489258,11,11,3.7532642248452075,,6.300809260908588,12.030618147434614,41.17774215319822,0.15870977180728021,9.633325099945068,True,SolutionResult.kSolutionFound,1,9.625214631,0.02524948415715783,0.1590921836105833,0.8613961585520471,3.302839561021503,1.0,1.0,0.0,1.3133476536530964e-05,,1.5356587675563944,1.0003657930315204,1.1421554843477222,1.0104952188545786,0.9999965844773469,0.6125,0.1107882217486002,0.1025,0.6570408949081191,0.1225,acceleration,111.20464462035748,93.79338223755357,14977.845953429694,20.65970553378526,12.673532929068699
bottom,middle,4,cspace,tight,snopt,all,True,0.0,0.3,1095942084,True,0.7486588954925537,42,1.0336580276489258,11,11,3.7532642248452075,,6.300809260908588,12.030618147434614,41.17774215319822,0.08312124844667587,45.372180461883545,True,SolutionResult.kSolutionFound,1,45.361461405,0.03938822795006533,0.23969500136664162,0.4738647299713472,1.6989732206795087,1.0,1.0,0.0,0.0,,1.006889482426049,1.0002521858578912,1.101181758953163,1.0078139576379523,0.9998628991561094,0.525,0.6154579396203856,0.24,0.7248818711501135,0.055,acceleration,110.83383913727567,93.26842752721711,11382.883400507948,17.413624924054403,14.266921830817406
bottom,middle,4,kinetic,tight,snopt,all,True,0.0,0.3,1095942084,True,0.7486588954925537,42,1.0336580276489258,11,11,3.7532642248452075,,6.300809260908588,12.030618147434614,41.17774215319822,0.02428496434504803,62.715933084487915,True,SolutionResult.kSolutionFound,1,62.707664718,0.04127104048881092,0.23969072843180522,0.4777357582931482,1.6994482636424597,1.0,1.0,0.0,0.0,,1.0144222171402812,1.0002739035184272,1.1054465547000543,1.0099973605669423,0.9998915330375678,0.53,0.5476803188313752,0.2425,0.7268003865474266,0.0525,acceleration,109.67754756654483,92.59921312883387,11262.368576151282,17.28334605034517,13.620617507407987
bottom,top,4,parameterized,notebook,snopt,all,True,0.0,0.3,1838282789,True,0.4852023124694824,29,0.9888262748718262,19,19,5.496637946420087,,2.155158726431325,4.53338186016062,17.213330786207926,0.46400294685295673,3.9948570728302,True,SolutionResult.kSolutionFound,1,3.979565776,0.4372985569703197,0.9424478011104096,2.3164014682948144,9.002894586751534,0.998,0.998,0.0,0.0,,2.489042190378078,1.0008873897809942,1.1897693161790897,1.0247725879115186,0.9949271655785428,0.5075,0.7020288835567139,0.22,0.766732317427684,0.12,acceleration,343.84490007973216,249.91999738986135,30839.38263626371,63.07502253195891,22.242992373136378
bottom,top,4,cspace,notebook,snopt,all,True,0.0,0.3,1838282789,True,0.4852023124694824,29,0.9888262748718262,19,19,5.496637946420087,,2.155158726431325,4.53338186016062,17.213330786207926,0.22058587404427682,4.9468629360198975,True,SolutionResult.kSolutionFound,1,4.93291659,0.36955529507812424,0.9465603005619767,1.6753352710334741,6.339777437634653,1.0,1.0,0.0,0.0,,1.9354535548457783,1.0005020204916804,1.240868246972523,1.0071306675342724,0.9996590860884845,0.5425,0.6529366344923447,0.1175,0.7917420877560647,0.1525,acceleration,294.7266111008031,226.16247673788627,25540.30097133184,61.01102251510238,25.864055458800912
bottom,top,4,kinetic,notebook,snopt,all,True,0.0,0.3,1838282789,True,0.4852023124694824,29,0.9888262748718262,19,19,5.496637946420087,,2.155158726431325,4.53338186016062,17.213330786207926,0.05809450898377226,13.943544864654541,True,SolutionResult.kSolutionFound,1,13.933514897,0.303086080540754,0.8810538633188669,1.4396237147991546,5.217120961043255,1.0,1.0,0.0,0.0,,1.7225451744419726,1.000588833705183,1.2006630656823436,1.0068700659304903,0.9964348044245304,0.51,0.5591261102421872,0.14,0.7886461969629288,0.0925,acceleration,279.76069892212206,218.17015249742465,22845.494810720207,57.73211499947374,27.413494019126166
bottom,top,4,parameterized,tight,snopt,all,True,0.0,0.3,1838282789,True,0.4852023124694824,29,0.9888262748718262,19,19,5.496637946420087,,2.155158726431325,4.53338186016062,17.213330786207926,0.46400294685295673,19.999488592147827,True,SolutionResult.kSolutionFound,1,19.990444822,0.1934167225532555,0.41684373744839326,2.6596489618167403,10.926544534331713,1.0,1.0,0.0,4.18413142155849e-05,,3.1353290034930428,1.0026611436122597,1.1950630054376703,1.008653607942082,0.9999982176806579,0.7075,0.18435007235889037,0.1725,0.7140229088466947,0.0325,acceleration,299.5348998135231,228.33378584377897,29386.199362990257,60.93633425783755,22.553418738393127
bottom,top,4,cspace,tight,snopt,all,True,0.0,0.3,1838282789,True,0.4852023124694824,29,0.9888262748718262,19,19,5.496637946420087,,2.155158726431325,4.53338186016062,17.213330786207926,0.22058587404427682,48.47694158554077,False,SolutionResult.kSolverSpecificError,41,48.469793042,0.2477698577745673,0.5998047389680922,1.1232353787298002,4.652204506393977,0.996,0.996,0.0,0.0,,1.7510780293124295,1.0007350873013838,1.1492552934351221,1.0046414373175623,0.9998911950578391,0.575,0.43306350701105284,0.12,0.7402267111850535,0.11,acceleration,259.78559447960606,207.74719978172274,22363.289834018677,49.46738402692577,23.103433934749834
bottom,top,4,kinetic,tight,snopt,all,True,0.0,0.3,1838282789,True,0.4852023124694824,29,0.9888262748718262,19,19,5.496637946420087,,2.155158726431325,4.53338186016062,17.213330786207926,0.05809450898377226,44.15184164047241,False,SolutionResult.kSolverSpecificError,41,44.14613923,0.26093960394728277,0.6567865024102606,1.1796787716452881,4.491639717966666,1.0,1.0,0.0,0.0,,1.6282487861583905,1.000541445365957,1.139264959930194,1.0056838854753771,0.9999672554449193,0.6,0.5533241288989561,0.1075,0.7281966315619204,0.07,acceleration,262.03798231178445,209.10913822970963,21240.793058033792,52.23209408619316,25.70695344320151
bottom,middle,6,parameterized,notebook,snopt,all,True,0.0,0.3,794615528,True,0.33426642417907715,45,1.2955830097198486,14,14,4.509341622212603,,3.957795291090048,7.850812382362247,25.368120749656427,0.2526659229322045,2.194148063659668,True,SolutionResult.kSolutionFound,1,2.18019386,0.25095387424786564,0.9932240617790072,2.3967676167971605,8.862220404536279,1.0,1.0,0.0,0.0,,2.122920888344136,1.0005017008197032,1.000607834898688,1.241204460386436,0.9766260324400176,0.48,0.4401207114253256,0.0875,0.8291461037585592,0.1425,torque,257.70919821139046,169.37873473048148,23938.07669880781,54.73610579956537,31.570551363996525
bottom,middle,6,cspace,notebook,snopt,all,True,0.0,0.3,794615528,True,0.33426642417907715,45,1.2955830097198486,14,14,4.509341622212603,,3.957795291090048,7.850812382362247,25.368120749656427,0.12737535318594737,6.838394403457642,True,SolutionResult.kSolutionFound,1,6.825445505,0.23707441929677517,1.0871092638702713,1.8612267865564618,6.969377896801513,1.0,1.0,0.0,0.0,,1.8245269947492075,1.000371574151342,1.1410749752808091,1.068870408472042,0.8585328548080279,0.3225,0.6057630569921983,0.075,0.9008437562832504,0.23,acceleration,261.32919891844523,170.48093183247755,23052.50644383706,51.1433182002688,25.270697149909633
bottom,middle,6,kinetic,notebook,snopt,all,True,0.0,0.3,794615528,True,0.33426642417907715,45,1.2955830097198486,14,14,4.509341622212603,,3.957795291090048,7.850812382362247,25.368120749656427,0.03941955377256486,6.61204719543457,True,SolutionResult.kSolutionFound,1,6.603018722,0.3279967071856421,1.6061580493901375,2.6743309122667647,8.320660073375072,1.0,1.0,0.0,0.0,,1.9225807816770364,1.0002541793266342,1.0857085226063918,1.1723611051694431,0.7869423157096398,0.3025,0.5047536564179186,0.045,0.9586515588820088,0.415,torque,290.0270689535666,186.3097154410622,24223.78055926764,59.72188040146739,36.40834710905139
bottom,middle,6,parameterized,tight,snopt,all,True,0.0,0.3,794615528,True,0.33426642417907715,45,1.2955830097198486,14,14,4.509341622212603,,3.957795291090048,7.850812382362247,25.368120749656427,0.2526659229322045,10.683702230453491,True,SolutionResult.kSolutionFound,1,10.674300378,0.030337851139555304,0.12007100438192195,0.6484167153154378,2.4830607553387467,1.0,1.0,0.0,4.14690641887816e-05,,1.5567339715564819,1.0006245527377005,1.1893030564788896,1.0093116993546942,0.9999604575084153,0.6125,0.12942252793149506,0.175,0.6565350356872454,0.08,acceleration,110.67125141734883,93.21236027987538,15112.255890165576,20.474959656614303,12.26294959114983
bottom,middle,6,cspace,tight,snopt,all,True,0.0,0.3,794615528,True,0.33426642417907715,45,1.2955830097198486,14,14,4.509341622212603,,3.957795291090048,7.850812382362247,25.368120749656427,0.12737535318594737,60.160959005355835,True,SolutionResult.kSolutionFound,1,60.140209782,0.046782164081937264,0.18597662121858594,0.36727799304817543,1.320752656299209,1.0,1.0,0.0,0.0,,1.010682928967123,1.0004333626356448,1.1427654856720402,1.0064945948222301,0.9995273493879702,0.515,0.5667705366822027,0.205,0.6973593552333337,0.0675,acceleration,111.11498066121001,93.46721241818295,11403.38857433648,17.375090358996406,13.844230050750609
bottom,middle,6,kinetic,tight,snopt,all,True,0.0,0.3,794615528,True,0.33426642417907715,45,1.2955830097198486,14,14,4.509341622212603,,3.957795291090048,7.850812382362247,25.368120749656427,0.03941955377256486,69.1415421962738,True,SolutionResult.kSolutionFound,1,69.131785054,0.05351587057312639,0.19250522018644978,0.3814484969325549,1.3575970667220554,1.0,1.0,0.0,0.0,,1.0285049276093607,1.000503322347184,1.1501572207000492,1.0039164456269896,0.9998980706795293,0.5375,0.4833117291103692,0.25,0.6824616611077502,0.055,acceleration,111.17479714769476,93.32485175367195,11377.696804450947,17.25150855364673,12.895958526867037
bottom,top,9,parameterized,notebook,snopt,all,True,0.0,0.3,320898200,True,0.6114640235900879,40,1.843214988708496,14,14,4.87169353057227,,2.2827666939619564,5.828449017289443,24.712468704372494,0.4380649159833351,2.4751639366149902,True,SolutionResult.kSolutionFound,1,2.459723895,0.44945271980763357,1.02599569928748,3.1730227084910108,13.66258618022361,0.998,0.998,0.0,0.0,,2.6654694972122424,1.0013100995001734,1.1250252817089963,1.0048959229207168,1.0000073150497184,0.625,0.2694448900951939,0.2025,0.7383248823777115,0.025,acceleration,277.2713222170899,216.72850801866988,29360.87303674096,56.81388572980111,16.496318978208084
bottom,top,9,cspace,notebook,snopt,all,True,0.0,0.3,320898200,True,0.6114640235900879,40,1.843214988708496,14,14,4.87169353057227,,2.2827666939619564,5.828449017289443,24.712468704372494,0.17157223079992837,7.843285083770752,True,SolutionResult.kSolutionFound,1,7.829522395,0.3084501501939872,0.9847522983992398,1.797785974780926,7.358331155910663,0.994,0.994,0.0,0.0,,1.7737438621318482,1.0007224757928255,1.1940124985163878,1.0069603043747273,1.0000004108982647,0.655,0.3480205309741007,0.115,0.7678962184368517,0.09,acceleration,259.3663142071647,207.679648947424,23291.79799270382,54.63680723410593,23.875631468828733
bottom,top,9,kinetic,notebook,snopt,all,True,0.0,0.3,320898200,True,0.6114640235900879,40,1.843214988708496,14,14,4.87169353057227,,2.2827666939619564,5.828449017289443,24.712468704372494,0.04046540278766505,4.551024913787842,True,SolutionResult.kSolutionFound,1,4.541108386,0.31740714656381885,1.2297558538505349,2.090566481473551,7.843914176002548,0.994,0.994,0.0,0.0,,1.885791549512211,1.000432042118295,1.1478212805501695,1.058442666983657,0.9999590070868396,0.575,0.43080346270379954,0.08,0.7646381690669527,0.16,acceleration,269.2634047170051,213.00230194860748,24688.056093075724,53.98948480388681,21.671045474682096
bottom,top,9,parameterized,tight,snopt,all,True,0.0,0.3,320898200,True,0.6114640235900879,40,1.843214988708496,14,14,4.87169353057227,,2.2827666939619564,5.828449017289443,24.712468704372494,0.4380649159833351,19.039464473724365,True,SolutionResult.kSolutionFound,1,19.025009361,0.2586029003790762,0.5903300879473186,3.5135083961295566,14.356667221457187,1.0,1.0,0.0,2.3022454388677005e-05,,2.978490303780663,1.0012580329424092,1.3182648913791628,1.0192523844881414,1.0000028624742483,0.705,0.1774584349892292,0.17,0.7001710291920342,0.0575,acceleration,289.8814687923024,223.1763136656461,27698.235718332893,59.43790853522144,19.517764705208133
bottom,top,9,cspace,tight,snopt,all,True,0.0,0.3,320898200,True,0.6114640235900879,40,1.843214988708496,14,14,4.87169353057227,,2.2827666939619564,5.828449017289443,24.712468704372494,0.17157223079992837,40.3710150718689,False,SolutionResult.kSolverSpecificError,41,40.361901776,0.27996569427794477,0.8917039051720259,1.6317657756890442,6.369951995777847,1.0,1.0,0.0,0.0,,1.6936373656441646,1.0007149605053112,1.084509894367733,1.056134830123432,0.9999892983635521,0.5875,0.4560901964804913,0.115,0.7405675959504351,0.0675,acceleration,255.72377002061106,205.5181086289526,21140.785173144395,51.01055876077814,23.259963227451212
bottom,top,9,kinetic,tight,snopt,all,True,0.0,0.3,320898200,True,0.6114640235900879,40,1.843214988708496,14,14,4.87169353057227,,2.2827666939619564,5.828449017289443,24.712468704372494,0.04046540278766505,81.38195562362671,True,SolutionResult.kSolutionFound,1,81.373865004,0.2508932576923728,0.9561860572432948,1.6975020819462787,6.200191778860825,0.998,0.998,0.0,0.0,,1.6232924390616355,1.0006427114485121,1.032452004822837,1.072011232470801,0.9999370299044057,0.575,0.6464268294838499,0.1225,0.7780255737973424,0.0725,torque,263.37553711737144,209.71364667620588,20601.941192611328,52.70064515466548,27.684454177800745
bottom,middle,3,parameterized,notebook,snopt,all,True,0.0,0.3,1597385319,True,0.49016427993774414,39,0.8666255474090576,19,19,5.430354142297267,,2.277619520966076,4.187202175071336,13.761522523822563,0.43905489516345536,5.003310918807983,True,SolutionResult.kSolutionFound,1,4.977057596,0.22884028294814468,0.5212110956260947,1.4914171672557706,5.9181006898913555,1.0,1.0,0.0,0.0,,1.9952950638948015,1.0025122392904071,1.272192426351345,1.0051524005968557,0.9812953597562903,0.4875,0.7365272255523063,0.205,0.782291448504407,0.07,acceleration,259.363410499079,169.31247589928535,23617.61704446873,49.70970255022742,25.935099132844115
bottom,middle,3,cspace,notebook,snopt,all,True,0.0,0.3,1597385319,True,0.49016427993774414,39,0.8666255474090576,19,19,5.430354142297267,,2.277619520966076,4.187202175071336,13.761522523822563,0.23882295580412552,9.19946837425232,True,SolutionResult.kSolutionFound,1,9.178313992,0.24124373128023008,0.5735772003802742,1.0101362763389046,3.9972934477162902,1.0,1.0,0.0,0.0,,1.5656712833364528,1.0008659251962948,1.1988377684259752,1.0464915649692705,0.8386885418057314,0.3575,0.6949647640435632,0.105,0.9175722494402632,0.3025,acceleration,247.80523091206527,163.64894106425288,21520.822100841877,47.54807596295258,28.70399448530363
bottom,middle,3,kinetic,notebook,snopt,all,True,0.0,0.3,1597385319,True,0.49016427993774414,39,0.8666255474090576,19,19,5.430354142297267,,2.277619520966076,4.187202175071336,13.761522523822563,0.07266637817646271,1.0684654712677002,False,SolutionResult.kSolverSpecificError,44,1.05877281,1.0,2.2776195209660757,4.187202175071336,13.761522523822563,1.0,1.0,0.0,0.0,,2.4971443849360275,1.0012240550964184,1.0007729203272493,1.6187367694203356,0.7360465403050972,0.31,0.5910879613949058,0.03,0.8961887138862471,0.24,torque,307.97587203995965,195.54958342062326,30125.273397991725,59.32527044607095,30.098009183563946
bottom,middle,3,parameterized,tight,snopt,all,True,0.0,0.3,1597385319,True,0.49016427993774414,39,0.8666255474090576,19,19,5.430354142297267,,2.277619520966076,4.187202175071336,13.761522523822563,0.43905489516345536,18.979583978652954,True,SolutionResult.kSolutionFound,1,18.969325351,0.03773968971054304,0.08595665399993566,0.4565257166668395,1.7601263258686024,1.0,1.0,0.0,7.909921291293642e-07,,1.5732579535493223,1.0011463544859385,1.2721377801430398,1.0115491215324575,0.9999389635404814,0.6025,0.08919581578454824,0.1025,0.6530891969915555,0.11,acceleration,110.42269021134231,93.06732989099473,15159.425061057678,20.39573931352745,11.416840534152877
bottom,middle,3,cspace,tight,snopt,all,True,0.0,0.3,1597385319,True,0.49016427993774414,39,0.8666255474090576,19,19,5.430354142297267,,2.277619520966076,4.187202175071336,13.761522523822563,0.23882295580412552,131.69385647773743,True,SolutionResult.kSolutionFound,1,131.677433152,0.06345163537910267,0.13525944611271795,0.265684825671212,0.9571202130798192,1.0,1.0,0.0,0.0,,1.01901686491939,1.0007443497133104,1.2177860134603946,1.0059528190940965,0.9996655314202181,0.5175,0.7257859908335832,0.2225,0.6737051952152195,0.0625,acceleration,111.73181809693003,93.41956039293193,11502.52515512775,17.288950385368928,14.266935125831859
bottom,middle,3,kinetic,tight,snopt,all,True,0.0,0.3,1597385319,True,0.49016427993774414,39,0.8666255474090576,19,19,5.430354142297267,,2.277619520966076,4.187202175071336,13.761522523822563,0.07266637817646271,1.0093019008636475,False,SolutionResult.kSolverSpecificError,44,0.998623989,1.0,2.2776195209660757,4.187202175071336,13.761522523822563,1.0,1.0,0.0,0.0,,2.4971443849360275,1.0012240550964184,1.0007729203272493,1.6187367694203356,0.7360465403050972,0.31,0.5910879613949058,0.03,0.8961887138862471,0.24,torque,307.97587203995965,195.54958342062326,30125.273397991725,59.32527044607095,30.098009183563946
bottom,middle,1,parameterized,notebook,snopt,all,True,0.0,0.3,825772875,True,0.20328736305236816,24,0.6919474601745605,16,16,4.677590942226206,,1.221998592071885,3.4438232943464855,12.753214069933273,0.8183315484058874,3.8082504272460938,True,SolutionResult.kSolutionFound,1,3.795239377,0.2810411961990486,0.34343194606943755,1.5132272464074201,6.673531763623761,1.0,1.0,0.0,0.0,,2.1741019766349856,1.0014299601038466,1.000921991102478,1.0322844065222447,0.9998723032640288,0.5525,0.4675817923802052,0.13,0.7180775042079439,0.145,torque,210.2678470383571,144.39209245210478,23067.23113003027,40.99420639744345,19.275134049238055
bottom,middle,1,cspace,notebook,snopt,all,True,0.0,0.3,825772875,True,0.20328736305236816,24,0.6919474601745605,16,16,4.677590942226206,,1.221998592071885,3.4438232943464855,12.753214069933273,0.29037494509129985,5.704347610473633,True,SolutionResult.kSolutionFound,1,5.69291391,0.23831058604899855,0.4421492585401192,0.8206995475249039,3.5015367184568515,1.0,1.0,0.0,0.0,,1.4440275230876018,1.0006589007666666,1.041379625345145,1.079600261385144,0.7764466297637099,0.24,0.6728952349272752,0.1225,0.9669081945629727,0.39,torque,221.79211223173704,149.73654343531126,20323.35586935973,38.21109719366453,25.063290351881292
bottom,middle,1,kinetic,notebook,snopt,all,True,0.0,0.3,825772875,True,0.20328736305236816,24,0.6919474601745605,16,16,4.677590942226206,,1.221998592071885,3.4438232943464855,12.753214069933273,0.07841160624423144,9.029883861541748,True,SolutionResult.kSolutionFound,1,9.02115786,0.2448265068430548,0.47419212638906627,0.8613667129918885,3.1223248517634614,1.0,1.0,0.0,0.0,,1.341357848863208,1.000106402518645,1.1783772970910997,1.0621734859668532,0.7663036781186598,0.205,0.7052157015723477,0.115,0.9415236262236314,0.2725,acceleration,230.84705995294337,154.3586327896735,19101.569153281198,37.26939165267083,29.441395107241448
bottom,middle,1,parameterized,tight,snopt,all,True,0.0,0.3,825772875,True,0.20328736305236816,24,0.6919474601745605,16,16,4.677590942226206,,1.221998592071885,3.4438232943464855,12.753214069933273,0.8183315484058874,13.488675832748413,True,SolutionResult.kSolutionFound,1,13.480505717,0.08601057044121405,0.10510479598246139,0.5744933836070795,2.2011627397909046,1.0,1.0,0.0,1.3501634910539906e-05,,1.5818697714854497,1.0008845648706848,1.2139694735674957,1.0072768107278733,0.9999539557483995,0.61,0.1153903139532574,0.1375,0.6564482559697816,0.0825,acceleration,111.75324818448861,94.03883767489464,15273.150451926378,20.309283632575447,10.977829931878025
bottom,middle,1,cspace,tight,snopt,all,True,0.0,0.3,825772875,True,0.20328736305236816,24,0.6919474601745605,16,16,4.677590942226206,,1.221998592071885,3.4438232943464855,12.753214069933273,0.29037494509129985,68.97737169265747,False,SolutionResult.kSolverSpecificError,41,68.967182616,0.08982966290158767,0.15576850200647888,0.30935748562377996,1.1268694059092836,1.0,1.0,0.0,0.0,,1.0098391810825778,1.0004722724098598,1.1747279519778961,1.0569376555721586,0.9952281770634239,0.505,0.7687240572869324,0.175,0.7410034217536248,0.0775,acceleration,113.9412081538905,94.76463250769416,11666.928565175222,17.581566792402022,15.435937570165594
bottom,middle,1,kinetic,tight,snopt,all,True,0.0,0.3,825772875,True,0.20328736305236816,24,0.6919474601745605,16,16,4.677590942226206,,1.221998592071885,3.4438232943464855,12.753214069933273,0.07841160624423144,89.61095023155212,False,SolutionResult.kSolverSpecificError,41,89.603184693,0.08686100004895256,0.15480709534166454,0.3108579722548974,1.1077569279527764,1.0,1.0,0.0,0.0,,1.0260464162800433,1.0005415442564818,1.1772580399294612,1.0502219553057939,0.9990294696650488,0.5225,0.8201196224711942,0.225,0.7315494708675571,0.07,acceleration,113.25206777859903,94.58491572684974,11635.459422654167,17.173964464827442,17.137542009088893
bottom,middle,5,parameterized,notebook,snopt,all,True,0.0,0.3,911576914,True,0.6012625694274902,54,1.3642017841339111,17,17,5.884825985952874,,4.032020893008468,7.16195426710874,26.268677025227877,0.24801458785444339,4.543899297714233,True,SolutionResult.kSolutionFound,1,4.530871566,0.04734289618596864,0.1908875465573583,1.1025355971099884,4.960705437190663,1.0,1.0,0.0,0.0,,2.0848830244207743,1.0013644890472486,1.2215841670710381,1.0127548847704593,0.999947266550119,0.6225,0.25188357067022504,0.1375,0.6628007947860526,0.0775,acceleration,139.27846178385255,108.69288096049374,20682.053912464355,37.21883048811877,17.135354777149598
bottom,middle,5,cspace,notebook,snopt,all,True,0.0,0.3,911576914,True,0.6012625694274902,54,1.3642017841339111,17,17,5.884825985952874,,4.032020893008468,7.16195426710874,26.268677025227877,0.13962669443345901,10.966281652450562,True,SolutionResult.kSolutionFound,1,10.951560508,0.16012357959304221,0.6579102018856271,1.146797754131115,5.605912933444305,1.0,1.0,0.0,0.0,,2.085536566492439,1.0008010814727497,1.1851465400708796,1.036914304360747,0.99637573137815,0.5025,0.24227323829277805,0.115,0.797100738079882,0.225,acceleration,173.00084032812038,125.76473364625609,27051.84026823679,44.1258926333085,18.323571724040924
bottom,middle,5,kinetic,notebook,snopt,all,True,0.0,0.3,911576914,True,0.6012625694274902,54,1.3642017841339111,17,17,5.884825985952874,,4.032020893008468,7.16195426710874,26.268677025227877,0.038068152386952006,3.4140710830688477,True,SolutionResult.kSolutionFound,1,3.404758669,0.4480058046085045,2.3031547124503398,3.66531977398245,11.768519786688152,0.996,0.996,0.0,0.0,,2.60038422511973,1.001486057736918,1.14174239080144,1.135695256877699,0.9538951611216071,0.475,0.32908397162445907,0.0375,0.9167742528071253,0.395,acceleration,235.47597198943467,159.1749622587165,32815.05056564662,64.4300992003709,21.390120109574685
bottom,middle,5,parameterized,tight,snopt,all,True,0.0,0.3,911576914,True,0.6012625694274902,54,1.3642017841339111,17,17,5.884825985952874,,4.032020893008468,7.16195426710874,26.268677025227877,0.24801458785444339,10.8671293258667,True,SolutionResult.kSolutionFound,1,10.859196297,0.024489411508708463,0.09874181886059502,0.5251284457320762,2.0294358613007253,1.0,1.0,0.0,6.588364332538177e-05,,1.5598581592615317,1.0009977686841127,1.2463517317574313,1.0108893944645947,0.9999555252268215,0.6075,0.09415585542166847,0.14,0.6541269416702561,0.1025,acceleration,110.62218271338045,93.29451792887221,15182.337726573433,20.54281672502095,12.241590067137048
bottom,middle,5,cspace,tight,snopt,all,True,0.0,0.3,911576914,True,0.6012625694274902,54,1.3642017841339111,17,17,5.884825985952874,,4.032020893008468,7.16195426710874,26.268677025227877,0.13962669443345901,109.7776267528534,True,SolutionResult.kSolutionFound,1,109.768522864,0.04192173353125094,0.1518364610510789,0.3002415383487382,1.0814534393249318,1.0,1.0,0.0,0.0,,1.0186430078744224,1.0006936590139321,1.1880136434071715,1.0077460282997408,0.9997184526832915,0.5225,0.6268454602861014,0.18,0.6836082537655477,0.075,acceleration,111.68642441205616,93.46866950079864,11510.770064822598,17.27894483493509,14.032807120139877
bottom,middle,5,kinetic,tight,snopt,all,True,0.0,0.3,911576914,True,0.6012625694274902,54,1.3642017841339111,17,17,5.884825985952874,,4.032020893008468,7.16195426710874,26.268677025227877,0.038068152386952006,111.37910914421082,True,SolutionResult.kSolutionFound,1,111.362099025,0.0438787738357264,0.16338687753734618,0.32310865657998633,1.1526373381537163,1.0,1.0,0.0,0.0,,1.047248990996864,1.0007614636357984,1.1930851136139968,1.02266551064928,0.9815279901834835,0.4925,0.523262905414317,0.135,0.6760805876093972,0.095,acceleration,111.7224048985021,93.49551827200395,11458.975939086404,17.192885307294326,12.791170736466322
bottom,middle,8,parameterized,notebook,snopt,all,True,0.0,0.3,1222964207,True,0.9218742847442627,53,1.1897916793823242,18,18,6.631099470740591,,4.2711531413488455,12.91632555035943,29.5939583712291,0.23412880945874875,2.922271251678467,True,SolutionResult.kSolutionFound,1,2.908943693,0.4085554362314311,1.7450028348750266,5.559667152973812,14.057098534245602,1.0,1.0,0.0,0.0,,3.1666355486698703,1.0007860624125449,1.0124262516137026,1.078944204828028,0.9995801155199928,0.55,0.4459029452744675,0.02,0.8558812144066228,0.165,torque,272.73484069286076,178.75241032763762,35303.148262828385,60.71815750921908,18.125855027423146
bottom,middle,8,cspace,notebook,snopt,all,True,0.0,0.3,1222964207,True,0.9218742847442627,53,1.1897916793823242,18,18,6.631099470740591,,4.2711531413488455,12.91632555035943,29.5939583712291,0.07742139946079112,4.335067272186279,True,SolutionResult.kSolutionFound,1,4.321228653,0.24652517740322502,1.547497144359792,3.184199447700166,8.568731178712488,1.0,1.0,0.0,0.0,,2.432483291749051,1.0006369341426746,1.0288758122006663,1.0806279698199874,0.7359323929559254,0.26,0.43781403493753535,0.005,0.9439134805383926,0.32,torque,268.51163524891246,176.0366861947482,28840.503379563022,57.597861505056144,25.554206427954078
bottom,middle,8,kinetic,notebook,snopt,all,True,0.0,0.3,1222964207,True,0.9218742847442627,53,1.1897916793823242,18,18,6.631099470740591,,4.2711531413488455,12.91632555035943,29.5939583712291,0.03379068076855134,4.994184732437134,True,SolutionResult.kSolutionFound,1,4.985198716,0.34521809743849025,1.9520335504626416,4.279899345850813,10.21637000458959,1.0,1.0,0.0,0.0,,2.781677915551341,1.0003478138998123,0.9495237970043433,1.0846365876403912,0.8480055505393396,0.4,0.4415905495431178,0.0,0.9350878116661087,0.2625,torque,260.63687577675825,172.72710120989217,32002.98940964102,54.827998810585754,18.70586385249762
bottom,middle,8,parameterized,tight,snopt,all,True,0.0,0.3,1222964207,True,0.9218742847442627,53,1.1897916793823242,18,18,6.631099470740591,,4.2711531413488455,12.91632555035943,29.5939583712291,0.23412880945874875,11.620571613311768,True,SolutionResult.kSolutionFound,1,11.612066182,0.02146725507107476,0.0916899339329609,0.49835691657016945,1.9188035887680128,1.0,1.0,0.0,2.79908229634529e-05,,1.5807707862084721,1.0010201404636363,1.2464132828253993,1.0101333284415215,0.999945387399198,0.6025,0.10342331557069231,0.1575,0.653271113473356,0.075,acceleration,111.79191757010886,93.8564787606939,15216.162748981835,20.464346662181935,10.552237439231169
bottom,middle,8,cspace,tight,snopt,all,True,0.0,0.3,1222964207,True,0.9218742847442627,53,1.1897916793823242,18,18,6.631099470740591,,4.2711531413488455,12.91632555035943,29.5939583712291,0.07742139946079112,96.28649258613586,True,SolutionResult.kSolutionFound,1,96.277034726,0.020627370842788248,0.13323593563593483,0.2664298370534451,0.9628708816913369,1.0,1.0,0.0,0.0,,1.012273495723065,1.0005036847079685,1.2035559841952086,1.0070673560303771,0.9937846797327408,0.515,0.7868185403575474,0.17,0.6823999477926386,0.0475,acceleration,112.92775911882748,94.44574019052047,11643.953541388208,17.298054416226126,15.85078513362598
bottom,middle,8,kinetic,tight,snopt,all,True,0.0,0.3,1222964207,True,0.9218742847442627,53,1.1897916793823242,18,18,6.631099470740591,,4.2711531413488455,12.91632555035943,29.5939583712291,0.03379068076855134,137.80879473686218,True,SolutionResult.kSolutionFound,3,137.79927701,0.03266498314332449,0.13395614542283624,0.2713637907170429,0.9666861513404452,1.0,1.0,0.0,0.0,,1.036750950682874,1.0006222351904388,1.210271830980686,1.0025246281960252,0.9998128776915565,0.5375,0.6063787665585489,0.235,0.684997756152937,0.0425,acceleration,110.78970680713167,93.14899839250779,11465.125766533813,16.89542083530654,13.665894891112634
bottom,top,2,parameterized,notebook,snopt,all,True,0.0,0.3,82992400,True,0.9031667709350586,54,0.9363956451416016,17,17,6.09470081239056,,3.488910343982315,8.471003426623529,31.398103429618153,0.2866224412228889,3.4413046836853027,True,SolutionResult.kSolutionFound,1,3.428100241,0.30440726614353153,1.0620496596315465,4.077064067939365,17.262318318331197,1.0,1.0,0.0,0.0,,3.3731092066769732,1.0010675605689694,1.3378725361877155,1.0792257700887007,1.0000127688561635,0.69,0.26805503118134333,0.0675,0.7880874685870887,0.155,acceleration,320.30739545714914,238.89036987678443,34205.276277835466,72.4479359739475,23.595580371972048
bottom,top,2,cspace,notebook,snopt,all,True,0.0,0.3,82992400,True,0.9031667709350586,54,0.9363956451416016,17,17,6.09470081239056,,3.488910343982315,8.471003426623529,31.398103429618153,0.11804976927020222,5.626180171966553,True,SolutionResult.kSolutionFound,1,5.614017418,0.25237843972350893,1.207687962341839,2.137898627703744,9.445133753498911,1.0,1.0,0.0,0.0,,2.4914627794630753,1.0003351151251791,1.1911732322458433,1.091253618424359,0.8908842204460479,0.4425,0.2421078452934411,0.04,0.8905951517311845,0.3775,acceleration,293.91180660496144,225.16790007079388,32255.35288682409,58.28820521177809,23.865413049923493
bottom,top,2,kinetic,notebook,snopt,all,True,0.0,0.3,82992400,True,0.9031667709350586,54,0.9363956451416016,17,17,6.09470081239056,,3.488910343982315,8.471003426623529,31.398103429618153,0.03184905745156218,8.557645797729492,True,SolutionResult.kSolutionFound,1,8.548973288,0.2873037501714348,1.397883489445134,2.3647082343730386,9.020792863599885,1.0,1.0,0.0,0.0,,2.3380106690932836,1.0005789052282839,1.2061983481038159,1.058834468516434,0.8925176479914294,0.43,0.29966275332095227,0.03,0.9203302898385293,0.4025,acceleration,293.3510885455919,224.97747046157642,30559.384154061423,60.068289010381555,26.056655728800976
bottom,top,2,parameterized,tight,snopt,all,True,0.0,0.3,82992400,True,0.9031667709350586,54,0.9363956451416016,17,17,6.09470081239056,,3.488910343982315,8.471003426623529,31.398103429618153,0.2866224412228889,13.78492546081543,True,SolutionResult.kSolutionFound,1,13.77695912,0.1353480835162177,0.4722173286179137,2.895407112808127,11.905463394421954,1.0,1.0,0.0,6.276400728211229e-05,,3.0708312138352425,1.0022253144536077,1.2396052477428465,1.0091970230397764,0.9999957733984622,0.7125,0.17976267623125405,0.155,0.7123275564650622,0.045,acceleration,295.67527904878136,225.85786986433774,28776.02941540272,60.57571636357102,21.073671866863176
bottom,top,2,cspace,tight,snopt,all,True,0.0,0.3,82992400,True,0.9031667709350586,54,0.9363956451416016,17,17,6.09470081239056,,3.488910343982315,8.471003426623529,31.398103429618153,0.11804976927020222,117.77251362800598,True,SolutionResult.kSolutionFound,3,117.764261368,0.15313235451196833,0.6884898492447095,1.2971846997978127,5.628356283959568,1.0,1.0,0.0,0.0,,1.8630277780581028,1.000740138211113,1.1166281661343684,1.0069767333305977,0.9998775823285132,0.565,0.35114407171853074,0.0925,0.7478333712316576,0.15,acceleration,255.80674916585065,205.523027972524,23925.34277142193,48.87582859420273,20.039073707353204
bottom,top,2,kinetic,tight,snopt,all,True,0.0,0.3,82992400,True,0.9031667709350586,54,0.9363956451416016,17,17,6.09470081239056,,3.488910343982315,8.471003426623529,31.398103429618153,0.03184905745156218,121.88434290885925,True,SolutionResult.kSolutionFound,1,121.875489259,0.15906326368408102,0.7524549394324673,1.3288858385107172,4.994284805005401,1.0,1.0,0.0,0.0,,1.621242998563427,1.0007242812595567,1.0820324231713327,1.1361542893233014,0.9999157692893866,0.595,0.5063942439853906,0.12,0.782008570941417,0.2,torque,259.9299791778599,208.35081088057086,21716.040063558645,51.99947548854408,22.85064383082527
bottom,top,7,parameterized,notebook,snopt,all,True,0.0,0.3,1956161951,True,0.6414835453033447,48,1.6327884197235107,16,16,6.456462733451487,,3.0265934994135124,6.941029855198292,26.003916877498387,0.3304044630353492,2.8262012004852295,True,SolutionResult.kSolutionFound,1,2.798625355,0.4741766257743405,1.435139893142454,3.922169477965994,15.083790451869607,1.0,1.0,0.0,0.0,,3.0358158890366256,1.0010393290211734,1.0004072980885088,1.0934303785597297,0.9998443055931955,0.545,0.28754748594876167,0.08,0.7263944265099178,0.25,torque,358.4132123766879,259.090561345291,31599.93282302938,75.75341140341979,25.938882227126246
bottom,top,7,cspace,notebook,snopt,all,True,0.0,0.3,1956161951,True,0.6414835453033447,48,1.6327884197235107,16,16,6.456462733451487,,3.0265934994135124,6.941029855198292,26.003916877498387,0.14407083975457585,4.056103706359863,True,SolutionResult.kSolutionFound,1,4.044413158,0.3680076976361955,1.5150700837870108,2.5543524162356195,9.940851761533782,1.0,1.0,0.0,0.0,,2.2936561506677102,1.0011043154666752,1.208938353086318,1.1624530873308345,0.8838946533874208,0.3725,0.4317821027661366,0.07,0.9372739472538801,0.375,acceleration,329.82254935938766,244.02699369290113,31114.640670766457,61.46736807736531,21.454283591258267
bottom,top,7,kinetic,notebook,snopt,all,True,0.0,0.3,1956161951,True,0.6414835453033447,48,1.6327884197235107,16,16,6.456462733451487,,3.0265934994135124,6.941029855198292,26.003916877498387,0.038455745136814996,6.252342700958252,True,SolutionResult.kSolutionFound,1,6.24380916,0.36656124001230345,1.6508485409878721,2.7112782777090234,9.532028015792674,0.996,0.996,0.0,0.0,,2.2266840008331448,1.0006740958415854,1.0018739738034355,1.1940252230347501,0.860445552428107,0.3775,0.41815347380192364,0.0325,0.9321246272608842,0.3825,torque,323.38264759763524,240.79706691180814,29728.94410789185,62.090991333954896,23.603671109739402
bottom,top,7,parameterized,tight,snopt,all,True,0.0,0.3,1956161951,True,0.6414835453033447,48,1.6327884197235107,16,16,6.456462733451487,,3.0265934994135124,6.941029855198292,26.003916877498387,0.3304044630353492,11.266615629196167,True,SolutionResult.kSolutionFound,1,11.247058796,0.16674359690143364,0.5046650864507041,3.0504066204707394,12.511431712807834,1.0,1.0,0.0,3.4518764061353124e-05,,3.041153487541048,1.0019285907666071,1.2710364099347997,1.0100615886503663,0.9999960022111865,0.7075,0.17825946757444083,0.16,0.707446879364418,0.0525,acceleration,293.686581534712,225.30401042435517,28409.245392818666,59.90809987220418,20.83930931758413
bottom,top,7,cspace,tight,snopt,all,True,0.0,0.3,1956161951,True,0.6414835453033447,48,1.6327884197235107,16,16,6.456462733451487,,3.0265934994135124,6.941029855198292,26.003916877498387,0.14407083975457585,144.04626631736755,False,SolutionResult.kSolverSpecificError,41,144.037817428,0.19574986573135764,0.7171015901833526,1.3587056621924103,5.701096296866774,1.0,1.0,0.0,0.0,,1.7798075036853318,1.0006869075233438,1.1008772021756617,1.0069424541285243,0.9999373225620862,0.5825,0.34804973838396847,0.1225,0.7418563874368278,0.125,acceleration,256.01683501313164,205.95485455977334,22926.792753821665,49.73261682763408,21.193506358393147
bottom,top,7,kinetic,tight,snopt,all,True,0.0,0.3,1956161951,True,0.6414835453033447,48,1.6327884197235107,16,16,6.456462733451487,,3.0265934994135124,6.941029855198292,26.003916877498387,0.038455745136814996,103.2790048122406,True,SolutionResult.kSolutionFound,1,103.271021238,0.20537854421879617,0.8041212327434599,1.42049420401207,5.340646592287203,1.0,1.0,0.0,0.0,,1.6158275018372532,1.0006988711020395,1.0682799108817496,1.1363449269093833,0.9999377192907108,0.6,0.4874344310850626,0.1125,0.7941680118650638,0.2,torque,259.9373017456036,207.83151320723385,21621.323804285315,52.26190049708656,23.029923015047043
middle,bottom,4,parameterized,notebook,snopt,all,True,0.0,0.3,936045014,True,1.1367008686065674,37,1.1662144660949707,10,10,3.6234587139639434,,5.320779814371767,10.120276209412392,37.2336998158603,0.18794237590868465,3.3110339641571045,True,SolutionResult.kSolutionFound,1,3.301235486,0.14113929830133193,0.750971129416323,2.84306840754972,12.160454974822922,1.0,1.0,0.0,0.0,,2.1648473180506684,1.0008386263888658,1.1068113504144457,1.0011843265490918,0.9999817141471588,0.61,0.21368600876910118,0.1625,0.7221881726611419,0.0325,acceleration,166.75224462475109,48.60368888139179,22157.20199085885,41.651369047912425,16.366341387450653
middle,bottom,4,cspace,notebook,snopt,all,True,0.0,0.3,936045014,True,1.1367008686065674,37,1.1662144660949707,10,10,3.6234587139639434,,5.320779814371767,10.120276209412392,37.2336998158603,0.09881153234433929,4.365350008010864,True,SolutionResult.kSolutionFound,1,4.356717169,0.20109648261466206,1.2781819388787794,2.035151948801677,7.541956088833871,1.0,1.0,0.0,0.0,,1.5517684061409198,1.0005611941768089,1.0000114364184072,1.1136983462451011,0.7958425626509165,0.3775,0.6230550213294405,0.0825,0.8301324359666731,0.2825,torque,182.90601684303496,57.64195865410405,19824.305844783223,41.18758803501001,23.723419556409755
middle,bottom,4,kinetic,notebook,snopt,all,True,0.0,0.3,936045014,True,1.1367008686065674,37,1.1662144660949707,10,10,3.6234587139639434,,5.320779814371767,10.120276209412392,37.2336998158603,0.02685739007795389,5.498115062713623,True,SolutionResult.kSolutionFound,1,5.490790777,0.1734706535875621,1.400840313168655,2.0977348664243376,6.458954242540376,1.0,1.0,0.0,0.0,,1.56809277224369,1.0002241171266475,1.0000002957498522,1.0872471898102163,0.7556063782222093,0.3275,0.5794637780894074,0.0325,0.9013597220377194,0.275,torque,183.0750699276394,57.74976832075441,19213.653191252462,37.04318760314602,24.24093912284725
middle,bottom,4,parameterized,tight,snopt,all,True,0.0,0.3,936045014,True,1.1367008686065674,37,1.1662144660949707,10,10,3.6234587139639434,,5.320779814371767,10.120276209412392,37.2336998158603,0.18794237590868465,6.6880576610565186,True,SolutionResult.kSolutionFound,1,6.671881238,0.03489777495607626,0.18568337655278358,1.0827885381086233,4.125291224062873,1.0,1.0,0.0,2.1239567765896084e-05,,1.5366751882487137,1.0005797568345138,1.1641900113402124,1.0551120647596084,1.000006318881244,0.6175,0.12366170784896124,0.16,0.6559954423889247,0.075,acceleration,113.58687045441798,21.499344722077204,14743.21438705634,20.806352244143685,12.667512049135583
middle,bottom,4,cspace,tight,snopt,all,True,0.0,0.3,936045014,True,1.1367008686065674,37,1.1662144660949707,10,10,3.6234587139639434,,5.320779814371767,10.120276209412392,37.2336998158603,0.09881153234433929,34.940181016922,True,SolutionResult.kSolutionFound,3,34.931609195,0.05198776684655337,0.26441157675527627,0.5261305599976525,1.8968485882118222,1.0,1.0,0.0,0.0,,1.0052636201009122,1.0001884611206509,1.069355743031356,1.070151803050296,0.995633818970953,0.5125,0.6102393714836447,0.2775,0.7715321931655124,0.055,torque,110.28979893635852,19.754151509738044,11251.473381982642,17.530426220657986,15.093009723065713
middle,bottom,4,kinetic,tight,snopt,all,True,0.0,0.3,936045014,True,1.1367008686065674,37,1.1662144660949707,10,10,3.6234587139639434,,5.320779814371767,10.120276209412392,37.2336998158603,0.02685739007795389,58.63657546043396,True,SolutionResult.kSolutionFound,1,58.622482057,0.050510880176703486,0.26332885937036626,0.5275904292879009,1.880706949934266,1.0,1.0,0.0,0.0,,1.0089709903855655,1.0001979652482018,1.081758514351255,1.0705070258326008,0.9996694756802211,0.5225,0.6491253283895657,0.2875,0.7556750402387986,0.0575,acceleration,110.65272308833917,19.96164162884753,11196.252717143525,17.383719110005487,15.675542559820945
bottom,top,8,parameterized,notebook,snopt,all,True,0.0,0.3,1680323598,True,0.5686891078948975,45,0.7434608936309814,20,20,7.05455962448278,,1.7361266910074606,4.133318350937927,16.954146960003516,0.5759948310106954,7.677344083786011,True,SolutionResult.kSolutionFound,1,7.664968718,0.22755883388125914,0.3950709652757873,2.5816305206958363,10.684106539996149,0.998,0.998,0.0,1.6136754164008948e-06,,3.2182595375336636,1.003050778941361,1.2060934619157995,1.0096679146989052,0.9999992527716778,0.7175,0.18007869148134964,0.155,0.7199958300851051,0.0325,acceleration,299.68916427631007,228.42708859965074,30183.73786645898,61.84906179573137,22.329325929109746
bottom,top,8,cspace,notebook,snopt,all,True,0.0,0.3,1680323598,True,0.5686891078948975,45,0.7434608936309814,20,20,7.05455962448278,,1.7361266910074606,4.133318350937927,16.954146960003516,0.24193636083537612,6.396045446395874,True,SolutionResult.kSolutionFound,1,6.38321953,0.36427915160032026,0.8518167644091703,1.5056817021737028,6.46684622596341,0.996,0.996,0.0,0.0,,2.229084588479399,1.0005092656177292,1.015811437881239,1.067075622007093,0.946015322345712,0.465,0.3338277387830857,0.0425,0.8723458367235466,0.33,torque,293.3568364858018,223.99364397740896,29269.597921823275,54.58977189303177,19.43752995532996
bottom,top,8,kinetic,notebook,snopt,all,True,0.0,0.3,1680323598,True,0.5686891078948975,45,0.7434608936309814,20,20,7.05455962448278,,1.7361266910074606,4.133318350937927,16.954146960003516,0.05898261955373499,9.48388385772705,True,SolutionResult.kSolutionFound,1,9.474383839,0.36205522793933403,0.9310323031616794,1.5607160367359616,6.13833754212104,0.996,0.996,0.0,0.0,,2.1244328841258646,1.0004526054489253,1.0289638229331812,1.0620983432269941,0.948767125509915,0.465,0.3362753272577693,0.045,0.8752899319966334,0.345,torque,297.7117868328321,226.8722896317824,28614.976201617807,54.58137606337141,21.18711291348536
bottom,top,8,parameterized,tight,snopt,all,True,0.0,0.3,1680323598,True,0.5686891078948975,45,0.7434608936309814,20,20,7.05455962448278,,1.7361266910074606,4.133318350937927,16.954146960003516,0.5759948310106954,18.93801736831665,True,SolutionResult.kSolutionFound,3,18.929315374,0.22682787703288027,0.3938019315813415,2.5370433211539742,10.399819680573623,1.0,1.0,0.0,2.9074427823960747e-05,,3.162782685442786,1.0029685155184485,1.181973084356954,1.008580775241646,0.9999970910803783,0.705,0.18747300201865258,0.165,0.712635947096232,0.03,acceleration,299.32774109191394,227.33022385771375,29482.97976454276,60.91235180383093,22.269295976754528
bottom,top,8,cspace,tight,snopt,all,True,0.0,0.3,1680323598,True,0.5686891078948975,45,0.7434608936309814,20,20,7.05455962448278,,1.7361266910074606,4.133318350937927,16.954146960003516,0.24193636083537612,130.4967498779297,True,SolutionResult.kSolutionFound,3,130.482231036,0.2612302068844003,0.5717867117340191,1.079747607934603,4.665952960153133,0.996,0.996,0.0,0.0,,1.863160109307635,1.0006950021354624,1.163119563628872,1.0061948989385625,0.9998225562877239,0.555,0.37380875459407614,0.1225,0.7558868867981956,0.1375,acceleration,255.96208008466743,204.95002448960025,23880.901467708612,48.62082176589768,20.402286990228912
bottom,top,8,kinetic,tight,snopt,all,True,0.0,0.3,1680323598,True,0.5686891078948975,45,0.7434608936309814,20,20,7.05455962448278,,1.7361266910074606,4.133318350937927,16.954146960003516,0.05898261955373499,114.61788940429688,False,SolutionResult.kSolverSpecificError,41,114.608396716,0.2481640225505141,0.6250692767883319,1.1089578627066545,4.207409308507042,1.0,1.0,0.0,0.0,,1.6232037353384972,1.0005078440717956,1.166919883807671,1.0383182383223544,0.9999283037612943,0.6025,0.48788987165544806,0.1,0.7853040800527111,0.165,acceleration,260.36092574431603,207.6905630729137,21840.101227852727,52.033474124712455,22.863908851714793
bottom,top,5,parameterized,notebook,snopt,all,True,0.0,0.3,446089395,True,1.092963457107544,42,1.1243202686309814,18,18,7.113938590933558,,3.70798496047286,7.84700276777129,26.45416836391498,0.26968825673782537,3.873589515686035,True,SolutionResult.kSolutionFound,1,3.853359603,0.13863570098329442,0.5140590942306691,5.069296370670195,20.15063335446382,1.0,1.0,0.0,1.935127273089421e-06,,4.005725551916108,1.004144632833276,1.0004607964555046,1.0050314581826743,1.0000299000545008,0.765,0.19491312315492784,0.0925,0.7186089864183753,0.0275,torque,324.0455686541698,240.64709483945467,35239.50191368556,70.61371218952662,19.509628590939872
bottom,top,5,cspace,notebook,snopt,all,True,0.0,0.3,446089395,True,1.092963457107544,42,1.1243202686309814,18,18,7.113938590933558,,3.70798496047286,7.84700276777129,26.45416836391498,0.12743719221141814,0.9108402729034424,True,SolutionResult.kSolutionFound,1,0.897652573,0.9398927416810663,3.501259819165948,7.375340945379474,23.44645086478048,1.0,1.0,0.0,0.0,,3.4482398962031016,1.013723865082088,1.366968270022191,1.210044206027505,0.962305239250195,0.4675,0.49559820803153637,0.0925,0.8570502463883936,0.2025,acceleration,408.7235002943713,284.9509816697273,39350.39132390908,77.29290900373567,26.541927440038272
bottom,top,5,kinetic,notebook,snopt,all,True,0.0,0.3,446089395,True,1.092963457107544,42,1.1243202686309814,18,18,7.113938590933558,,3.70798496047286,7.84700276777129,26.45416836391498,0.037801226114673785,4.159089088439941,True,SolutionResult.kSolutionFound,1,4.148456282,0.38174320954711016,2.0334619647094136,3.423681919953578,10.09869913714053,1.0,1.0,0.0,3.597103261476775e-06,,2.4362486409894624,1.0005806773587629,1.001237778798848,1.1999695507955224,0.9530915064015318,0.4225,0.4930168783348214,0.0425,0.9139742226170071,0.3225,torque,350.279727026422,255.392614696797,31296.682213382996,69.96824031562738,25.843616928753935
bottom,top,5,parameterized,tight,snopt,all,True,0.0,0.3,446089395,True,1.092963457107544,42,1.1243202686309814,18,18,7.113938590933558,,3.70798496047286,7.84700276777129,26.45416836391498,0.26968825673782537,15.468984842300415,True,SolutionResult.kSolutionFound,1,15.458454875,0.12193383827163712,0.4521288384839667,3.768630729057653,15.342629724237742,0.998,0.998,0.0,6.315759405284282e-05,,3.4804160007686735,1.003078642059573,1.0002281256350585,1.0088761067534826,0.9999944175775399,0.7175,0.19166951762541473,0.13,0.7143335649221381,0.025,torque,307.6585786787408,232.23316557283204,31720.57007430701,63.85024513761644,21.157159259007656
bottom,top,5,cspace,tight,snopt,all,True,0.0,0.3,446089395,True,1.092963457107544,42,1.1243202686309814,18,18,7.113938590933558,,3.70798496047286,7.84700276777129,26.45416836391498,0.12743719221141814,130.72218942642212,True,SolutionResult.kSolutionFound,1,130.713341207,0.16002892229222881,0.6661601253034486,1.2557473961505765,5.3464094838914455,1.0,1.0,0.0,0.0,,1.8894091873365986,1.0008426676861284,1.1199861988407716,1.0068648886437044,0.9998045457045044,0.54,0.33051723643902675,0.1325,0.761433582499401,0.165,acceleration,257.1194698432592,206.09294846656007,24767.02390178561,49.064787336410426,20.416157934207806
bottom,top,5,kinetic,tight,snopt,all,True,0.0,0.3,446089395,True,1.092963457107544,42,1.1243202686309814,18,18,7.113938590933558,,3.70798496047286,7.84700276777129,26.45416836391498,0.037801226114673785,145.35868310928345,True,SolutionResult.kSolutionFound,1,145.345461545,0.18401470236934583,0.7775978142234269,1.329502789061673,4.867955917914382,0.998,0.998,0.0,0.0,,1.621751323582945,1.0010042640923538,0.9998260903419302,1.1985119746809219,0.9994568556640779,0.555,0.4934686794325031,0.0425,0.842061559115099,0.2875,torque,265.9873557525493,210.9773138866493,21829.34097464286,52.781600548933454,24.691004401041873
middle,bottom,2,parameterized,notebook,snopt,all,True,0.0,0.3,1588153571,True,0.7505247592926025,39,2.2144854068756104,14,14,4.133105209527874,,4.242471927039272,8.095803786619241,32.36714105304995,0.23571163632846429,4.482591390609741,True,SolutionResult.kSolutionFound,1,4.473609514,0.35048412122055334,1.4869190451512302,3.119548320604105,12.382159612609616,1.0,1.0,0.0,0.0,,2.1315744376403587,1.0010543293726402,1.00539602273204,1.2157025459070014,0.9999468417092626,0.565,0.4218345625957005,0.0975,0.7774830323331644,0.245,torque,300.11032756248653,117.51021776898179,26227.008406281304,64.3599325072288,26.35415921891473
middle,bottom,2,cspace,notebook,snopt,all,True,0.0,0.3,1588153571,True,0.7505247592926025,39,2.2144854068756104,14,14,4.133105209527874,,4.242471927039272,8.095803786619241,32.36714105304995,0.12352078019143717,6.763356924057007,True,SolutionResult.kSolutionFound,1,6.750757443,0.16530986513735985,0.7563931755528742,1.3383162321445536,5.9585577246444394,0.998,0.998,0.0,0.0,,1.7366723804249034,1.000599522334317,1.1477360297485584,1.0031990605184786,0.9795662243509996,0.4925,0.38147187181362985,0.135,0.7762135612491875,0.1175,acceleration,212.7463326273146,72.4435095414018,23304.36872839323,45.140868958234485,21.538852366697235
middle,bottom,2,kinetic,notebook,snopt,all,True,0.0,0.3,1588153571,True,0.7505247592926025,39,2.2144854068756104,14,14,4.133105209527874,,4.242471927039272,8.095803786619241,32.36714105304995,0.030895530697660125,5.306354284286499,True,SolutionResult.kSolutionFound,1,5.297762845,0.26710836558620976,1.4621498511139164,2.4103079506502034,8.645534145378484,1.0,1.0,0.0,0.0,,1.7885436105327404,1.0006995434386077,1.0061787531183084,1.1440846393713209,0.9736654263696924,0.4875,0.610102632577644,0.0475,0.8706649005834488,0.2425,torque,278.26237904152964,106.91255432591282,24914.87280408486,58.821026665509464,25.280310667662018
middle,bottom,2,parameterized,tight,snopt,all,True,0.0,0.3,1588153571,True,0.7505247592926025,39,2.2144854068756104,14,14,4.133105209527874,,4.242471927039272,8.095803786619241,32.36714105304995,0.23571163632846429,14.011728286743164,True,SolutionResult.kSolutionFound,1,13.995978908,0.02854527285675066,0.12110251874444129,0.6694587903693875,2.5582924049739804,1.0,1.0,0.0,2.6105965454270574e-05,,1.5730419635788189,1.0006504694926088,1.19988869649739,1.0816121290197673,0.9999736431066455,0.61,0.09952953554267654,0.1175,0.6532550872904472,0.0825,acceleration,110.6594273517026,20.02875670835769,14994.976649735512,20.330845926773907,11.081081289606605
middle,bottom,2,cspace,tight,snopt,all,True,0.0,0.3,1588153571,True,0.7505247592926025,39,2.2144854068756104,14,14,4.133105209527874,,4.242471927039272,8.095803786619241,32.36714105304995,0.12352078019143717,72.43230986595154,True,SolutionResult.kSolutionFound,3,72.424287411,0.043685971467975225,0.177041889806537,0.35367305323257386,1.2755998437440186,1.0,1.0,0.0,0.0,,1.009956173573591,1.000396685211559,1.1212240397754798,1.1164443446235075,0.9983667690456224,0.515,0.6922741410909513,0.1975,0.7088606599375654,0.045,acceleration,110.55639757463001,19.928821799104867,11313.962561919416,17.360122879495023,14.793517259216525
middle,bottom,2,kinetic,tight,snopt,all,True,0.0,0.3,1588153571,True,0.7505247592926025,39,2.2144854068756104,14,14,4.133105209527874,,4.242471927039272,8.095803786619241,32.36714105304995,0.030895530697660125,58.886340379714966,True,SolutionResult.kSolutionFound,1,58.878006298,0.03960195673302935,0.18040440448140527,0.35924357300937004,1.2818021195547429,1.0,1.0,0.0,0.0,,1.0180570249979042,1.000450083355413,1.1381865929408257,1.117285747447837,0.9998289564882568,0.525,0.602349291985488,0.27,0.7088767917343048,0.04,acceleration,110.417893754956,19.645393198566172,11217.013144158445,17.21249827383497,14.148082208298513
bottom,middle,2,parameterized,notebook,snopt,all,True,0.0,0.3,674306801,True,0.7703566551208496,53,1.6242587566375732,20,20,7.624895563919498,,8.237501309708875,14.943682253571167,45.15635307551427,0.12139603532704524,1.0819718837738037,True,SolutionResult.kSolutionFound,1,1.068070711,0.4608491887763959,3.7962457961238405,7.388953956946981,23.17226887753972,1.0,1.0,0.0,0.0,,3.4256125295294817,1.0019500375427177,1.2630858236701523,1.1043680683127033,0.9999464239833724,0.55,0.44444929730552896,0.11,0.8794253548056439,0.15,acceleration,410.613257782131,249.81219573965188,36835.43103527184,101.7922415418393,30.071930292537644
bottom,middle,2,cspace,notebook,snopt,all,True,0.0,0.3,674306801,True,0.7703566551208496,53,1.6242587566375732,20,20,7.624895563919498,,8.237501309708875,14.943682253571167,45.15635307551427,0.06691791106312,6.073351860046387,True,SolutionResult.kSolutionFound,1,6.061383483,0.22432884187786475,2.2180063626030164,3.3522989333344193,11.158455095074713,0.998,0.998,0.0,0.0,,2.65308677960185,1.000709697737374,1.2473951346373782,1.210725028704614,0.851495144252101,0.3675,0.4472510346389378,0.04,0.9645277034296869,0.3975,acceleration,352.1848099776429,217.3212884050177,33217.38176736163,76.03295124491387,27.133890938946465
bottom,middle,2,kinetic,notebook,snopt,all,True,0.0,0.3,674306801,True,0.7703566551208496,53,1.6242587566375732,20,20,7.624895563919498,,8.237501309708875,14.943682253571167,45.15635307551427,0.022145278170000032,7.204704523086548,True,SolutionResult.kSolutionFound,1,7.19541949,0.368745220392138,3.554697312310565,5.774893588683142,16.651189366935707,1.0,1.0,0.0,0.0,,3.1990725175817363,1.000669492893776,1.0091968593395504,1.0808594129443438,0.9966489721094686,0.5225,0.4510697367811035,0.0075,0.8943307548614372,0.2825,torque,377.25719471573143,233.19152694475528,36928.31726298769,90.83527595546303,26.520060663829334
bottom,middle,2,parameterized,tight,snopt,all,True,0.0,0.3,674306801,True,0.7703566551208496,53,1.6242587566375732,20,20,7.624895563919498,,8.237501309708875,14.943682253571167,45.15635307551427,0.12139603532704524,14.464680433273315,True,SolutionResult.kSolutionFound,1,14.455759421,0.009942765470649033,0.08190354358659585,0.43200402413251743,1.6816627645249942,1.0,1.0,0.0,3.846921225836297e-05,,1.568405594827062,1.0013065736013727,1.2838825225779504,1.0113143443237396,0.9999571208026519,0.6075,0.06867674280980848,0.1575,0.6520074731052294,0.07,acceleration,111.95615704598009,93.98531503187424,15152.15991951397,20.721887564364454,10.683171371756641
bottom,middle,2,cspace,tight,snopt,all,True,0.0,0.3,674306801,True,0.7703566551208496,53,1.6242587566375732,20,20,7.624895563919498,,8.237501309708875,14.943682253571167,45.15635307551427,0.06691791106312,147.25608658790588,True,SolutionResult.kSolutionFound,3,147.247532625,0.015895689743108656,0.11851349357740425,0.23754013672236596,0.8573239569962706,1.0,1.0,0.0,0.0,,1.0191393439896839,1.0004245617073242,1.2368799229152068,1.0130937634342527,0.9981116961593548,0.52,0.7686990453696881,0.2,0.6798124622374051,0.03,acceleration,112.84644082734616,94.11861841348451,11695.585154096534,17.204450642116704,15.692830953055042
bottom,middle,2,kinetic,tight,snopt,all,True,0.0,0.3,674306801,True,0.7703566551208496,53,1.6242587566375732,20,20,7.624895563919498,,8.237501309708875,14.943682253571167,45.15635307551427,0.022145278170000032,146.87826204299927,True,SolutionResult.kSolutionFound,1,146.869618054,0.01914937159629896,0.12103462218664843,0.24127835501222034,0.8647157849766999,1.0,1.0,0.0,0.0,,1.0211574865162172,1.0005748083286716,1.2376372593941112,1.0070585534510872,0.9995134580358513,0.5175,0.688191817692471,0.1725,0.6689978065336557,0.0625,acceleration,111.46480217474527,93.34912871417306,11510.3673925979,17.117843031748265,14.889339124999022
bottom,top,3,parameterized,notebook,snopt,all,True,0.0,0.3,1945464198,True,0.5932052135467529,42,1.155144214630127,18,18,7.246082386310179,,3.876864411182121,8.80714271503479,31.222427297809386,0.25794041110018684,2.992720603942871,True,SolutionResult.kSolutionFound,1,2.97668824,0.1458999148188916,0.5656341873558639,3.389905089732346,13.582400532597203,1.0,1.0,0.0,3.428924418136248e-05,,3.3326853309020277,1.0021687257085672,1.1826378763044416,1.0110288594236347,0.9999827681569888,0.7175,0.25455657753924527,0.1075,0.7353129599636028,0.0625,acceleration,311.4911632301731,234.4298631125603,31957.55654593986,67.92725618844412,20.216907020868884
bottom,top,3,cspace,notebook,snopt,all,True,0.0,0.3,1945464198,True,0.5932052135467529,42,1.155144214630127,18,18,7.246082386310179,,3.876864411182121,8.80714271503479,31.222427297809386,0.11354420296753984,11.717957973480225,True,SolutionResult.kSolutionFound,1,11.701880629,0.1954356495137661,0.9492584071277872,1.7212296568732572,7.3881416005500915,0.996,0.996,0.0,0.0,,2.312730191417651,1.0006371666712985,1.225213773218479,1.1747121151215645,0.9175081608759084,0.435,0.27682657067924765,0.0775,0.8718158481969683,0.3575,acceleration,286.65633546544404,221.08117903130926,30573.141855891226,54.816271813947935,21.970021872458243
bottom,top,3,kinetic,notebook,snopt,all,True,0.0,0.3,1945464198,True,0.5932052135467529,42,1.155144214630127,18,18,7.246082386310179,,3.876864411182121,8.80714271503479,31.222427297809386,0.03202825938104311,7.1975767612457275,True,SolutionResult.kSolutionFound,1,7.187440428,0.2794759128299584,1.3747889639418398,2.5733475379154904,8.725916369822292,0.992,0.992,0.0,0.0,,2.191778383881256,1.000415291582734,1.1202904123496649,1.1427536036305692,0.9912694496126844,0.5025,0.38090398503325007,0.035,0.8729654048419797,0.325,torque,300.27318853025747,229.88617200194898,28196.823341784977,66.70048453974078,23.561227861146445
bottom,top,3,parameterized,tight,snopt,all,True,0.0,0.3,1945464198,True,0.5932052135467529,42,1.155144214630127,18,18,7.246082386310179,,3.876864411182121,8.80714271503479,31.222427297809386,0.25794041110018684,7.943960666656494,True,SolutionResult.kSolutionFound,1,7.935696321,0.11457724960111942,0.4442004613097108,2.688216510533316,11.049698121943543,1.0,1.0,0.0,1.0320596766977275e-05,,3.0630616772924557,1.0024389559073517,1.2657367330755416,1.0109830362296135,0.9999945464624409,0.7025,0.181986334947245,0.16,0.713360332905753,0.045,acceleration,294.74220025254465,225.2270362103515,28707.647280818095,60.22651707586868,21.27150313987821
bottom,top,3,cspace,tight,snopt,all,True,0.0,0.3,1945464198,True,0.5932052135467529,42,1.155144214630127,18,18,7.246082386310179,,3.876864411182121,8.80714271503479,31.222427297809386,0.11354420296753984,210.14252018928528,True,SolutionResult.kSolutionFound,3,210.133530326,0.13640688171377494,0.6368073739640003,1.201354874566085,5.101678297601615,1.0,1.0,0.0,0.0,,1.8212030865931865,1.0008230985225373,1.1244363119096652,1.0071718003189356,0.9999010610417427,0.5725,0.359081803876112,0.1025,0.7467531045455251,0.14,acceleration,256.1893056675817,205.68622592737017,23379.437777250565,48.99075226632205,20.91940624337634
bottom,top,3,kinetic,tight,snopt,all,True,0.0,0.3,1945464198,True,0.5932052135467529,42,1.155144214630127,18,18,7.246082386310179,,3.876864411182121,8.80714271503479,31.222427297809386,0.03202825938104311,84.59839677810669,True,SolutionResult.kSolutionFound,3,84.589084518,0.149869262045828,0.7062152986798872,1.2458311026434161,4.679282138402208,1.0,1.0,0.0,0.0,,1.6361501397194378,1.0006811327271026,1.1116591507869178,1.1027092717129507,0.9998952678794147,0.585,0.489928394545275,0.1275,0.7857564558410268,0.16,acceleration,259.3120439778239,207.21813442130718,21793.474305217784,51.464806876577995,22.885678937279142
middle,bottom,5,parameterized,notebook,snopt,all,True,0.0,0.3,1087232320,True,0.423206090927124,36,1.5212957859039307,13,13,4.036758670562188,,5.530084740301406,9.547084393644596,34.86714016583017,0.18082905542338887,3.6765568256378174,True,SolutionResult.kSolutionFound,1,3.667480046,0.3642139002287855,2.0141337318608685,3.760064139371624,14.114334810596914,1.0,1.0,0.0,0.0,,2.152317572977742,1.001792636295249,1.0184023486303606,1.0563722355663456,0.9999068912018481,0.575,0.41583976390451144,0.145,0.8053380462220867,0.16,torque,292.19108638644775,113.69515573001446,27338.08040192104,65.67961062295203,24.369587601830794
middle,bottom,5,cspace,notebook,snopt,all,True,0.0,0.3,1087232320,True,0.423206090927124,36,1.5212957859039307,13,13,4.036758670562188,,5.530084740301406,9.547084393644596,34.86714016583017,0.10474402013935172,6.404231548309326,True,SolutionResult.kSolutionFound,1,6.393822405,0.15633991812890566,0.8706734860637244,1.492590392472149,6.9860480853852565,0.998,0.998,0.0,0.0,,1.8196807683978187,1.000571048960959,1.1536287602353448,0.9977422917057689,0.9996906334907005,0.5175,0.45065474074073303,0.1625,0.7876940855394223,0.1375,acceleration,204.08853514685308,67.74591838639603,24422.31588633911,45.058029294549385,20.021626746298534
middle,bottom,5,kinetic,notebook,snopt,all,True,0.0,0.3,1087232320,True,0.423206090927124,36,1.5212957859039307,13,13,4.036758670562188,,5.530084740301406,9.547084393644596,34.86714016583017,0.028680298849975683,9.090630769729614,True,SolutionResult.kSolutionFound,1,9.080122318,0.2224604033965352,1.2136916001406175,2.012687154823507,7.756558066574115,1.0,1.0,0.0,0.0,,1.8509015115753398,1.0004954300530002,1.1366020503272491,1.007163972613867,0.9998476771512479,0.52,0.3408441716935404,0.08,0.8045062530487908,0.165,acceleration,225.67102970761928,79.60830936334617,24826.098512177276,48.45091754821813,22.4452001769598
middle,bottom,5,parameterized,tight,snopt,all,True,0.0,0.3,1087232320,True,0.423206090927124,36,1.5212957859039307,13,13,4.036758670562188,,5.530084740301406,9.547084393644596,34.86714016583017,0.18082905542338887,8.506671905517578,True,SolutionResult.kSolutionFound,1,8.495549445,0.0237817207594184,0.13151493106977058,0.7150661084715428,2.741104451508643,1.0,1.0,0.0,5.427147033287838e-05,,1.5634132845962452,1.0005219510181047,1.1719791047039831,1.0588253008787532,0.9999630953602021,0.6075,0.1077208951350827,0.1825,0.6540786920341073,0.055,acceleration,110.65510356220271,19.85673601065649,15077.446150621163,20.43116333987235,12.05057271687069
middle,bottom,5,cspace,tight,snopt,all,True,0.0,0.3,1087232320,True,0.423206090927124,36,1.5212957859039307,13,13,4.036758670562188,,5.530084740301406,9.547084393644596,34.86714016583017,0.10474402013935172,68.67890095710754,True,SolutionResult.kSolutionFound,1,68.669152448,0.04117533935856343,0.19796525248581295,0.3931044397931609,1.4131731518536552,1.0,1.0,0.0,0.0,,1.0130770158185187,1.0003752036319897,1.113255306344748,1.1047573880617831,0.9997183220213283,0.52,0.5608537868704869,0.245,0.7147923010592021,0.055,acceleration,110.22965060447851,19.708728453746147,11286.54445920722,17.320030453457274,13.966990457824107
middle,bottom,5,kinetic,tight,snopt,all,True,0.0,0.3,1087232320,True,0.423206090927124,36,1.5212957859039307,13,13,4.036758670562188,,5.530084740301406,9.547084393644596,34.86714016583017,0.028680298849975683,62.94893288612366,True,SolutionResult.kSolutionFound,1,62.936737259,0.040829611979340034,0.20033451251837125,0.39913482819082613,1.4236118038001078,1.0,1.0,0.0,0.0,,1.0228414393408836,1.000370467528232,1.1262841937856989,1.1056332417913146,0.9998439950947108,0.53,0.5308382972220045,0.2325,0.7161636812662658,0.0625,acceleration,109.64083309612701,19.57527925420132,11205.549683676469,17.20240929991034,13.491609946184058
bottom,middle,9,parameterized,notebook,snopt,all,True,0.0,0.3,1071891321,True,0.401625394821167,23,1.048717975616455,21,21,4.515893166055863,,0.9829784561953164,1.8629862925241771,8.06458315837323,1.0173162938591418,2.2737066745758057,True,SolutionResult.kSolutionFound,1,2.258651449,0.47033009844902957,0.4623243540756209,0.856959782683469,3.7137656098015386,1.0,1.0,0.0,0.0,,1.6139325817880905,1.0021012330517318,1.1122033625892762,1.00773854802582,0.9651008002066366,0.485,0.559192136843061,0.1125,0.7747826316974173,0.1425,acceleration,199.88686309288144,138.70381538335042,22117.586675596693,43.54559166169047,22.903012906915137
bottom,middle,9,cspace,notebook,snopt,all,True,0.0,0.3,1071891321,True,0.401625394821167,23,1.048717975616455,21,21,4.515893166055863,,0.9829784561953164,1.8629862925241771,8.06458315837323,0.5367726021457145,8.015150785446167,True,SolutionResult.kSolutionFound,1,8.001591048,0.34327438011548567,0.3523966678391149,0.639515464729884,2.8819068292530097,1.0,1.0,0.0,0.0,,1.5429884659012725,1.0019717898829574,1.2381331523398218,1.0063393419646525,0.919648040853807,0.465,0.5548482758495492,0.1725,0.7955003499810405,0.1025,acceleration,187.02811736080994,132.36639393950475,21511.60245428532,38.20749425581688,21.127286097059194
bottom,middle,9,kinetic,notebook,snopt,all,True,0.0,0.3,1071891321,True,0.401625394821167,23,1.048717975616455,21,21,4.515893166055863,,0.9829784561953164,1.8629862925241771,8.06458315837323,0.12399896936541947,9.842572927474976,True,SolutionResult.kSolutionFound,1,9.830590572,0.38293461401912415,0.46089353159031676,0.7912560710803278,3.0882080389767834,1.0,1.0,0.0,0.0,,1.5554016642385715,1.001479470815554,1.2395911038166367,1.0377201260949966,0.9985841932257431,0.5075,0.5589848366693847,0.195,0.7525587732148837,0.095,acceleration,190.79675481361892,134.50644320846502,21727.911816104115,39.413877799559835,19.446201460702337
bottom,middle,9,parameterized,tight,snopt,all,True,0.0,0.3,1071891321,True,0.401625394821167,23,1.048717975616455,21,21,4.515893166055863,,0.9829784561953164,1.8629862925241771,8.06458315837323,1.0173162938591418,19.23350763320923,True,SolutionResult.kSolutionFound,1,19.223259557,0.07883689907760287,0.07749497334652848,0.40624042077153205,1.5642415926608684,1.0,1.0,0.0,2.2193036310902414e-06,,1.5796697667218582,1.0014033764715002,1.3003808220613942,1.0077684955311974,0.9999506171896373,0.6025,0.0658233615761,0.0925,0.6501913707506435,0.11,acceleration,111.083197263337,93.6430191495228,15280.178810415662,20.182173405490165,10.927486333651968
bottom,middle,9,cspace,tight,snopt,all,True,0.0,0.3,1071891321,True,0.401625394821167,23,1.048717975616455,21,21,4.515893166055863,,0.9829784561953164,1.8629862925241771,8.06458315837323,0.5367726021457145,154.1603865623474,True,SolutionResult.kSolutionFound,1,154.15110967,0.12157797455117655,0.11316124440388803,0.22649810006169513,0.8221716208634847,1.0,1.0,0.0,0.0,,1.0263178087634106,1.0001271406372831,1.2539913282643989,1.0239390219317699,0.9757278553607698,0.475,0.7568807985951866,0.205,0.6813317879480383,0.0875,acceleration,113.2537215130854,94.51258910206559,11859.959639841058,17.082283011347542,15.80108553741158
bottom,middle,9,kinetic,tight,snopt,all,True,0.0,0.3,1071891321,True,0.401625394821167,23,1.048717975616455,21,21,4.515893166055863,,0.9829784561953164,1.8629862925241771,8.06458315837323,0.12399896936541947,142.54368448257446,False,SolutionResult.kSolverSpecificError,41,142.530976872,0.10146488309258282,0.11372981727186982,0.22803110421994333,0.8182719873547522,1.0,1.0,0.0,0.0,,1.030994033572664,1.0001811522300244,1.2564730427220687,1.034679289591145,0.9810848011079675,0.4775,0.7708221897201298,0.1625,0.7112399673865424,0.0825,acceleration,113.75280851848566,94.70978010271388,11791.913168056179,17.04419271421859,16.66523060929633
middle,bottom,1,parameterized,notebook,snopt,all,True,0.0,0.3,1201675609,True,0.29070091247558594,38,1.0394067764282227,17,17,4.4919148647610845,,2.474295196682986,5.839731137202929,23.20792858555339,0.40415549500342135,1.7337467670440674,True,SolutionResult.kSolutionFound,1,1.726511458,0.2918204228457787,0.722049870541309,2.0710156316363015,8.961671939124615,1.0,1.0,0.0,0.0,,2.480078891924063,1.000759482694388,1.0134925211243015,1.0219655473058793,0.9999301403083214,0.615,0.37668497660906874,0.1,0.7453345374877165,0.0575,torque,259.3010298670007,96.71721778195322,27501.284542444613,54.55980455756959,23.857845276102378
middle,bottom,1,cspace,notebook,snopt,all,True,0.0,0.3,1201675609,True,0.29070091247558594,38,1.0394067764282227,17,17,4.4919148647610845,,2.474295196682986,5.839731137202929,23.20792858555339,0.1712407603201699,3.2844314575195312,True,SolutionResult.kSolutionFound,1,3.276306522,0.2687733191752845,0.9393327258358066,1.5695639208372905,6.542533965618014,1.0,1.0,0.0,0.0,,1.9263394471066217,1.0005162309676219,1.000717208553791,1.0412539981233173,0.9113709939105257,0.465,0.5745143684775459,0.1125,0.8369594232534396,0.2375,torque,276.536356431698,105.0680591042214,25135.050443047814,53.91447670479323,24.408574465904017
middle,bottom,1,kinetic,notebook,snopt,all,True,0.0,0.3,1201675609,True,0.29070091247558594,38,1.0394067764282227,17,17,4.4919148647610845,,2.474295196682986,5.839731137202929,23.20792858555339,0.0430887227316998,4.448139905929565,True,SolutionResult.kSolutionFound,1,4.44025644,0.28528627391597927,1.0559733034076961,1.781916773199912,6.620903471480668,1.0,1.0,0.0,0.0,,1.9793210362567073,1.000640832711639,1.1746384346005971,0.9975516565489455,0.8782062829271366,0.445,0.6469281902991587,0.1325,0.866748714472417,0.1425,acceleration,281.13879373775853,107.32349143580387,26004.172492941667,53.04359077686867,25.665714255298223
middle,bottom,1,parameterized,tight,snopt,all,True,0.0,0.3,1201675609,True,0.29070091247558594,38,1.0394067764282227,17,17,4.4919148647610845,,2.474295196682986,5.839731137202929,23.20792858555339,0.40415549500342135,14.423224449157715,True,SolutionResult.kSolutionFound,1,14.412607796,0.04054341667619538,0.1003163811390273,0.5294329908576128,2.048156578210801,1.0,1.0,0.0,5.145203672007881e-05,,1.5546078217375152,1.001007505429194,1.2249278791304956,1.0948505653941147,0.9999472770253097,0.6,0.07314593965881896,0.1,0.6499064713978262,0.0875,acceleration,110.3513404365701,19.800070511364186,15043.19245779908,20.51016154700671,12.60018078395823
middle,bottom,1,cspace,tight,snopt,all,True,0.0,0.3,1201675609,True,0.29070091247558594,38,1.0394067764282227,17,17,4.4919148647610845,,2.474295196682986,5.839731137202929,23.20792858555339,0.1712407603201699,107.40583539009094,True,SolutionResult.kSolutionFound,1,107.39215268,0.05123154429466867,0.15144489984402754,0.2991784444245676,1.081851105036921,1.0,1.0,0.0,0.0,,1.019587545428728,1.0006017214547083,1.1718457879951578,1.1537810460242826,0.9905349856359709,0.5,0.6161986551161498,0.155,0.684711139125523,0.0875,acceleration,110.42281545892843,19.762715263519745,11339.672043088985,17.268230562188343,13.894781775452488
middle,bottom,1,kinetic,tight,snopt,all,True,0.0,0.3,1201675609,True,0.29070091247558594,38,1.0394067764282227,17,17,4.4919148647610845,,2.474295196682986,5.839731137202929,23.20792858555339,0.0430887227316998,101.47765135765076,True,SolutionResult.kSolutionFound,1,101.469326297,0.046403868095619485,0.15103991081594176,0.30077789454903037,1.0769376568565763,1.0,1.0,0.0,0.0,,1.0349185402566516,1.0006507092178907,1.1831160412588393,1.1547111908556036,0.9933546903286676,0.5025,0.5303718567807949,0.15,0.6774364984779278,0.095,acceleration,110.52174569167977,19.96999676466389,11330.984099112236,17.07184094978433,13.004625007885462
bottom,top,6,parameterized,notebook,snopt,all,True,0.0,0.3,60791049,True,0.4394083023071289,38,0.8489041328430176,18,18,5.704895545571516,,1.852256460262831,6.251276344699553,26.2689665364841,0.5398820419598387,2.2492482662200928,True,SolutionResult.kSolutionFound,1,2.236295915,0.3849432033872714,0.7130135353083382,3.5092960776023054,14.333765442894444,1.0,1.0,0.0,0.0,,3.08143686706556,1.0022302441047586,1.0023615652683362,1.0659395103956015,1.0000471603438998,0.71,0.24162917300706335,0.0975,0.705293350617684,0.035,torque,314.2862214210576,235.36925274177588,29196.710006749643,64.12034906174785,26.08201702676884
bottom,top,6,cspace,notebook,snopt,all,True,0.0,0.3,60791049,True,0.4394083023071289,38,0.8489041328430176,18,18,5.704895545571516,,1.852256460262831,6.251276344699553,26.2689665364841,0.1599673322469416,4.503675222396851,True,SolutionResult.kSolutionFound,1,4.490628295,0.2771552152320869,0.9241675038348734,1.7325738407904583,7.093395479871975,0.994,0.994,0.0,0.0,,2.0077476540094716,1.0004209645394215,1.0012783427669596,1.072400295298476,0.9998720800426251,0.5725,0.3794404683847309,0.055,0.7936326553607039,0.185,torque,296.3124434985847,226.026080644442,24526.93644795775,54.48483547530593,21.74366756893912
bottom,top,6,kinetic,notebook,snopt,all,True,0.0,0.3,60791049,True,0.4394083023071289,38,0.8489041328430176,18,18,5.704895545571516,,1.852256460262831,6.251276344699553,26.2689665364841,0.038067732836430127,6.115655422210693,True,SolutionResult.kSolutionFound,1,6.106795377,0.26894890287652684,1.118765867759097,1.9461249807404952,7.065009729687595,0.994,0.994,0.0,0.0,,1.9531813992683593,1.0008188256525923,1.001035939797039,1.077020870706024,0.9998462246495197,0.57,0.48125507034270576,0.0625,0.82724851190744,0.165,torque,301.4058154368741,228.8283401016962,24035.02963393503,55.73956665226602,28.603570514527913
bottom,top,6,parameterized,tight,snopt,all,True,0.0,0.3,60791049,True,0.4394083023071289,38,0.8489041328430176,18,18,5.704895545571516,,1.852256460262831,6.251276344699553,26.2689665364841,0.5398820419598387,13.734877586364746,True,SolutionResult.kSolutionFound,1,13.727048455,0.2423838399682998,0.44895703344458887,2.602219203665457,10.617946448544796,1.0,1.0,0.0,2.7568314616033263e-05,,2.9694834473702625,1.0019979739432385,1.3659631660817717,1.0235800219891253,0.9999969846351963,0.7,0.18656535915498262,0.1525,0.7032414767312808,0.0575,acceleration,289.7054720288592,222.39319686747655,27675.375418983775,59.2540549526132,20.095102476510743
bottom,top,6,cspace,tight,snopt,all,True,0.0,0.3,60791049,True,0.4394083023071289,38,0.8489041328430176,18,18,5.704895545571516,,1.852256460262831,6.251276344699553,26.2689665364841,0.1599673322469416,166.79823231697083,True,SolutionResult.kSolutionFound,1,166.790012455,0.19427638579763631,0.6429021355315176,1.2144753748704882,5.115870879462054,0.996,0.996,0.0,0.0,,1.7717270083040366,1.0005984971656154,1.114152155301585,1.006760950825601,0.9999018359287941,0.565,0.39828865382835565,0.1125,0.7243039820272215,0.12,acceleration,260.4808690600181,207.50146484614163,22161.11333000396,49.156589818361894,22.582139473235067
bottom,top,6,kinetic,tight,snopt,all,True,0.0,0.3,60791049,True,0.4394083023071289,38,0.8489041328430176,18,18,5.704895545571516,,1.852256460262831,6.251276344699553,26.2689665364841,0.038067732836430127,189.54780340194702,True,SolutionResult.kSolutionFound,3,189.538077116,0.17655113788947138,0.6558927096686933,1.232618467188091,4.637815933196715,1.0,1.0,0.0,0.0,,1.6651102747168993,1.0006323911868082,1.038522161669995,1.005803538668647,0.9980095613644269,0.5125,0.5255495286313968,0.115,0.669674236165671,0.13,acceleration,264.16017554369114,209.90937442248736,19423.5365723677,49.620416605588446,25.69366293720738
middle,bottom,9,parameterized,notebook,snopt,all,True,0.0,0.3,1232835947,True,0.14707374572753906,28,1.2744207382202148,12,12,3.6267763439971166,,2.763967159217897,5.654108543375072,17.962444524996528,0.36179879947740184,1.9874322414398193,True,SolutionResult.kSolutionFound,1,1.978180108,0.24295753095727762,0.671526636650583,1.9484643678237692,7.270371985167366,1.0,1.0,0.0,0.0,,1.8226936088156176,1.0003713713937963,1.0002330016798653,1.1979625463506587,0.8368490962080719,0.355,0.49655620197598827,0.16,0.8226846364040001,0.16,torque,217.79257157443652,74.89315629645297,20637.631990712965,39.49808510107715,24.220994638299498
middle,bottom,9,cspace,notebook,snopt,all,True,0.0,0.3,1232835947,True,0.14707374572753906,28,1.2744207382202148,12,12,3.6267763439971166,,2.763967159217897,5.654108543375072,17.962444524996528,0.17686254027997067,6.34008002281189,True,SolutionResult.kSolutionFound,1,6.330180424,0.14236831674166484,0.389291904788708,0.8049659159949754,3.3621511830434616,1.0,1.0,0.0,0.0,,1.3212734834597226,1.0004381511849156,1.1287672014560681,1.0810299034177244,0.8446254789790164,0.4075,0.6733264762694428,0.2325,0.7118491153267273,0.1825,acceleration,154.0944572673267,42.295642645360694,16520.987852986036,29.3792686778829,21.550614669128343
middle,bottom,9,kinetic,notebook,snopt,all,True,0.0,0.3,1232835947,True,0.14707374572753906,28,1.2744207382202148,12,12,3.6267763439971166,,2.763967159217897,5.654108543375072,17.962444524996528,0.05567170986156147,6.010235071182251,True,SolutionResult.kSolutionFound,1,6.002415863,0.2627537796177947,0.8794771154632979,1.5139736509872597,4.719700190117802,1.0,1.0,0.0,0.0,,1.4390444289711743,1.0000788024909084,1.000009760700689,1.0884669690030824,0.6090310141798398,0.08,0.6207985924362023,0.0525,0.9737765644481455,0.42,torque,221.12520292942048,76.92408929062306,18481.109776522728,36.341796728469895,28.461152763725067
middle,bottom,9,parameterized,tight,snopt,all,True,0.0,0.3,1232835947,True,0.14707374572753906,28,1.2744207382202148,12,12,3.6267763439971166,,2.763967159217897,5.654108543375072,17.962444524996528,0.36179879947740184,7.46664571762085,True,SolutionResult.kSolutionFound,1,7.457551216,0.05203246149137629,0.1438160147754374,0.7980046134122913,3.047882694696373,1.0,1.0,0.0,2.154012873401001e-05,,1.5573300502797567,1.0004647445577937,1.1686168561336947,1.0581118350498213,0.9999981807684934,0.62,0.12163699369273656,0.1975,0.6558914922358039,0.0375,acceleration,112.73041404025261,20.818086167017334,15014.786504278296,20.489839614996527,12.051048492660899
middle,bottom,9,cspace,tight,snopt,all,True,0.0,0.3,1232835947,True,0.14707374572753906,28,1.2744207382202148,12,12,3.6267763439971166,,2.763967159217897,5.654108543375072,17.962444524996528,0.17686254027997067,49.27042293548584,True,SolutionResult.kSolutionFound,1,49.261625545,0.07522914332628874,0.2143589064422321,0.4253537419919569,1.5266931848004088,1.0,1.0,0.0,0.0,,1.0118505089805916,1.0003016010502606,1.105907209840675,1.0929363873926112,0.9998264279701372,0.5275,0.6105889107807732,0.275,0.7228681244159461,0.055,acceleration,110.42305884822943,19.745125102051354,11297.543779981763,17.302462710246697,14.484678317177062
middle,bottom,9,kinetic,tight,snopt,all,True,0.0,0.3,1232835947,True,0.14707374572753906,28,1.2744207382202148,12,12,3.6267763439971166,,2.763967159217897,5.654108543375072,17.962444524996528,0.05567170986156147,52.60548424720764,True,SolutionResult.kSolutionFound,3,52.596590264,0.08464083655176587,0.21151992289243526,0.427461013756148,1.5203563311103923,1.0,1.0,0.0,0.0,,1.0295350979505133,1.0003070485943275,1.112056551429998,1.0935979386395365,0.999930595876274,0.54,0.5541828578290406,0.255,0.71874317443494,0.0425,acceleration,109.6965866543577,19.43386082004897,11237.01227404064,17.020775747073216,13.890535285370923
middle,bottom,8,parameterized,notebook,snopt,all,True,0.0,0.3,1048356349,True,0.5073235034942627,43,1.1831223964691162,14,14,4.23481947097413,,3.4904423638538207,7.437484570993336,27.935827565133433,0.28649663731902836,4.926905393600464,True,SolutionResult.kSolutionFound,1,4.918516194,0.1901157965739756,0.6635882303996172,2.090180913248483,8.312112279480436,1.0,1.0,0.0,0.0,,2.091868405035354,1.0013570604350055,1.0043140863211852,1.0615903507501,0.9979053165662539,0.5125,0.597076210629444,0.1225,0.6858990107645511,0.1375,torque,233.99933377503226,82.98673206288572,22786.642813160604,43.997343708413254,20.263658380427596
middle,bottom,8,cspace,notebook,snopt,all,True,0.0,0.3,1048356349,True,0.5073235034942627,43,1.1831223964691162,14,14,4.23481947097413,,3.4904423638538207,7.437484570993336,27.935827565133433,0.1344540604359791,3.0990211963653564,True,SolutionResult.kSolutionFound,1,3.090100209,0.2725632283414611,1.2297509502842874,2.0271848054097505,7.107227844197884,1.0,1.0,0.0,0.0,,1.7982952856425953,1.0011471678501205,1.0373734437765343,1.0417924603951116,0.9998830682095146,0.5525,0.6220804339324093,0.1625,0.7227434541997675,0.155,torque,265.4363587314079,99.70091145387659,21593.545166169257,52.11713629595748,28.770109562450788
middle,bottom,8,kinetic,notebook,snopt,all,True,0.0,0.3,1048356349,True,0.5073235034942627,43,1.1831223964691162,14,14,4.23481947097413,,3.4904423638538207,7.437484570993336,27.935827565133433,0.03579632633643884,3.1260452270507812,True,SolutionResult.kSolutionFound,1,3.117057085,0.2989705654007832,1.704398187339939,2.6803987443873836,8.351990162086727,1.0,1.0,0.0,0.0,,1.920491305388183,1.0003191097277233,1.1616188361997013,0.9923370963782788,0.95392741445307,0.46,0.5668876927444239,0.26,0.8511167095141906,0.0125,acceleration,280.9566641709566,107.9216019262013,22917.933401073173,52.43463173359078,23.850175415186822
middle,bottom,8,parameterized,tight,snopt,all,True,0.0,0.3,1048356349,True,0.5073235034942627,43,1.1831223964691162,14,14,4.23481947097413,,3.4904423638538207,7.437484570993336,27.935827565133433,0.28649663731902836,10.41481351852417,True,SolutionResult.kSolutionFound,1,10.403595237,0.03587479852329447,0.12521891656042927,0.6706246671973566,2.567123582098486,1.0,1.0,0.0,6.376016617792857e-05,,1.5642980168327074,1.0006640092536818,1.1778676498662142,1.0618470542389853,0.9999829878904516,0.6025,0.115192666417257,0.14,0.6522250056246921,0.0425,acceleration,108.88781866627616,19.419329638463758,15053.35725414017,20.30758433206915,12.187415445990672
middle,bottom,8,cspace,tight,snopt,all,True,0.0,0.3,1048356349,True,0.5073235034942627,43,1.1831223964691162,14,14,4.23481947097413,,3.4904423638538207,7.437484570993336,27.935827565133433,0.1344540604359791,65.78345942497253,True,SolutionResult.kSolutionFound,1,65.77006859,0.0536660704029946,0.20399799978361646,0.3991405706081143,1.4329388291251801,1.0,1.0,0.0,0.0,,1.0150195303542604,1.000484484670806,1.129676778208442,1.1170264345539467,0.9997297336263011,0.525,0.5743011687719155,0.21,0.6873231030463465,0.0575,acceleration,110.7106726608188,19.90978539118829,11290.551177527655,17.55079487861284,13.6194728197682
middle,bottom,8,kinetic,tight,snopt,all,True,0.0,0.3,1048356349,True,0.5073235034942627,43,1.1831223964691162,14,14,4.23481947097413,,3.4904423638538207,7.437484570993336,27.935827565133433,0.03579632633643884,50.0749089717865,True,SolutionResult.kSolutionFound,1,50.066038927,0.050628056019769434,0.20162350879809832,0.39840668677530405,1.4143366429261945,1.0,1.0,0.0,0.0,,1.0286982193862628,1.0005239216354853,1.1306938372652968,1.1535984017332177,0.9998725234306269,0.52,0.4809117779194378,0.2,0.6766126885671726,0.0825,torque,111.06194768777647,20.074626726729875,11207.458204540508,17.43988833227941,12.998694345626703
middle,bottom,3,parameterized,notebook,snopt,all,True,0.0,0.3,699300981,True,0.4674513339996338,31,1.6596906185150146,15,15,3.9300260756046557,,3.903699361221895,7.73125168914266,31.34164163919005,0.2561672678827886,3.432459831237793,True,SolutionResult.kSolutionFound,1,3.418752078,0.13978010840566776,0.5456595198947312,1.9010348524244258,8.518152463189132,1.0,1.0,0.0,0.0,,2.1588983922712788,1.0011983164625653,1.096390345625981,1.2436154072984615,0.9998013577884157,0.565,0.511006857337692,0.12,0.7440444316991701,0.095,torque,228.7961652260054,80.8533569150772,23677.08933793162,49.472263911956176,26.925339904564524
middle,bottom,3,cspace,notebook,snopt,all,True,0.0,0.3,699300981,True,0.4674513339996338,31,1.6596906185150146,15,15,3.9300260756046557,,3.903699361221895,7.73125168914266,31.34164163919005,0.1293451617160963,5.460768699645996,True,SolutionResult.kSolutionFound,1,5.452868973,0.23250301800188938,1.0305298705651842,1.797539350657874,7.089423717743731,1.0,1.0,0.0,0.0,,1.7171326473094881,1.0009515511848208,1.1012006394751317,1.0693347977702308,0.9456223843883322,0.4625,0.667498612252656,0.0625,0.891912833416287,0.175,acceleration,253.2527286729902,93.01088193847298,21672.018718199764,53.822866962770235,27.32171752377074
middle,bottom,3,kinetic,notebook,snopt,all,True,0.0,0.3,699300981,True,0.4674513339996338,31,1.6596906185150146,15,15,3.9300260756046557,,3.903699361221895,7.73125168914266,31.34164163919005,0.03190643334871091,9.378984212875366,True,SolutionResult.kSolutionFound,1,9.37140527,0.22443436845753822,1.1160966206690044,1.9296326581198098,7.034141547714103,1.0,1.0,0.0,0.0,,1.7413271629667346,1.0003577877776446,1.1591324356867518,1.040725907500609,0.8624715166678643,0.38,0.6808549115289799,0.04,0.9191632839357403,0.165,acceleration,263.18704455117165,98.33814851348984,22578.17614136859,53.950084924698004,26.72894372991972
middle,bottom,3,parameterized,tight,snopt,all,True,0.0,0.3,699300981,True,0.4674513339996338,31,1.6596906185150146,15,15,3.9300260756046557,,3.903699361221895,7.73125168914266,31.34164163919005,0.2561672678827886,10.178883790969849,True,SolutionResult.kSolutionFound,1,10.171076673,0.029238252546491574,0.1141373477889806,0.5986723669556318,2.3107348357077466,1.0,1.0,0.0,8.0031141642678e-05,,1.550419357586306,1.000706597140611,1.1954073818834494,1.0740475291734448,0.9999492518525614,0.605,0.09843378560536817,0.155,0.6512619399393494,0.0475,acceleration,110.68539404595683,19.954164488527006,14987.866461131605,20.446145942633976,12.267111383363186
middle,bottom,3,cspace,tight,snopt,all,True,0.0,0.3,699300981,True,0.4674513339996338,31,1.6596906185150146,15,15,3.9300260756046557,,3.903699361221895,7.73125168914266,31.34164163919005,0.1293451617160963,80.11649775505066,True,SolutionResult.kSolutionFound,1,80.104435417,0.04725674083999424,0.1878733411149364,0.36535375744258236,1.3112323806803379,1.0,1.0,0.0,0.0,,1.0179271191935169,1.0005470830804035,1.132086651379562,1.1193453940428526,0.9998553974717745,0.525,0.532521806860446,0.245,0.6969934467212688,0.04,acceleration,110.85290144070123,19.805136642042655,11366.241072841181,17.544348730221827,13.979398887974861
middle,bottom,3,kinetic,tight,snopt,all,True,0.0,0.3,699300981,True,0.4674513339996338,31,1.6596906185150146,15,15,3.9300260756046557,,3.903699361221895,7.73125168914266,31.34164163919005,0.03190643334871091,145.40522742271423,True,SolutionResult.kSolutionFound,1,145.396908969,0.0419570546331377,0.18763344240173052,0.3700699729305373,1.3150029705477206,1.0,1.0,0.0,0.0,,1.0367561463391974,1.0005698065149589,1.0993273883627193,1.167488738501364,0.9965742619471915,0.5075,0.5752960078393188,0.1825,0.6960381652879436,0.1,torque,110.95511388224429,19.867648981038183,11280.879252342625,17.392685368928504,13.071290834159996
middle,bottom,0,parameterized,notebook,snopt,all,True,0.0,0.3,816262607,True,0.7109804153442383,27,1.3600869178771973,19,19,4.961665951983388,,2.224283686720811,4.543780245382948,14.983944406659015,0.449582940328204,1.4780776500701904,True,SolutionResult.kSolutionFound,1,1.466145524,0.36643465680586373,0.8150546293824199,1.735274510076361,5.815202677292834,1.0,1.0,0.0,0.0,,1.8241820206900312,1.0003304655519214,1.0002127156642102,1.1939301117216992,0.7616966835428266,0.34,0.5659944120468505,0.05,0.9322191586746692,0.35,torque,244.96150851322827,89.42223199140226,21350.408149673232,52.322055922560615,31.021911811863433
middle,bottom,0,cspace,notebook,snopt,all,True,0.0,0.3,816262607,True,0.7109804153442383,27,1.3600869178771973,19,19,4.961665951983388,,2.224283686720811,4.543780245382948,14.983944406659015,0.22008106598379748,6.084963083267212,True,SolutionResult.kSolutionFound,1,6.076843597,0.23858567374818834,0.6133879591006579,1.0840808712083994,3.8439210246193856,1.0,1.0,0.0,0.0,,1.7172611526947241,1.0003983500885858,0.9995555186055157,1.2437607084122082,0.7314419745369722,0.1925,0.6074894941970377,0.05,0.9326131113315774,0.265,torque,233.2159827219748,82.89301360273103,22057.460363486047,40.79506114963534,23.865364777055586
middle,bottom,0,kinetic,notebook,snopt,all,True,0.0,0.3,816262607,True,0.7109804153442383,27,1.3600869178771973,19,19,4.961665951983388,,2.224283686720811,4.543780245382948,14.983944406659015,0.06673810132101064,9.08243465423584,True,SolutionResult.kSolutionFound,1,9.071125984,0.2212644257357673,0.5663413972675675,1.0076204039842822,3.31541385439607,1.0,1.0,0.0,0.0,,1.539234076432648,1.000075221705157,0.9997895915181468,1.2080122803588595,0.6559860495259416,0.115,0.6018811847172264,0.0225,0.9692473663557744,0.39,torque,232.93792111139612,82.99916782318516,20342.44434437194,40.84722559358945,30.85182176388287
middle,bottom,0,parameterized,tight,snopt,all,True,0.0,0.3,816262607,True,0.7109804153442383,27,1.3600869178771973,19,19,4.961665951983388,,2.224283686720811,4.543780245382948,14.983944406659015,0.449582940328204,14.187185287475586,True,SolutionResult.kSolutionFound,1,14.177698531,0.038783260288083245,0.0862649731766289,0.4512707783334421,1.74499233636104,1.0,1.0,0.0,5.588867439243472e-05,,1.5638056417421222,1.0011472544200108,1.264722318095054,1.1255500103463272,0.9999660807672337,0.605,0.08326240592489814,0.1,0.6469910828540815,0.0775,acceleration,110.8615900088583,19.81026307790428,15072.652460531583,20.447143957702338,11.981125219061465
middle,bottom,0,cspace,tight,snopt,all,True,0.0,0.3,816262607,True,0.7109804153442383,27,1.3600869178771973,19,19,4.961665951983388,,2.224283686720811,4.543780245382948,14.983944406659015,0.22008106598379748,141.05999040603638,True,SolutionResult.kSolutionFound,3,141.036322783,0.05658596944074758,0.1294032496943115,0.25711421011071206,0.9260382908735703,1.0,1.0,0.0,0.0,,1.0172906045435062,1.0005676788171025,1.2015621625755473,1.179747279884813,0.9991935824173421,0.5175,0.7300693954302886,0.215,0.6744303580397096,0.04,acceleration,110.89809048411252,20.208603800007417,11384.587321567167,17.24940140655736,14.512989014683546
middle,bottom,0,kinetic,tight,snopt,all,True,0.0,0.3,816262607,True,0.7109804153442383,27,1.3600869178771973,19,19,4.961665951983388,,2.224283686720811,4.543780245382948,14.983944406659015,0.06673810132101064,119.38656520843506,True,SolutionResult.kSolutionFound,3,119.378664821,0.061701220644263824,0.1284314258161806,0.2591447074291087,0.9245276599566511,1.0,1.0,0.0,0.0,,1.0303666421040325,1.0007381046459964,1.21039239877807,1.1805394222213825,0.9996598465006383,0.53,0.6333084889029608,0.215,0.6637066632744293,0.04,acceleration,110.56618269707394,19.70711117847147,11356.679847584925,17.048417072263774,13.871524346099665
bottom,top,0,parameterized,notebook,snopt,all,True,0.0,0.3,1794915388,True,0.575756311416626,40,0.7509419918060303,25,25,7.8072540939228015,,1.9570470616712254,5.9265147016340265,23.288710903762997,0.5109739155409209,2.564307928085327,True,SolutionResult.kSolutionFound,1,2.549277093,0.4717625279700101,0.9232614691703035,2.7834958628364728,11.274038691237223,1.0,1.0,0.0,0.0,,3.213507866435813,1.0012938467104087,1.3257756301129757,1.1224645433140836,0.999742930232917,0.5375,0.28298692657578073,0.105,0.7509295607637654,0.26,acceleration,338.5720096096428,248.14211530411274,36195.44988283524,68.8699997901206,20.18705632345854
bottom,top,0,cspace,notebook,snopt,all,True,0.0,0.3,1794915388,True,0.575756311416626,40,0.7509419918060303,25,25,7.8072540939228015,,1.9570470616712254,5.9265147016340265,23.288710903762997,0.16873323535741597,6.890307903289795,True,SolutionResult.kSolutionFound,1,6.878937273,0.2199329567821657,0.7666304066901507,1.303435901743346,5.586620750878475,0.994,0.994,0.0,0.0,,2.3689676592666844,1.001975661476248,1.409915714526995,1.0730556521197765,0.9432634608067136,0.4725,0.2260051948770151,0.0675,0.8554871662314864,0.3225,acceleration,283.3532083282788,219.641182531472,31764.19815015055,55.66243126853173,19.973269386135506
bottom,top,0,kinetic,notebook,snopt,all,True,0.0,0.3,1794915388,True,0.575756311416626,40,0.7509419918060303,25,25,7.8072540939228015,,1.9570470616712254,5.9265147016340265,23.288710903762997,0.04293925946061788,11.42728853225708,True,SolutionResult.kSolutionFound,1,11.413646236,0.21965933429813675,0.7717630664968109,1.3005419987689706,5.115582733782338,0.994,0.994,0.0,0.0,,2.253805025970861,1.001797613315992,1.407100397415473,1.2993500273085232,0.9116487014700071,0.45,0.299584588271123,0.05,0.872543675611803,0.3575,acceleration,291.2081576280894,224.3096853798097,30661.972983799744,55.72830390477849,20.646265124401374
bottom,top,0,parameterized,tight,snopt,all,True,0.0,0.3,1794915388,True,0.575756311416626,40,0.7509419918060303,25,25,7.8072540939228015,,1.9570470616712254,5.9265147016340265,23.288710903762997,0.5109739155409209,19.56758451461792,True,SolutionResult.kSolutionFound,1,19.549864768,0.16049075608706537,0.31408796262558347,2.374098218501847,9.704963868096286,0.996,0.996,0.0,5.089134367919357e-05,,3.3799701942183296,1.0049211505073452,1.005369164786767,1.008695219208939,0.999992905833726,0.71,0.19853804876932823,0.135,0.7138634667336063,0.02,torque,306.2092880628855,231.49983012467283,31184.275603914382,63.324326571707886,21.557395030448713
bottom,top,0,cspace,tight,snopt,all,True,0.0,0.3,1794915388,True,0.575756311416626,40,0.7509419918060303,25,25,7.8072540939228015,,1.9570470616712254,5.9265147016340265,23.288710903762997,0.16873323535741597,287.17003440856934,True,SolutionResult.kSolutionFound,1,287.161739582,0.15008085559592457,0.47052319133037457,0.88945639712306,3.830582386700995,1.0,1.0,0.0,0.0,,1.9396619632617875,1.001185477231359,1.2347405191405125,1.060393772312172,0.9968630205987581,0.5075,0.31826817899620463,0.11,0.7633255558939129,0.17,acceleration,258.2174871326219,206.34137072305558,25485.843470846034,48.41858449983299,20.508741548401595
bottom,top,0,kinetic,tight,snopt,all,True,0.0,0.3,1794915388,True,0.575756311416626,40,0.7509419918060303,25,25,7.8072540939228015,,1.9570470616712254,5.9265147016340265,23.288710903762997,0.04293925946061788,92.64021801948547,False,SolutionResult.kSolverSpecificError,41,92.61738918,0.16355603551786704,0.55341559993352,0.964985123436204,3.809009227741199,1.0,1.0,0.0,0.0,,1.8869544779675256,1.001155632366167,1.2956462151904893,1.0769714390790976,0.997493587054813,0.5125,0.2772050634335498,0.0975,0.8193140527269311,0.2225,acceleration,266.92145507896873,211.67804213387103,25911.002660190803,50.39138786683069,21.91324598376517
middle,top,9,parameterized,notebook,snopt,all,True,0.0,0.3,945657374,True,0.15979313850402832,28,0.7629404067993164,17,17,4.306570374484745,,1.6355347867186079,4.82756952813985,16.12178307895864,0.6114208075062172,3.235015392303467,True,SolutionResult.kSolutionFound,1,3.227358383,0.22769407089199967,0.3724015736734433,2.4456765734899086,9.85681635238203,0.998,0.998,0.0,1.759955023983295e-05,,3.031569151145912,1.0015816595549107,1.3016898841102433,1.0270937952060477,1.0000058427631182,0.7775,0.15836348300499709,0.145,0.7145883656228972,0.0175,acceleration,236.24311389557408,159.22767317303277,27959.4148516913,50.36527620639086,14.52534131346404
middle,top,9,cspace,notebook,snopt,all,True,0.0,0.3,945657374,True,0.15979313850402832,28,0.7629404067993164,17,17,4.306570374484745,,1.6355347867186079,4.82756952813985,16.12178307895864,0.20714357280014528,3.993243455886841,True,SolutionResult.kSolutionFound,1,3.985389168,0.27112124251480224,0.7036926182317088,1.3088566487958737,4.5254313230835015,1.0,1.0,0.0,0.0,,1.6747657184109783,1.0001142532571559,1.0004583273154988,1.0694701336189236,0.837152556179966,0.405,0.5537689795459254,0.1325,0.8605585044583198,0.245,torque,243.52126100177495,163.02781504318904,21723.86827902626,44.969967774506515,30.332336579237598
middle,top,9,kinetic,notebook,snopt,all,True,0.0,0.3,945657374,True,0.15979313850402832,28,0.7629404067993164,17,17,4.306570374484745,,1.6355347867186079,4.82756952813985,16.12178307895864,0.0620278783743934,5.126763820648193,True,SolutionResult.kSolutionFound,1,5.119072738,0.27919183767033745,0.7899071332181891,1.3993766524807119,4.501070244337012,0.998,0.998,0.0,0.0,,1.6050097453764487,1.0001976471325886,1.0061920426418038,1.0886443190370398,0.8791693722168844,0.37,0.6576712118713517,0.1,0.9285445534662111,0.29,torque,254.62881972788958,168.66635361516862,21050.11990600172,46.35748617699556,29.432023439933715
middle,top,9,parameterized,tight,snopt,all,True,0.0,0.3,945657374,True,0.15979313850402832,28,0.7629404067993164,17,17,4.306570374484745,,1.6355347867186079,4.82756952813985,16.12178307895864,0.6114208075062172,7.1847662925720215,True,SolutionResult.kSolutionFound,1,7.176734789,0.20512665703726102,0.3354917832677391,2.141381556714595,8.644557232417036,1.0,1.0,0.0,2.6975572273268966e-05,,2.756979894903136,1.0016797601202116,1.3667159814550929,1.0054791625285266,0.9999981532026592,0.7675,0.1524649627169236,0.135,0.7096264720331198,0.0275,acceleration,220.65350745801882,151.04863716501154,26169.165150701716,48.47117278480806,15.063500629399023
middle,top,9,cspace,tight,snopt,all,True,0.0,0.3,945657374,True,0.15979313850402832,28,0.7629404067993164,17,17,4.306570374484745,,1.6355347867186079,4.82756952813985,16.12178307895864,0.20714357280014528,35.50800037384033,False,SolutionResult.kSolverSpecificError,41,35.500293189,0.1907921116599255,0.46789529278527864,0.9210621844589124,3.533434375031989,0.996,0.996,0.0,0.0,,1.5337661588748914,1.0006372630692464,1.119250645048114,1.0051338498862676,0.9698537094136519,0.49,0.4268960929249508,0.1925,0.7445515138602119,0.0725,acceleration,203.2030368991393,142.19010253139214,20737.170055702307,38.92500290992044,23.032155628106715
middle,top,9,kinetic,tight,snopt,all,True,0.0,0.3,945657374,True,0.15979313850402832,28,0.7629404067993164,17,17,4.306570374484745,,1.6355347867186079,4.82756952813985,16.12178307895864,0.0620278783743934,34.46139073371887,False,SolutionResult.kSolverSpecificError,41,34.453648124,0.2071340628292258,0.4941470094811564,0.9412875837092053,3.339370429196169,1.0,1.0,0.0,0.0,,1.4772605831552605,1.0005086372857834,1.1356156086889766,1.0044390590218832,0.9567336553105579,0.4775,0.5351393103371193,0.21,0.7305850876142315,0.1,acceleration,209.17141266368856,144.8549134506075,19244.112546943343,39.03310223004354,26.20389353898769
middle,bottom,7,parameterized,notebook,snopt,all,True,0.0,0.3,784578668,True,0.49147748947143555,33,1.0097754001617432,18,18,4.693017498265839,,2.880603511955254,4.609370680221314,18.020036633700425,0.34714947609059693,2.3631954193115234,True,SolutionResult.kSolutionFound,1,2.353422112,0.40955958680875787,1.1797787841162528,2.033961104749553,7.8599557928666925,1.0,1.0,0.0,0.0,,1.9431904485458456,1.0006196488391035,1.0003197740960583,1.0934991167009274,0.999843125772617,0.545,0.6036427420063666,0.11,0.7430153342296499,0.1375,torque,276.54853678835565,105.79019420414544,24886.13989810506,61.54312563017851,27.369948179277973
middle,bottom,7,cspace,notebook,snopt,all,True,0.0,0.3,784578668,True,0.49147748947143555,33,1.0097754001617432,18,18,4.693017498265839,,2.880603511955254,4.609370680221314,18.020036633700425,0.21694935586130515,2.874748945236206,True,SolutionResult.kSolutionFound,1,2.866626463,0.4155040722176053,1.2091279751440236,1.9152122879923894,7.194982391991227,1.0,1.0,0.0,0.0,,1.9029421383554468,1.0006000928191088,1.0000595190430162,1.0899409689012693,0.9998973950045664,0.535,0.5963594282960811,0.0875,0.8289274075717843,0.195,torque,259.2974053202806,96.8561859304806,23929.117721878793,58.30983160377458,26.189779787069394
middle,bottom,7,kinetic,notebook,snopt,all,True,0.0,0.3,784578668,True,0.49147748947143555,33,1.0097754001617432,18,18,4.693017498265839,,2.880603511955254,4.609370680221314,18.020036633700425,0.05549378285557067,6.4126317501068115,True,SolutionResult.kSolutionFound,1,6.404910135,0.2563302851337529,0.7452436559352384,1.2875141707920814,4.619081128437103,1.0,1.0,0.0,0.0,,1.6024307558641784,1.0003682682943194,1.150267816412814,1.1427099862303838,0.7964171998135767,0.38,0.7741664532906087,0.1225,0.8642734051990251,0.2325,acceleration,259.3842109768416,96.79749926473151,21963.18955502519,49.779108987038306,28.274334926698046
middle,bottom,7,parameterized,tight,snopt,all,True,0.0,0.3,784578668,True,0.49147748947143555,33,1.0097754001617432,18,18,4.693017498265839,,2.880603511955254,4.609370680221314,18.020036633700425,0.34714947609059693,12.372823715209961,True,SolutionResult.kSolutionFound,1,12.364706457,0.03193115884999663,0.09198100832409993,0.4765661219835987,1.8431375082288923,1.0,1.0,0.0,7.643404233848017e-05,,1.5525486584357864,1.0010148625316326,1.2454567840621948,1.1111518829106912,0.9999608915158882,0.605,0.10304382839697757,0.135,0.648210664081421,0.0475,acceleration,110.5723249422754,20.05946541237277,14991.297993926539,20.46086395817666,12.340313230539516
middle,bottom,7,cspace,tight,snopt,all,True,0.0,0.3,784578668,True,0.49147748947143555,33,1.0097754001617432,18,18,4.693017498265839,,2.880603511955254,4.609370680221314,18.020036633700425,0.21694935586130515,108.67971658706665,True,SolutionResult.kSolutionFound,1,108.671271437,0.06215031501825731,0.14523552973295617,0.2864738398116737,1.029699841529432,1.0,1.0,0.0,0.0,,1.0226795619657278,1.0006717452276133,1.1874301350813472,1.166768121518785,0.9995608824779709,0.5175,0.6374012179874391,0.21,0.6829148296381291,0.055,acceleration,110.46119777191977,19.93443437558698,11367.48527326018,17.25838729056161,14.001621148169775
middle,bottom,7,kinetic,tight,snopt,all,True,0.0,0.3,784578668,True,0.49147748947143555,33,1.0097754001617432,18,18,4.693017498265839,,2.880603511955254,4.609370680221314,18.020036633700425,0.05549378285557067,117.67467403411865,True,SolutionResult.kSolutionFound,1,117.665516182,0.05859827866423218,0.14972631613760554,0.29593708149087544,1.0559431282012501,1.0,1.0,0.0,0.0,,1.0344979508362204,1.000763150907543,1.1893543764965413,1.2135347050469896,0.996441332365878,0.5075,0.5975461454514067,0.1675,0.6699495633691641,0.1075,torque,111.37135262570874,20.15142443776264,11336.128066279658,17.286964962830183,12.812939959139447
middle,bottom,6,parameterized,notebook,snopt,all,True,0.0,0.3,1506052346,True,0.34847116470336914,36,0.9637656211853027,13,13,3.3572549558960927,,1.728786089733636,3.5874106350990482,14.525545530799203,0.5784405635483079,2.1601595878601074,True,SolutionResult.kSolutionFound,1,2.151885785,0.19519984117286887,0.3374587701378729,1.4034955120541415,6.471710257718201,1.0,1.0,0.0,0.0,,1.9633093302980316,1.0007130482532527,1.164296748804384,1.2133015299153331,0.9998823675404309,0.5275,0.603451596309486,0.1725,0.7123430758439331,0.085,torque,177.93760313468368,53.92363496055654,22645.971188012652,36.60380449932883,16.033654737918564
middle,bottom,6,cspace,notebook,snopt,all,True,0.0,0.3,1506052346,True,0.34847116470336914,36,0.9637656211853027,13,13,3.3572549558960927,,1.728786089733636,3.5874106350990482,14.525545530799203,0.2787525883477206,10.385528326034546,True,SolutionResult.kSolutionFound,1,10.377400734,0.2124120637645697,0.3678877964900078,0.7620092965723548,3.638262403327904,1.0,1.0,0.0,0.0,,1.3694668469193745,1.0006448160665535,1.1475698782453019,0.997312815715015,0.9419122440370993,0.4675,0.8021261046486897,0.2575,0.7123463647419266,0.0575,acceleration,149.92675271598978,40.2027871131685,18607.682470805095,33.19374293742031,18.47491230112851
middle,bottom,6,kinetic,notebook,snopt,all,True,0.0,0.3,1506052346,True,0.34847116470336914,36,0.9637656211853027,13,13,3.3572549558960927,,1.728786089733636,3.5874106350990482,14.525545530799203,0.06884423017914561,7.731844663619995,True,SolutionResult.kSolutionFound,1,7.723686957,0.3191016226480926,0.6527285353199079,1.170606387193525,4.635125148726775,1.0,1.0,0.0,0.0,,1.4796563697212888,1.0004932821991643,1.135601502146266,1.0317691565670337,0.9924733799058912,0.5025,0.7095862928929679,0.205,0.7945129391461038,0.065,acceleration,189.85768601015198,60.68001661715132,20389.34381243196,38.81221753212641,19.4244481900784
middle,bottom,6,parameterized,tight,snopt,all,True,0.0,0.3,1506052346,True,0.34847116470336914,36,0.9637656211853027,13,13,3.3572549558960927,,1.728786089733636,3.5874106350990482,14.525545530799203,0.5784405635483079,8.09502363204956,True,SolutionResult.kSolutionFound,1,8.085409074,0.07613078872463379,0.13161384854759967,0.6980589719620698,2.67966960498833,1.0,1.0,0.0,5.283673379929965e-05,,1.5394527334952075,1.0005337248601154,1.1697004210185686,1.0563819894611344,0.9999769891772645,0.615,0.11424279031716822,0.175,0.6549462884839043,0.045,acceleration,110.57936618914059,20.00613009510434,14932.833821671247,20.527379762120763,12.702251171585035
middle,bottom,6,cspace,tight,snopt,all,True,0.0,0.3,1506052346,True,0.34847116470336914,36,0.9637656211853027,13,13,3.3572549558960927,,1.728786089733636,3.5874106350990482,14.525545530799203,0.2787525883477206,188.98759198188782,True,SolutionResult.kSolutionFound,1,188.978302378,0.10742259392798498,0.19301520747286383,0.38536895590717984,1.385417827157463,1.0,1.0,0.0,0.0,,1.0140995618696875,1.0003373709715733,1.1204297640596774,1.1044288792281924,0.9994148762426142,0.5175,0.5959848318564305,0.25,0.7059853468484376,0.0725,acceleration,110.18531112479977,19.78723568039971,11261.077587727708,17.261432771639033,14.464223134145003
middle,bottom,6,kinetic,tight,snopt,all,True,0.0,0.3,1506052346,True,0.34847116470336914,36,0.9637656211853027,13,13,3.3572549558960927,,1.728786089733636,3.5874106350990482,14.525545530799203,0.06884423017914561,58.372090101242065,True,SolutionResult.kSolutionFound,1,58.358227922,0.09569556890297076,0.1954776662252096,0.39041435532973606,1.3900303431958339,1.0,1.0,0.0,0.0,,1.0235386508671218,1.000355859181957,1.1229416844459834,1.1022917737334854,0.9998461143382376,0.5225,0.5157022733466035,0.22,0.7065967670158522,0.06,acceleration,109.01550606129578,19.070151680449733,11127.203265860053,17.086858723016988,13.496353636525797
middle,top,4,parameterized,notebook,snopt,all,True,0.0,0.3,1189931683,True,0.1767868995666504,25,0.7438299655914307,16,16,4.982302750591998,,1.253168083636025,5.001948057844432,20.01970822854421,0.7979775522997151,4.481379747390747,True,SolutionResult.kSolutionFound,1,4.472516522,0.28536111306056894,0.3576054391983554,2.46801196693363,9.93127498229159,1.0,1.0,0.0,1.1524988194455688e-05,,2.8715725403261025,1.0017704428425454,1.295053416626641,1.0112821619603414,0.9999981337204739,0.7725,0.15675634453660048,0.1375,0.7076214746568684,0.0125,acceleration,220.90488740740278,151.35579939002048,26626.666996622604,49.04371630397947,13.790346761866292
middle,top,4,cspace,notebook,snopt,all,True,0.0,0.3,1189931683,True,0.1767868995666504,25,0.7438299655914307,16,16,4.982302750591998,,1.253168083636025,5.001948057844432,20.01970822854421,0.19992210803383387,6.999229192733765,True,SolutionResult.kSolutionFound,1,6.987918723,0.21559245385361592,0.5341579304782047,1.0783822558390095,4.158501614661635,1.0,1.0,0.0,0.0,,1.595850844458173,1.0003939272138938,1.1288958054144724,1.0045438838195768,0.9973404096884311,0.5075,0.5883601958377752,0.175,0.7520566889500897,0.1075,acceleration,210.24424538142748,145.87733986829326,21604.883548864163,40.35396665085128,24.06265189967141
middle,top,4,kinetic,notebook,snopt,all,True,0.0,0.3,1189931683,True,0.1767868995666504,25,0.7438299655914307,16,16,4.982302750591998,,1.253168083636025,5.001948057844432,20.01970822854421,0.04995077793262713,0.8418605327606201,True,SolutionResult.kSolutionFound,1,0.826802579,0.7214194757243204,1.209618824881164,3.857171625214282,14.44260741439023,1.0,1.0,0.0,0.0,,2.6976133200655115,1.0073057676215513,1.6026228892856074,1.2596630057650164,1.0000947408134127,0.71,0.3097392492556561,0.0875,0.7263702728786012,0.1,acceleration,253.09505735860762,167.5628155119108,28185.79963987745,49.321964823302906,15.555489403840227
middle,top,4,parameterized,tight,snopt,all,True,0.0,0.3,1189931683,True,0.1767868995666504,25,0.7438299655914307,16,16,4.982302750591998,,1.253168083636025,5.001948057844432,20.01970822854421,0.7979775522997151,7.108729362487793,True,SolutionResult.kSolutionFound,1,7.098445177,0.28524848440679024,0.35746429656413925,2.4397296115907174,9.822219997772777,1.0,1.0,0.0,3.936245311386699e-05,,2.8498953159010147,1.0017329914448427,1.3079700174263722,1.0116885730780825,0.9999988293912541,0.77,0.15666901169246272,0.125,0.7064623162754777,0.015,acceleration,221.40207734366885,151.91379812544682,26513.17103437705,48.93000802344733,14.013254825709119
middle,top,4,cspace,tight,snopt,all,True,0.0,0.3,1189931683,True,0.1767868995666504,25,0.7438299655914307,16,16,4.982302750591998,,1.253168083636025,5.001948057844432,20.01970822854421,0.19992210803383387,56.481375217437744,True,SolutionResult.kSolutionFound,3,56.471605368,0.2002161296372133,0.5048151142946455,1.0014706807879883,3.8744747111816484,1.0,1.0,0.0,0.0,,1.5363678411880646,1.000629496714637,1.0928968175318592,1.0036110457661618,0.9987417646167014,0.5075,0.543716305776063,0.145,0.7477280674093792,0.115,acceleration,206.66394090317013,143.7262765693161,21098.965689153687,39.42309046749503,23.752793602604537
middle,top,4,kinetic,tight,snopt,all,True,0.0,0.3,1189931683,True,0.1767868995666504,25,0.7438299655914307,16,16,4.982302750591998,,1.253168083636025,5.001948057844432,20.01970822854421,0.04995077793262713,88.19206070899963,True,SolutionResult.kSolutionFound,1,88.18099507,0.1807365725962761,0.5698982394328959,1.0325422572232312,3.618293449604548,1.0,1.0,0.0,0.0,,1.4287904022919664,1.0006141592449762,1.0695712317732036,1.1153774811507022,0.9996588197121968,0.52,0.4315432234353267,0.1175,0.7793318606714428,0.13,torque,208.48095146748557,145.26023259695535,20152.52863849694,40.58652014544599,26.256140470086645
middle,top,0,parameterized,notebook,snopt,all,True,0.0,0.3,1098985146,True,0.3749411106109619,32,1.3016026020050049,15,15,4.089532774425736,,1.7292158989157436,4.252254513992814,15.837825487300853,0.5782967879412987,10.380810022354126,True,SolutionResult.kSolutionFound,1,10.365447015,0.23995618677878705,0.4149360532210788,2.175431622513291,8.870582228282546,0.998,0.998,0.0,0.0,,2.46493221895827,1.0012746681437532,1.122408312784687,0.9800781294240696,1.0000042524792356,0.73,0.18665525408256758,0.1675,0.7066246713696375,0.0,acceleration,205.89863975032722,143.59081085386038,24762.387382733446,47.28628832507043,17.256246984822727
middle,top,0,cspace,notebook,snopt,all,True,0.0,0.3,1098985146,True,0.3749411106109619,32,1.3016026020050049,15,15,4.089532774425736,,1.7292158989157436,4.252254513992814,15.837825487300853,0.2351693664406302,7.2089667320251465,True,SolutionResult.kSolutionFound,1,7.201247639,0.28316096192815676,0.6026416650704864,1.2040724785455528,4.773203750476344,0.996,0.996,0.0,0.0,,1.6501131267034295,1.0005935846126224,1.1473626870248748,1.0091900243215945,0.9999625444074729,0.57,0.48028615373282246,0.175,0.7570407838352133,0.055,acceleration,199.49454616363903,139.9655148945408,20710.37270319832,40.19346639756629,20.905867016231113
middle,top,0,kinetic,notebook,snopt,all,True,0.0,0.3,1098985146,True,0.3749411106109619,32,1.3016026020050049,15,15,4.089532774425736,,1.7292158989157436,4.252254513992814,15.837825487300853,0.06313998097793311,6.332754135131836,True,SolutionResult.kSolutionFound,1,6.324901782,0.2921516098605897,0.6821635923733236,1.272782321964419,4.627046212806023,0.998,0.998,0.0,0.0,,1.6218760523840796,1.0004432392569826,1.1585473808232702,1.0173950404966903,0.9999637722993486,0.62,0.5449277542756393,0.1275,0.7703725936930501,0.0775,acceleration,205.66846089571413,143.24041643771025,20520.418854367825,39.80403464466551,20.830973527916825
middle,top,0,parameterized,tight,snopt,all,True,0.0,0.3,1098985146,True,0.3749411106109619,32,1.3016026020050049,15,15,4.089532774425736,,1.7292158989157436,4.252254513992814,15.837825487300853,0.5782967879412987,17.187709093093872,True,SolutionResult.kSolutionFound,1,17.178806355,0.21889252735809317,0.3785124384614601,2.0078424256512504,7.791647312892045,0.998,0.998,0.0,2.756583073582064e-05,,2.31716699733215,1.0012161099585388,1.226614172763678,1.004947648549808,1.0000014300500577,0.71,0.17692824450329547,0.1575,0.6971421848342026,0.0325,acceleration,208.78312509914662,145.0686833532707,22705.077706297438,45.14141822438096,19.941139743493387
middle,top,0,cspace,tight,snopt,all,True,0.0,0.3,1098985146,True,0.3749411106109619,32,1.3016026020050049,15,15,4.089532774425736,,1.7292158989157436,4.252254513992814,15.837825487300853,0.2351693664406302,68.80301856994629,False,SolutionResult.kSolverSpecificError,41,68.794742206,0.23677674635173004,0.5203451488699802,1.0068349884826764,3.614164853255192,1.0,1.0,0.0,0.0,,1.4536949342136563,1.0004779216910404,1.1048787339522612,1.0086803049150699,0.999777793430003,0.53,0.5119975876516144,0.195,0.7454618538902313,0.03,acceleration,188.17695286950072,134.48906849555357,17467.40413423747,36.696178575171224,19.32203822927217
middle,top,0,kinetic,tight,snopt,all,True,0.0,0.3,1098985146,True,0.3749411106109619,32,1.3016026020050049,15,15,4.089532774425736,,1.7292158989157436,4.252254513992814,15.837825487300853,0.06313998097793311,117.8054051399231,True,SolutionResult.kSolutionFound,1,117.794967742,0.21839237727114755,0.5305399489370698,1.0148881312909281,3.458860358977205,0.998,0.998,0.0,0.0,,1.43028058898302,1.0002916194739273,1.0800937572757132,1.001898633290402,0.9999583115735167,0.57,0.3940583727655673,0.17,0.7158071238701316,0.035,acceleration,192.48118118503237,136.6617909998684,16592.178388456807,35.93885970379402,19.865229036902154
top,bottom,4,parameterized,notebook,snopt,all,True,0.0,0.3,1493919170,True,0.3176560401916504,38,1.5818533897399902,15,15,5.746714037020442,,3.1993014115460015,11.883510060739754,46.06674388719112,0.3125682364253292,2.760859727859497,True,SolutionResult.kSolutionFound,1,2.752375942,0.1963844763439057,0.6282931323727795,7.1534423761808155,28.211251622032854,0.996,0.996,0.0,0.0,,4.08232262739355,1.0047351648258445,1.2278462884917571,0.9949358211446017,1.000073382785172,0.76,0.19853790576465682,0.1,0.7063585800537177,0.0225,acceleration,323.67081273536337,91.80848851817511,34866.16317721212,72.46719150688567,18.72228411205317
top,bottom,4,cspace,notebook,snopt,all,True,0.0,0.3,1493919170,True,0.3176560401916504,38,1.5818533897399902,15,15,5.746714037020442,,3.1993014115460015,11.883510060739754,46.06674388719112,0.08415022117949464,4.560022592544556,True,SolutionResult.kSolutionFound,1,4.551364027,0.19566135595562764,1.2849606489010803,2.325143691996683,9.177596408778076,1.0,1.0,0.0,0.0,,2.1715057184214914,1.0003296206095356,1.0,1.2041446126539412,0.8864439768915126,0.41,0.3878971464809563,0.06,0.8060562444793511,0.275,torque,304.50404157670874,81.23945161244066,28041.98404877989,61.24401872017519,25.067753307816904
top,bottom,4,kinetic,notebook,snopt,all,True,0.0,0.3,1493919170,True,0.3176560401916504,38,1.5818533897399902,15,15,5.746714037020442,,3.1993014115460015,11.883510060739754,46.06674388719112,0.02170763365539387,4.071328401565552,True,SolutionResult.kSolutionFound,1,4.061897205,0.21862685936610282,1.533289769616799,2.870803897715018,10.071427537279213,1.0,1.0,0.0,0.0,,2.1679450064694055,1.0006277188946764,1.0,1.1058960073523882,0.8614700547209962,0.3425,0.44282198375735393,0.045,0.9290150821326277,0.34,torque,318.04615477860074,88.94423461808398,27718.03431554323,65.54565128058206,31.2980964929218
top,bottom,4,parameterized,tight,snopt,all,True,0.0,0.3,1493919170,True,0.3176560401916504,38,1.5818533897399902,15,15,5.746714037020442,,3.1993014115460015,11.883510060739754,46.06674388719112,0.3125682364253292,8.46760606765747,True,SolutionResult.kSolutionFound,1,8.456328831,0.17631959498440897,0.5640995291168396,5.155193569859338,20.946091414589375,1.0,1.0,0.0,6.068967507433243e-05,,3.5412686478964135,1.0024657588063721,1.2005119169640084,0.9920621276274411,1.0000247537184768,0.7175,0.19450197116711415,0.1525,0.71214770592959,0.0075,acceleration,307.37456256750215,82.61153996664048,31865.557886661823,64.91115590389222,20.73023085521429
top,bottom,4,cspace,tight,snopt,all,True,0.0,0.3,1493919170,True,0.3176560401916504,38,1.5818533897399902,15,15,5.746714037020442,,3.1993014115460015,11.883510060739754,46.06674388719112,0.08415022117949464,33.4262056350708,False,SolutionResult.kSolverSpecificError,41,33.417923372,0.13171747860541877,0.8184343691184259,1.5652659821827675,6.799730287703586,0.998,0.998,0.0,0.0,,1.9001610547159142,1.0005834244966325,1.1602680193954393,1.0031473010024754,0.9998964920732609,0.5525,0.29686928060722895,0.105,0.7791359646550537,0.14,acceleration,251.76853122311283,54.09310927001152,25115.747761533188,50.57451097277677,20.924864884724194
top,bottom,4,kinetic,tight,snopt,all,True,0.0,0.3,1493919170,True,0.3176560401916504,38,1.5818533897399902,15,15,5.746714037020442,,3.1993014115460015,11.883510060739754,46.06674388719112,0.02170763365539387,59.01707911491394,True,SolutionResult.kSolutionFound,1,59.009396552,0.1286241968451992,0.9459005281160812,1.6188630721590396,5.925297933763448,1.0,1.0,0.0,0.0,,1.618784797565334,1.0007315090230893,1.1077767848379816,1.1216691824238685,0.9999108053967066,0.575,0.5154066959035755,0.0375,0.8590031004402987,0.2175,torque,262.34750894467805,60.35785129336836,21387.359672845847,53.07424581930429,24.437109719339297
middle,top,8,parameterized,notebook,snopt,all,True,0.0,0.3,1331340936,True,0.4678921699523926,31,1.1967389583587646,16,16,4.746939566652975,,2.1464508831569433,5.957034753289132,20.50286098103323,0.4658853402362631,2.839730739593506,True,SolutionResult.kSolutionFound,1,2.82985644,0.39134763794424265,0.8400084830868029,2.538545828387162,9.26451010206427,1.0,1.0,0.0,0.0,,2.41886883895305,1.0012027470949052,1.0551684710813614,1.0747098429129467,0.8765499073356492,0.4075,0.5996329153998446,0.11,0.8631235901137442,0.2425,torque,275.50980493016084,178.75530821818924,29852.982616249035,49.07089007881108,24.866605570354256
middle,top,8,cspace,notebook,snopt,all,True,0.0,0.3,1331340936,True,0.4678921699523926,31,1.1967389583587646,16,16,4.746939566652975,,2.1464508831569433,5.957034753289132,20.50286098103323,0.1678687537365562,8.799249410629272,True,SolutionResult.kSolutionFound,1,8.789198046,0.23415972490571121,0.7305409979160369,1.3948976190839444,4.820927678838183,1.0,1.0,0.0,0.0,,1.6605429085156906,1.000197212708941,1.044387197471013,1.138107374268165,0.9424000425585288,0.445,0.554064345116324,0.095,0.9149151508530717,0.3825,torque,225.3486361693695,153.5156682401321,22992.654735357115,44.93224211369106,25.307221887377565
middle,top,8,kinetic,notebook,snopt,all,True,0.0,0.3,1331340936,True,0.4678921699523926,31,1.1967389583587646,16,16,4.746939566652975,,2.1464508831569433,5.957034753289132,20.50286098103323,0.04877368094750675,6.8196985721588135,True,SolutionResult.kSolutionFound,1,6.812140861,0.25436601126257424,0.8697947736701681,1.6697647034454248,5.215230967216489,1.0,1.0,0.0,0.0,,1.6727458441584118,1.000147714810949,1.170020360528923,1.0544410681156866,0.8219408531792051,0.265,0.5068115427152273,0.1275,0.9656982527651808,0.38,acceleration,238.25604106426619,160.99624643474795,23388.88469748629,47.87106582811123,26.702955753096717
middle,top,8,parameterized,tight,snopt,all,True,0.0,0.3,1331340936,True,0.4678921699523926,31,1.1967389583587646,16,16,4.746939566652975,,2.1464508831569433,5.957034753289132,20.50286098103323,0.4658853402362631,7.9138994216918945,True,SolutionResult.kSolutionFound,1,7.904479934,0.17264489820052456,0.37057379421505754,3.147461124322411,12.635393788454714,0.998,0.998,0.0,4.471296937724745e-05,,3.174264799856805,1.0021809629188243,1.0408736277778414,0.957260987282563,0.9999991323578494,0.7925,0.1418680102984417,0.095,0.7083594401236423,0.0,acceleration,228.71652688968197,154.94766809524208,28583.192720926556,51.45328846463869,12.813128405332357
middle,top,8,cspace,tight,snopt,all,True,0.0,0.3,1331340936,True,0.4678921699523926,31,1.1967389583587646,16,16,4.746939566652975,,2.1464508831569433,5.957034753289132,20.50286098103323,0.1678687537365562,74.45055437088013,True,SolutionResult.kSolutionFound,3,74.443161302,0.17315227703807823,0.5266230710235384,1.03147413192698,3.8881746804116353,0.998,0.998,0.0,0.0,,1.5189058486825788,1.0006993167590534,1.0814257077557585,1.005729230150733,0.9744125011107492,0.4925,0.4491449006740259,0.175,0.7539876565024064,0.1,acceleration,210.29819392711778,145.6168918469129,20708.134989764163,39.59123938806417,24.30116117599227
middle,top,8,kinetic,tight,snopt,all,True,0.0,0.3,1331340936,True,0.4678921699523926,31,1.1967389583587646,16,16,4.746939566652975,,2.1464508831569433,5.957034753289132,20.50286098103323,0.04877368094750675,89.36308574676514,True,SolutionResult.kSolutionFound,3,89.35473873,0.17958208603806258,0.59401672592673,1.0661274235293605,3.6819465447223463,1.0,1.0,0.0,0.0,,1.420548077365895,1.000687078670089,1.0558156739689182,1.1498601912019275,0.9835434688166939,0.4925,0.44672564900875544,0.14,0.8157839951714759,0.1575,torque,212.2696254883464,146.92223253127645,19941.995962989848,41.29411119386478,27.369350830573353
middle,top,6,parameterized,notebook,snopt,all,True,0.0,0.3,685935503,True,0.25438475608825684,33,0.9947938919067383,15,15,5.813518176702409,,2.1338159952285696,6.161627476927384,23.15762838032493,0.4686439703498812,6.182498931884766,True,SolutionResult.kSolutionFound,1,6.174703894,0.17696012396230854,0.3776003430284034,2.1696571398103712,8.708613097872178,0.998,0.998,0.0,1.5363224967757105e-05,,2.5701503433070703,1.001143406382849,1.2740532925277661,0.9875123393653326,0.9999990744790932,0.75,0.15871123377903745,0.13,0.704743609352427,0.0,acceleration,211.84039460080336,146.500016218523,24532.08125224149,46.74366406546989,16.045558206457816
middle,top,6,cspace,notebook,snopt,all,True,0.0,0.3,685935503,True,0.25438475608825684,33,0.9947938919067383,15,15,5.813518176702409,,2.1338159952285696,6.161627476927384,23.15762838032493,0.1622947839259295,0.6418576240539551,True,SolutionResult.kSolutionFound,1,0.631765922,0.8418519842799628,2.0861506131513234,5.187178317845258,18.791582086573044,1.0,1.0,0.0,0.0,,3.0667287193730273,1.004790724716111,0.9999268489145358,1.167087410288647,1.000097478020329,0.6625,0.276610593551696,0.0425,0.7582195477946037,0.13,torque,282.1817456848803,182.45605641111513,30849.314481743724,57.13186629965415,18.837278934468582
middle,top,6,kinetic,notebook,snopt,all,True,0.0,0.3,685935503,True,0.25438475608825684,33,0.9947938919067383,15,15,5.813518176702409,,2.1338159952285696,6.161627476927384,23.15762838032493,0.043182314854383584,4.647690534591675,True,SolutionResult.kSolutionFound,1,4.638688595,0.2500447328783118,1.1349329742786327,1.8542415771635459,5.79044300245356,0.998,0.998,0.0,0.0,,1.8364516256467098,1.0003920061973013,1.018544415723234,1.0690425254304248,0.8014354986737825,0.3175,0.49938190793601006,0.1425,0.9136338062807554,0.275,torque,242.34184271575265,162.54992830258703,23743.590057021775,45.87658972700966,23.63360298740314
middle,top,6,parameterized,tight,snopt,all,True,0.0,0.3,685935503,True,0.25438475608825684,33,0.9947938919067383,15,15,5.813518176702409,,2.1338159952285696,6.161627476927384,23.15762838032493,0.4686439703498812,9.922630310058594,True,SolutionResult.kSolutionFound,1,9.914563341,0.1762738910320571,0.37613604822537916,2.093676531153947,8.305059177336805,1.0,1.0,0.0,3.457978868270928e-05,,2.487404157101007,1.0010882880580596,1.2513898313613125,1.0055696038539466,0.9999991923907869,0.725,0.16037165565309283,0.1325,0.7036100437585449,0.0325,acceleration,212.4215270868388,147.31266360485319,23919.795693052067,46.2087073664914,17.208761867529212
middle,top,6,cspace,tight,snopt,all,True,0.0,0.3,685935503,True,0.25438475608825684,33,0.9947938919067383,15,15,5.813518176702409,,2.1338159952285696,6.161627476927384,23.15762838032493,0.1622947839259295,142.15733170509338,True,SolutionResult.kSolutionFound,3,142.148636674,0.16678101521126573,0.5191271708902498,1.0276424859555793,3.780093502699531,1.0,1.0,0.0,0.0,,1.4832455009631045,1.0005869457436996,1.0560646209859463,1.0063504525814266,0.9890168188897139,0.5,0.5587058476039373,0.2175,0.7110788817511826,0.0425,acceleration,198.4798283815938,139.67196665799696,19043.40816595629,37.59312072940285,21.456257539392436
middle,top,6,kinetic,tight,snopt,all,True,0.0,0.3,685935503,True,0.25438475608825684,33,0.9947938919067383,15,15,5.813518176702409,,2.1338159952285696,6.161627476927384,23.15762838032493,0.043182314854383584,72.84324479103088,True,SolutionResult.kSolutionFound,3,72.834133989,0.1661821780517455,0.5967474626872906,1.090204512572243,3.848385122755312,1.0,1.0,0.0,0.0,,1.4399068937646962,1.0005439505133404,1.0704322347768427,1.0659106604289892,0.9998399225245587,0.525,0.3993527792853929,0.1875,0.7598758570415669,0.07,acceleration,207.02647156215988,144.18557642017345,19779.594765436712,40.20090902092541,26.400337687796505
top,bottom,8,parameterized,notebook,snopt,all,True,0.0,0.3,1354574313,True,0.47465944290161133,33,0.7615554332733154,13,13,4.212431385987112,,2.1177386476973306,4.717153020767125,20.09263381963747,0.4722017993520233,6.5791215896606445,True,SolutionResult.kSolutionFound,1,6.571307304,0.3007602953100049,0.6369317010708628,3.8919788923366676,15.976435078700193,1.0,1.0,0.0,1.955917552010078e-05,,3.031232881740329,1.0010971423566388,1.1703423334671348,0.9937537919621056,1.0000152274859049,0.6925,0.1817339245934267,0.1775,0.7004830047292114,0.0075,acceleration,287.41300361939466,72.75273852105386,27877.495196828364,59.79696286046803,20.04180323729791
top,bottom,8,cspace,notebook,snopt,all,True,0.0,0.3,1354574313,True,0.47465944290161133,33,0.7615554332733154,13,13,4.212431385987112,,2.1177386476973306,4.717153020767125,20.09263381963747,0.21199227491614753,7.587259769439697,True,SolutionResult.kSolutionFound,1,7.57953305,0.4074725856725457,1.0341694755858568,1.9221105383850388,8.064424369237713,0.998,0.998,0.0,0.0,,1.759126921395919,1.0007146134730522,1.1619309457589526,1.0035980263711024,0.9999955960015317,0.6225,0.40826877307757836,0.125,0.7812940880888173,0.0975,acceleration,258.04688180392236,57.85482518254332,23205.951553413528,54.737632086720936,20.932640883984046
top,bottom,8,kinetic,notebook,snopt,all,True,0.0,0.3,1354574313,True,0.47465944290161133,33,0.7615554332733154,13,13,4.212431385987112,,2.1177386476973306,4.717153020767125,20.09263381963747,0.049769483133796685,4.700174808502197,True,SolutionResult.kSolutionFound,1,4.692637096,0.41704029889500754,1.175782697590327,2.1186141155233438,8.379438013729548,1.0,1.0,0.0,0.0,,1.823275679209965,1.0003177674102066,1.1082048280459365,1.0581837688210631,0.9979256659286702,0.51,0.44793699848592083,0.0825,0.8392415999144331,0.2425,acceleration,269.18013620307374,63.83383751423502,24127.35731630967,54.862794867039064,21.815247486356952
top,bottom,8,parameterized,tight,snopt,all,True,0.0,0.3,1354574313,True,0.47465944290161133,33,0.7615554332733154,13,13,4.212431385987112,,2.1177386476973306,4.717153020767125,20.09263381963747,0.4722017993520233,12.011331796646118,True,SolutionResult.kSolutionFound,1,12.003318922,0.3007331266831101,0.6368741650196809,3.8849339600005024,15.921872398829791,1.0,1.0,0.0,2.1878305483724603e-05,,3.025171668537367,1.001082134969754,1.1725291204551276,0.9947407110869825,1.0000161449141078,0.695,0.1821251134813801,0.1725,0.6984297081749076,0.01,acceleration,287.99928133739456,73.18207839252705,27799.157320755032,59.730064729909444,19.998028536033598
top,bottom,8,cspace,tight,snopt,all,True,0.0,0.3,1354574313,True,0.47465944290161133,33,0.7615554332733154,13,13,4.212431385987112,,2.1177386476973306,4.717153020767125,20.09263381963747,0.21199227491614753,42.405195236206055,False,SolutionResult.kSolverSpecificError,41,42.397520829,0.3719022051106042,0.932175531274166,1.7543196102674417,7.10931844895783,0.996,0.996,0.0,0.0,,1.7031336691183876,1.000510388140684,1.1218073213957063,1.0611481065103259,0.999992116529336,0.6,0.38288250418773995,0.14,0.7082388208899743,0.105,acceleration,255.99480110786044,56.804234170024856,20801.1124474518,50.11590789501986,23.641028059290406
top,bottom,8,kinetic,tight,snopt,all,True,0.0,0.3,1354574313,True,0.47465944290161133,33,0.7615554332733154,13,13,4.212431385987112,,2.1177386476973306,4.717153020767125,20.09263381963747,0.049769483133796685,42.275609254837036,False,SolutionResult.kSolverSpecificError,41,42.267285125,0.33690820944332467,0.9850080063426099,1.7934970039836582,6.769373283174452,1.0,1.0,0.0,0.0,,1.5980408767548924,1.0004752085517605,1.0832084758807548,1.1586819426547135,0.9999813927861803,0.6075,0.5456181393986419,0.1425,0.7416510925001922,0.145,torque,258.12547952186895,57.93269314413222,20300.09716815014,53.12482374750436,28.264874284590523
middle,top,1,parameterized,notebook,snopt,all,True,0.0,0.3,914759212,True,0.18695902824401855,26,0.8899383544921875,16,16,4.279721407080632,,1.7741402124032426,3.508409465203154,12.360144248985247,0.5636533082384759,9.276722431182861,True,SolutionResult.kSolutionFound,1,9.268789057,0.19768174323275026,0.3507151299271928,1.9222494405484167,7.619161093396979,0.998,0.998,0.0,2.4883001308317887e-05,,2.4576847518890648,1.001399099246651,1.2929589007169513,1.00416098179459,0.9999988680570417,0.73,0.1642623298972023,0.14,0.7021118088549256,0.03,acceleration,210.5514195635862,146.0945667733335,23674.656454697964,46.02908131273649,17.08186659400044
middle,top,1,cspace,notebook,snopt,all,True,0.0,0.3,914759212,True,0.18695902824401855,26,0.8899383544921875,16,16,4.279721407080632,,1.7741402124032426,3.508409465203154,12.360144248985247,0.285029444230534,5.606782674789429,True,SolutionResult.kSolutionFound,1,5.597835398,0.3225060054779074,0.6410223809817076,1.1314831222035506,3.967264407217254,1.0,1.0,0.0,0.0,,1.5223761336398658,1.0005863495187834,1.1582364359926298,1.0025898704304954,0.999834193864158,0.5375,0.5463606688516405,0.225,0.7712577799632172,0.0175,acceleration,201.08123344510165,141.17120349955385,19780.10612518896,41.260226425173286,21.635711262828874
middle,top,1,kinetic,notebook,snopt,all,True,0.0,0.3,914759212,True,0.18695902824401855,26,0.8899383544921875,16,16,4.279721407080632,,1.7741402124032426,3.508409465203154,12.360144248985247,0.08090520465261551,14.698577642440796,True,SolutionResult.kSolutionFound,1,14.690613411,0.28734074096907963,0.5746305926824313,1.03590501749994,3.5515730069881286,0.998,0.998,0.0,0.0,,1.485966795015391,1.0004164167052265,1.150274959720143,0.9103267864759409,0.9999051313777634,0.5575,0.42379437737415426,0.2075,0.7357490877361212,0.0,acceleration,191.7865033333773,136.2817958462922,18578.73829530488,38.160087238003726,20.23768757477917
middle,top,1,parameterized,tight,snopt,all,True,0.0,0.3,914759212,True,0.18695902824401855,26,0.8899383544921875,16,16,4.279721407080632,,1.7741402124032426,3.508409465203154,12.360144248985247,0.5636533082384759,11.567763090133667,True,SolutionResult.kSolutionFound,1,11.560093946,0.19759647976598452,0.35056386058215827,1.9022047153292372,7.521334622099927,0.998,0.998,0.0,3.669986451493301e-05,,2.439989427083843,1.0012129701410395,1.2506987323744685,1.0034723374382002,0.9999979509643055,0.7175,0.16506351024115312,0.1425,0.7022884364216524,0.03,acceleration,210.4451268033909,146.10099013646732,23539.18858181953,45.863125881511166,17.394157958420045
middle,top,1,cspace,tight,snopt,all,True,0.0,0.3,914759212,True,0.18695902824401855,26,0.8899383544921875,16,16,4.279721407080632,,1.7741402124032426,3.508409465203154,12.360144248985247,0.285029444230534,118.23927736282349,True,SolutionResult.kSolutionFound,1,118.227544086,0.266500656736976,0.4767197121530333,0.9349934265788634,3.365004430447091,0.998,0.998,0.0,0.0,,1.4600741271593036,1.0005342877848287,1.0542441957040742,1.0060174590806292,0.9938325316427921,0.5075,0.6064574200779451,0.235,0.712749507008924,0.045,acceleration,191.90975415290478,136.45324985933908,17820.323424570568,36.961594434202006,18.690472598708784
middle,top,1,kinetic,tight,snopt,all,True,0.0,0.3,914759212,True,0.18695902824401855,26,0.8899383544921875,16,16,4.279721407080632,,1.7741402124032426,3.508409465203154,12.360144248985247,0.08090520465261551,133.9505808353424,True,SolutionResult.kSolutionFound,3,133.938565582,0.26014016670482243,0.4907380696363121,0.9414830034677357,3.2153699854266744,1.0,1.0,0.0,0.0,,1.4332870372101487,1.0003460279235643,1.0903066373118642,0.9999999999999999,0.9998854025226033,0.555,0.3701237576832898,0.19,0.712387696487213,0.025,acceleration,192.6719141407492,136.7881725271865,16597.43025410873,35.90178378544641,19.171639415584266
middle,top,2,parameterized,notebook,snopt,all,True,0.0,0.3,797921174,True,0.33013081550598145,36,1.113243579864502,18,18,4.370544338504353,,1.091420576271545,2.8785798590449247,10.537106558228786,0.916237078300419,6.00144362449646,True,SolutionResult.kSolutionFound,1,5.987417929,0.4474011801658485,0.48830285388117645,1.6865575966883994,6.61732196134482,1.0,1.0,0.0,0.0,,2.0881355709852434,1.0024193968326627,1.2247388717708045,1.010468300095418,0.9647261467363728,0.4825,0.6577463529492553,0.1925,0.7297097853980344,0.1525,acceleration,243.53143590820525,162.35446886861553,24367.84490335612,42.8056995236134,22.37353232105063
middle,top,2,cspace,notebook,snopt,all,True,0.0,0.3,797921174,True,0.33013081550598145,36,1.113243579864502,18,18,4.370544338504353,,1.091420576271545,2.8785798590449247,10.537106558228786,0.34739352353135233,23.609616994857788,True,SolutionResult.kSolutionFound,1,23.601142245,0.33293279828434336,0.47613708420239675,0.9583736475567777,3.6509583453475845,1.0,1.0,0.0,0.0,,1.5710087508516808,1.0008581893383373,1.1239884064314976,1.0044296241605675,0.892992527103585,0.4525,0.6191063803173109,0.185,0.7544658737705492,0.0925,acceleration,217.23589109845472,149.22230291878674,21329.055508220583,39.58762567112678,24.707305017396198
middle,top,2,kinetic,notebook,snopt,all,True,0.0,0.3,797921174,True,0.33013081550598145,36,1.113243579864502,18,18,4.370544338504353,,1.091420576271545,2.8785798590449247,10.537106558228786,0.09490271304308544,6.489012718200684,True,SolutionResult.kSolutionFound,1,6.480673511,0.4173623260647885,0.5793194648317899,1.1847428222538285,4.397791303134904,1.0,1.0,0.0,0.0,,1.688986559867978,1.0005520184519754,1.1813449528578797,1.0190170227642608,0.9446715658577394,0.445,0.727564332268229,0.2125,0.7999698965080174,0.11,acceleration,239.86038752588655,160.77569737639607,22070.16191928437,42.57401034298421,23.885921925311354
middle,top,2,parameterized,tight,snopt,all,True,0.0,0.3,797921174,True,0.33013081550598145,36,1.113243579864502,18,18,4.370544338504353,,1.091420576271545,2.8785798590449247,10.537106558228786,0.916237078300419,16.420652389526367,False,SolutionResult.kIterationLimit,31,16.413091001,0.34588694191027514,0.37750812546451507,1.541578749888887,6.133943082714192,1.0,1.0,0.0,0.0,,2.1019922408795693,1.0021102669134803,1.276804724803807,1.0032042273333994,0.9999865287253533,0.645,0.2682816832949277,0.1225,0.7107161592633318,0.1,acceleration,227.22032664779022,153.8013355973556,22838.39428083296,44.03782512072797,18.245577604180763
middle,top,2,cspace,tight,snopt,all,True,0.0,0.3,797921174,True,0.33013081550598145,36,1.113243579864502,18,18,4.370544338504353,,1.091420576271545,2.8785798590449247,10.537106558228786,0.34739352353135233,67.71294236183167,False,SolutionResult.kSolverSpecificError,41,67.70538638,0.31873927506566013,0.471481008050208,0.9175164574905895,3.412562914971759,1.0,1.0,0.0,0.0,,1.5322564702940635,1.0008549324826164,1.1140476129521688,1.0061305671438678,0.8720298506957054,0.4375,0.5823003012357929,0.1975,0.7457907054139683,0.1025,acceleration,217.7269402613075,149.59727852567457,20859.531765111573,39.13850201645349,26.12914693284844
middle,top,2,kinetic,tight,snopt,all,True,0.0,0.3,797921174,True,0.33013081550598145,36,1.113243579864502,18,18,4.370544338504353,,1.091420576271545,2.8785798590449247,10.537106558228786,0.09490271304308544,190.15271139144897,True,SolutionResult.kSolutionFound,1,190.14426941,0.3092610136549086,0.513789938303806,0.9735867723973379,3.258716255187619,1.0,1.0,0.0,0.0,,1.4983477237521001,1.0008176379918032,1.0268689880677673,1.0725987585725167,0.8589934852242294,0.3775,0.7075483465537457,0.2,0.7406681627713868,0.1075,torque,238.40390245310232,159.99661302336995,18535.67693152865,38.25461036376382,30.766740232516884
top,bottom,7,parameterized,notebook,snopt,all,True,0.0,0.3,1073886328,True,0.8746006488800049,57,2.045140027999878,11,11,5.0915190615118044,,11.372370393088357,24.90151616604215,64.266909871439,0.08793241562091202,5.037855625152588,True,SolutionResult.kSolutionFound,1,5.029142246,0.19691877869055852,2.239433288623628,6.766728154713302,22.810554264092385,1.0,1.0,0.0,0.0,,2.8726304596023806,1.0005522250129602,1.0002212763709604,1.128420949188074,1.00000442362614,0.625,0.3430794764292112,0.1025,0.7779456311094721,0.13,torque,322.3739474159677,92.34553076643999,30907.03591832536,73.7434294016332,23.358623446665213
top,bottom,7,cspace,notebook,snopt,all,True,0.0,0.3,1073886328,True,0.8746006488800049,57,2.045140027999878,11,11,5.0915190615118044,,11.372370393088357,24.90151616604215,64.266909871439,0.04015819732951386,13.294847965240479,True,SolutionResult.kSolutionFound,1,13.283771864,0.09452164031855036,1.2336678155646839,2.3537321544332026,10.157188000198447,1.0,1.0,0.0,0.0,,1.9271334107546838,1.000266733706086,1.1022884177118701,1.0061836475285784,0.9999980467113104,0.5875,0.3561989620010383,0.115,0.7755983071594945,0.145,acceleration,262.9918525853433,60.5166009636779,24354.03781597699,53.72177806912323,23.541562385138796
top,bottom,7,kinetic,notebook,snopt,all,True,0.0,0.3,1073886328,True,0.8746006488800049,57,2.045140027999878,11,11,5.0915190615118044,,11.372370393088357,24.90151616604215,64.266909871439,0.015560107090887409,9.124990463256836,True,SolutionResult.kSolutionFound,1,9.114417801,0.31806970551881364,4.378760343162893,7.785031107907421,20.441357097412745,1.0,1.0,0.0,0.0,,2.702367123450597,1.0002970880759383,1.0,1.1229853094131936,0.9973858599538541,0.51,0.39783158119718254,0.0375,0.8807768984661001,0.1675,torque,306.4785595882104,84.81907696125327,30714.1059217706,67.86862407622039,20.574084307804966
top,bottom,7,parameterized,tight,snopt,all,True,0.0,0.3,1073886328,True,0.8746006488800049,57,2.045140027999878,11,11,5.0915190615118044,,11.372370393088357,24.90151616604215,64.266909871439,0.08793241562091202,11.922728300094604,True,SolutionResult.kSolutionFound,1,11.913975138,0.0675611829306574,0.7683307964826362,5.07082239653516,20.879867014553177,0.998,0.998,0.0,7.14646671262642e-06,,3.0957136252147315,1.0008196410667782,1.1402913319342056,0.9939472421023088,1.0000518674065382,0.71,0.17985659506710444,0.16,0.7038638453000612,0.015,acceleration,291.89352287162524,75.32285781999155,28394.970275461397,61.218993985288435,20.22221268676045
top,bottom,7,cspace,tight,snopt,all,True,0.0,0.3,1073886328,True,0.8746006488800049,57,2.045140027999878,11,11,5.0915190615118044,,11.372370393088357,24.90151616604215,64.266909871439,0.04015819732951386,79.3756353855133,True,SolutionResult.kSolutionFound,1,79.367604947,0.08428488874977122,1.1102880985339108,2.098821519755492,8.719421351967537,1.0,1.0,0.0,0.0,,1.766606636833323,1.000293287148068,1.1026537331902582,1.0044124976366038,1.0000019481196163,0.6075,0.3901911092884872,0.125,0.7423135742645631,0.1025,acceleration,251.8311992908801,54.279247145028606,22542.819727168386,50.24843182396367,20.94100667261609
top,bottom,7,kinetic,tight,snopt,all,True,0.0,0.3,1073886328,True,0.8746006488800049,57,2.045140027999878,11,11,5.0915190615118044,,11.372370393088357,24.90151616604215,64.266909871439,0.015560107090887409,55.6299831867218,True,SolutionResult.kSolutionFound,1,55.622052912,0.1280364874485925,1.2913613499397556,2.2256162366936962,8.228509399114325,1.0,1.0,0.0,0.0,,1.6092204977839988,1.0003748934416363,1.0557706270192588,1.076395562373411,0.999998640671967,0.6025,0.5176395127113593,0.0475,0.8248015487120177,0.195,torque,258.3887652508867,58.22518763009428,21208.699081876162,53.328901841236,23.641320814684473
middle,top,7,parameterized,notebook,snopt,all,True,0.0,0.3,1608891161,True,0.35321927070617676,31,0.6743102073669434,15,15,5.948358116918184,,3.043223422468486,12.034016519652303,34.97944871111754,0.3285989430210346,2.0712525844573975,True,SolutionResult.kSolutionFound,1,2.063613599,0.3114964789405328,0.9479533807282935,6.174645442810737,21.194312759672318,1.0,1.0,0.0,0.0,,3.689853519071228,1.0022070193726642,1.0557679268234246,1.1362841060844988,0.9999667988491819,0.72,0.21942104735159984,0.0675,0.7273279478605694,0.12,torque,271.14117078242106,178.27588670783265,32001.00170751976,66.91051510706156,20.52149728291831
middle,top,7,cspace,notebook,snopt,all,True,0.0,0.3,1608891161,True,0.35321927070617676,31,0.6743102073669434,15,15,5.948358116918184,,3.043223422468486,12.034016519652303,34.97944871111754,0.08309777524128685,9.956135988235474,True,SolutionResult.kSolutionFound,1,9.94141744,0.2613487523206069,1.3503239264059552,3.1450752028167015,9.633580208210562,1.0,1.0,0.0,0.0,,2.246304192519427,1.0006448573336346,0.9991898908603033,1.2742631674851022,0.9607889467975883,0.4625,0.48572257957252896,0.01,0.8862494779992045,0.2375,torque,301.24584136746944,192.81004044729997,26993.435937392456,57.87007335070794,22.730648771048187
middle,top,7,kinetic,notebook,snopt,all,True,0.0,0.3,1608891161,True,0.35321927070617676,31,0.6743102073669434,15,15,5.948358116918184,,3.043223422468486,12.034016519652303,34.97944871111754,0.028588214990425773,6.306697845458984,True,SolutionResult.kSolutionFound,1,6.298442764,0.267415860985288,1.4373784895302286,3.5277214314584073,9.354059393874222,0.998,0.998,0.0,0.0,,2.3263847549476218,1.0004507431556038,0.8166307477728812,1.237696466847689,0.8893312588699485,0.4275,0.4278842662732465,0.0,0.9023972079768969,0.27,torque,265.9836460772579,176.20744372920797,25401.17126589224,57.31838104306328,22.03390760142911
middle,top,7,parameterized,tight,snopt,all,True,0.0,0.3,1608891161,True,0.35321927070617676,31,0.6743102073669434,15,15,5.948358116918184,,3.043223422468486,12.034016519652303,34.97944871111754,0.3285989430210346,10.021629333496094,True,SolutionResult.kSolutionFound,1,10.013336246,0.13061791569162165,0.39749950042675575,3.1934424689832173,12.856713599391677,0.996,0.996,0.0,5.747279750867307e-05,,3.0798903905526855,1.0018086646687494,1.086916992257208,0.9608001757687181,0.9999968456795307,0.79,0.14572742096546512,0.1225,0.709809994017792,0.0,acceleration,227.55155354790958,154.7795181356979,28140.225910051853,50.93267873362676,12.837189954779054
middle,top,7,cspace,tight,snopt,all,True,0.0,0.3,1608891161,True,0.35321927070617676,31,0.6743102073669434,15,15,5.948358116918184,,3.043223422468486,12.034016519652303,34.97944871111754,0.08309777524128685,118.8781909942627,False,SolutionResult.kSolverSpecificError,41,118.870039984,0.09684149862129308,0.5942480021519401,1.165392194196527,4.409699398154071,1.0,1.0,0.0,0.0,,1.526972344511091,1.0005836884828685,1.0558930200089798,1.0055094033234049,0.9808033585506022,0.495,0.49803142602615647,0.1875,0.7621879400157876,0.0775,acceleration,212.72382315710138,146.7935019911261,20970.184901813805,40.142759278140204,25.037992108043706
middle,top,7,kinetic,tight,snopt,all,True,0.0,0.3,1608891161,True,0.35321927070617676,31,0.6743102073669434,15,15,5.948358116918184,,3.043223422468486,12.034016519652303,34.97944871111754,0.028588214990425773,162.0661642551422,True,SolutionResult.kSolutionFound,1,162.057438859,0.11449062975902524,0.624880361939113,1.1806990760402742,4.004819111559372,1.0,1.0,0.0,0.0,,1.4520918140740264,1.000656011523295,1.0038900760727658,1.0274621408677016,0.926947660068336,0.4275,0.6467168527481129,0.1875,0.7253607001963249,0.1175,torque,234.40394961285298,158.1224783845904,18295.648520707095,40.7610920248519,32.810451570668995
bottom,middle,7,parameterized,notebook,snopt,all,True,0.0,0.3,1482419838,True,0.2603154182434082,19,0.6833479404449463,27,27,5.2318916905815875,,0.3723556946007378,1.5285977214529471,7.441299408518447,2.685604153502366,3.0961854457855225,True,SolutionResult.kSolutionFound,1,3.077816254,0.32187997453049827,0.11985384149437447,0.5851345601003114,2.82267934220348,1.0,1.0,0.0,0.0,,2.1216046161936926,1.0021985593861065,1.3551427967102363,1.0102556957202853,0.9998368839747029,0.555,0.1842390684542458,0.1025,0.6889716266357837,0.065,acceleration,143.00364674137882,110.05590896557953,22175.935025486688,34.67215016283723,13.056586795963515
bottom,middle,7,cspace,notebook,snopt,all,True,0.0,0.3,1482419838,True,0.2603154182434082,19,0.6833479404449463,27,27,5.2318916905815875,,0.3723556946007378,1.5285977214529471,7.441299408518447,0.6541943547119056,9.275933027267456,True,SolutionResult.kSolutionFound,1,9.262357244,0.25268732846078085,0.16822590853655933,0.3862572745251821,1.7981428678711742,0.998,0.998,0.0,0.0,,1.5050255925061593,1.0003676852033014,1.2236062749920718,1.4009481294306294,0.9733214109315156,0.49,0.5558883573677995,0.17,0.7869095391912242,0.1,torque,153.21702425621834,114.93222212979025,19357.95773712959,32.248045723941885,18.323803571675175
bottom,middle,7,kinetic,notebook,snopt,all,True,0.0,0.3,1482419838,True,0.2603154182434082,19,0.6833479404449463,27,27,5.2318916905815875,,0.3723556946007378,1.5285977214529471,7.441299408518447,0.1343851315611958,9.187618017196655,True,SolutionResult.kSolutionFound,1,9.176235483,0.2079934441116607,0.18564219749172028,0.37871960159657764,1.5477414926438153,0.998,0.998,0.0,0.0,,1.407884972326203,1.0002510391361792,1.2620843013776506,1.0580086078091586,0.7367329557131931,0.2675,0.7552710552116739,0.1775,0.8647521344890075,0.2,acceleration,175.26440138783764,126.4209121377447,19380.5166411413,30.979282137321224,21.202469254890662
bottom,middle,7,parameterized,tight,snopt,all,True,0.0,0.3,1482419838,True,0.2603154182434082,19,0.6833479404449463,27,27,5.2318916905815875,,0.3723556946007378,1.5285977214529471,7.441299408518447,2.685604153502366,24.730968713760376,True,SolutionResult.kSolutionFound,1,24.722369637,0.1588292232715396,0.05914096575417689,0.3207709287343342,1.2309206075621797,1.0,1.0,0.0,4.585201482498746e-06,,1.6161389917601483,1.0019916928490489,1.413039527021098,1.0380866687646761,0.9999140196760528,0.59,0.07038973211432117,0.1225,0.6501289513402874,0.1125,acceleration,109.86433211288814,92.46676794151199,15353.035935909902,20.076018601249075,9.892022745930564
bottom,middle,7,cspace,tight,snopt,all,True,0.0,0.3,1482419838,True,0.2603154182434082,19,0.6833479404449463,27,27,5.2318916905815875,,0.3723556946007378,1.5285977214529471,7.441299408518447,0.6541943547119056,229.99471044540405,False,SolutionResult.kSolverSpecificError,41,229.984229098,0.11355476068206057,0.0868993248271316,0.17357954843873244,0.6298901544193825,1.0,1.0,0.0,0.0,,1.035028800154343,1.000140361376989,1.3591474926790086,1.1981683462539612,0.9079248914316076,0.4475,0.7009032680531473,0.15,0.7269988087942589,0.12,acceleration,114.47946265009134,94.75943123225498,11979.49869840587,16.907508724150617,15.009952694899557
bottom,middle,7,kinetic,tight,snopt,all,True,0.0,0.3,1482419838,True,0.2603154182434082,19,0.6833479404449463,27,27,5.2318916905815875,,0.3723556946007378,1.5285977214529471,7.441299408518447,0.1343851315611958,384.34889817237854,True,SolutionResult.kSolutionFound,3,384.341151759,0.0838036453324149,0.08630290131455023,0.173438529370207,0.6236080164437885,1.0,1.0,0.0,0.0,,1.034532364676568,1.0000920963689381,1.362674501120276,1.0809381204236808,0.9588025718946288,0.46,0.7295313389770457,0.1825,0.6972777973127262,0.1075,acceleration,113.91976583372364,94.80106524576689,11925.014825848139,16.90775326709614,16.465669389455396
middle,top,5,parameterized,notebook,snopt,all,True,0.0,0.3,837540405,True,0.319965124130249,38,1.6874582767486572,16,16,5.312700820269508,,3.0449467687065117,6.694303339775448,22.400550014508074,0.3284129661238046,9.111721992492676,True,SolutionResult.kSolutionFound,1,9.102254889,0.1205155689082467,0.3669634921259934,2.1941129149500056,8.9087897148011,0.998,0.998,0.0,0.0,,2.677970593435858,1.001510314724908,1.3274040200124284,1.0048662920536264,0.9999801022929506,0.7575,0.16237995106877684,0.145,0.7157360922366562,0.0125,acceleration,215.22256551286736,148.19665515157504,25822.885897565975,48.44754853385036,14.934262344759516
middle,top,5,cspace,notebook,snopt,all,True,0.0,0.3,837540405,True,0.319965124130249,38,1.6874582767486572,16,16,5.312700820269508,,3.0449467687065117,6.694303339775448,22.400550014508074,0.14938074198973236,9.657332420349121,True,SolutionResult.kSolutionFound,1,9.64832968,0.24913229760680247,1.119464080667485,1.6677671719151486,5.872665392909366,1.0,1.0,0.0,0.0,,1.841337789747826,1.0006618705725263,1.1891270739724074,1.0036492095274767,0.9466654447525215,0.4825,0.3650827745448174,0.15,0.7969657744385068,0.165,acceleration,233.52652236735833,158.63133258862587,24746.69845361435,50.12888013967164,22.571840144619415
middle,top,5,kinetic,notebook,snopt,all,True,0.0,0.3,837540405,True,0.319965124130249,38,1.6874582767486572,16,16,5.312700820269508,,3.0449467687065117,6.694303339775448,22.400550014508074,0.04464176099927609,6.540974855422974,True,SolutionResult.kSolutionFound,1,6.529975485,0.29608814389416593,1.5589485337058748,2.1737452536192228,6.632537276004127,1.0,1.0,0.0,0.0,,1.8703691480580276,1.0005065251223821,1.1729727139007782,1.0250046684115492,0.9999122334260544,0.63,0.4520467471308258,0.1225,0.8336848525527336,0.1025,acceleration,245.74352782729983,164.5179669469013,25575.330123109583,51.408391204833535,20.646003127505885
middle,top,5,parameterized,tight,snopt,all,True,0.0,0.3,837540405,True,0.319965124130249,38,1.6874582767486572,16,16,5.312700820269508,,3.0449467687065117,6.694303339775448,22.400550014508074,0.3284129661238046,11.46857237815857,True,SolutionResult.kSolutionFound,1,11.460930544,0.11541864120221784,0.3514436185771901,2.0404806525696557,8.148750037466177,1.0,1.0,0.0,2.2798749357733072e-05,,2.5843771462244614,1.0013093888969684,1.2965556883934468,1.0060213014459158,0.9999975015749142,0.745,0.15884441897621024,0.1275,0.7053508967745958,0.0175,acceleration,214.1629204037322,147.8354878665902,24601.51889645308,46.905811600865704,15.801486042446756
middle,top,5,cspace,tight,snopt,all,True,0.0,0.3,837540405,True,0.319965124130249,38,1.6874582767486572,16,16,5.312700820269508,,3.0449467687065117,6.694303339775448,22.400550014508074,0.14938074198973236,177.2628836631775,True,SolutionResult.kSolutionFound,1,177.254717699,0.14139692093693954,0.4868910307480402,0.9465538800621196,3.4533842763420863,1.0,1.0,0.0,0.0,,1.4722827936542697,1.0006040581142825,1.0614006113501884,1.0042553027319867,0.9779006925723919,0.4875,0.5238534690847221,0.1925,0.7128193303568243,0.06,acceleration,195.6745998480548,138.33178607358496,18668.074199866012,37.30052087880135,19.256869265271654
middle,top,5,kinetic,tight,snopt,all,True,0.0,0.3,837540405,True,0.319965124130249,38,1.6874582767486572,16,16,5.312700820269508,,3.0449467687065117,6.694303339775448,22.400550014508074,0.04464176099927609,126.68615055084229,True,SolutionResult.kSolutionFound,3,126.673860153,0.14467799292206238,0.49274224758795143,0.9484808259186231,3.2408666164493036,1.0,1.0,0.0,0.0,,1.4306622816481902,1.000459172911862,1.0665510956107092,1.0000000000000002,0.9998707539908119,0.545,0.4335732065318792,0.22,0.7317298378043329,0.0275,acceleration,194.92600449378222,137.54184370452955,16587.237726344392,36.28094692418679,19.090577034173847
top,bottom,5,parameterized,notebook,snopt,all,True,0.0,0.3,772560212,True,0.6079983711242676,32,0.6510553359985352,16,16,5.856366607577545,,1.461115595684748,5.481944095049798,21.758461636077897,0.6844085457395673,3.30572247505188,True,SolutionResult.kSolutionFound,1,3.292356754,0.515955134081075,0.7538700930794742,3.483289791853602,14.346976591820592,1.0,1.0,0.0,0.0,,3.185619073231693,1.0027893939086012,1.0027061855022001,1.1955917182857032,1.000003958386826,0.69,0.30744112010145663,0.11,0.7437837076306271,0.0425,torque,324.1495384697181,92.09931017720595,30913.330313609436,65.97508238112167,25.969344525066813
top,bottom,5,cspace,notebook,snopt,all,True,0.0,0.3,772560212,True,0.6079983711242676,32,0.6510553359985352,16,16,5.856366607577545,,1.461115595684748,5.481944095049798,21.758461636077897,0.18241703721550193,4.997599840164185,True,SolutionResult.kSolutionFound,1,4.990589035,0.305313896118718,0.8759938720396578,1.6737137099646542,7.151349959900044,0.998,0.998,0.0,0.0,,2.028512947128123,1.0004321960034122,1.0066739657813137,1.181535943795004,0.9606757391296217,0.4725,0.34333702913085395,0.0775,0.7966227884150645,0.21,torque,277.57918879055615,67.65884422888146,25670.3489848205,54.60175500050602,23.274601349248925
top,bottom,5,kinetic,notebook,snopt,all,True,0.0,0.3,772560212,True,0.6079983711242676,32,0.6510553359985352,16,16,5.856366607577545,,1.461115595684748,5.481944095049798,21.758461636077897,0.04595913151975281,6.356338977813721,True,SolutionResult.kSolutionFound,1,6.348617924,0.35544309055269807,1.0465886654694643,1.9504338988089467,7.733894849599843,1.0,1.0,0.0,0.0,,2.0262406125663426,1.0009747150433335,1.0000218040050028,1.0896751538223057,0.9492706227967038,0.4375,0.44244716359302244,0.075,0.8407392825837325,0.2225,torque,300.27004076060905,79.04098939661178,25538.80796335212,57.99595455896589,27.330988465096524
top,bottom,5,parameterized,tight,snopt,all,True,0.0,0.3,772560212,True,0.6079983711242676,32,0.6510553359985352,16,16,5.856366607577545,,1.461115595684748,5.481944095049798,21.758461636077897,0.6844085457395673,9.17432713508606,True,SolutionResult.kSolutionFound,1,9.166040448,0.34378644275797915,0.5023117330986677,3.3212932410922154,13.622184742513715,1.0,1.0,0.0,4.2687891974591e-05,,3.1670675244734596,1.0018098256019925,1.2178688860913973,0.9942668244849825,0.9999942130522104,0.6975,0.1829194339385325,0.1475,0.7110492402408074,0.02,acceleration,296.4109387715852,77.44862275670178,29229.89990941972,61.2735644917691,22.365844673760275
top,bottom,5,cspace,tight,snopt,all,True,0.0,0.3,772560212,True,0.6079983711242676,32,0.6510553359985352,16,16,5.856366607577545,,1.461115595684748,5.481944095049798,21.758461636077897,0.18241703721550193,129.33002471923828,True,SolutionResult.kSolutionFound,3,129.320746755,0.25313498233041315,0.7359811106060529,1.3876718216367436,5.881465897433501,1.0,1.0,0.0,0.0,,1.8330523050665988,1.0006902366070367,1.1745127941021107,1.0066006224853925,0.9998919640276036,0.5675,0.3470505577964488,0.1225,0.7483176713264315,0.115,acceleration,250.49937185428644,53.747071213582444,23489.016558156156,49.41673173434811,20.39087120004841
top,bottom,5,kinetic,tight,snopt,all,True,0.0,0.3,772560212,True,0.6079983711242676,32,0.6510553359985352,16,16,5.856366607577545,,1.461115595684748,5.481944095049798,21.758461636077897,0.04595913151975281,98.40556693077087,True,SolutionResult.kSolutionFound,3,98.398012316,0.24678597353889978,0.829020875637561,1.444331867111191,5.369683137568287,1.0,1.0,0.0,0.0,,1.6185686665079169,1.0007450437691567,1.1472948502646823,1.139159783181434,0.9999113418747541,0.5675,0.5101680381017601,0.0475,0.8268397920379555,0.22,acceleration,259.71316403231697,58.93847440978152,21507.935360186922,52.410473354779626,23.470088194855684
top,middle,3,parameterized,notebook,snopt,all,True,0.0,0.3,34585784,True,0.1516425609588623,29,1.0454812049865723,14,14,3.715175078544228,,1.8653072979458643,3.3971546508527934,12.915493923535909,0.5361046949750488,3.3480873107910156,True,SolutionResult.kSolutionFound,1,3.334407177,0.24939599394228504,0.4652001675790077,2.971441150316503,12.293570436715218,1.0,1.0,0.0,0.0,,2.8065890563297624,1.0007048844973279,1.076567406119614,0.9938764978026253,0.999996292001116,0.72,0.1468265394426482,0.1375,0.7235624032724353,0.0075,acceleration,231.99788038658386,80.69368492309798,27878.693824438506,50.53328782993547,18.41527089748233
top,middle,3,cspace,notebook,snopt,all,True,0.0,0.3,34585784,True,0.1516425609588623,29,1.0454812049865723,14,14,3.715175078544228,,1.8653072979458643,3.3971546508527934,12.915493923535909,0.2943639906852543,7.953586578369141,True,SolutionResult.kSolutionFound,1,7.945567441,0.38440872391401054,0.6819280858455545,1.3058958842728683,5.174063151766794,1.0,1.0,0.0,0.0,,1.6296219383046595,1.0005757804196769,1.1603612284291414,0.9964429830755503,0.9998094169692757,0.535,0.31684622717580957,0.19,0.7754612625993667,0.065,acceleration,201.359242152859,65.27120224106382,22687.87970477733,41.70498943934275,19.83521246751258
top,middle,3,kinetic,notebook,snopt,all,True,0.0,0.3,34585784,True,0.1516425609588623,29,1.0454812049865723,14,14,3.715175078544228,,1.8653072979458643,3.3971546508527934,12.915493923535909,0.07742638461373123,6.422207355499268,True,SolutionResult.kSolutionFound,1,6.414467815,0.39840709238647826,0.8733092590361496,1.4929602529123112,5.145624380811172,1.0,1.0,0.0,0.0,,1.5458356213389746,1.000483754787161,1.1320805116621708,1.0280735193000037,0.9836670426284471,0.4925,0.345282490694501,0.1325,0.8237816495141594,0.1875,acceleration,206.4871528939891,68.85124123021015,22463.238949730694,44.123394890917645,20.171117970256432
top,middle,3,parameterized,tight,snopt,all,True,0.0,0.3,34585784,True,0.1516425609588623,29,1.0454812049865723,14,14,3.715175078544228,,1.8653072979458643,3.3971546508527934,12.915493923535909,0.5361046949750488,10.704112768173218,True,SolutionResult.kSolutionFound,1,10.695075419,0.22144660709637468,0.41306597232221726,2.7214112872116,10.958773382354636,1.0,1.0,0.0,3.52894261590464e-06,,2.7865634539072612,1.0011339878044245,1.1733254880281156,0.9945224349587142,0.9999998112266706,0.75,0.16150140699498305,0.1225,0.7057875399365499,0.01,acceleration,218.01867141827069,74.16190887122572,25900.035514929557,48.458492921420024,14.532120090811528
top,middle,3,cspace,tight,snopt,all,True,0.0,0.3,34585784,True,0.1516425609588623,29,1.0454812049865723,14,14,3.715175078544228,,1.8653072979458643,3.3971546508527934,12.915493923535909,0.2943639906852543,57.06926608085632,False,SolutionResult.kSolverSpecificError,41,57.059260619,0.34876966498070006,0.6039530375624035,1.1848244894655557,4.459793738214739,1.0,1.0,0.0,0.0,,1.4918793212832562,1.0005177834658712,1.16396456836208,1.005028728845639,0.9899871678986241,0.5,0.4128701450414538,0.22,0.7395696540825301,0.08,acceleration,208.19125947540817,68.8175366423599,20289.256217806575,40.138287992960784,24.41193194454149
top,middle,3,kinetic,tight,snopt,all,True,0.0,0.3,34585784,True,0.1516425609588623,29,1.0454812049865723,14,14,3.715175078544228,,1.8653072979458643,3.3971546508527934,12.915493923535909,0.07742638461373123,43.45615839958191,False,SolutionResult.kSolverSpecificError,41,43.447447444,0.334749134312818,0.7005768635847798,1.255475016146361,4.323450410126107,1.0,1.0,0.0,0.0,,1.4144513110780657,1.0005491713061687,1.0981458404228233,1.1335870493968492,0.9998090779259153,0.525,0.38674418934074173,0.1125,0.8618702978527264,0.1925,torque,214.82318158682156,73.07702887758474,19802.76436678555,41.73582910298491,28.035552392123513
top,middle,0,parameterized,notebook,snopt,all,True,0.0,0.3,453438722,True,0.31292271614074707,27,1.076798439025879,16,16,4.109263022630198,,1.1707174605855868,3.090520589778436,13.341808619071141,0.8541770612183449,5.427975416183472,True,SolutionResult.kSolutionFound,1,5.419282361,0.37422597663542656,0.43811288505178664,1.960894662689945,8.444022294578613,1.0,1.0,0.0,0.0,,2.4069313923729823,1.0007577883086938,1.1785377214034682,1.0000054288678533,0.9999720957265091,0.6925,0.19150844791771396,0.155,0.7313559720794766,0.01,acceleration,213.43893158979841,72.02134237547833,25728.494267403818,47.10149591471543,14.934547112899422
top,middle,0,cspace,notebook,snopt,all,True,0.0,0.3,453438722,True,0.31292271614074707,27,1.076798439025879,16,16,4.109263022630198,,1.1707174605855868,3.090520589778436,13.341808619071141,0.3235700817873184,6.190288305282593,True,SolutionResult.kSolutionFound,1,6.176308499,0.36135036303468027,0.540094721996624,1.1167607370825923,4.558745930236691,0.996,0.996,0.0,0.0,,1.6661663859747256,1.0004145104502415,1.1796944152900803,1.0033766453425745,0.9997774606732031,0.535,0.31656524378478057,0.1625,0.782853204043839,0.0625,acceleration,213.88859758774242,71.44509380625263,22275.83012489329,41.62646342884325,20.80900647932387
top,middle,0,kinetic,notebook,snopt,all,True,0.0,0.3,453438722,True,0.31292271614074707,27,1.076798439025879,16,16,4.109263022630198,,1.1707174605855868,3.090520589778436,13.341808619071141,0.0749523568019536,5.543574571609497,True,SolutionResult.kSolutionFound,1,5.535401719,0.36294160344222304,0.6529455846729959,1.2773821532733258,4.84229741302495,1.0,1.0,0.0,0.0,,1.6607336299640916,1.0009734094988232,1.1648708091871516,0.9964974808252077,0.9994692430311927,0.5175,0.4304678836543043,0.1375,0.8483152100751986,0.0925,acceleration,236.0369018630211,82.9043646326468,22384.101090938,42.92926949725996,21.624010044198478
top,middle,0,parameterized,tight,snopt,all,True,0.0,0.3,453438722,True,0.31292271614074707,27,1.076798439025879,16,16,4.109263022630198,,1.1707174605855868,3.090520589778436,13.341808619071141,0.8541770612183449,11.884197235107422,True,SolutionResult.kSolutionFound,1,11.876230216,0.30050714114048016,0.351808957163812,1.8969522015893987,7.55235329152292,0.998,0.998,0.0,8.030415523885281e-05,,2.4570439835813462,1.0012228659760154,1.2083990326206013,0.9569711044816903,0.9999952359768605,0.745,0.16099148163533777,0.125,0.7027132764902251,0.0,acceleration,210.64956682642128,70.50206110572935,23608.77788152166,46.11123088989473,16.73090240062305
top,middle,0,cspace,tight,snopt,all,True,0.0,0.3,453438722,True,0.31292271614074707,27,1.076798439025879,16,16,4.109263022630198,,1.1707174605855868,3.090520589778436,13.341808619071141,0.3235700817873184,110.95355343818665,False,SolutionResult.kSolverSpecificError,41,110.943982603,0.30646262394078355,0.4795437378047653,0.9471290492865174,3.523476258723488,0.998,0.998,0.0,0.0,,1.489933083667643,1.000594814387522,1.1894661157799584,1.0015316921323223,0.9786776732093823,0.4875,0.5006251329623814,0.1975,0.7090748007910124,0.0575,acceleration,196.04912412702333,62.39406310142283,18931.57246737143,37.46566118953486,18.96256916555055
top,middle,0,kinetic,tight,snopt,all,True,0.0,0.3,453438722,True,0.31292271614074707,27,1.076798439025879,16,16,4.109263022630198,,1.1707174605855868,3.090520589778436,13.341808619071141,0.0749523568019536,47.78903603553772,False,SolutionResult.kSolverSpecificError,41,47.780811265,0.27192466766041135,0.5326810498241631,0.9982942966994143,3.6279668747297324,1.0,1.0,0.0,0.0,,1.4453413208363592,1.0004681709356587,1.2009587590200717,1.0890347205119988,0.9998371700659621,0.5375,0.38608164878486495,0.195,0.7486301121799901,0.0575,acceleration,204.69564378714077,67.3582883244012,20121.466914560333,40.025687335431854,24.29114661641559
middle,top,3,parameterized,notebook,snopt,all,True,0.0,0.3,1485340416,True,0.27469325065612793,36,1.0790667533874512,20,20,5.11161045136075,,0.9423536486871622,2.4568618952890238,7.489590094955108,1.0611727363640473,6.547714948654175,True,SolutionResult.kSolutionFound,1,6.539738143,0.2958194281131088,0.27876651743493425,1.4895007721090192,5.776957188277742,0.998,0.998,0.0,4.922002561524863e-06,,2.363566172614171,1.0019348929542393,1.3795411851106711,1.0125288365369436,1.0000123943495163,0.7175,0.1938873486662253,0.145,0.6931449255347242,0.05,acceleration,212.26832132305844,147.1806974253307,23100.38850285048,45.14160030601331,19.833921144990622
middle,top,3,cspace,notebook,snopt,all,True,0.0,0.3,1485340416,True,0.27469325065612793,36,1.0790667533874512,20,20,5.11161045136075,,0.9423536486871622,2.4568618952890238,7.489590094955108,0.40702328523938486,6.505820035934448,True,SolutionResult.kSolutionFound,1,6.498187513,0.36875910817481067,0.5233049971547097,0.9059902014154558,3.044526325727261,1.0,1.0,0.0,0.0,,1.4842555063539702,1.000126248784374,1.2281396210271898,1.01708118691305,0.9910474983070328,0.5075,0.623704702093755,0.185,0.8035817596963102,0.09,acceleration,209.66698916255294,145.9735285281765,18766.581902520582,41.413428078537585,23.513181837271084
middle,top,3,kinetic,notebook,snopt,all,True,0.0,0.3,1485340416,True,0.27469325065612793,36,1.0790667533874512,20,20,5.11161045136075,,0.9423536486871622,2.4568618952890238,7.489590094955108,0.13351865553678127,12.47139596939087,True,SolutionResult.kSolutionFound,1,12.458549755,0.3908737581099922,0.5456624007843922,0.9156446410054985,2.927484227118477,0.996,0.996,0.0,0.0,,1.4873895856233599,1.0001147924974538,1.2152022781232317,1.0279813048654756,0.9901597572258793,0.5025,0.6280606384882449,0.17,0.7813215238981331,0.065,acceleration,209.13021678415674,145.61274372788847,18326.506673399403,40.22392087348849,23.65182226248023
middle,top,3,parameterized,tight,snopt,all,True,0.0,0.3,1485340416,True,0.27469325065612793,36,1.0790667533874512,20,20,5.11161045136075,,0.9423536486871622,2.4568618952890238,7.489590094955108,1.0611727363640473,10.903378248214722,True,SolutionResult.kSolutionFound,1,10.895450497,0.2940981663239412,0.277144480107573,1.4650090904507187,5.659222393218779,0.998,0.998,0.0,1.685818851449028e-05,,2.312779806141721,1.0019742621156145,1.331701285453917,1.0365706373098624,0.9999992882445164,0.6925,0.18431380947649328,0.1225,0.6946736254016911,0.05,acceleration,210.86766916690294,146.1322062943721,22720.20933843771,44.919722070745394,19.61609639598342
middle,top,3,cspace,tight,snopt,all,True,0.0,0.3,1485340416,True,0.27469325065612793,36,1.0790667533874512,20,20,5.11161045136075,,0.9423536486871622,2.4568618952890238,7.489590094955108,0.40702328523938486,164.09398198127747,True,SolutionResult.kSolutionFound,3,164.085773677,0.297365759244955,0.3805196868178019,0.7305866028526197,2.5690854619828474,0.998,0.998,0.0,0.0,,1.4483497871728908,1.000168658926259,1.1637397132078349,0.9928248740074107,0.9997941916719302,0.545,0.4349765265943908,0.2025,0.731298854573453,0.0125,acceleration,190.3727852358664,135.38308616993345,17120.330556593864,36.07018690165867,19.22887672331706
middle,top,3,kinetic,tight,snopt,all,True,0.0,0.3,1485340416,True,0.27469325065612793,36,1.0790667533874512,20,20,5.11161045136075,,0.9423536486871622,2.4568618952890238,7.489590094955108,0.13351865553678127,178.38551092147827,True,SolutionResult.kSolutionFound,3,178.376034208,0.3356916478799726,0.3883456449623478,0.7391318702873504,2.5141928409210013,1.0,1.0,0.0,0.0,,1.4432489955955148,1.000199412233281,1.154309952202406,0.9999999999999999,0.9998811583616837,0.5575,0.44424395808690237,0.17,0.7079199501775004,0.03,acceleration,194.00940702429853,137.32629137321888,16646.452876711188,35.61598498101329,19.510985490633338
top,bottom,9,parameterized,notebook,snopt,all,True,0.0,0.3,666507647,True,0.3300142288208008,40,1.0056726932525635,17,17,4.99032864936605,,3.359552875971882,6.888480246966244,25.179687449359623,0.29765865783871936,2.5146031379699707,True,SolutionResult.kSolutionFound,1,2.506424636,0.2413244924168664,0.8107423925415413,2.771867934691889,11.336166273978938,1.0,1.0,0.0,0.0,,2.8085090420334367,1.0008517455134296,1.203226221969781,1.2154214831016754,1.0000065432082175,0.7325,0.17454345005103933,0.11,0.7476584813493108,0.0925,torque,300.0826526590233,79.24077603349028,28635.92721038755,63.596100084031136,22.279807519719515
top,bottom,9,cspace,notebook,snopt,all,True,0.0,0.3,666507647,True,0.3300142288208008,40,1.0056726932525635,17,17,4.99032864936605,,3.359552875971882,6.888480246966244,25.179687449359623,0.14516990165434676,4.2187957763671875,True,SolutionResult.kSolutionFound,1,4.211181433,0.3697275846981176,1.4179914109525376,2.546861163951522,9.01546282253487,1.0,1.0,0.0,0.0,,2.10080125176705,1.0003227102996815,1.015027808864227,1.0595690878528192,0.9999266917638802,0.5675,0.4153826432009582,0.025,0.912863877769371,0.1475,torque,309.78828783543565,85.01392654149404,25573.055363068488,64.16311649532832,25.962227973629503
top,bottom,9,kinetic,notebook,snopt,all,True,0.0,0.3,666507647,True,0.3300142288208008,40,1.0056726932525635,17,17,4.99032864936605,,3.359552875971882,6.888480246966244,25.179687449359623,0.039714551739816466,6.468016147613525,True,SolutionResult.kSolutionFound,1,6.45859402,0.30973127788456983,1.379027466098289,2.348708485898199,7.798936770424219,0.998,0.998,0.0,0.0,,1.988171923461039,1.0003704615180344,1.1058318948221317,1.1518564287319113,0.9764955671038242,0.48,0.46566011804294477,0.0375,0.9263310290501272,0.21,torque,311.3933075324196,85.71986116138324,25866.588474630604,61.27623113163561,25.370771332501704
top,bottom,9,parameterized,tight,snopt,all,True,0.0,0.3,666507647,True,0.3300142288208008,40,1.0056726932525635,17,17,4.99032864936605,,3.359552875971882,6.888480246966244,25.179687449359623,0.29765865783871936,10.110630512237549,True,SolutionResult.kSolutionFound,1,10.102827587,0.1404064696643817,0.47170295896603015,2.8992638240559647,11.905370023470688,1.0,1.0,0.0,6.09603623851207e-05,,3.0747243244124047,1.0019432052788757,1.234209755238297,0.9915260901708443,0.9999934715573948,0.6925,0.1818865148744451,0.16,0.7081516765432416,0.01,acceleration,292.22977359137815,75.1263621957309,28487.587943813625,60.449493919872346,21.29351343020942
top,bottom,9,cspace,tight,snopt,all,True,0.0,0.3,666507647,True,0.3300142288208008,40,1.0056726932525635,17,17,4.99032864936605,,3.359552875971882,6.888480246966244,25.179687449359623,0.14516990165434676,139.96156811714172,False,SolutionResult.kSolverSpecificError,41,139.953155299,0.18420561651901596,0.6720939620968345,1.2688967507714808,5.2405613755620974,1.0,1.0,0.0,0.0,,1.7798217849907743,1.0007737604945666,1.189811619352393,1.0091654620706514,0.9999505618578484,0.575,0.37035729463145917,0.12,0.7326540076156601,0.0875,acceleration,253.68296462190312,55.060610978834006,22536.403722874486,49.134949468179144,22.048045936315212
top,bottom,9,kinetic,tight,snopt,all,True,0.0,0.3,666507647,True,0.3300142288208008,40,1.0056726932525635,17,17,4.99032864936605,,3.359552875971882,6.888480246966244,25.179687449359623,0.039714551739816466,57.58772277832031,False,SolutionResult.kSolverSpecificError,41,57.579349925,0.19794266321315032,0.7578099975229537,1.3342546776694568,4.98413439260098,1.0,1.0,0.0,0.0,,1.6274885598555413,1.0007170325717964,1.1855880632546494,1.136859714334483,0.9999188333475282,0.6075,0.4931257844847978,0.0925,0.7775453947432142,0.1475,acceleration,257.8888682588662,57.628412924048405,21535.64461830515,51.739078597947405,23.072198093025992
top,middle,8,parameterized,notebook,snopt,all,True,0.0,0.3,366830896,True,0.25257396697998047,28,0.761582612991333,19,19,4.337792546554437,,1.867370786943093,3.517616464852421,8.540934735612224,0.5355122865754001,12.897622346878052,False,SolutionResult.kIterationLimit,31,12.889576263,1.1013843612568077,2.056692981406945,16.02253639871455,54.76370370724214,0.93,0.934,0.0,0.0034510401786307376,,4.910903120386589,1.0077958252758186,1.0260273741026142,1.0522903442419327,0.9410532368284599,0.4525,0.40202626569767,0.095,0.7981128787373168,0.18,torque,471.1241538605628,202.88967973007667,56305.59648715261,65.67382754804599,17.83361546450988
top,middle,8,cspace,notebook,snopt,all,True,0.0,0.3,366830896,True,0.25257396697998047,28,0.761582612991333,19,19,4.337792546554437,,1.867370786943093,3.517616464852421,8.540934735612224,0.2842834089480401,11.766242980957031,False,SolutionResult.kIterationLimit,31,11.75727412,39.22430729828728,27.968826644993673,137.9760691748863,351.0511614744889,0.594,0.648,0.22761780891425287,0.05359452111386975,,13.507139544934205,4.1922389939258515,32.76797401734011,23.447294507635938,0.9708793560117094,0.47,0.19062175805407822,0.0825,0.8858116418602824,0.165,acceleration,1389.4230398419336,514.366716262803,236572.48246671047,163.6128048410593,76.11766230380888
top,middle,8,kinetic,notebook,snopt,all,True,0.0,0.3,366830896,True,0.25257396697998047,28,0.761582612991333,19,19,4.337792546554437,,1.867370786943093,3.517616464852421,8.540934735612224,0.11708320353162363,16.527261972427368,False,SolutionResult.kIterationLimit,31,16.514927152,1.7087452347066936,2.548336628178423,4.508619586955416,14.594281529418268,1.0,1.0,0.0,0.0,,3.189635925148894,1.0031705514297515,1.2699668421468937,1.0561440879894655,0.6345343816515061,0.0825,0.6768822477609528,0.1175,0.972853926748925,0.3725,acceleration,358.7542427780352,146.12466400373137,40166.72195507074,45.843514476367645,17.321962318824095
top,middle,8,parameterized,tight,snopt,all,True,0.0,0.3,366830896,True,0.25257396697998047,28,0.761582612991333,19,19,4.337792546554437,,1.867370786943093,3.517616464852421,8.540934735612224,0.5355122865754001,9.349819898605347,False,SolutionResult.kIterationLimit,31,9.342405151,1.1013843612568077,2.056692981406945,16.02253639871455,54.76370370724214,0.93,0.934,0.0,0.0034510401786307376,,4.910903120386589,1.0077958252758186,1.0260273741026142,1.0522903442419327,0.9410532368284599,0.4525,0.40202626569767,0.095,0.7981128787373168,0.18,torque,471.1241538605628,202.88967973007667,56305.59648715261,65.67382754804599,17.83361546450988
top,middle,8,cspace,tight,snopt,all,True,0.0,0.3,366830896,True,0.25257396697998047,28,0.761582612991333,19,19,4.337792546554437,,1.867370786943093,3.517616464852421,8.540934735612224,0.2842834089480401,7.044731140136719,False,SolutionResult.kIterationLimit,31,7.039424594,39.22430729828728,27.968826644993673,137.9760691748863,351.0511614744889,0.594,0.648,0.22761780891425287,0.05359452111386975,,13.507139544934205,4.1922389939258515,32.76797401734011,23.447294507635938,0.9708793560117094,0.47,0.19062175805407822,0.0825,0.8858116418602824,0.165,acceleration,1389.4230398419336,514.366716262803,236572.48246671047,163.6128048410593,76.11766230380888
top,middle,8,kinetic,tight,snopt,all,True,0.0,0.3,366830896,True,0.25257396697998047,28,0.761582612991333,19,19,4.337792546554437,,1.867370786943093,3.517616464852421,8.540934735612224,0.11708320353162363,12.793406248092651,False,SolutionResult.kIterationLimit,31,12.788120649,1.7087452347066936,2.548336628178423,4.508619586955416,14.594281529418268,1.0,1.0,0.0,0.0,,3.189635925148894,1.0031705514297515,1.2699668421468937,1.0561440879894655,0.6345343816515061,0.0825,0.6768822477609528,0.1175,0.972853926748925,0.3725,acceleration,358.7542427780352,146.12466400373137,40166.72195507074,45.843514476367645,17.321962318824095
top,bottom,1,parameterized,notebook,snopt,all,True,0.0,0.3,694260045,True,0.45896434783935547,37,1.3525464534759521,12,12,4.373409663421376,,3.306691817495521,7.751809652284141,28.125879011852895,0.30241705462512597,3.4332902431488037,True,SolutionResult.kSolutionFound,1,3.419262991,0.34985841696026476,1.1568739646444446,3.9672957855311384,15.153072028640981,1.0,1.0,0.0,0.0,,2.496056853544119,1.0007075049416299,1.0473643457730761,1.0026551227319829,1.0000541485541086,0.7575,0.29208387678935155,0.125,0.6722056063700734,0.0425,acceleration,332.6755368282802,96.29571750413402,24113.91982475903,60.06751723811067,19.805555217370195
top,bottom,1,cspace,notebook,snopt,all,True,0.0,0.3,694260045,True,0.45896434783935547,37,1.3525464534759521,12,12,4.373409663421376,,3.306691817495521,7.751809652284141,28.125879011852895,0.12900213561169435,5.132093191146851,True,SolutionResult.kSolutionFound,1,5.124162041,0.2949434546058171,1.2106291106575326,2.286345518291403,9.12793195645987,1.0,1.0,0.0,0.0,,1.8544066078047727,1.0006622166305301,1.0533141569663376,1.1223757816209663,0.9999806616683156,0.5725,0.48802496640541665,0.11,0.7697800971627644,0.1975,torque,303.4438083953432,81.29350454346692,21899.17512174895,52.67086247044208,31.634236623862762
top,bottom,1,kinetic,notebook,snopt,all,True,0.0,0.3,694260045,True,0.45896434783935547,37,1.3525464534759521,12,12,4.373409663421376,,3.306691817495521,7.751809652284141,28.125879011852895,0.035554444345671,13.650572061538696,True,SolutionResult.kSolutionFound,1,13.641069372,0.26372599532495933,1.0662222690186156,1.9622281874005474,7.417525436790289,1.0,1.0,0.0,0.0,,1.662739322325796,1.0003526868913863,1.0024209531580117,1.0837156431249284,0.9998839708753282,0.525,0.5313559671878825,0.1325,0.7453962913796504,0.19,torque,269.93739607588367,63.79271129253286,20541.337827922784,51.29871180143648,33.671944447734155
top,bottom,1,parameterized,tight,snopt,all,True,0.0,0.3,694260045,True,0.45896434783935547,37,1.3525464534759521,12,12,4.373409663421376,,3.306691817495521,7.751809652284141,28.125879011852895,0.30241705462512597,13.428654670715332,True,SolutionResult.kSolutionFound,1,13.420595616,0.21031163266025715,0.695435754841794,4.370400214300949,17.945558797708212,0.998,0.998,0.0,1.897883840262793e-05,,3.0606865265507204,1.000887529451711,1.1578136156205714,0.9928059447414638,1.0000208543910427,0.7025,0.1769367900256042,0.1775,0.6936190157878056,0.01,acceleration,289.37064469751346,73.87740964288162,28058.66627594486,60.095637770947334,19.936615893932025
top,bottom,1,cspace,tight,snopt,all,True,0.0,0.3,694260045,True,0.45896434783935547,37,1.3525464534759521,12,12,4.373409663421376,,3.306691817495521,7.751809652284141,28.125879011852895,0.12900213561169435,269.239559173584,False,SolutionResult.kSolverSpecificError,41,269.231545572,0.24439690857183435,1.005935357008297,1.89451831485555,7.961518845696529,1.0,1.0,0.0,0.0,,1.770559736124567,1.0003773473104256,1.1166172632372915,1.004683414424748,0.9999724043258951,0.6,0.40193743815559424,0.14,0.7327596220596455,0.1175,acceleration,252.00855883059913,54.36418010545938,22391.931434011785,49.96288095645899,20.894277531732953
top,bottom,1,kinetic,tight,snopt,all,True,0.0,0.3,694260045,True,0.45896434783935547,37,1.3525464534759521,12,12,4.373409663421376,,3.306691817495521,7.751809652284141,28.125879011852895,0.035554444345671,21.190892457962036,False,SolutionResult.kSolverSpecificError,41,21.185440311,0.26207230813887744,1.059373110543965,1.967846791366231,7.371014031071101,1.0,1.0,0.0,0.0,,1.6509613568798382,1.0004103387792294,1.002493556529549,1.0864500781351687,0.9997193541344305,0.52,0.5414412337664107,0.1075,0.7327184966027491,0.2175,torque,268.29506440515735,63.33185866327989,20392.839454753583,51.1830890480665,33.23012699353485
top,middle,1,parameterized,notebook,snopt,all,True,0.0,0.3,1812061588,True,0.3069021701812744,41,0.8632276058197021,17,17,4.522528257819555,,1.4814223127255748,5.671495343699293,21.043101174212765,0.6750269598411567,4.080052375793457,True,SolutionResult.kSolutionFound,1,4.072664449,0.24943668160134067,0.3695210657364518,2.3638927448293456,9.605426282751417,1.0,1.0,0.0,0.0,,2.9591213836933172,1.0016129251574843,1.2071162661863608,0.9325728636260258,1.0000047569133648,0.7775,0.1632946842988961,0.14,0.704797583487848,0.0,acceleration,218.26446182351324,74.2372435665719,27122.43621914985,49.93811468657556,12.508068950057995
top,middle,1,cspace,notebook,snopt,all,True,0.0,0.3,1812061588,True,0.3069021701812744,41,0.8632276058197021,17,17,4.522528257819555,,1.4814223127255748,5.671495343699293,21.043101174212765,0.1763203422375975,8.189216375350952,True,SolutionResult.kSolutionFound,1,8.168382507,0.2049255250154553,0.5934868919021641,1.1622341609302875,4.215031361526871,0.996,0.996,0.0,0.0,,1.6390237667313812,1.000255321666454,1.156448000794227,1.0979710428736762,0.999639236785232,0.5125,0.47870734133888815,0.1525,0.839849148153001,0.1125,acceleration,215.23649332144734,72.58713826737838,22137.86556705251,43.06079730940282,21.416772666096524
top,middle,1,kinetic,notebook,snopt,all,True,0.0,0.3,1812061588,True,0.3069021701812744,41,0.8632276058197021,17,17,4.522528257819555,,1.4814223127255748,5.671495343699293,21.043101174212765,0.047521512714364,6.4030537605285645,True,SolutionResult.kSolutionFound,1,6.393799561,0.21704365824922858,0.7744298805650882,1.4544251697829633,4.567271659759776,0.996,0.996,0.0,0.0,,1.6452579135002217,1.0002282151148028,1.196383828388416,1.0680394668675854,0.8814377344265738,0.19,0.7005818998825338,0.1275,0.9360424574732158,0.2425,acceleration,242.38566442962104,87.07382345491524,22196.926550970435,45.56972387700483,26.054185916481938
top,middle,1,parameterized,tight,snopt,all,True,0.0,0.3,1812061588,True,0.3069021701812744,41,0.8632276058197021,17,17,4.522528257819555,,1.4814223127255748,5.671495343699293,21.043101174212765,0.6750269598411567,8.705765008926392,True,SolutionResult.kSolutionFound,1,8.697880858,0.2230698208001964,0.3304606098291104,2.0324958063572014,8.126382185244918,1.0,1.0,0.0,6.673473364937621e-05,,2.680049759119548,1.001572065113022,1.220660910386708,0.9948351324223589,1.0000001096938265,0.745,0.15825813465763983,0.1175,0.7007153421309935,0.0175,acceleration,214.08305838254927,72.09838349310638,24976.99979634872,47.39741842630826,15.893337456310686
top,middle,1,cspace,tight,snopt,all,True,0.0,0.3,1812061588,True,0.3069021701812744,41,0.8632276058197021,17,17,4.522528257819555,,1.4814223127255748,5.671495343699293,21.043101174212765,0.1763203422375975,95.78886032104492,False,SolutionResult.kSolverSpecificError,41,95.769911581,0.15675183011962276,0.4492770031509137,0.8890172746397832,3.3013933622369183,0.998,0.998,0.0,0.0,,1.5018546862320492,1.0005564713524782,1.2061648323994114,1.0022731585141584,0.9706322828850293,0.49,0.5092127440262815,0.2025,0.7067187982771158,0.04,acceleration,196.89955988539333,63.140010563653135,19115.208715693534,37.24133411588781,19.794482065719652
top,middle,1,kinetic,tight,snopt,all,True,0.0,0.3,1812061588,True,0.3069021701812744,41,0.8632276058197021,17,17,4.522528257819555,,1.4814223127255748,5.671495343699293,21.043101174212765,0.047521512714364,82.03488039970398,True,SolutionResult.kSolutionFound,3,82.019827147,0.14749917492317166,0.46801564678399243,0.90667870352839,3.103840061021209,1.0,1.0,0.0,0.0,,1.4334856655149582,1.000559843674548,1.02384887564901,1.0796547779293018,0.9959265000665162,0.5175,0.6912247773006739,0.22,0.6990508848706944,0.0975,torque,198.02033111714985,63.91966667850929,16754.679734695746,36.7894107624619,21.13053328859016
top,bottom,2,parameterized,notebook,snopt,all,True,0.0,0.3,812171511,True,0.5300912857055664,50,1.345442295074463,22,22,6.76868468212109,,1.9867642652363235,5.311122889965684,20.887614197399035,0.5033309776593203,9.124452352523804,True,SolutionResult.kSolutionFound,1,9.112794573,0.18157236245396743,0.36074148127807887,2.7737338376176695,11.419773532963346,0.996,0.996,0.0,3.986430944769026e-05,,3.4133662243360057,1.0042185169938542,1.3004707255629973,0.991305336131048,1.0000014993499433,0.7175,0.18416641705516495,0.1525,0.7200758481552584,0.005,acceleration,301.8032915398851,80.60178533975125,31482.53316622894,64.13335709247761,21.488441332262116
top,bottom,2,cspace,notebook,snopt,all,True,0.0,0.3,812171511,True,0.5300912857055664,50,1.345442295074463,22,22,6.76868468212109,,1.9867642652363235,5.311122889965684,20.887614197399035,0.1882841012564974,5.003852367401123,True,SolutionResult.kSolutionFound,1,4.994429479,0.3523306942883892,1.025855430369864,1.8712716152725666,7.732083116254142,0.994,0.994,0.0,0.0,,2.5307465132379865,1.0009775334762627,1.0003801613503875,1.1408255279905417,0.8421891346959633,0.3775,0.38902167117823105,0.065,0.8831444651735716,0.27,torque,296.0470807980419,77.568138436039,33486.8194303163,59.7595516476995,20.273458013035636
top,bottom,2,kinetic,notebook,snopt,all,True,0.0,0.3,812171511,True,0.5300912857055664,50,1.345442295074463,22,22,6.76868468212109,,1.9867642652363235,5.311122889965684,20.887614197399035,0.04787526189202221,7.52660346031189,True,SolutionResult.kSolutionFound,1,7.50813655,0.32341003823943676,1.029176977140831,1.8136053442159223,6.755264106311421,0.994,0.994,0.0,0.0,,2.423152306231391,1.0004306958879332,1.008911261551006,1.2772986752494442,0.8384060079190558,0.385,0.3702949107359727,0.035,0.8306020832988369,0.3225,torque,288.6675473130453,74.13174292466653,31510.76212992275,57.76166561666643,21.559928292114712
top,bottom,2,parameterized,tight,snopt,all,True,0.0,0.3,812171511,True,0.5300912857055664,50,1.345442295074463,22,22,6.76868468212109,,1.9867642652363235,5.311122889965684,20.887614197399035,0.5033309776593203,13.818660736083984,True,SolutionResult.kSolutionFound,1,13.805846965,0.1810589892555996,0.35972152975283617,2.7244051122088138,11.136171777766503,0.998,0.998,0.0,6.936915610022965e-05,,3.3627677474344235,1.0041196130687597,1.3191033040922178,0.9914696927137516,0.9999947691661702,0.71,0.1960618671823413,0.1475,0.7115510585220688,0.0075,acceleration,302.0690844567577,80.32861848605035,30801.950659812115,63.302332506246856,20.993953449150794
top,bottom,2,cspace,tight,snopt,all,True,0.0,0.3,812171511,True,0.5300912857055664,50,1.345442295074463,22,22,6.76868468212109,,1.9867642652363235,5.311122889965684,20.887614197399035,0.1882841012564974,176.082350730896,True,SolutionResult.kSolutionFound,1,176.070192375,0.1945847715739434,0.5459309251234967,1.0334636343451147,4.490472951031088,0.998,0.998,0.0,0.0,,1.9388502613044265,1.0011602639031816,1.2702124532955854,1.0040488971501642,0.99896161948486,0.5175,0.30366686559787576,0.1075,0.7694318791151524,0.1375,acceleration,253.28484064969658,55.258089533265135,25341.608837039174,49.02435053671057,20.34309730260541
top,bottom,2,kinetic,tight,snopt,all,True,0.0,0.3,812171511,True,0.5300912857055664,50,1.345442295074463,22,22,6.76868468212109,,1.9867642652363235,5.311122889965684,20.887614197399035,0.04787526189202221,124.56627655029297,True,SolutionResult.kSolutionFound,1,124.553579266,0.18821943331815147,0.6279820949904814,1.073465910999778,3.931454907602621,1.0,1.0,0.0,0.0,,1.666029032936849,1.001259447644365,1.2208949701663319,1.2165213725729547,0.9425288640897245,0.4325,0.5237571897325831,0.05,0.8838371468958716,0.225,acceleration,266.07661096924784,61.32783402132743,22337.047244695306,51.2727437153362,24.928972137545994
top,bottom,0,parameterized,notebook,snopt,all,True,0.0,0.3,1583784411,True,0.26802873611450195,32,0.8249781131744385,22,22,7.271339436745227,,3.092167645723201,10.31060325478944,36.988688407178756,0.3233977308387878,2.0692684650421143,True,SolutionResult.kSolutionFound,1,2.061618525,0.3199554794921482,0.9893559817574725,4.055448913274463,15.3856285434388,1.0,1.0,0.0,0.0,,3.568060128156282,1.0030488911415898,1.000355196235708,1.070679291083005,0.9999960317967339,0.5825,0.33845782933224144,0.08,0.6997355085699466,0.145,torque,395.18104718650295,129.0659807160932,36546.10048901067,77.45715654441064,29.211531863328933
top,bottom,0,cspace,notebook,snopt,all,True,0.0,0.3,1583784411,True,0.26802873611450195,32,0.8249781131744385,22,22,7.271339436745227,,3.092167645723201,10.31060325478944,36.988688407178756,0.09698753557756032,4.412475347518921,True,SolutionResult.kSolutionFound,1,4.404349615,0.2216282560251115,1.2753102966740006,2.285121017925822,9.067829554001664,1.0,1.0,0.0,0.0,,2.428217472136863,1.0008284292817327,1.0010989850155902,1.3230675746333913,0.8413581580722205,0.3525,0.6171965102026498,0.0375,0.9255121759967105,0.25,torque,348.79854254439874,104.19894825222845,30792.473491887577,64.75224439664429,26.13637790782092
top,bottom,0,kinetic,notebook,snopt,all,True,0.0,0.3,1583784411,True,0.26802873611450195,32,0.8249781131744385,22,22,7.271339436745227,,3.092167645723201,10.31060325478944,36.988688407178756,0.027035292222092423,3.4323298931121826,True,SolutionResult.kSolutionFound,1,3.424529883,0.23309949721341489,1.3715218486499037,2.458295912891184,8.622044670297038,1.0,1.0,0.0,0.0,,2.3176863338340916,1.0009730468519291,1.098379742731138,1.0869005385199502,0.8482912223159675,0.28,0.582970383174474,0.05,0.9408701116502788,0.3225,acceleration,360.31343949955465,109.4130938618458,29377.749216937285,64.02102058787253,28.61508761090741
top,bottom,0,parameterized,tight,snopt,all,True,0.0,0.3,1583784411,True,0.26802873611450195,32,0.8249781131744385,22,22,7.271339436745227,,3.092167645723201,10.31060325478944,36.988688407178756,0.3233977308387878,24.47632336616516,True,SolutionResult.kSolutionFound,3,24.467609169,0.11599075729765362,0.35866286691874427,2.626225229879736,10.759825343988792,0.994,0.994,0.0,4.227996326555683e-05,,3.3159681498936284,1.0031468109519637,1.31980751612489,0.9885320621017726,0.9999932747570176,0.7125,0.19327239666869106,0.155,0.712126381036835,0.0,acceleration,300.4506480327426,79.58781593917618,30499.66337480713,62.91791637943629,21.6824202580257
top,bottom,0,cspace,tight,snopt,all,True,0.0,0.3,1583784411,True,0.26802873611450195,32,0.8249781131744385,22,22,7.271339436745227,,3.092167645723201,10.31060325478944,36.988688407178756,0.09698753557756032,223.19653868675232,True,SolutionResult.kSolutionFound,3,223.188138983,0.09633095154400764,0.5259431110847576,0.9932302225266085,4.204175570718418,1.0,1.0,0.0,0.0,,1.8948372672707994,1.00116889674092,1.2704097326360093,1.0019237561919678,0.9996814045959002,0.53,0.3487867767349285,0.115,0.7606027730236837,0.1025,acceleration,251.3178178237513,54.19465741354493,24404.106930506176,48.39806715868838,20.48299623067633
top,bottom,0,kinetic,tight,snopt,all,True,0.0,0.3,1583784411,True,0.26802873611450195,32,0.8249781131744385,22,22,7.271339436745227,,3.092167645723201,10.31060325478944,36.988688407178756,0.027035292222092423,114.78849244117737,True,SolutionResult.kSolutionFound,1,114.780067832,0.10305894449458143,0.6019966091277554,1.0337645834358755,3.812015185482804,1.0,1.0,0.0,0.0,,1.6422912424402856,1.0009666104579162,1.2419651153612372,1.2212187199395481,0.9700793270739356,0.4725,0.46865607179057156,0.0875,0.8545866717092306,0.1825,acceleration,261.6623576391265,60.01925549705798,21886.769277512787,51.50026509154495,24.16001771488217
top,middle,7,parameterized,notebook,snopt,all,True,0.0,0.3,90339489,True,0.3279240131378174,39,0.7489023208618164,15,15,4.212981657166929,,2.130651607901498,4.759477614490596,16.23728781799023,0.4693399879602611,5.902761459350586,True,SolutionResult.kSolutionFound,1,5.894778969,0.17840459563411382,0.380118038544838,2.3369665302362583,9.390229577886183,1.0,1.0,0.0,0.0,,2.688785511813622,1.0009325000641462,1.1809530696848107,0.9971961706940161,0.9999925126018651,0.7375,0.16491266533991067,0.1325,0.704899487789959,0.015,acceleration,215.9917603506043,72.76666755512372,25388.838965371644,47.730370903434036,15.30267184819468
top,middle,7,cspace,notebook,snopt,all,True,0.0,0.3,90339489,True,0.3279240131378174,39,0.7489023208618164,15,15,4.212981657166929,,2.130651607901498,4.759477614490596,16.23728781799023,0.2101070917857504,11.439781665802002,True,SolutionResult.kSolutionFound,1,11.425732859,0.2354552456253376,0.5854453193049798,1.1206439707681792,4.241542143889853,1.0,1.0,0.0,0.0,,1.5519141065551527,1.0005841503569344,1.1446450632415872,0.9957587676753937,0.9998391666809673,0.5225,0.4130454255476116,0.195,0.7807552659019714,0.09,acceleration,198.3987762151531,63.893010437502035,21049.43013793212,40.21018896512247,22.473910259574076
top,middle,7,kinetic,notebook,snopt,all,True,0.0,0.3,90339489,True,0.3279240131378174,39,0.7489023208618164,15,15,4.212981657166929,,2.130651607901498,4.759477614490596,16.23728781799023,0.061586640035538584,5.970867872238159,True,SolutionResult.kSolutionFound,1,5.962030569,0.3211739979793995,1.0978011281049904,1.7708841232953332,5.214994644846121,1.0,1.0,0.0,0.0,,1.5642205943217928,1.0003194155224817,1.223026706339892,1.068410627302164,0.9997732170828663,0.525,0.766585203145373,0.1775,0.8295984969738913,0.1275,acceleration,234.73279086718236,83.2582100010562,22052.53556011341,47.93409670472267,26.72274319604633
top,middle,7,parameterized,tight,snopt,all,True,0.0,0.3,90339489,True,0.3279240131378174,39,0.7489023208618164,15,15,4.212981657166929,,2.130651607901498,4.759477614490596,16.23728781799023,0.4693399879602611,9.379714250564575,True,SolutionResult.kSolutionFound,1,9.370829213,0.17805946935078032,0.3793826946743267,2.2805408807798453,9.15881091268797,1.0,1.0,0.0,2.4706086844350494e-05,,2.6519631674133675,1.0011741153892724,1.189539078411013,0.9998313745069114,0.9999980034525255,0.7375,0.1586729370715349,0.135,0.7058877763504297,0.02,acceleration,214.69573040974674,72.53318616259985,25029.47199132403,47.397697910331544,15.487048301464643
top,middle,7,cspace,tight,snopt,all,True,0.0,0.3,90339489,True,0.3279240131378174,39,0.7489023208618164,15,15,4.212981657166929,,2.130651607901498,4.759477614490596,16.23728781799023,0.2101070917857504,68.94066834449768,False,SolutionResult.kSolverSpecificError,41,68.931612076,0.21888799988193502,0.5241192779109177,1.0417925355186899,3.9210218111989534,1.0,1.0,0.0,0.0,,1.5024174350435289,1.0005708490943408,1.180408358773885,1.0043576413338802,0.992445275598536,0.5025,0.48911901224281895,0.23,0.7144649254956368,0.0825,acceleration,201.43533561029665,65.17953978110648,19758.875160528845,38.467428182720454,22.636663326526335
top,middle,7,kinetic,tight,snopt,all,True,0.0,0.3,90339489,True,0.3279240131378174,39,0.7489023208618164,15,15,4.212981657166929,,2.130651607901498,4.759477614490596,16.23728781799023,0.061586640035538584,26.466634035110474,True,SolutionResult.kSolutionFound,3,26.457742977,0.2386383899281928,0.6097966022256557,1.1080430936095476,3.874840221685848,1.0,1.0,0.0,0.0,,1.427318301354439,1.0005493894190576,1.0828540299949694,1.1594121739796295,0.9998530236010671,0.535,0.37019552410206935,0.1925,0.8082368850134272,0.07,torque,210.795043324237,70.30571413887495,19829.564900844547,40.65078234705516,26.626799997722998
top,bottom,3,parameterized,notebook,snopt,all,True,0.0,0.3,1198518369,True,0.7145988941192627,38,1.1513376235961914,17,17,5.406855599846019,,3.718275578636857,8.287659469642357,25.7117773617593,0.2689418734171947,4.767103910446167,True,SolutionResult.kSolutionFound,1,4.759319746,0.1519465106637476,0.5649789998600979,4.1492569492917895,16.586157276429507,0.998,0.998,0.0,0.0,,3.5659095819919844,1.0020598249197592,1.30733008774783,1.0003917789631747,1.0000013190342703,0.74,0.20177824732320826,0.135,0.6931585006046421,0.045,acceleration,312.68998340020266,85.95793002481065,31111.069746606696,66.4175599683999,20.784305172455802
top,bottom,3,cspace,notebook,snopt,all,True,0.0,0.3,1198518369,True,0.7145988941192627,38,1.1513376235961914,17,17,5.406855599846019,,3.718275578636857,8.287659469642357,25.7117773617593,0.12066132828731604,3.457070827484131,True,SolutionResult.kSolutionFound,1,3.448584469,0.3390067539781392,1.6042714735217145,2.809572534879642,8.538581308908263,1.0,1.0,0.0,0.0,,2.097994269250782,1.001570654071791,0.9999855519028285,1.069863421184693,0.9069428909490871,0.375,0.4875407850565413,0.0525,0.924568496107155,0.235,torque,323.48014188580225,91.9799149052481,25455.88630144702,65.90754840687534,27.522398101305285
top,bottom,3,kinetic,notebook,snopt,all,True,0.0,0.3,1198518369,True,0.7145988941192627,38,1.1513376235961914,17,17,5.406855599846019,,3.718275578636857,8.287659469642357,25.7117773617593,0.03889268275507408,7.150746583938599,True,SolutionResult.kSolutionFound,1,7.142686384,0.27416471566307904,1.3845263019884806,2.3693179571136707,7.049262129579132,1.0,1.0,0.0,0.0,,1.9785270721410266,1.0001685036023513,0.9822495633028068,1.2008216061768502,0.8501778152348574,0.3175,0.4577534379618303,0.0,0.9282959134345865,0.2775,torque,317.9658676364012,89.32413340042689,23521.87757828252,61.9581593824789,28.13961556194384
top,bottom,3,parameterized,tight,snopt,all,True,0.0,0.3,1198518369,True,0.7145988941192627,38,1.1513376235961914,17,17,5.406855599846019,,3.718275578636857,8.287659469642357,25.7117773617593,0.2689418734171947,11.357221841812134,True,SolutionResult.kSolutionFound,1,11.348029041,0.12702606793579,0.472317926255914,3.4294185927353253,14.03469989418991,0.998,0.998,0.0,1.5041532979598315e-05,,3.293559153605481,1.0019556032644354,1.2336888425478558,0.9935488059145925,0.9999990899308633,0.72,0.18384631233939935,0.14,0.7103271282716168,0.0175,acceleration,300.4281131436751,78.97722952201481,30187.322241791695,62.36526928273309,22.627105302167838
top,bottom,3,cspace,tight,snopt,all,True,0.0,0.3,1198518369,True,0.7145988941192627,38,1.1513376235961914,17,17,5.406855599846019,,3.718275578636857,8.287659469642357,25.7117773617593,0.12066132828731604,271.47851490974426,True,SolutionResult.kSolutionFound,3,271.463698458,0.15995695570972304,0.6968699124506756,1.325668778722849,5.469699554293888,1.0,1.0,0.0,0.0,,1.806634209440753,1.0007940588864968,1.1895994191044743,1.0039823410911957,0.9998748099657988,0.5675,0.3232204167182423,0.0925,0.7573082965249491,0.105,acceleration,251.94566990825098,54.85791020004895,23166.8876889518,49.80831319742105,21.450205854425846
top,bottom,3,kinetic,tight,snopt,all,True,0.0,0.3,1198518369,True,0.7145988941192627,38,1.1513376235961914,17,17,5.406855599846019,,3.718275578636857,8.287659469642357,25.7117773617593,0.03889268275507408,40.815104484558105,True,SolutionResult.kSolutionFound,1,40.807616661,0.19666617357332428,0.7798186354400015,1.378236155878477,5.056636869506424,1.0,1.0,0.0,0.0,,1.611489681350771,1.0008592478612044,0.9999791056939342,1.086008260015282,0.9998808403284032,0.56,0.5652752937095188,0.02,0.8095826513985905,0.21,torque,264.9086568603118,61.36758798465958,20971.706970728374,52.96560461748686,29.289831919572112
top,bottom,6,parameterized,notebook,snopt,all,True,0.0,0.3,923075822,True,0.8117687702178955,48,1.6134991645812988,27,27,8.182590967173216,,2.5055994703691575,5.348530291779243,17.346476223371422,0.39910608691686345,3.5693466663360596,True,SolutionResult.kSolutionFound,1,3.559188909,0.568469076962612,1.4243558181587668,2.9177308540899305,9.479252001633627,0.998,0.998,0.0,0.0,,2.860184905812236,1.001561902023015,1.0255880108754767,1.0955733090142317,0.999688727783177,0.5625,0.40691577498941445,0.0525,0.8228641280361736,0.16,torque,391.06702065499684,127.39366419854323,32021.363517758804,81.97705729450888,30.879803600641438
top,bottom,6,cspace,notebook,snopt,all,True,0.0,0.3,923075822,True,0.8117687702178955,48,1.6134991645812988,27,27,8.182590967173216,,2.5055994703691575,5.348530291779243,17.346476223371422,0.1869672499634175,3.9229836463928223,True,SolutionResult.kSolutionFound,1,3.914969595,0.4971306124237458,1.5364590609978468,2.6589181395191703,8.283932382498637,1.0,1.0,0.0,0.0,,2.7882521431099043,1.000909423093056,1.018665340095856,1.2300080830190059,0.7010701656616214,0.2325,0.47144837438185994,0.0075,0.9481934794917706,0.295,torque,374.40495307189576,119.63212034529263,32724.7736596575,72.23331134416773,25.496567255380484
top,bottom,6,kinetic,notebook,snopt,all,True,0.0,0.3,923075822,True,0.8117687702178955,48,1.6134991645812988,27,27,8.182590967173216,,2.5055994703691575,5.348530291779243,17.346476223371422,0.05764859601010321,8.710367441177368,True,SolutionResult.kSolutionFound,1,8.701976986,0.35893040312475893,1.2925961963916477,2.1586779027106333,6.2261777036487524,1.0,1.0,0.0,0.0,,2.364392382102839,1.000402305701319,1.021516915800153,1.2321852003353493,0.741922574690663,0.315,0.46249893023759403,0.0025,0.9411212239823141,0.3175,torque,351.56459285449813,106.86981042214458,29393.624938071334,68.15404817472242,24.809471944721498
top,bottom,6,parameterized,tight,snopt,all,True,0.0,0.3,923075822,True,0.8117687702178955,48,1.6134991645812988,27,27,8.182590967173216,,2.5055994703691575,5.348530291779243,17.346476223371422,0.39910608691686345,18.889047384262085,True,SolutionResult.kSolutionFound,1,18.880994392,0.11464710052414125,0.2872597143526454,2.034058200051889,8.321444076863488,0.998,0.998,0.0,4.4679927845514555e-05,,3.284828870997138,1.0046524295585524,1.4140368924471618,0.9968916245309827,0.9999944640808757,0.71,0.20013036953827731,0.1475,0.7130216904578989,0.0175,acceleration,300.2967171380214,79.04175815303287,30347.300480214522,62.54467450690527,22.08891198468587
top,bottom,6,cspace,tight,snopt,all,True,0.0,0.3,923075822,True,0.8117687702178955,48,1.6134991645812988,27,27,8.182590967173216,,2.5055994703691575,5.348530291779243,17.346476223371422,0.1869672499634175,150.03819346427917,False,SolutionResult.kSolverSpecificError,41,150.025004546,0.14819079440997834,0.41836202146723955,0.7926029528645991,3.350379660145378,1.0,1.0,0.0,0.0,,1.897542175739461,1.0005710481017318,1.3606672854874775,1.0034472085707744,0.9991975518847129,0.5175,0.3573615135949626,0.1025,0.7631122090299085,0.1325,acceleration,252.33927290955089,54.58286589052747,24538.967843256116,48.183818260482724,20.436840736718768
top,bottom,6,kinetic,tight,snopt,all,True,0.0,0.3,923075822,True,0.8117687702178955,48,1.6134991645812988,27,27,8.182590967173216,,2.5055994703691575,5.348530291779243,17.346476223371422,0.05764859601010321,170.99333715438843,True,SolutionResult.kSolutionFound,1,170.985024801,0.17763062406483582,0.4891383753295747,0.8382175283544009,3.081265396883301,1.0,1.0,0.0,0.0,,1.6882182696332049,1.000245670415142,1.330931466470915,1.2999410397292845,0.9110340378455504,0.4275,0.5206971532713338,0.0725,0.8531368120296355,0.1925,acceleration,263.5006742701518,60.52890473946367,22601.43418155713,50.05213133208645,24.356338792017333
top,middle,5,parameterized,notebook,snopt,all,True,0.0,0.3,1802246541,True,0.3908414840698242,35,1.13273024559021,17,17,5.08058674674162,,2.1597148155334946,5.819530463190786,25.95306126320613,0.46302409596286404,1.7772407531738281,True,SolutionResult.kSolutionFound,1,1.769357263,0.34947010078023266,0.7547557542410487,2.674626832561919,11.518747865517373,1.0,1.0,0.0,0.0,,2.769710190019632,1.0030414700740078,1.0091466057329168,0.9996011206842664,0.9999892092396492,0.675,0.1928149934711962,0.1275,0.7840466807422473,0.08,acceleration,241.4343091867523,86.69551229966521,31622.649074039797,60.344737570012406,17.571252012444354
top,middle,5,cspace,notebook,snopt,all,True,0.0,0.3,1802246541,True,0.3908414840698242,35,1.13273024559021,17,17,5.08058674674162,,2.1597148155334946,5.819530463190786,25.95306126320613,0.17183516888950365,7.710190773010254,True,SolutionResult.kSolutionFound,1,7.702208032,0.2558100887952775,0.9022422659368523,1.4886946045356577,6.539738160901955,0.996,0.996,0.0,0.0,,2.1419581911349446,1.0003636944315442,1.1616940036222214,0.9993295188467936,0.9713709909885608,0.48,0.2690121355271261,0.0925,0.8068349600377887,0.2475,acceleration,215.46023323794782,72.88777765636479,30616.182358581562,50.20124021446313,19.73716623544693
top,middle,5,kinetic,notebook,snopt,all,True,0.0,0.3,1802246541,True,0.3908414840698242,35,1.13273024559021,17,17,5.08058674674162,,2.1597148155334946,5.819530463190786,25.95306126320613,0.03853110004474533,10.109424114227295,True,SolutionResult.kSolutionFound,1,10.102056922,0.24311402190089532,0.9337993203193077,1.5191127774420115,6.309553104338373,0.996,0.996,0.0,0.0,,2.131933429012006,1.0005845453227882,1.190228909159399,0.9991173882665249,0.9993926386164378,0.52,0.2642814526548846,0.115,0.8028918497883786,0.185,acceleration,220.25950593553677,75.4536794669012,30713.782613660933,49.93887605756267,22.16021663971723
top,middle,5,parameterized,tight,snopt,all,True,0.0,0.3,1802246541,True,0.3908414840698242,35,1.13273024559021,17,17,5.08058674674162,,2.1597148155334946,5.819530463190786,25.95306126320613,0.46302409596286404,7.418488502502441,True,SolutionResult.kSolutionFound,1,7.410606815,0.15408604016032462,0.33278190380114003,2.003878695782663,8.077957020859333,0.998,0.998,0.0,3.5961014888119536e-05,,2.682133280241324,1.001609196519302,1.2209499929882142,0.9963818445722084,0.9999975841032395,0.7225,0.15557221010509917,0.1275,0.7067383458311813,0.01,acceleration,216.5446946487155,73.10401997443522,25327.940839997922,47.627123277575016,14.85109276568447
top,middle,5,cspace,tight,snopt,all,True,0.0,0.3,1802246541,True,0.3908414840698242,35,1.13273024559021,17,17,5.08058674674162,,2.1597148155334946,5.819530463190786,25.95306126320613,0.17183516888950365,100.7201817035675,False,SolutionResult.kSolverSpecificError,41,100.710819223,0.15444882909073535,0.4563117504161134,0.8988196658976823,3.4006165544368803,1.0,1.0,0.0,0.0,,1.5058815650472341,1.000616742208877,1.209618354409467,1.0026287316890483,0.9715723140183794,0.49,0.4996288600001717,0.175,0.723924204704826,0.075,acceleration,199.5844984045374,64.49980242566072,19755.07726318409,38.16742806963444,21.255943980778166
top,middle,5,kinetic,tight,snopt,all,True,0.0,0.3,1802246541,True,0.3908414840698242,35,1.13273024559021,17,17,5.08058674674162,,2.1597148155334946,5.819530463190786,25.95306126320613,0.03853110004474533,75.26240420341492,True,SolutionResult.kSolutionFound,1,75.257476662,0.12940458920340903,0.5183098118000107,0.9479993179958008,3.3584452313360975,1.0,1.0,0.0,0.0,,1.4286745746715668,1.0006236104207078,1.1821617814345775,1.1490116353408337,0.9998143473684087,0.53,0.36916247234227195,0.155,0.7604853267463635,0.125,acceleration,206.36587880168676,68.00448253692534,20022.84958083387,40.31545969199341,25.428323286325245
top,middle,2,parameterized,notebook,snopt,all,True,0.0,0.3,1963494446,True,0.12678003311157227,25,0.6382918357849121,22,22,5.930806278223299,,1.300668746516617,4.851355941082392,18.091886661603493,0.7688352646883749,2.090579032897949,True,SolutionResult.kSolutionFound,1,2.08201988,0.43033227090457643,0.5597197353831027,1.7504886921727294,6.514577110276086,1.0,1.0,0.0,0.0,,2.4903512404571866,1.0030297384783595,1.2814040661752795,1.0871567584826118,0.9999352292932862,0.6425,0.25381927292024753,0.185,0.7356178915961824,0.035,acceleration,229.6987192967172,80.36247131445151,28134.969055467544,48.282680083324095,17.44648167999034
top,middle,2,cspace,notebook,snopt,all,True,0.0,0.3,1963494446,True,0.12678003311157227,25,0.6382918357849121,22,22,5.930806278223299,,1.300668746516617,4.851355941082392,18.091886661603493,0.20612793869272117,5.400819301605225,True,SolutionResult.kSolutionFound,1,5.392845442,0.21614781246035478,0.6097679669805877,1.048609974131505,3.4932743461632194,0.998,0.998,0.0,0.0,,1.711745910971303,1.001321054881649,1.0006662425676818,1.2185828432527794,0.8095108542252196,0.3175,0.5707879563850566,0.13,0.8133999486380313,0.21,torque,231.12600254086436,80.12730454979328,22618.046312968654,41.166861996388505,21.44579587338056
top,middle,2,kinetic,notebook,snopt,all,True,0.0,0.3,1963494446,True,0.12678003311157227,25,0.6382918357849121,22,22,5.930806278223299,,1.300668746516617,4.851355941082392,18.091886661603493,0.05527339512480505,5.9772984981536865,True,SolutionResult.kSolutionFound,1,5.969464787,0.2059025565593379,0.7197226134668374,1.1941632190784837,3.725165716605943,1.0,1.0,0.0,0.0,,1.757884137848023,1.0002582969201723,1.1376131911112524,1.2738119236733274,0.8018623195531008,0.255,0.794902054579925,0.1275,0.8750439866236317,0.1925,torque,246.345085930985,88.69277455890324,22809.458336185002,42.83280785909722,23.41475384106893
top,middle,2,parameterized,tight,snopt,all,True,0.0,0.3,1963494446,True,0.12678003311157227,25,0.6382918357849121,22,22,5.930806278223299,,1.300668746516617,4.851355941082392,18.091886661603493,0.7688352646883749,12.593391180038452,True,SolutionResult.kSolutionFound,1,12.578451268,0.1939881845965702,0.2523143688982542,1.6118599470669692,6.481870758849093,1.0,1.0,0.0,5.052780755310238e-05,,2.774038398956887,1.0027014375969499,1.3016192456796876,0.9896145234826038,0.9999986473838753,0.7625,0.15395506418788837,0.11,0.7015581225897665,0.0,acceleration,216.5656108951606,73.60762345243371,25765.832547592905,48.08484007069758,13.993667043626278
top,middle,2,cspace,tight,snopt,all,True,0.0,0.3,1963494446,True,0.12678003311157227,25,0.6382918357849121,22,22,5.930806278223299,,1.300668746516617,4.851355941082392,18.091886661603493,0.20612793869272117,51.461633920669556,True,SolutionResult.kSolutionFound,3,51.453484513,0.14867872318941533,0.3689709667535146,0.7212934070575147,2.688947816058138,1.0,1.0,0.0,0.0,,1.525770912843938,1.0006481813546917,1.3009297747799349,1.0620716112508077,0.8980891297260175,0.4525,0.583654069581331,0.19,0.7434574897166403,0.0975,acceleration,212.70845617650386,70.9388012601977,20773.74695289715,38.80267802582633,25.796476939887025
top,middle,2,kinetic,tight,snopt,all,True,0.0,0.3,1963494446,True,0.12678003311157227,25,0.6382918357849121,22,22,5.930806278223299,,1.300668746516617,4.851355941082392,18.091886661603493,0.05527339512480505,205.49019169807434,True,SolutionResult.kSolutionFound,1,205.481262471,0.1402678816393693,0.3934160966493727,0.7472182657699555,2.5377106168826833,1.0,1.0,0.0,0.0,,1.4730928370512713,1.000358811917558,1.0002910097130555,1.1021028436761806,0.860899666506259,0.4,0.6730582126363702,0.18,0.7095505337069627,0.125,torque,222.78175106376813,76.66032699600066,18200.709965069007,38.25647956802557,29.3537188508167
top,middle,6,parameterized,notebook,snopt,all,True,0.0,0.3,1919240247,True,0.18221044540405273,43,0.8425817489624023,17,17,5.553259209211005,,2.0886484964569005,13.175604870664106,50.44834235186612,0.47877850279564027,2.9378435611724854,True,SolutionResult.kSolutionFound,1,2.930392064,0.4091169529646896,0.8545015086847291,6.149018117507602,21.671750925188267,1.0,1.0,0.0,0.0,,3.4866526066206385,1.0082733742430672,1.0016700666309972,1.0000000000000002,1.0000892125110292,0.7875,0.22505889155772513,0.0325,0.7490270486468805,0.015,velocity,265.3587007567551,99.54873926571719,31943.81260140577,66.55178197287935,15.459272708085702
top,middle,6,cspace,notebook,snopt,all,True,0.0,0.3,1919240247,True,0.18221044540405273,43,0.8425817489624023,17,17,5.553259209211005,,2.0886484964569005,13.175604870664106,50.44834235186612,0.07589784376628743,6.921196937561035,True,SolutionResult.kSolutionFound,1,6.910536122,0.21024814494639366,0.9715250308492205,2.7701464826037983,10.050586001060557,0.998,0.998,0.0,0.0,,2.4297764744615957,1.0021390648056876,1.0004907458200951,1.4209261377938052,0.9999254413479665,0.6175,0.4150122217279627,0.045,0.8171486395561138,0.1875,torque,257.7511314627324,95.09061928277558,27475.087306505906,57.631325377774886,25.976325237318274
top,middle,6,kinetic,notebook,snopt,all,True,0.0,0.3,1919240247,True,0.18221044540405273,43,0.8425817489624023,17,17,5.553259209211005,,2.0886484964569005,13.175604870664106,50.44834235186612,0.019822256854848064,8.765995025634766,True,SolutionResult.kSolutionFound,1,8.754985255,0.1360520848793251,0.936354847000677,2.007250625297442,6.863602155677342,0.996,0.996,0.0,0.0,,1.9942355139236452,1.0006686322302998,1.0035074440801455,1.3347232182102984,0.8264085628208019,0.3475,0.5242787612372062,0.08,0.9459294436011272,0.3125,torque,250.3174708730222,91.3758715195422,26380.197164185665,48.976864532755606,21.83831223597802
top,middle,6,parameterized,tight,snopt,all,True,0.0,0.3,1919240247,True,0.18221044540405273,43,0.8425817489624023,17,17,5.553259209211005,,2.0886484964569005,13.175604870664106,50.44834235186612,0.47877850279564027,11.31644058227539,True,SolutionResult.kSolutionFound,1,11.30785054,0.1575941317875443,0.32915874640848575,1.7408695815051114,6.8012010148181705,0.998,0.998,0.0,8.256456178301619e-06,,2.353994600537713,1.0014705436212379,1.231151070546117,1.0331987435756969,1.0000008413030268,0.705,0.17789916922576182,0.125,0.6959778009570008,0.02,acceleration,208.46042041962315,69.08067160388677,22833.028308564644,45.33288234460544,19.13250872049994
top,middle,6,cspace,tight,snopt,all,True,0.0,0.3,1919240247,True,0.18221044540405273,43,0.8425817489624023,17,17,5.553259209211005,,2.0886484964569005,13.175604870664106,50.44834235186612,0.07589784376628743,107.08368515968323,True,SolutionResult.kSolutionFound,1,107.076104313,0.06620956486919505,0.4503253330078699,0.8723510653751172,3.1243598757923245,1.0,1.0,0.0,0.0,,1.4457406830866733,1.0003475426392527,1.1939063553738247,1.0011316091835225,0.9978100039329452,0.5125,0.5887339211580631,0.21,0.7219560234459024,0.035,acceleration,189.28168640658282,59.25708522153842,17497.150679837152,36.80036758286937,18.889909727136853
top,middle,6,kinetic,tight,snopt,all,True,0.0,0.3,1919240247,True,0.18221044540405273,43,0.8425817489624023,17,17,5.553259209211005,,2.0886484964569005,13.175604870664106,50.44834235186612,0.019822256854848064,100.5498378276825,True,SolutionResult.kSolutionFound,3,100.542916636,0.05961306747206789,0.45916810542999426,0.8799518664476109,3.007380436475776,1.0,1.0,0.0,0.0,,1.4256969136838005,1.0002287232681162,1.1795111448544644,1.0838776191048003,0.9999005986096755,0.5625,0.40472051716420093,0.2,0.7099904560401425,0.045,acceleration,191.82728624777093,60.8753017163883,16570.56853021231,35.88296809803917,19.48706203965176
top,middle,4,parameterized,notebook,snopt,all,True,0.0,0.3,476784923,True,0.19949054718017578,29,0.7168405055999756,20,20,4.784366369949497,,1.215939180968611,2.3120876107319583,6.824307100334433,0.82240955440173,4.850256443023682,True,SolutionResult.kSolutionFound,1,4.84260445,0.24217789243006296,0.29447358817011726,1.8131419406460412,6.988179046713176,1.0,1.0,0.0,0.0,,2.7194490204080606,1.002628808401551,1.3055305500012782,0.99640732835595,0.999989840571123,0.755,0.19943205839970285,0.115,0.7083102429360533,0.0025,acceleration,227.86764234684554,79.04838076161167,25226.640933455976,47.96297892856843,15.065850888506622
top,middle,4,cspace,notebook,snopt,all,True,0.0,0.3,476784923,True,0.19949054718017578,29,0.7168405055999756,20,20,4.784366369949497,,1.215939180968611,2.3120876107319583,6.824307100334433,0.43250956207642194,6.511309862136841,True,SolutionResult.kSolutionFound,1,6.503363792,0.45458913647192906,0.5517113766647287,1.0510499104100866,3.3527595107709676,0.998,0.998,0.0,0.0,,1.5975746060751015,1.0001536992758988,1.0481952620402484,1.0562705034280513,0.8726906148888964,0.425,0.5873514744722181,0.115,0.823212276840502,0.215,torque,244.48386845902556,88.14011690820261,20209.368619653134,43.00006219984019,25.023913717926828
top,middle,4,kinetic,notebook,snopt,all,True,0.0,0.3,476784923,True,0.19949054718017578,29,0.7168405055999756,20,20,4.784366369949497,,1.215939180968611,2.3120876107319583,6.824307100334433,0.14653502330676088,13.600155591964722,True,SolutionResult.kSolutionFound,1,13.592599306,0.4540241031210564,0.530959285526605,0.9895031657144984,3.0983999106519997,0.998,0.998,0.0,0.0,,1.5579500192378608,1.0002182736481553,1.0000584086473394,1.087846095277081,0.9290833237206697,0.4675,0.5604165138160158,0.0625,0.8223715055543798,0.185,torque,232.40394467854028,81.9074593368405,19359.45394196143,41.029547269853346,27.354003874184805
top,middle,4,parameterized,tight,snopt,all,True,0.0,0.3,476784923,True,0.19949054718017578,29,0.7168405055999756,20,20,4.784366369949497,,1.215939180968611,2.3120876107319583,6.824307100334433,0.82240955440173,10.613790512084961,True,SolutionResult.kSolutionFound,1,10.605794334,0.2295478811563026,0.27911626260627787,1.7754993551680844,7.150592929722385,1.0,1.0,0.0,3.091258381937578e-05,,2.77240642756953,1.0021692884734377,1.2681779334563021,0.9966415767296214,0.9999992511239878,0.7375,0.15215369890707992,0.11,0.6998878160837461,0.0275,acceleration,217.82426050760216,73.84807992872092,25860.499538750213,48.07241839901508,14.472622712188157
top,middle,4,cspace,tight,snopt,all,True,0.0,0.3,476784923,True,0.19949054718017578,29,0.7168405055999756,20,20,4.784366369949497,,1.215939180968611,2.3120876107319583,6.824307100334433,0.43250956207642194,109.21002125740051,True,SolutionResult.kSolutionFound,3,109.200347105,0.3300935479792551,0.3907690947248392,0.7632052026653912,2.8394452707003666,1.0,1.0,0.0,0.0,,1.506772889308724,1.0005949636482268,1.264246682297916,1.0038504826799786,0.9323893407749464,0.47,0.49312991824064445,0.18,0.7254356152111463,0.055,acceleration,202.79035712711772,66.04150859432471,19914.440641050478,37.97200993420594,23.59369686364193
top,middle,4,kinetic,tight,snopt,all,True,0.0,0.3,476784923,True,0.19949054718017578,29,0.7168405055999756,20,20,4.784366369949497,,1.215939180968611,2.3120876107319583,6.824307100334433,0.14653502330676088,135.21425676345825,True,SolutionResult.kSolutionFound,1,135.209583824,0.39459168797087346,0.4143391671588492,0.791182211696916,2.6928148579525804,1.0,1.0,0.0,0.0,,1.4456591237347662,1.0004600256214153,1.00025579852814,1.0927935257866688,0.9406986254790402,0.4475,0.6665476213207444,0.1775,0.7043559817832665,0.08,torque,207.264384405608,68.74002824009946,17282.214421663357,37.66855377332162,23.898127282962403
top,middle,9,parameterized,notebook,snopt,all,True,0.0,0.3,1658475942,True,0.3531637191772461,31,1.5280673503875732,20,20,5.223810922040148,,2.464819229256543,4.007594845401985,12.682612589665313,0.40570926586840506,2.13191556930542,True,SolutionResult.kSolutionFound,1,2.124138881,0.42646101516522583,1.0511493107075136,2.031806952944153,7.083088693692251,1.0,1.0,0.0,0.0,,2.2656566241272627,1.0034916693252207,1.3882887565090711,1.022155246784137,0.9927821351347246,0.5175,0.7614047567197019,0.2275,0.7660968704245638,0.06,acceleration,299.4513176033181,115.91586104754941,28961.702734215487,55.55920529898837,24.345753770496998
top,middle,9,cspace,notebook,snopt,all,True,0.0,0.3,1658475942,True,0.3531637191772461,31,1.5280673503875732,20,20,5.223810922040148,,2.464819229256543,4.007594845401985,12.682612589665313,0.24952622173055375,17.521793842315674,True,SolutionResult.kSolutionFound,1,17.504195261,0.24639220717911733,0.59489106309344,0.9874401394382485,3.6686603596841216,1.0,1.0,0.0,0.0,,1.6575619679230817,1.0006521573737899,1.2192326227357602,0.9973683548536861,0.9836674488996708,0.4975,0.4925275664852681,0.175,0.7660442860466128,0.0925,acceleration,204.24826848665828,67.36404327348328,22655.582919863366,44.90514686293416,22.71824955947082
top,middle,9,kinetic,notebook,snopt,all,True,0.0,0.3,1658475942,True,0.3531637191772461,31,1.5280673503875732,20,20,5.223810922040148,,2.464819229256543,4.007594845401985,12.682612589665313,0.0788481074329173,38.51092457771301,True,SolutionResult.kSolutionFound,1,38.501188493,0.3005687868167364,0.7377586401987943,1.1864298530955284,3.8119974797423706,0.998,0.998,0.0,0.0,,1.6313298017930293,1.0004658367926644,1.2450965115718862,0.9947660240655501,0.9894543458236686,0.5,0.6321446566758984,0.2425,0.7699954103823712,0.01,acceleration,218.91893147786388,75.4416621977456,21517.081544994973,47.31887743185999,25.851339035653538
top,middle,9,parameterized,tight,snopt,all,True,0.0,0.3,1658475942,True,0.3531637191772461,31,1.5280673503875732,20,20,5.223810922040148,,2.464819229256543,4.007594845401985,12.682612589665313,0.40570926586840506,8.534948110580444,True,SolutionResult.kSolutionFound,1,8.529752968,0.11194897336936808,0.2759339822563485,1.4820486071214467,5.8801059670116835,0.998,0.998,0.0,4.1260835879963764e-05,,2.448411751468584,1.0017757264271572,1.2740933732870057,0.9966931348129746,0.9999967301630293,0.7025,0.16386411160117403,0.1425,0.7009317280294574,0.0325,acceleration,210.5545016131722,70.48341908545632,23552.735027964976,45.922651640675696,16.641863856999883
top,middle,9,cspace,tight,snopt,all,True,0.0,0.3,1658475942,True,0.3531637191772461,31,1.5280673503875732,20,20,5.223810922040148,,2.464819229256543,4.007594845401985,12.682612589665313,0.24952622173055375,131.26335096359253,True,SolutionResult.kSolutionFound,1,131.258272176,0.1835730120735585,0.379615958752712,0.7356862569409093,2.6492487283928514,0.998,0.998,0.0,0.0,,1.4591282009082658,1.0000825938031497,1.248459162535941,1.0137177598604155,0.9472428924954706,0.4775,0.5771619828727221,0.22,0.707634807371007,0.05,acceleration,193.7818560362723,61.65403137614973,18120.09502815667,36.936393235984326,18.312969456424664
top,middle,9,kinetic,tight,snopt,all,True,0.0,0.3,1658475942,True,0.3531637191772461,31,1.5280673503875732,20,20,5.223810922040148,,2.464819229256543,4.007594845401985,12.682612589665313,0.0788481074329173,75.28647804260254,True,SolutionResult.kSolutionFound,1,75.283404331,0.22180278733476827,0.44353865569430834,0.803422186128507,2.81303882307479,1.0,1.0,0.0,0.0,,1.4469279751597557,1.0002863824502943,1.0867148223503649,1.234164904229487,0.9884723670117866,0.4975,0.638082222967522,0.1775,0.7392933135349407,0.0775,torque,210.93668772207008,70.38049864313922,19755.184107207708,40.09931150820127,27.807892877112018
