start,goal,trial,metric,solver_setting,solver,toppra_limits,shortcut,payload_mass,torque_limit_scale,seed,rrt_success,rrt_time,rrt_waypoints,shortcut_time,shortcut_waypoints,num_control_points,shortcut_duration,shortcut_toppra_note,initial_parameterized,initial_cspace,initial_kinetic,cost_scale,solve_time,trajopt_success,solution_result,solver_exit_code,snopt_solve_time,final_cost,final_parameterized,final_cspace,final_kinetic,feasible_fraction,collision_free_fraction,worst_reachability_violation,worst_joint_limit_violation,toppra_note,duration,peak_velocity_utilization,peak_acceleration_utilization,peak_torque_utilization,binding_limit,mechanical_work,positive_work,thermal_integral,kinetic_energy_integral,peak_kinetic_energy
bottom,middle,0,parameterized,notebook,snopt,all,True,0.0,0.5,1178565597,True,0.5611705780029297,49,0.4971768856048584,17,17,5.342961467721656,,4.239167263994292,8.653506838271408,23.43304246023828,0.2358953864579915,8.557046890258789,False,SolutionResult.kIterationLimit,31,8.548701409,3023.9871130893066,12819.187176548794,13147.00710734559,41794.7244495297,0.006,0.036,12.540395440837745,0.9984390410238166,,109.79632828581153,11.032463481554469,31.162458468912302,18.246766297375377,acceleration,27345.60609851005,16626.17927296899,1760505.3413298957,4430.712497716578,528.3661498564217
bottom,middle,0,cspace,notebook,snopt,all,True,0.0,0.5,1178565597,True,0.5611705780029297,49,0.4971768856048584,17,17,5.342961467721656,,4.239167263994292,8.653506838271408,23.43304246023828,0.11556008664341175,10.025939226150513,False,SolutionResult.kIterationLimit,31,10.016820923,788.9925182608678,6826.934614089014,6827.552152115399,21753.821321375945,0.042,0.128,10.58524770846289,0.9576733601477163,,92.93683487085687,11.330859211911372,164.3045668357877,69.30333897135746,acceleration,55941.41057965893,11900.260869548483,17086640.360545136,3235.368666781116,551.3895275175317
bottom,middle,0,kinetic,notebook,snopt,all,True,0.0,0.5,1178565597,True,0.5611705780029297,49,0.4971768856048584,17,17,5.342961467721656,,4.239167263994292,8.653506838271408,23.43304246023828,0.042674782913777534,11.928035259246826,False,SolutionResult.kIterationLimit,31,11.922329621,1368.5333445011318,8393.535173333126,8735.10268896783,32068.899969946924,0.028,0.124,11.972531115833538,0.997696975898759,,136.49909776602738,29.587803860700465,1564.3972767962966,708.3584538222641,acceleration,1247580.9237246707,8028.376904575047,1861339380.0906224,6288.08243562219,3917.6814514418957
bottom,middle,0,parameterized,tight,snopt,all,True,0.0,0.5,1178565597,True,0.5611705780029297,49,0.4971768856048584,17,17,5.342961467721656,,4.239167263994292,8.653506838271408,23.43304246023828,0.2358953864579915,9.503849983215332,False,SolutionResult.kIterationLimit,31,9.492509077,3023.9871130893066,12819.187176548794,13147.00710734559,41794.7244495297,0.006,0.036,12.540395440837745,0.9984390410238166,,109.79632828581153,11.032463481554469,31.162458468912302,18.246766297375377,acceleration,27345.60609851005,16626.17927296899,1760505.3413298957,4430.712497716578,528.3661498564217
bottom,middle,0,cspace,tight,snopt,all,True,0.0,0.5,1178565597,True,0.5611705780029297,49,0.4971768856048584,17,17,5.342961467721656,,4.239167263994292,8.653506838271408,23.43304246023828,0.11556008664341175,11.394511699676514,False,SolutionResult.kIterationLimit,31,11.389356297,788.9925182608678,6826.934614089014,6827.552152115399,21753.821321375945,0.042,0.128,10.58524770846289,0.9576733601477163,,92.93683487085687,11.330859211911372,164.3045668357877,69.30333897135746,acceleration,55941.41057965893,11900.260869548483,17086640.360545136,3235.368666781116,551.3895275175317
bottom,middle,0,kinetic,tight,snopt,all,True,0.0,0.5,1178565597,True,0.5611705780029297,49,0.4971768856048584,17,17,5.342961467721656,,4.239167263994292,8.653506838271408,23.43304246023828,0.042674782913777534,11.718105554580688,False,SolutionResult.kIterationLimit,31,11.712657279,1368.5333445011318,8393.535173333126,8735.10268896783,32068.899969946924,0.028,0.124,11.972531115833538,0.997696975898759,,136.49909776602738,29.587803860700465,1564.3972767962966,708.3584538222641,acceleration,1247580.9237246707,8028.376904575047,1861339380.0906224,6288.08243562219,3917.6814514418957
bottom,top,1,parameterized,notebook,snopt,all,True,0.0,0.5,502992042,True,0.09829282760620117,27,0.38113880157470703,16,16,4.942076152851608,,1.8186302897418822,5.849342098841292,24.082646596949488,0.5498643708072902,0.7612390518188477,True,SolutionResult.kSolutionFound,1,0.753105591,0.45844366299970807,0.8337395316714866,2.758871639178584,11.325042684001332,1.0,1.0,0.0,0.0,,2.7195166286413865,1.0025019739142265,1.2041816954655138,0.6296114534197252,acceleration,284.6284960012903,220.60393080316504,27845.742178404595,55.603500686880054,17.557139119459748
bottom,top,1,cspace,notebook,snopt,all,True,0.0,0.5,502992042,True,0.09829282760620117,27,0.38113880157470703,16,16,4.942076152851608,,1.8186302897418822,5.849342098841292,24.082646596949488,0.17095939733087112,2.182548999786377,True,SolutionResult.kSolutionFound,1,2.175301559,0.2868537490235173,0.8999483614669079,1.6779057103737136,6.470777557316175,1.0,1.0,0.0,0.0,,1.8176177664924837,1.000704159994263,1.1413342594044456,0.8488660682672423,acceleration,263.7680905636084,209.636100199101,23388.961274411613,53.74548898154023,22.329855793383953
bottom,top,1,kinetic,notebook,snopt,all,True,0.0,0.5,502992042,True,0.09829282760620117,27,0.38113880157470703,16,16,4.942076152851608,,1.8186302897418822,5.849342098841292,24.082646596949488,0.0415236753973157,5.501806259155273,True,SolutionResult.kSolutionFound,1,5.493683047,0.24051780933254985,0.9269370764537115,1.5728897805143724,5.792305402428278,1.0,1.0,0.0,0.0,,1.6491569794727503,1.0008142389037722,1.0984195609935885,0.7775680423734098,acceleration,263.5274102677855,210.3293098496094,21782.29289203941,54.49849132648334,23.982956931445045
bottom,top,1,parameterized,tight,snopt,all,True,0.0,0.5,502992042,True,0.09829282760620117,27,0.38113880157470703,16,16,4.942076152851608,,1.8186302897418822,5.849342098841292,24.082646596949488,0.5498643708072902,7.353888511657715,True,SolutionResult.kSolutionFound,1,7.347292147,0.27651731568535826,0.5028827659435083,3.198922716761892,13.114167006059018,0.998,0.998,0.0,2.0970093100647347e-05,,3.1140878346223406,1.0016690959782164,1.2346618375469125,0.7041331025126841,acceleration,295.63732254785776,225.31761418814668,29012.3750543834,60.50505252735208,21.783914360848307
bottom,top,1,cspace,tight,snopt,all,True,0.0,0.5,502992042,True,0.09829282760620117,27,0.38113880157470703,16,16,4.942076152851608,,1.8186302897418822,5.849342098841292,24.082646596949488,0.17095939733087112,28.543859243392944,True,SolutionResult.kSolutionFound,1,28.53396079,0.23254548410609585,0.7274147177863192,1.3602380900772144,5.4289180961592995,1.0,1.0,0.0,0.0,,1.6881079909662906,1.0006905649848572,1.0897638870391821,0.7853397809529632,acceleration,259.2525750481407,207.41637670646242,21883.49677774586,50.97812751886496,24.96484518966031
bottom,top,1,kinetic,tight,snopt,all,True,0.0,0.5,502992042,True,0.09829282760620117,27,0.38113880157470703,16,16,4.942076152851608,,1.8186302897418822,5.849342098841292,24.082646596949488,0.0415236753973157,33.65287804603577,True,SolutionResult.kSolutionFound,1,33.646931164,0.2192702017899433,0.7906088198729542,1.415492143294036,5.280606778949005,1.0,1.0,0.0,0.0,,1.5690430214560092,1.0007086099002953,1.0492867286907273,0.859918136513769,acceleration,267.5491403315216,211.73827110393813,21131.723343328395,53.970019959619236,30.463981391178358
bottom,middle,4,parameterized,notebook,snopt,all,True,0.0,0.5,1095942084,True,0.42952418327331543,42,0.7901973724365234,11,11,3.1784319115945876,,6.300809260908588,12.030618147434614,41.17774215319822,0.15870977180728021,3.3124053478240967,True,SolutionResult.kSolutionFound,1,3.30339634,0.14727207956296978,0.9279332827836249,2.517916162033488,10.578945591752364,1.0,1.0,0.0,0.0,,1.9763725511500032,1.0004711303510148,1.122520423430568,0.7891525485141914,acceleration,218.465376143585,148.95816856100063,24874.716542262962,50.651736432048196,21.4988083472559
bottom,middle,4,cspace,notebook,snopt,all,True,0.0,0.5,1095942084,True,0.42952418327331543,42,0.7901973724365234,11,11,3.1784319115945876,,6.300809260908588,12.030618147434614,41.17774215319822,0.08312124844667587,2.6936397552490234,True,SolutionResult.kSolutionFound,1,2.685875949,0.17539002758660874,1.213825251821103,2.1100504487625127,9.19087941747163,1.0,1.0,0.0,0.0,,1.7352425990779181,1.0005296404300577,1.06000242510186,0.8011789286085954,acceleration,206.06694780193664,142.57196023244478,23420.48251718311,50.67557958675239,21.971252083402433
bottom,middle,4,kinetic,notebook,snopt,all,True,0.0,0.5,1095942084,True,0.42952418327331543,42,0.7901973724365234,11,11,3.1784319115945876,,6.300809260908588,12.030618147434614,41.17774215319822,0.02428496434504803,4.558557748794556,True,SolutionResult.kSolutionFound,1,4.552292006,0.1877278353115469,1.115250857886559,1.9666507632789496,7.7302083974369395,1.0,1.0,0.0,0.0,,1.6427355597304678,1.0003701586679028,1.0989182887650428,0.7004760961817483,acceleration,205.69186926282396,142.53895219172878,23176.81591014831,46.54060762284272,23.06800470750873
bottom,middle,4,parameterized,tight,snopt,all,True,0.0,0.5,1095942084,True,0.42952418327331543,42,0.7901973724365234,11,11,3.1784319115945876,,6.300809260908588,12.030618147434614,41.17774215319822,0.15870977180728021,6.4512739181518555,True,SolutionResult.kSolutionFound,1,6.44481057,0.02524948415715783,0.1590921836105833,0.8613961585520471,3.302839561021503,1.0,1.0,0.0,1.3133476536530964e-05,,1.5188702685434154,1.000363849378068,1.1421554843477222,0.7422048333553498,acceleration,112.13717763694746,94.03618994525503,15197.911428253243,20.97203550933521,15.352659322348005
bottom,middle,4,cspace,tight,snopt,all,True,0.0,0.5,1095942084,True,0.42952418327331543,42,0.7901973724365234,11,11,3.1784319115945876,,6.300809260908588,12.030618147434614,41.17774215319822,0.08312124844667587,27.402117252349854,True,SolutionResult.kSolutionFound,1,27.396343452,0.03938822795006533,0.23969500136664162,0.4738647299713472,1.6989732206795087,1.0,1.0,0.0,0.0,,1.0058679984254293,1.0002550238753916,1.101181758953163,0.7012443266290734,acceleration,111.49333083428368,93.77419400288693,11428.933403892119,17.426726203716107,14.293234153358902
bottom,middle,4,kinetic,tight,snopt,all,True,0.0,0.5,1095942084,True,0.42952418327331543,42,0.7901973724365234,11,11,3.1784319115945876,,6.300809260908588,12.030618147434614,41.17774215319822,0.02428496434504803,39.75291204452515,True,SolutionResult.kSolutionFound,1,39.740744792,0.04127104048881092,0.23969072843180522,0.4777357582931482,1.6994482636424597,1.0,1.0,0.0,0.0,,1.013981775138431,1.0002728786482176,1.1054465547000543,0.7010660198926615,acceleration,110.24267398350028,92.91085165573622,11292.382678843845,17.291905781144436,13.613507659314648
bottom,top,4,parameterized,notebook,snopt,all,True,0.0,0.5,1838282789,True,0.2613041400909424,29,0.6783833503723145,19,19,5.01493635947735,,2.155158726431325,4.53338186016062,17.213330786207926,0.46400294685295673,2.2727017402648926,True,SolutionResult.kSolutionFound,1,2.261761122,0.4372985569703197,0.9424478011104096,2.3164014682948144,9.002894586751534,0.998,0.998,0.0,0.0,,2.454717345539053,1.0008026669582109,1.1897693161790897,0.8164952272239364,acceleration,345.7716529721165,251.57007820562376,31096.566604130137,64.06916396757387,25.208331523223052
bottom,top,4,cspace,notebook,snopt,all,True,0.0,0.5,1838282789,True,0.2613041400909424,29,0.6783833503723145,19,19,5.01493635947735,,2.155158726431325,4.53338186016062,17.213330786207926,0.22058587404427682,3.1824047565460205,True,SolutionResult.kSolutionFound,1,3.173334168,0.36955529507812424,0.9465603005619767,1.6753352710334741,6.339777437634653,1.0,1.0,0.0,0.0,,1.9025181682100516,1.000496888879562,1.240868246972523,0.7951794284033967,acceleration,295.8567789808821,226.76948641376552,25883.869063790422,62.16577511190203,25.871161966328255
bottom,top,4,kinetic,notebook,snopt,all,True,0.0,0.5,1838282789,True,0.2613041400909424,29,0.6783833503723145,19,19,5.01493635947735,,2.155158726431325,4.53338186016062,17.213330786207926,0.05809450898377226,8.552418947219849,True,SolutionResult.kSolutionFound,1,8.545933942,0.303086080540754,0.8810538633188669,1.4396237147991546,5.217120961043255,1.0,1.0,0.0,0.0,,1.6851568351853048,1.0005899970443535,1.2006630656823436,0.8726896843424313,acceleration,280.8667789540308,219.04285843544773,22885.431531708746,58.906452794158675,27.389289655349444
bottom,top,4,parameterized,tight,snopt,all,True,0.0,0.5,1838282789,True,0.2613041400909424,29,0.6783833503723145,19,19,5.01493635947735,,2.155158726431325,4.53338186016062,17.213330786207926,0.46400294685295673,12.218404531478882,True,SolutionResult.kSolutionFound,1,12.213023776,0.1934167225532555,0.41684373744839326,2.6596489618167403,10.926544534331713,1.0,1.0,0.0,4.18413142155849e-05,,3.132015460878777,1.00265931000132,1.1950630054376703,0.7113610651075201,acceleration,298.8499733141804,227.21976187005902,29398.88230989982,61.03525957489295,22.517402844338562
bottom,top,4,cspace,tight,snopt,all,True,0.0,0.5,1838282789,True,0.2613041400909424,29,0.6783833503723145,19,19,5.01493635947735,,2.155158726431325,4.53338186016062,17.213330786207926,0.22058587404427682,33.922045946121216,False,SolutionResult.kSolverSpecificError,41,33.915868673,0.2477698577745673,0.5998047389680922,1.1232353787298002,4.652204506393977,0.996,0.996,0.0,0.0,,1.7148174792367916,1.00075665144159,1.1492552934351221,0.8144972531987134,acceleration,260.167324797481,207.32963267337914,22270.393697356143,50.724263578918865,23.103527967423663
bottom,top,4,kinetic,tight,snopt,all,True,0.0,0.5,1838282789,True,0.2613041400909424,29,0.6783833503723145,19,19,5.01493635947735,,2.155158726431325,4.53338186016062,17.213330786207926,0.05809450898377226,27.603492975234985,False,SolutionResult.kSolverSpecificError,41,27.597050023,0.26093960394728277,0.6567865024102606,1.1796787716452881,4.491639717966666,1.0,1.0,0.0,0.0,,1.6152257607866667,1.0006034848579095,1.139264959930194,0.7721666503643582,acceleration,262.5162062741256,209.5149623934212,21295.499993987592,52.80497231133407,25.92291631096725
bottom,middle,6,parameterized,notebook,snopt,all,True,0.0,0.5,794615528,True,0.22179913520812988,45,0.666100025177002,14,14,3.626583202567198,,3.957795291090048,7.850812382362247,25.368120749656427,0.2526659229322045,1.149684190750122,True,SolutionResult.kSolutionFound,1,1.14144627,0.25095387424786564,0.9932240617790072,2.3967676167971605,8.862220404536279,1.0,1.0,0.0,0.0,,2.0004110125745074,1.0012240350679529,1.1889933599302516,1.0291123767611707,acceleration,260.12284058883154,170.35983448856314,23669.053822477537,57.150663629128914,32.25761691949261
bottom,middle,6,cspace,notebook,snopt,all,True,0.0,0.5,794615528,True,0.22179913520812988,45,0.666100025177002,14,14,3.626583202567198,,3.957795291090048,7.850812382362247,25.368120749656427,0.12737535318594737,3.899995803833008,True,SolutionResult.kSolutionFound,1,3.890637492,0.23707441929677517,1.0871092638702713,1.8612267865564618,6.969377896801513,1.0,1.0,0.0,0.0,,1.6659752871692386,1.0003702264860341,1.1410749752808091,1.0301219850377088,acceleration,269.58884157980975,174.71200691858814,22698.999761987878,54.312512233829864,26.94253202225447
bottom,middle,6,kinetic,notebook,snopt,all,True,0.0,0.5,794615528,True,0.22179913520812988,45,0.666100025177002,14,14,3.626583202567198,,3.957795291090048,7.850812382362247,25.368120749656427,0.03941955377256486,4.181271076202393,True,SolutionResult.kSolutionFound,1,4.173624439,0.3279967071856421,1.6061580493901375,2.6743309122667647,8.320660073375072,1.0,1.0,0.0,0.0,,1.728241297795405,1.0005093273687105,1.1776133891758238,1.0572055384133747,acceleration,313.34498997940943,198.59971729767005,24490.784430191976,64.29044789829675,36.413319538802625
bottom,middle,6,parameterized,tight,snopt,all,True,0.0,0.5,794615528,True,0.22179913520812988,45,0.666100025177002,14,14,3.626583202567198,,3.957795291090048,7.850812382362247,25.368120749656427,0.2526659229322045,7.3114333152771,True,SolutionResult.kSolutionFound,1,7.304274338,0.030337851139555304,0.12007100438192195,0.6484167153154378,2.4830607553387467,1.0,1.0,0.0,4.14690641887816e-05,,1.5427986592452072,1.0006156606589218,1.1893030564788896,0.7659262765392598,acceleration,111.38662804051515,93.58442044531628,15342.128406607546,20.706210053713054,14.90020253771502
bottom,middle,6,cspace,tight,snopt,all,True,0.0,0.5,794615528,True,0.22179913520812988,45,0.666100025177002,14,14,3.626583202567198,,3.957795291090048,7.850812382362247,25.368120749656427,0.12737535318594737,36.99237012863159,True,SolutionResult.kSolutionFound,1,36.985244271,0.046782164081937264,0.18597662121858594,0.36727799304817543,1.320752656299209,1.0,1.0,0.0,0.0,,1.008666913093181,1.0004419132568165,1.1427654856720402,0.7907946512539119,acceleration,111.87661953785712,94.07885650722812,11486.912493666157,17.411065797108947,13.8610897621937
bottom,middle,6,kinetic,tight,snopt,all,True,0.0,0.5,794615528,True,0.22179913520812988,45,0.666100025177002,14,14,3.626583202567198,,3.957795291090048,7.850812382362247,25.368120749656427,0.03941955377256486,43.66917896270752,True,SolutionResult.kSolutionFound,1,43.663664,0.05351587057312639,0.19250522018644978,0.3814484969325549,1.3575970667220554,1.0,1.0,0.0,0.0,,1.027819246743137,1.0005039890467078,1.1501572207000492,0.6817965524334926,acceleration,111.60930906056275,93.65757388062909,11419.348627014911,17.26464148549208,13.131822773622794
bottom,top,9,parameterized,notebook,snopt,all,True,0.0,0.5,320898200,True,0.38692283630371094,40,1.023437261581421,14,14,4.394375261374594,,2.2827666939619564,5.828449017289443,24.712468704372494,0.4380649159833351,1.5816891193389893,True,SolutionResult.kSolutionFound,1,1.570564915,0.44945271980763357,1.02599569928748,3.1730227084910108,13.66258618022361,0.998,0.998,0.0,0.0,,2.6629697092970135,1.0014606278423028,1.1250252817089963,0.755185346686259,acceleration,277.14465609211516,216.40316522610613,29378.832964180525,56.884044462711444,16.537384491745893
bottom,top,9,cspace,notebook,snopt,all,True,0.0,0.5,320898200,True,0.38692283630371094,40,1.023437261581421,14,14,4.394375261374594,,2.2827666939619564,5.828449017289443,24.712468704372494,0.17157223079992837,4.1870996952056885,True,SolutionResult.kSolutionFound,1,4.178357738,0.3084501501939872,0.9847522983992398,1.797785974780926,7.358331155910663,0.994,0.994,0.0,0.0,,1.7645560680224548,1.0007170664873002,1.1940124985163878,0.7870736981880015,acceleration,259.10736765042543,207.62691180884568,23395.52584062201,55.0349373194887,26.20681330920481
bottom,top,9,kinetic,notebook,snopt,all,True,0.0,0.5,320898200,True,0.38692283630371094,40,1.023437261581421,14,14,4.394375261374594,,2.2827666939619564,5.828449017289443,24.712468704372494,0.04046540278766505,2.657357931137085,True,SolutionResult.kSolutionFound,1,2.647427192,0.31740714656381885,1.2297558538505349,2.090566481473551,7.843914176002548,0.994,0.994,0.0,0.0,,1.8431165603005162,1.000435032209584,1.1478212805501695,0.9387179792654843,acceleration,271.0343148742926,214.10887938475094,24861.096701867667,55.096384909099996,23.900455658849364
bottom,top,9,parameterized,tight,snopt,all,True,0.0,0.5,320898200,True,0.38692283630371094,40,1.023437261581421,14,14,4.394375261374594,,2.2827666939619564,5.828449017289443,24.712468704372494,0.4380649159833351,12.08474063873291,True,SolutionResult.kSolutionFound,1,12.077412741,0.2586029003790762,0.5903300879473186,3.5135083961295566,14.356667221457187,1.0,1.0,0.0,2.3022454388677005e-05,,2.972261440709635,1.0012612051251908,1.3182648913791628,0.7038618211014884,acceleration,290.03886143976575,223.24197241637688,27754.986757913175,59.61734508577487,20.19066593599756
bottom,top,9,cspace,tight,snopt,all,True,0.0,0.5,320898200,True,0.38692283630371094,40,1.023437261581421,14,14,4.394375261374594,,2.2827666939619564,5.828449017289443,24.712468704372494,0.17157223079992837,27.48695969581604,False,SolutionResult.kSolverSpecificError,41,27.478391285,0.27996569427794477,0.8917039051720259,1.6317657756890442,6.369951995777847,1.0,1.0,0.0,0.0,,1.6735319396381234,1.0007124322672407,1.084509894367733,0.7887621813571658,acceleration,258.5790009596933,206.67209887598239,21146.804366990145,51.706951870627876,26.06063369998082
bottom,top,9,kinetic,tight,snopt,all,True,0.0,0.5,320898200,True,0.38692283630371094,40,1.023437261581421,14,14,4.394375261374594,,2.2827666939619564,5.828449017289443,24.712468704372494,0.04046540278766505,47.7783408164978,True,SolutionResult.kSolutionFound,1,47.770974831,0.2508932576923728,0.9561860572432948,1.6975020819462787,6.200191778860825,0.998,0.998,0.0,0.0,,1.5836284254702908,1.000687330473938,1.032452004822837,0.85582886331597,acceleration,265.9969020812136,210.70030671515227,20656.73286821988,53.8421523730781,32.52402876839663
bottom,middle,3,parameterized,notebook,snopt,all,True,0.0,0.5,1597385319,True,0.30762648582458496,39,0.5915708541870117,19,19,4.848780338254886,,2.277619520966076,4.187202175071336,13.761522523822563,0.43905489516345536,2.847964286804199,True,SolutionResult.kSolutionFound,1,2.839667111,0.22884028294814468,0.5212110956260947,1.4914171672557706,5.9181006898913555,1.0,1.0,0.0,0.0,,1.9834190856618945,1.002520764074275,1.272192426351345,0.7342810440566498,acceleration,260.9076316335889,170.2711792523865,23768.496931324044,50.01578868463204,25.94970302733646
bottom,middle,3,cspace,notebook,snopt,all,True,0.0,0.5,1597385319,True,0.30762648582458496,39,0.5915708541870117,19,19,4.848780338254886,,2.277619520966076,4.187202175071336,13.761522523822563,0.23882295580412552,5.807889699935913,True,SolutionResult.kSolutionFound,1,5.800735483,0.24124373128023008,0.5735772003802742,1.0101362763389046,3.9972934477162902,1.0,1.0,0.0,0.0,,1.4909856537294814,1.0007812914700895,1.1988377684259752,0.8988013284204774,acceleration,249.50125431254062,164.95651210491832,21654.00685408048,49.09181744282686,28.911244787874594
bottom,middle,3,kinetic,notebook,snopt,all,True,0.0,0.5,1597385319,True,0.30762648582458496,39,0.5915708541870117,19,19,4.848780338254886,,2.277619520966076,4.187202175071336,13.761522523822563,0.07266637817646271,0.6247565746307373,False,SolutionResult.kSolverSpecificError,44,0.61919989,1.0,2.2776195209660757,4.187202175071336,13.761522523822563,1.0,1.0,0.0,0.0,,2.2874233446988352,1.0014336863492384,1.3924041396140638,1.6187367694203356,torque,319.7312734694432,201.81112300978876,29196.047531158525,61.92898465025794,30.093906955714026
bottom,middle,3,parameterized,tight,snopt,all,True,0.0,0.5,1597385319,True,0.30762648582458496,39,0.5915708541870117,19,19,4.848780338254886,,2.277619520966076,4.187202175071336,13.761522523822563,0.43905489516345536,11.598451852798462,True,SolutionResult.kSolutionFound,1,11.593137699,0.03773968971054304,0.08595665399993566,0.4565257166668395,1.7601263258686024,1.0,1.0,0.0,7.909921291293642e-07,,1.5472333058730368,1.0011576821963455,1.2721377801430398,0.762928306405541,acceleration,111.89138861634243,93.94677416540475,15436.173414796822,20.769521152058324,14.951902527194797
bottom,middle,3,cspace,tight,snopt,all,True,0.0,0.5,1597385319,True,0.30762648582458496,39,0.5915708541870117,19,19,4.848780338254886,,2.277619520966076,4.187202175071336,13.761522523822563,0.23882295580412552,79.43268156051636,True,SolutionResult.kSolutionFound,1,79.427627615,0.06345163537910267,0.13525944611271795,0.265684825671212,0.9571202130798192,1.0,1.0,0.0,0.0,,1.014505612871707,1.0007432453201215,1.2177860134603946,0.7259277082669561,acceleration,112.23627398952127,94.01973221171218,11571.176136696522,17.363446962600072,14.28017715435591
bottom,middle,3,kinetic,tight,snopt,all,True,0.0,0.5,1597385319,True,0.30762648582458496,39,0.5915708541870117,19,19,4.848780338254886,,2.277619520966076,4.187202175071336,13.761522523822563,0.07266637817646271,0.654240608215332,False,SolutionResult.kSolverSpecificError,44,0.648426704,1.0,2.2776195209660757,4.187202175071336,13.761522523822563,1.0,1.0,0.0,0.0,,2.2874233446988352,1.0014336863492384,1.3924041396140638,1.6187367694203356,torque,319.7312734694432,201.81112300978876,29196.047531158525,61.92898465025794,30.093906955714026
bottom,middle,1,parameterized,notebook,snopt,all,True,0.0,0.5,825772875,True,0.1011495590209961,24,0.3931851387023926,16,16,4.3758295371016995,,1.221998592071885,3.4438232943464855,12.753214069933273,0.8183315484058874,2.1568949222564697,True,SolutionResult.kSolutionFound,1,2.148646558,0.2810411961990486,0.34343194606943755,1.5132272464074201,6.673531763623761,1.0,1.0,0.0,0.0,,2.0913133797524597,1.0014414721327016,1.0963358144326156,0.750047298157763,acceleration,211.34760319352807,145.44586612959952,22904.131766270984,42.055372577435165,19.975649947265882
bottom,middle,1,cspace,notebook,snopt,all,True,0.0,0.5,825772875,True,0.1011495590209961,24,0.3931851387023926,16,16,4.3758295371016995,,1.221998592071885,3.4438232943464855,12.753214069933273,0.29037494509129985,3.97529935836792,True,SolutionResult.kSolutionFound,1,3.96803984,0.23831058604899855,0.4421492585401192,0.8206995475249039,3.5015367184568515,1.0,1.0,0.0,0.0,,1.3273297036022405,1.0007398723982963,1.2162962805761066,0.7990496587136366,acceleration,222.46483651852787,150.33789908895062,20514.549762480645,40.81251492297791,25.07699637195095
bottom,middle,1,kinetic,notebook,snopt,all,True,0.0,0.5,825772875,True,0.1011495590209961,24,0.3931851387023926,16,16,4.3758295371016995,,1.221998592071885,3.4438232943464855,12.753214069933273,0.07841160624423144,6.152645587921143,True,SolutionResult.kSolutionFound,1,6.146608414,0.2448265068430548,0.47419212638906627,0.8613667129918885,3.1223248517634614,1.0,1.0,0.0,0.0,,1.2391709476620516,1.0004346044066956,1.1783772970910997,0.9438765664921253,acceleration,237.8335109917725,157.5493824595214,19456.87928030664,39.61354428875978,30.77904096023472
bottom,middle,1,parameterized,tight,snopt,all,True,0.0,0.5,825772875,True,0.1011495590209961,24,0.3931851387023926,16,16,4.3758295371016995,,1.221998592071885,3.4438232943464855,12.753214069933273,0.8183315484058874,8.474044799804688,True,SolutionResult.kSolutionFound,1,8.467005775,0.08601057044121405,0.10510479598246139,0.5744933836070795,2.2011627397909046,1.0,1.0,0.0,1.3501634910539906e-05,,1.5654104034456882,1.0008628124504377,1.2139694735674957,0.7647393742990501,acceleration,112.44150871471956,93.80188862949196,15472.570689613089,20.574584535182222,13.886855087218592
bottom,middle,1,cspace,tight,snopt,all,True,0.0,0.5,825772875,True,0.1011495590209961,24,0.3931851387023926,16,16,4.3758295371016995,,1.221998592071885,3.4438232943464855,12.753214069933273,0.29037494509129985,43.302154302597046,False,SolutionResult.kSolverSpecificError,41,43.296961111,0.08982966290158767,0.15576850200647888,0.30935748562377996,1.1268694059092836,1.0,1.0,0.0,0.0,,1.0058517532993936,1.0005286296139713,1.1747279519778961,0.7766823991990925,acceleration,115.30140303713432,95.58984300869132,11785.611299550343,17.637867561035577,15.521059263536413
bottom,middle,1,kinetic,tight,snopt,all,True,0.0,0.5,825772875,True,0.1011495590209961,24,0.3931851387023926,16,16,4.3758295371016995,,1.221998592071885,3.4438232943464855,12.753214069933273,0.07841160624423144,58.818071603775024,False,SolutionResult.kSolverSpecificError,41,58.812642676,0.08686100004895256,0.15480709534166454,0.3108579722548974,1.1077569279527764,1.0,1.0,0.0,0.0,,1.0251520582579372,1.0005291894604116,1.1772580399294612,0.710504616087404,acceleration,113.46923460567677,94.50978501757965,11668.561695104103,17.19381751156501,17.36887834815083
bottom,middle,5,parameterized,notebook,snopt,all,True,0.0,0.5,911576914,True,0.4183924198150635,54,0.6412272453308105,17,17,4.496677531514817,,4.032020893008468,7.16195426710874,26.268677025227877,0.24801458785444339,2.598968267440796,True,SolutionResult.kSolutionFound,1,2.590502897,0.04734289618596864,0.1908875465573583,1.1025355971099884,4.960705437190663,1.0,1.0,0.0,0.0,,2.072342136500155,1.0013508964294764,1.2215841670710381,0.7839454760153145,acceleration,139.67783901645964,108.67826530877161,20777.166201239444,37.494607301804606,17.451285775055634
bottom,middle,5,cspace,notebook,snopt,all,True,0.0,0.5,911576914,True,0.4183924198150635,54,0.6412272453308105,17,17,4.496677531514817,,4.032020893008468,7.16195426710874,26.268677025227877,0.13962669443345901,6.395134687423706,True,SolutionResult.kSolutionFound,1,6.387801562,0.16012357959304221,0.6579102018856271,1.146797754131115,5.605912933444305,1.0,1.0,0.0,0.0,,1.8385704942163599,1.0008137012809595,1.1851465400708796,0.9151660651706963,acceleration,178.4967132900095,128.10190827072887,26053.46629866487,47.319063533795905,18.374542175502462
bottom,middle,5,kinetic,notebook,snopt,all,True,0.0,0.5,911576914,True,0.4183924198150635,54,0.6412272453308105,17,17,4.496677531514817,,4.032020893008468,7.16195426710874,26.268677025227877,0.038068152386952006,2.3890044689178467,True,SolutionResult.kSolutionFound,1,2.381003028,0.4480058046085045,2.3031547124503398,3.66531977398245,11.768519786688152,0.996,0.996,0.0,0.0,,2.2387232265315316,1.0014865523756453,1.245332533638586,1.030061852111548,acceleration,254.1165670244365,168.99719110327328,31228.120784666542,70.62320364599059,23.8914563628941
bottom,middle,5,parameterized,tight,snopt,all,True,0.0,0.5,911576914,True,0.4183924198150635,54,0.6412272453308105,17,17,4.496677531514817,,4.032020893008468,7.16195426710874,26.268677025227877,0.24801458785444339,6.569728136062622,True,SolutionResult.kSolutionFound,1,6.564319901,0.024489411508708463,0.09874181886059502,0.5251284457320762,2.0294358613007253,1.0,1.0,0.0,6.588364332538177e-05,,1.5376400268331465,1.000958151794944,1.2463517317574313,0.8348617514422525,acceleration,111.398787177766,93.38609666773017,15373.975749736746,20.870119834931366,15.250986667899697
bottom,middle,5,cspace,tight,snopt,all,True,0.0,0.5,911576914,True,0.4183924198150635,54,0.6412272453308105,17,17,4.496677531514817,,4.032020893008468,7.16195426710874,26.268677025227877,0.13962669443345901,66.25144076347351,True,SolutionResult.kSolutionFound,1,66.244892563,0.04192173353125094,0.1518364610510789,0.3002415383487382,1.0814534393249318,1.0,1.0,0.0,0.0,,1.0137341636174746,1.000672426268977,1.1880136434071715,0.7714706454635539,acceleration,112.49798292600033,94.18053820708582,11593.51527064985,17.362998477809462,14.005117978089414
bottom,middle,5,kinetic,tight,snopt,all,True,0.0,0.5,911576914,True,0.4183924198150635,54,0.6412272453308105,17,17,4.496677531514817,,4.032020893008468,7.16195426710874,26.268677025227877,0.038068152386952006,67.94062423706055,True,SolutionResult.kSolutionFound,1,67.934463916,0.0438787738357264,0.16338687753734618,0.32310865657998633,1.1526373381537163,1.0,1.0,0.0,0.0,,1.018951150992903,1.0007386407746925,1.1930851136139968,0.9824228105926448,acceleration,113.4107939354499,94.57678054882227,11479.070406756127,17.615498163022746,13.244171810473695
bottom,middle,8,parameterized,notebook,snopt,all,True,0.0,0.5,1222964207,True,0.47066783905029297,53,0.7443277835845947,18,18,5.762323690456627,,4.2711531413488455,12.91632555035943,29.5939583712291,0.23412880945874875,1.6238036155700684,True,SolutionResult.kSolutionFound,1,1.615751405,0.4085554362314311,1.7450028348750266,5.559667152973812,14.057098534245602,1.0,1.0,0.0,0.0,,2.941921812274607,1.001161544182357,1.2782801713869072,1.0405238761762772,acceleration,280.92030367089865,183.21353801777718,34037.14831566164,63.15177613947629,18.711896395061878
bottom,middle,8,cspace,notebook,snopt,all,True,0.0,0.5,1222964207,True,0.47066783905029297,53,0.7443277835845947,18,18,5.762323690456627,,4.2711531413488455,12.91632555035943,29.5939583712291,0.07742139946079112,2.5477733612060547,True,SolutionResult.kSolutionFound,1,2.540166494,0.24652517740322502,1.547497144359792,3.184199447700166,8.568731178712488,1.0,1.0,0.0,0.0,,2.091048404456055,1.000922393717133,1.2124678730852805,1.0383521018032393,acceleration,282.3235738203909,183.28487572986535,27921.941708308026,64.35748490413762,30.319365648668224
bottom,middle,8,kinetic,notebook,snopt,all,True,0.0,0.5,1222964207,True,0.47066783905029297,53,0.7443277835845947,18,18,5.762323690456627,,4.2711531413488455,12.91632555035943,29.5939583712291,0.03379068076855134,2.957655906677246,True,SolutionResult.kSolutionFound,1,2.95195064,0.34521809743849025,1.9520335504626416,4.279899345850813,10.21637000458959,1.0,1.0,0.0,0.0,,2.4553682181825573,1.0006501000133736,1.2238030584320214,1.0555257215901848,acceleration,273.26059777407045,179.8246103594455,30652.37410338742,60.30592923367546,24.93253215493809
bottom,middle,8,parameterized,tight,snopt,all,True,0.0,0.5,1222964207,True,0.47066783905029297,53,0.7443277835845947,18,18,5.762323690456627,,4.2711531413488455,12.91632555035943,29.5939583712291,0.23412880945874875,7.4965739250183105,True,SolutionResult.kSolutionFound,1,7.491368055,0.02146725507107476,0.0916899339329609,0.49835691657016945,1.9188035887680128,1.0,1.0,0.0,2.79908229634529e-05,,1.5645817718409245,1.0010707928022538,1.2464132828253993,0.829311019387158,acceleration,113.36733071566462,94.74343743996518,15528.762122109792,20.734784551172112,14.06545158387569
bottom,middle,8,cspace,tight,snopt,all,True,0.0,0.5,1222964207,True,0.47066783905029297,53,0.7443277835845947,18,18,5.762323690456627,,4.2711531413488455,12.91632555035943,29.5939583712291,0.07742139946079112,62.11220932006836,True,SolutionResult.kSolutionFound,1,62.107181403,0.020627370842788248,0.13323593563593483,0.2664298370534451,0.9628708816913369,1.0,1.0,0.0,0.0,,1.0101758931407823,1.0004987847624467,1.2035559841952086,0.7554204068946135,acceleration,113.46588192072738,94.51497403916309,11678.841401169782,17.327748441101484,15.890918217942534
bottom,middle,8,kinetic,tight,snopt,all,True,0.0,0.5,1222964207,True,0.47066783905029297,53,0.7443277835845947,18,18,5.762323690456627,,4.2711531413488455,12.91632555035943,29.5939583712291,0.03379068076855134,83.39815425872803,True,SolutionResult.kSolutionFound,3,83.393050604,0.03266498314332449,0.13395614542283624,0.2713637907170429,0.9666861513404452,1.0,1.0,0.0,0.0,,1.0363240156082294,1.0006274310843308,1.210271830980686,0.7052814162378422,acceleration,111.29911127590165,93.45496682371794,11503.954657819195,16.90399051575117,13.663009799144298
bottom,top,2,parameterized,notebook,snopt,all,True,0.0,0.5,82992400,True,0.6629056930541992,54,0.8266093730926514,17,17,5.06925619348416,,3.488910343982315,8.471003426623529,31.398103429618153,0.2866224412228889,2.3288581371307373,True,SolutionResult.kSolutionFound,1,2.318116517,0.30440726614353153,1.0620496596315465,4.077064067939365,17.262318318331197,1.0,1.0,0.0,0.0,,3.2490691195189085,1.0011914029662605,1.3378725361877155,1.0085255060976612,acceleration,322.4704982890793,240.08468243911673,33922.21235895974,74.7587833233593,23.696697499365204
bottom,top,2,cspace,notebook,snopt,all,True,0.0,0.5,82992400,True,0.6629056930541992,54,0.8266093730926514,17,17,5.06925619348416,,3.488910343982315,8.471003426623529,31.398103429618153,0.11804976927020222,3.7824413776397705,True,SolutionResult.kSolutionFound,1,3.773734936,0.25237843972350893,1.207687962341839,2.137898627703744,9.445133753498911,1.0,1.0,0.0,0.0,,2.13350917100896,1.0008441221426094,1.1911732322458433,0.9948600392445389,acceleration,298.2094895448134,227.3307517656038,29574.8669901732,66.10404784135247,27.119342450566382
bottom,top,2,kinetic,notebook,snopt,all,True,0.0,0.5,82992400,True,0.6629056930541992,54,0.8266093730926514,17,17,5.06925619348416,,3.488910343982315,8.471003426623529,31.398103429618153,0.03184905745156218,5.703585386276245,True,SolutionResult.kSolutionFound,1,5.693914636,0.2873037501714348,1.397883489445134,2.3647082343730386,9.020792863599885,1.0,1.0,0.0,0.0,,2.0750016800756876,1.0006906208594633,1.2061983481038159,0.984228809640833,acceleration,300.79265552415245,229.10108829152085,28884.39148685409,67.09383579378952,27.036403962231464
bottom,top,2,parameterized,tight,snopt,all,True,0.0,0.5,82992400,True,0.6629056930541992,54,0.8266093730926514,17,17,5.06925619348416,,3.488910343982315,8.471003426623529,31.398103429618153,0.2866224412228889,9.443985939025879,True,SolutionResult.kSolutionFound,1,9.438730454,0.1353480835162177,0.4722173286179137,2.895407112808127,11.905463394421954,1.0,1.0,0.0,6.276400728211229e-05,,3.0660900796352695,1.0022283487960113,1.2396052477428465,0.713961202376044,acceleration,296.23791130265164,226.34625410396285,28864.974544651384,60.71658740397788,21.118706680113483
bottom,top,2,cspace,tight,snopt,all,True,0.0,0.5,82992400,True,0.6629056930541992,54,0.8266093730926514,17,17,5.06925619348416,,3.488910343982315,8.471003426623529,31.398103429618153,0.11804976927020222,73.6582567691803,True,SolutionResult.kSolutionFound,3,73.653055076,0.15313235451196833,0.6884898492447095,1.2971846997978127,5.628356283959568,1.0,1.0,0.0,0.0,,1.7974032618761728,1.0006940914447842,1.1166281661343684,0.8667994942764413,acceleration,257.90447968006913,206.43876529673787,23777.804952204322,50.61653379010053,20.40661685970392
bottom,top,2,kinetic,tight,snopt,all,True,0.0,0.5,82992400,True,0.6629056930541992,54,0.8266093730926514,17,17,5.06925619348416,,3.488910343982315,8.471003426623529,31.398103429618153,0.03184905745156218,75.42125034332275,True,SolutionResult.kSolutionFound,1,75.415869116,0.15906326368408102,0.7524549394324673,1.3288858385107172,4.994284805005401,1.0,1.0,0.0,0.0,,1.6054696332208958,1.0007521963627029,1.0820324231713327,0.7685553958408577,acceleration,260.8568430106519,208.6286064934689,21891.788265247254,52.62869496010826,25.586941590418157
bottom,top,7,parameterized,notebook,snopt,all,True,0.0,0.5,1956161951,True,0.2900261878967285,48,0.6700000762939453,16,16,5.043309921501871,,3.0265934994135124,6.941029855198292,26.003916877498387,0.3304044630353492,1.730116367340088,True,SolutionResult.kSolutionFound,1,1.716937261,0.4741766257743405,1.435139893142454,3.922169477965994,15.083790451869607,1.0,1.0,0.0,0.0,,2.8681303772571995,1.0011547946137835,1.2360061514733922,0.8408889802652165,acceleration,364.002797537196,261.46911464659183,31340.832472342478,80.6345857513386,30.554734666887065
bottom,top,7,cspace,notebook,snopt,all,True,0.0,0.5,1956161951,True,0.2900261878967285,48,0.6700000762939453,16,16,5.043309921501871,,3.0265934994135124,6.941029855198292,26.003916877498387,0.14407083975457585,2.6237428188323975,True,SolutionResult.kSolutionFound,1,2.615395119,0.3680076976361955,1.5150700837870108,2.5543524162356195,9.940851761533782,1.0,1.0,0.0,0.0,,2.07463123454239,1.0010870809114125,1.2399006552482483,0.97430841984118,acceleration,325.19628936268253,241.49421396044738,29703.306038572857,66.81379957264036,24.45793893877943
bottom,top,7,kinetic,notebook,snopt,all,True,0.0,0.5,1956161951,True,0.2900261878967285,48,0.6700000762939453,16,16,5.043309921501871,,3.0265934994135124,6.941029855198292,26.003916877498387,0.038455745136814996,3.98746919631958,True,SolutionResult.kSolutionFound,1,3.98068588,0.36656124001230345,1.6508485409878721,2.7112782777090234,9.532028015792674,0.996,0.996,0.0,0.0,,1.9624520586766532,1.000708707063487,1.072389749759007,1.1940252230347501,torque,336.33574668791186,246.7092873625512,28876.565149697544,67.94999340504813,25.58350374282072
bottom,top,7,parameterized,tight,snopt,all,True,0.0,0.5,1956161951,True,0.2900261878967285,48,0.6700000762939453,16,16,5.043309921501871,,3.0265934994135124,6.941029855198292,26.003916877498387,0.3304044630353492,6.8509156703948975,True,SolutionResult.kSolutionFound,1,6.844983329,0.16674359690143364,0.5046650864507041,3.0504066204707394,12.511431712807834,1.0,1.0,0.0,3.4518764061353124e-05,,3.0354906800109847,1.0019249378386665,1.2710364099347997,0.7109616151709673,acceleration,294.19156463798754,225.39838453567575,28516.323049277038,60.0707318381195,20.674936655422968
bottom,top,7,cspace,tight,snopt,all,True,0.0,0.5,1956161951,True,0.2900261878967285,48,0.6700000762939453,16,16,5.043309921501871,,3.0265934994135124,6.941029855198292,26.003916877498387,0.14407083975457585,95.04952549934387,False,SolutionResult.kSolverSpecificError,41,95.044433711,0.19574986573135764,0.7171015901833526,1.3587056621924103,5.701096296866774,1.0,1.0,0.0,0.0,,1.7399673951420913,1.00068704529203,1.1008772021756617,0.8215240509543495,acceleration,256.5016012208218,205.78075523341948,22862.0388705706,51.01710016821168,21.672094210372713
bottom,top,7,kinetic,tight,snopt,all,True,0.0,0.5,1956161951,True,0.2900261878967285,48,0.6700000762939453,16,16,5.043309921501871,,3.0265934994135124,6.941029855198292,26.003916877498387,0.038455745136814996,61.65408992767334,True,SolutionResult.kSolutionFound,1,61.643008995,0.20537854421879617,0.8041212327434599,1.42049420401207,5.340646592287203,1.0,1.0,0.0,0.0,,1.600637918592102,1.0006495050787196,1.0682799108817496,0.7701316277486194,acceleration,261.772382105096,208.97919204501446,21864.726131138137,52.8394143443319,25.284515291783634
middle,bottom,4,parameterized,notebook,snopt,all,True,0.0,0.5,936045014,True,0.4631462097167969,37,0.5301651954650879,10,10,3.4498558817058464,,5.320779814371767,10.120276209412392,37.2336998158603,0.18794237590868465,2.3176236152648926,True,SolutionResult.kSolutionFound,1,2.311689887,0.14113929830133193,0.750971129416323,2.84306840754972,12.160454974822922,1.0,1.0,0.0,0.0,,2.146719314465923,1.0007601118252003,1.1068113504144457,0.7358111692666894,acceleration,167.30404702908476,49.553671865596066,22192.01269618115,42.086226758270115,18.055361244236593
middle,bottom,4,cspace,notebook,snopt,all,True,0.0,0.5,936045014,True,0.4631462097167969,37,0.5301651954650879,10,10,3.4498558817058464,,5.320779814371767,10.120276209412392,37.2336998158603,0.09881153234433929,2.867384195327759,True,SolutionResult.kSolutionFound,1,2.85950129,0.20109648261466206,1.2781819388787794,2.035151948801677,7.541956088833871,1.0,1.0,0.0,0.0,,1.4405328731602105,1.0005656141258785,1.126337721204839,0.9429239340710087,acceleration,186.26186081086968,58.90591017025357,20011.080796465278,43.547501161674354,24.028609564324025
middle,bottom,4,kinetic,notebook,snopt,all,True,0.0,0.5,936045014,True,0.4631462097167969,37,0.5301651954650879,10,10,3.4498558817058464,,5.320779814371767,10.120276209412392,37.2336998158603,0.02685739007795389,4.33077073097229,True,SolutionResult.kSolutionFound,1,4.32271982,0.1734706535875621,1.400840313168655,2.0977348664243376,6.458954242540376,1.0,1.0,0.0,0.0,,1.4160898751873683,1.000225660629022,1.000072586089535,1.0872471898102165,torque,189.13586515459502,61.10686681763822,18979.34747019519,39.76403277141978,24.922410673694756
middle,bottom,4,parameterized,tight,snopt,all,True,0.0,0.5,936045014,True,0.4631462097167969,37,0.5301651954650879,10,10,3.4498558817058464,,5.320779814371767,10.120276209412392,37.2336998158603,0.18794237590868465,4.188795328140259,True,SolutionResult.kSolutionFound,1,4.183343348,0.03489777495607626,0.18568337655278358,1.0827885381086233,4.125291224062873,1.0,1.0,0.0,2.1239567765896084e-05,,1.5227039676526903,1.000644918356052,1.1641900113402124,0.7194986897790284,acceleration,114.90306033184171,22.273959609864555,14974.392625632428,21.065936686813618,15.220508885422978
middle,bottom,4,cspace,tight,snopt,all,True,0.0,0.5,936045014,True,0.4631462097167969,37,0.5301651954650879,10,10,3.4498558817058464,,5.320779814371767,10.120276209412392,37.2336998158603,0.09881153234433929,22.841976642608643,True,SolutionResult.kSolutionFound,3,22.836282438,0.05198776684655337,0.26441157675527627,0.5261305599976525,1.8968485882118222,1.0,1.0,0.0,0.0,,1.0028080200026532,1.0001911497261464,1.0873600459117063,0.7588695539644076,acceleration,111.72151577692972,20.270860350655326,11338.089552608733,17.575448282103064,15.162270618883767
middle,bottom,4,kinetic,tight,snopt,all,True,0.0,0.5,936045014,True,0.4631462097167969,37,0.5301651954650879,10,10,3.4498558817058464,,5.320779814371767,10.120276209412392,37.2336998158603,0.02685739007795389,32.73428392410278,True,SolutionResult.kSolutionFound,1,32.729791313,0.050510880176703486,0.26332885937036626,0.5275904292879009,1.880706949934266,1.0,1.0,0.0,0.0,,1.007859244430645,1.000198161091803,1.0935805269952295,0.7071692209828498,acceleration,111.29561422699312,20.21871982703953,11247.14661805534,17.39923959689667,15.730171499201363
bottom,top,8,parameterized,notebook,snopt,all,True,0.0,0.5,1680323598,True,0.4513587951660156,45,0.6870989799499512,20,20,5.931363568859315,,1.7361266910074606,4.133318350937927,16.954146960003516,0.5759948310106954,5.22701096534729,True,SolutionResult.kSolutionFound,1,5.215252314,0.22755883388125914,0.3950709652757873,2.5816305206958363,10.684106539996149,0.998,0.998,0.0,1.6136754164008948e-06,,3.2153426045981397,1.0030536849578822,1.2060934619157995,0.7033090938262664,acceleration,299.6644674297087,228.4235188569611,30228.918197262115,61.933596163436285,22.2972741294823
bottom,top,8,cspace,notebook,snopt,all,True,0.0,0.5,1680323598,True,0.4513587951660156,45,0.6870989799499512,20,20,5.931363568859315,,1.7361266910074606,4.133318350937927,16.954146960003516,0.24193636083537612,3.8418755531311035,True,SolutionResult.kSolutionFound,1,3.819697598,0.36427915160032026,0.8518167644091703,1.5056817021737028,6.46684622596341,0.996,0.996,0.0,0.0,,2.014080228496156,1.000541217941472,1.1720681480397195,0.8865706358655384,acceleration,298.59165021830995,227.7042417543708,28118.582284700977,59.667571891490894,22.63854266434818
bottom,top,8,kinetic,notebook,snopt,all,True,0.0,0.5,1680323598,True,0.4513587951660156,45,0.6870989799499512,20,20,5.931363568859315,,1.7361266910074606,4.133318350937927,16.954146960003516,0.05898261955373499,5.231456995010376,True,SolutionResult.kSolutionFound,1,5.224402916,0.36205522793933403,0.9310323031616794,1.5607160367359616,6.13833754212104,0.996,0.996,0.0,0.0,,1.9447292453843765,1.0004437256662047,1.2147542970122673,0.9597203241866052,acceleration,303.5666069651461,229.76762184248813,27524.19430855262,59.31538045246023,23.48292728269729
bottom,top,8,parameterized,tight,snopt,all,True,0.0,0.5,1680323598,True,0.4513587951660156,45,0.6870989799499512,20,20,5.931363568859315,,1.7361266910074606,4.133318350937927,16.954146960003516,0.5759948310106954,10.724431037902832,True,SolutionResult.kSolutionFound,3,10.719012752,0.22682787703288027,0.3938019315813415,2.5370433211539742,10.399819680573623,1.0,1.0,0.0,2.9074427823960747e-05,,3.160035506569945,1.0029655709092187,1.181973084356954,0.7071598240428497,acceleration,299.71919221006567,227.6831241413379,29566.799190220954,60.993172754096264,22.262342466385906
bottom,top,8,cspace,tight,snopt,all,True,0.0,0.5,1680323598,True,0.4513587951660156,45,0.6870989799499512,20,20,5.931363568859315,,1.7361266910074606,4.133318350937927,16.954146960003516,0.24193636083537612,79.50207948684692,True,SolutionResult.kSolutionFound,3,79.496019428,0.2612302068844003,0.5717867117340191,1.079747607934603,4.665952960153133,0.996,0.996,0.0,0.0,,1.796180117493871,1.0007438738372167,1.163119563628872,0.8457598766267367,acceleration,257.2834157652667,206.43240510764178,23655.806668241166,50.24788748383277,20.70533503567946
bottom,top,8,kinetic,tight,snopt,all,True,0.0,0.5,1680323598,True,0.4513587951660156,45,0.6870989799499512,20,20,5.931363568859315,,1.7361266910074606,4.133318350937927,16.954146960003516,0.05898261955373499,68.6942298412323,False,SolutionResult.kSolverSpecificError,41,68.687630431,0.2481640225505141,0.6250692767883319,1.1089578627066545,4.207409308507042,1.0,1.0,0.0,0.0,,1.6096700411624232,1.0005567745477535,1.166919883807671,0.7656535729128241,acceleration,261.8828661958677,208.98142802062787,22031.432762961587,52.555172135745124,25.05523602253299
bottom,top,5,parameterized,notebook,snopt,all,True,0.0,0.5,446089395,True,0.4975461959838867,42,0.5499217510223389,18,18,5.9675961711988705,,3.70798496047286,7.84700276777129,26.45416836391498,0.26968825673782537,2.1045455932617188,True,SolutionResult.kSolutionFound,1,2.096279576,0.13863570098329442,0.5140590942306691,5.069296370670195,20.15063335446382,1.0,1.0,0.0,1.935127273089421e-06,,3.9979518706365553,1.004140104488637,1.0003972724831247,0.6891635994897698,velocity,324.41856684729424,240.64416252911178,35278.82040247795,70.78595471504339,19.56903835604982
bottom,top,5,cspace,notebook,snopt,all,True,0.0,0.5,446089395,True,0.4975461959838867,42,0.5499217510223389,18,18,5.9675961711988705,,3.70798496047286,7.84700276777129,26.45416836391498,0.12743719221141814,0.40453290939331055,True,SolutionResult.kSolutionFound,1,0.396196479,0.9398927416810663,3.501259819165948,7.375340945379474,23.44645086478048,1.0,1.0,0.0,0.0,,3.2937072197798094,1.015419334322841,1.366968270022191,1.0362738757240737,acceleration,421.00494593618936,290.96405920207235,39083.3581701253,80.58545111846796,26.91027566965454
bottom,top,5,kinetic,notebook,snopt,all,True,0.0,0.5,446089395,True,0.4975461959838867,42,0.5499217510223389,18,18,5.9675961711988705,,3.70798496047286,7.84700276777129,26.45416836391498,0.037801226114673785,2.3516902923583984,True,SolutionResult.kSolutionFound,1,2.345945738,0.38174320954711016,2.0334619647094136,3.423681919953578,10.09869913714053,1.0,1.0,0.0,3.597103261476775e-06,,2.293668442600781,1.0010865642099107,1.18549374725585,0.9832692446867654,acceleration,361.08397115878836,260.80869370720575,31130.92250479538,73.08390080749673,25.84986035241538
bottom,top,5,parameterized,tight,snopt,all,True,0.0,0.5,446089395,True,0.4975461959838867,42,0.5499217510223389,18,18,5.9675961711988705,,3.70798496047286,7.84700276777129,26.45416836391498,0.26968825673782537,9.614151000976562,True,SolutionResult.kSolutionFound,1,9.608938144,0.12193383827163712,0.4521288384839667,3.768630729057653,15.342629724237742,0.998,0.998,0.0,6.315759405284282e-05,,3.4777557485132014,1.00308093154922,1.0003509480004023,0.6831813761480885,velocity,308.71724127569394,233.61176081366347,31842.885226856983,63.925365375045615,21.240870837883747
bottom,top,5,cspace,tight,snopt,all,True,0.0,0.5,446089395,True,0.4975461959838867,42,0.5499217510223389,18,18,5.9675961711988705,,3.70798496047286,7.84700276777129,26.45416836391498,0.12743719221141814,86.60782885551453,True,SolutionResult.kSolutionFound,1,86.600362507,0.16002892229222881,0.6661601253034486,1.2557473961505765,5.3464094838914455,1.0,1.0,0.0,0.0,,1.8132842023895768,1.0008225438159244,1.1199861988407716,0.862118597200369,acceleration,257.45454776387254,206.1469157869207,24372.64472315253,50.89535246387861,20.840414086177038
bottom,top,5,kinetic,tight,snopt,all,True,0.0,0.5,446089395,True,0.4975461959838867,42,0.5499217510223389,18,18,5.9675961711988705,,3.70798496047286,7.84700276777129,26.45416836391498,0.037801226114673785,89.96315622329712,True,SolutionResult.kSolutionFound,1,89.948718833,0.18401470236934583,0.7775978142234269,1.329502789061673,4.867955917914382,0.998,0.998,0.0,0.0,,1.5862642550237902,1.0010125961172747,1.0548600130322079,0.7964628660697506,acceleration,267.3878709761513,211.74537340158605,21965.65507324027,53.84638779133192,26.01458332436771
middle,bottom,2,parameterized,notebook,snopt,all,True,0.0,0.5,1588153571,True,0.3366391658782959,39,0.5490398406982422,14,14,3.8654548935825073,,4.242471927039272,8.095803786619241,32.36714105304995,0.23571163632846429,2.411687135696411,True,SolutionResult.kSolutionFound,1,2.406602357,0.35048412122055334,1.4869190451512302,3.119548320604105,12.382159612609616,1.0,1.0,0.0,0.0,,2.073276534646627,1.0010519239616997,1.2014036219204725,1.0297394322539557,acceleration,301.942429498054,118.56840998550656,26371.956720025533,65.51618097231048,26.35409133112654
middle,bottom,2,cspace,notebook,snopt,all,True,0.0,0.5,1588153571,True,0.3366391658782959,39,0.5490398406982422,14,14,3.8654548935825073,,4.242471927039272,8.095803786619241,32.36714105304995,0.12352078019143717,3.7409684658050537,True,SolutionResult.kSolutionFound,1,3.735738068,0.16530986513735985,0.7563931755528742,1.3383162321445536,5.9585577246444394,0.998,0.998,0.0,0.0,,1.6379187479997017,1.0005987155007359,1.1477360297485584,0.8627610744656189,acceleration,215.50035140048095,73.55115284119995,23544.421245536203,46.825330057080535,21.872726947926903
middle,bottom,2,kinetic,notebook,snopt,all,True,0.0,0.5,1588153571,True,0.3366391658782959,39,0.5490398406982422,14,14,3.8654548935825073,,4.242471927039272,8.095803786619241,32.36714105304995,0.030895530697660125,3.939911127090454,True,SolutionResult.kSolutionFound,1,3.934731625,0.26710836558620976,1.4621498511139164,2.4103079506502034,8.645534145378484,1.0,1.0,0.0,0.0,,1.7123443382409724,1.0007022626224726,1.164365109702659,0.9192357972539924,acceleration,284.78101925246574,110.0860265114306,25360.549562439526,60.37784072824449,27.209310839392874
middle,bottom,2,parameterized,tight,snopt,all,True,0.0,0.5,1588153571,True,0.3366391658782959,39,0.5490398406982422,14,14,3.8654548935825073,,4.242471927039272,8.095803786619241,32.36714105304995,0.23571163632846429,10.547910213470459,True,SolutionResult.kSolutionFound,1,10.541135631,0.02854527285675066,0.12110251874444129,0.6694587903693875,2.5582924049739804,1.0,1.0,0.0,2.6105965454270574e-05,,1.5553506981318324,1.0006572350640786,1.19988869649739,0.7972548061007894,acceleration,112.57628786371643,20.680862486032993,15284.672215265731,20.618863530099834,14.624103789635122
middle,bottom,2,cspace,tight,snopt,all,True,0.0,0.5,1588153571,True,0.3366391658782959,39,0.5490398406982422,14,14,3.8654548935825073,,4.242471927039272,8.095803786619241,32.36714105304995,0.12352078019143717,44.05710458755493,True,SolutionResult.kSolutionFound,3,44.049890978,0.043685971467975225,0.177041889806537,0.35367305323257386,1.2755998437440186,1.0,1.0,0.0,0.0,,1.0077254403490843,1.0003886103408812,1.1429089435773143,0.7709826539011444,acceleration,111.42129732812398,20.267786367252935,11389.038203252252,17.39456586708866,14.787370152562925
middle,bottom,2,kinetic,tight,snopt,all,True,0.0,0.5,1588153571,True,0.3366391658782959,39,0.5490398406982422,14,14,3.8654548935825073,,4.242471927039272,8.095803786619241,32.36714105304995,0.030895530697660125,37.756227016448975,True,SolutionResult.kSolutionFound,1,37.749071114,0.03960195673302935,0.18040440448140527,0.35924357300937004,1.2818021195547429,1.0,1.0,0.0,0.0,,1.0173717108920781,1.0004472930823156,1.143795619937328,0.7258582981476315,acceleration,110.0965215790792,19.82863280374062,11209.238737578156,17.223593332651326,14.163060621092939
bottom,middle,9,parameterized,notebook,snopt,all,True,0.0,0.5,1071891321,True,0.24893522262573242,23,0.6910285949707031,21,21,4.196833614323591,,0.9829784561953164,1.8629862925241771,8.06458315837323,1.0173162938591418,1.1687488555908203,True,SolutionResult.kSolutionFound,1,1.15912563,0.47033009844902957,0.4623243540756209,0.856959782683469,3.7137656098015386,1.0,1.0,0.0,0.0,,1.5870452360689489,1.0021153860618273,1.1122033625892762,0.7725980413444986,acceleration,201.69905452471184,140.0386799863637,22347.00043630501,44.30752026573993,23.084615483505903
bottom,middle,9,cspace,notebook,snopt,all,True,0.0,0.5,1071891321,True,0.24893522262573242,23,0.6910285949707031,21,21,4.196833614323591,,0.9829784561953164,1.8629862925241771,8.06458315837323,0.5367726021457145,4.200990676879883,True,SolutionResult.kSolutionFound,1,4.193005859,0.34327438011548567,0.3523966678391149,0.639515464729884,2.8819068292530097,1.0,1.0,0.0,0.0,,1.4953740483453744,1.0019891218459303,1.2381331523398218,0.893183433464229,acceleration,188.31575333616212,133.19896725202574,21949.741621420333,38.88810610755445,21.26380750249848
bottom,middle,9,kinetic,notebook,snopt,all,True,0.0,0.5,1071891321,True,0.24893522262573242,23,0.6910285949707031,21,21,4.196833614323591,,0.9829784561953164,1.8629862925241771,8.06458315837323,0.12399896936541947,5.206579923629761,True,SolutionResult.kSolutionFound,1,5.200692736,0.38293461401912415,0.46089353159031676,0.7912560710803278,3.0882080389767834,1.0,1.0,0.0,0.0,,1.5301501538032314,1.0014916213709073,1.2395911038166367,0.8030024402777788,acceleration,191.10673869061074,134.62081914549776,21811.93467457979,40.00450479720871,19.743495894990623
bottom,middle,9,parameterized,tight,snopt,all,True,0.0,0.5,1071891321,True,0.24893522262573242,23,0.6910285949707031,21,21,4.196833614323591,,0.9829784561953164,1.8629862925241771,8.06458315837323,1.0173162938591418,10.945879220962524,True,SolutionResult.kSolutionFound,1,10.940580723,0.07883689907760287,0.07749497334652848,0.40624042077153205,1.5642415926608684,1.0,1.0,0.0,2.2193036310902414e-06,,1.5509120611682254,1.001399808302712,1.3003808220613942,0.7838766294394649,acceleration,112.10220728657399,94.1261967383773,15490.690500553985,20.593182351904584,14.534995813783727
bottom,middle,9,cspace,tight,snopt,all,True,0.0,0.5,1071891321,True,0.24893522262573242,23,0.6910285949707031,21,21,4.196833614323591,,0.9829784561953164,1.8629862925241771,8.06458315837323,0.5367726021457145,92.28611016273499,True,SolutionResult.kSolutionFound,1,92.281108898,0.12157797455117655,0.11316124440388803,0.22649810006169513,0.8221716208634847,1.0,1.0,0.0,0.0,,1.0242570587369433,1.000130364766867,1.2539913282643989,0.7527954026020333,acceleration,114.1692821501561,95.14441207694387,11976.81680972084,17.125261243234604,15.994178810093604
bottom,middle,9,kinetic,tight,snopt,all,True,0.0,0.5,1071891321,True,0.24893522262573242,23,0.6910285949707031,21,21,4.196833614323591,,0.9829784561953164,1.8629862925241771,8.06458315837323,0.12399896936541947,82.21520662307739,False,SolutionResult.kSolverSpecificError,41,82.209732812,0.10146488309258282,0.11372981727186982,0.22803110421994333,0.8182719873547522,1.0,1.0,0.0,0.0,,1.0283675249124657,1.000375658303559,1.2564730427220687,0.7088699422554419,acceleration,114.2290174531656,95.16051049614721,11890.328814663579,17.094848590930695,16.87536584137462
bottom,middle,2,parameterized,notebook,snopt,all,True,0.0,0.5,674306801,True,0.48319125175476074,53,0.9752819538116455,20,20,6.83806410285292,,8.237501309708875,14.943682253571167,45.15635307551427,0.12139603532704524,0.6536509990692139,True,SolutionResult.kSolutionFound,1,0.644833209,0.4608491887763959,3.7962457961238405,7.388953956946981,23.17226887753972,1.0,1.0,0.0,0.0,,3.3034421795225706,1.00195436862622,1.3427844844850816,1.0532522504472346,acceleration,417.6238914724572,253.5014292406717,36428.17229754044,104.12877834661647,30.07613435502506
bottom,middle,2,cspace,notebook,snopt,all,True,0.0,0.5,674306801,True,0.48319125175476074,53,0.9752819538116455,20,20,6.83806410285292,,8.237501309708875,14.943682253571167,45.15635307551427,0.06691791106312,3.6261823177337646,True,SolutionResult.kSolutionFound,1,3.618562052,0.22432884187786475,2.2180063626030164,3.3522989333344193,11.158455095074713,0.998,0.998,0.0,0.0,,2.3233285399501473,1.000749862384602,1.2473951346373782,1.012327091927864,acceleration,364.41945934276777,225.83189510136623,32019.147156270083,82.39908661821241,28.785952673982145
bottom,middle,2,kinetic,notebook,snopt,all,True,0.0,0.5,674306801,True,0.48319125175476074,53,0.9752819538116455,20,20,6.83806410285292,,8.237501309708875,14.943682253571167,45.15635307551427,0.022145278170000032,4.0202836990356445,True,SolutionResult.kSolutionFound,1,4.014544781,0.368745220392138,3.554697312310565,5.774893588683142,16.651189366935707,1.0,1.0,0.0,0.0,,2.8545591451755494,1.0010989477602716,1.179760742847535,1.0336531804350435,acceleration,393.5668271395051,241.24602149136476,35348.156572321226,96.27630660227803,26.92185171828299
bottom,middle,2,parameterized,tight,snopt,all,True,0.0,0.5,674306801,True,0.48319125175476074,53,0.9752819538116455,20,20,6.83806410285292,,8.237501309708875,14.943682253571167,45.15635307551427,0.12139603532704524,9.36977243423462,True,SolutionResult.kSolutionFound,1,9.363813977,0.009942765470649033,0.08190354358659585,0.43200402413251743,1.6816627645249942,1.0,1.0,0.0,3.846921225836297e-05,,1.5512415220715012,1.0012354924592843,1.2838825225779504,0.8204674624378768,acceleration,113.39109139535299,94.84482259503406,15448.633963929133,20.98866292261041,14.284243532539055
bottom,middle,2,cspace,tight,snopt,all,True,0.0,0.5,674306801,True,0.48319125175476074,53,0.9752819538116455,20,20,6.83806410285292,,8.237501309708875,14.943682253571167,45.15635307551427,0.06691791106312,89.65303802490234,True,SolutionResult.kSolutionFound,3,89.645027705,0.015895689743108656,0.11851349357740425,0.23754013672236596,0.8573239569962706,1.0,1.0,0.0,0.0,,1.016975320408509,1.0004375962658059,1.2368799229152068,0.7254498676638235,acceleration,113.59365670328539,94.83940872437302,11819.819645732567,17.236947217152128,15.964841154247608
bottom,middle,2,kinetic,tight,snopt,all,True,0.0,0.5,674306801,True,0.48319125175476074,53,0.9752819538116455,20,20,6.83806410285292,,8.237501309708875,14.943682253571167,45.15635307551427,0.022145278170000032,88.5312271118164,True,SolutionResult.kSolutionFound,1,88.524984074,0.01914937159629896,0.12103462218664843,0.24127835501222034,0.8647157849766999,1.0,1.0,0.0,0.0,,1.0163066870876827,1.0005717337518691,1.2376372593941112,0.6981648317957733,acceleration,112.31177124662537,94.13613216365626,11595.634751148109,17.19821517329551,14.903443641232899
middle,bottom,5,parameterized,notebook,snopt,all,True,0.0,0.5,1087232320,True,0.288562536239624,36,1.005319595336914,13,13,3.7893171975008024,,5.530084740301406,9.547084393644596,34.86714016583017,0.18082905542338887,2.4662585258483887,True,SolutionResult.kSolutionFound,1,2.458307155,0.3642139002287855,2.0141337318608685,3.760064139371624,14.114334810596914,1.0,1.0,0.0,0.0,,2.11590297754334,1.0018087607769577,1.044039771066312,0.7803308617945934,acceleration,296.128448199211,115.72176392386831,27601.57216061299,66.87724905404707,25.255326090000853
middle,bottom,5,cspace,notebook,snopt,all,True,0.0,0.5,1087232320,True,0.288562536239624,36,1.005319595336914,13,13,3.7893171975008024,,5.530084740301406,9.547084393644596,34.86714016583017,0.10474402013935172,4.560930967330933,True,SolutionResult.kSolutionFound,1,4.553552155,0.15633991812890566,0.8706734860637244,1.492590392472149,6.9860480853852565,0.998,0.998,0.0,0.0,,1.7625331477416433,1.0005519019565277,1.1536287602353448,0.8154702941367092,acceleration,210.56527819560463,70.9152025078425,24631.735123768503,46.332135571299936,20.191588691974516
middle,bottom,5,kinetic,notebook,snopt,all,True,0.0,0.5,1087232320,True,0.288562536239624,36,1.005319595336914,13,13,3.7893171975008024,,5.530084740301406,9.547084393644596,34.86714016583017,0.028680298849975683,5.9297096729278564,True,SolutionResult.kSolutionFound,1,5.921700298,0.2224604033965352,1.2136916001406175,2.012687154823507,7.756558066574115,1.0,1.0,0.0,0.0,,1.7679819848469673,1.0004891368287008,1.1366020503272491,0.9371492358017562,acceleration,227.65439062483438,80.2500591653805,24712.64431754961,49.85141218610487,22.811262587112527
middle,bottom,5,parameterized,tight,snopt,all,True,0.0,0.5,1087232320,True,0.288562536239624,36,1.005319595336914,13,13,3.7893171975008024,,5.530084740301406,9.547084393644596,34.86714016583017,0.18082905542338887,5.4252400398254395,True,SolutionResult.kSolutionFound,1,5.416839921,0.0237817207594184,0.13151493106977058,0.7150661084715428,2.741104451508643,1.0,1.0,0.0,5.427147033287838e-05,,1.54862778527809,1.0005282346655682,1.1719791047039831,0.7554039599234216,acceleration,112.06613431003788,20.68549461643714,15369.532837204135,20.67108841016607,14.865156151227652
middle,bottom,5,cspace,tight,snopt,all,True,0.0,0.5,1087232320,True,0.288562536239624,36,1.005319595336914,13,13,3.7893171975008024,,5.530084740301406,9.547084393644596,34.86714016583017,0.10474402013935172,37.834434270858765,True,SolutionResult.kSolutionFound,1,37.825121112,0.04117533935856343,0.19796525248581295,0.3931044397931609,1.4131731518536552,1.0,1.0,0.0,0.0,,1.0116456413816086,1.0003798724513835,1.1285387494565526,0.7427194689493113,acceleration,111.12339703694704,20.07409084754279,11360.060174325947,17.340947525228785,13.935343674499194
middle,bottom,5,kinetic,tight,snopt,all,True,0.0,0.5,1087232320,True,0.288562536239624,36,1.005319595336914,13,13,3.7893171975008024,,5.530084740301406,9.547084393644596,34.86714016583017,0.028680298849975683,40.074283599853516,True,SolutionResult.kSolutionFound,1,40.069040185,0.040829611979340034,0.20033451251837125,0.39913482819082613,1.4236118038001078,1.0,1.0,0.0,0.0,,1.0219219559948278,1.000371247252793,1.1295489961302605,0.7671340362697617,acceleration,110.11264328594015,19.68546407714358,11263.67427635172,17.220732415900912,13.46711289270274
bottom,top,3,parameterized,notebook,snopt,all,True,0.0,0.5,1945464198,True,0.3344128131866455,42,0.7413485050201416,18,18,5.788956743331754,,3.876864411182121,8.80714271503479,31.222427297809386,0.25794041110018684,1.7503323554992676,True,SolutionResult.kSolutionFound,1,1.739781615,0.1458999148188916,0.5656341873558639,3.389905089732346,13.582400532597203,1.0,1.0,0.0,3.428924418136248e-05,,3.314800950642181,1.0021735927069007,1.1826378763044416,0.6928557225879902,acceleration,311.7632527322969,234.78990612420938,31993.468413868108,68.34605967174937,20.93901376066308
bottom,top,3,cspace,notebook,snopt,all,True,0.0,0.5,1945464198,True,0.3344128131866455,42,0.7413485050201416,18,18,5.788956743331754,,3.876864411182121,8.80714271503479,31.222427297809386,0.11354420296753984,6.423706769943237,True,SolutionResult.kSolutionFound,1,6.415648568,0.1954356495137661,0.9492584071277872,1.7212296568732572,7.3881416005500915,0.996,0.996,0.0,0.0,,2.06876623952124,1.000727850944946,1.225213773218479,0.9462180316636818,acceleration,288.95773638753826,222.69719732394336,28808.812127980582,60.234439159365984,23.711573013926884
bottom,top,3,kinetic,notebook,snopt,all,True,0.0,0.5,1945464198,True,0.3344128131866455,42,0.7413485050201416,18,18,5.788956743331754,,3.876864411182121,8.80714271503479,31.222427297809386,0.03202825938104311,4.916313886642456,True,SolutionResult.kSolutionFound,1,4.909938982,0.2794759128299584,1.3747889639418398,2.5733475379154904,8.725916369822292,0.992,0.992,0.0,0.0,,2.037163124759859,1.000453765997997,1.2059103783678349,1.0124582595573401,acceleration,305.9433551196198,232.8876812506277,27709.983806219527,70.91626078920544,28.015953226300848
bottom,top,3,parameterized,tight,snopt,all,True,0.0,0.5,1945464198,True,0.3344128131866455,42,0.7413485050201416,18,18,5.788956743331754,,3.876864411182121,8.80714271503479,31.222427297809386,0.25794041110018684,4.547000169754028,True,SolutionResult.kSolutionFound,1,4.541817666,0.11457724960111942,0.4442004613097108,2.688216510533316,11.049698121943543,1.0,1.0,0.0,1.0320596766977275e-05,,3.05905282511623,1.002434548726864,1.2657367330755416,0.7102480585154617,acceleration,294.08709190994693,224.0921478709919,28726.59028273771,60.350006443280925,21.36009606577113
bottom,top,3,cspace,tight,snopt,all,True,0.0,0.5,1945464198,True,0.3344128131866455,42,0.7413485050201416,18,18,5.788956743331754,,3.876864411182121,8.80714271503479,31.222427297809386,0.11354420296753984,134.7626736164093,True,SolutionResult.kSolutionFound,3,134.757462027,0.13640688171377494,0.6368073739640003,1.201354874566085,5.101678297601615,1.0,1.0,0.0,0.0,,1.7641287460400374,1.0007541232228019,1.1244363119096652,0.8599327168129193,acceleration,257.7101963204017,206.3646624974765,23241.07708703232,50.60804592774504,21.221532044840913
bottom,top,3,kinetic,tight,snopt,all,True,0.0,0.5,1945464198,True,0.3344128131866455,42,0.7413485050201416,18,18,5.788956743331754,,3.876864411182121,8.80714271503479,31.222427297809386,0.03202825938104311,50.11086130142212,True,SolutionResult.kSolutionFound,3,50.105057038,0.149869262045828,0.7062152986798872,1.2458311026434161,4.679282138402208,1.0,1.0,0.0,0.0,,1.6192217122712622,1.0007927914691472,1.1116591507869178,0.7617380957811479,acceleration,259.90582136238777,207.6959917781018,21946.31154163304,52.08465188226603,25.54854527852522
middle,bottom,1,parameterized,notebook,snopt,all,True,0.0,0.5,1201675609,True,0.2868928909301758,38,0.9469788074493408,17,17,4.3529644038932584,,2.474295196682986,5.839731137202929,23.20792858555339,0.40415549500342135,1.2581937313079834,True,SolutionResult.kSolutionFound,1,1.251319088,0.2918204228457787,0.722049870541309,2.0710156316363015,8.961671939124615,1.0,1.0,0.0,0.0,,2.445178435435013,1.0008812709666743,1.0601135244426672,0.6982517243665851,acceleration,259.74499126387633,96.36173564778454,27527.264118009996,55.03949144634757,23.962640786358794
middle,bottom,1,cspace,notebook,snopt,all,True,0.0,0.5,1201675609,True,0.2868928909301758,38,0.9469788074493408,17,17,4.3529644038932584,,2.474295196682986,5.839731137202929,23.20792858555339,0.1712407603201699,2.4093666076660156,True,SolutionResult.kSolutionFound,1,2.401967401,0.2687733191752845,0.9393327258358066,1.5695639208372905,6.542533965618014,1.0,1.0,0.0,0.0,,1.8482789356040692,1.0004799170030203,1.1604438725936026,0.8384603654912992,acceleration,281.6162401233869,106.88151716809581,25255.76553760684,55.17638815785493,24.363871081214608
middle,bottom,1,kinetic,notebook,snopt,all,True,0.0,0.5,1201675609,True,0.2868928909301758,38,0.9469788074493408,17,17,4.3529644038932584,,2.474295196682986,5.839731137202929,23.20792858555339,0.0430887227316998,2.8562679290771484,True,SolutionResult.kSolutionFound,1,2.849686199,0.28528627391597927,1.0559733034076961,1.781916773199912,6.620903471480668,1.0,1.0,0.0,0.0,,1.8846875842223123,1.000643761370624,1.1746384346005971,0.9081797191274621,acceleration,287.7417423090478,110.80542462784214,26160.63704477255,54.981058254405966,25.660808537422618
middle,bottom,1,parameterized,tight,snopt,all,True,0.0,0.5,1201675609,True,0.2868928909301758,38,0.9469788074493408,17,17,4.3529644038932584,,2.474295196682986,5.839731137202929,23.20792858555339,0.40415549500342135,8.781910419464111,True,SolutionResult.kSolutionFound,1,8.775608144,0.04054341667619538,0.1003163811390273,0.5294329908576128,2.048156578210801,1.0,1.0,0.0,5.145203672007881e-05,,1.5248831672704006,1.000992444771746,1.2249278791304956,0.7377529407506497,acceleration,111.5657270736669,20.462024026990633,15242.966747026861,20.950417250352665,15.509188230058616
middle,bottom,1,cspace,tight,snopt,all,True,0.0,0.5,1201675609,True,0.2868928909301758,38,0.9469788074493408,17,17,4.3529644038932584,,2.474295196682986,5.839731137202929,23.20792858555339,0.1712407603201699,64.38030314445496,True,SolutionResult.kSolutionFound,1,64.375192852,0.05123154429466867,0.15144489984402754,0.2991784444245676,1.081851105036921,1.0,1.0,0.0,0.0,,1.0071468238220977,1.0006435145041819,1.1871296493617385,0.8322190551961086,acceleration,111.12609006413163,20.210323503855,11426.285600971489,17.481912191393285,13.889495654493803
middle,bottom,1,kinetic,tight,snopt,all,True,0.0,0.5,1201675609,True,0.2868928909301758,38,0.9469788074493408,17,17,4.3529644038932584,,2.474295196682986,5.839731137202929,23.20792858555339,0.0430887227316998,62.39188528060913,True,SolutionResult.kSolutionFound,1,62.386758011,0.046403868095619485,0.15103991081594176,0.30077789454903037,1.0769376568565763,1.0,1.0,0.0,0.0,,1.0179602031636183,1.0006548099322952,1.1882667540209633,0.9064125386714398,acceleration,111.1236928744174,20.066756913968227,11379.094721497422,17.36603323214682,12.967207689913577
bottom,top,6,parameterized,notebook,snopt,all,True,0.0,0.5,60791049,True,0.2816743850708008,38,0.7317929267883301,18,18,5.49045894538302,,1.852256460262831,6.251276344699553,26.2689665364841,0.5398820419598387,1.5533924102783203,True,SolutionResult.kSolutionFound,1,1.543419994,0.3849432033872714,0.7130135353083382,3.5092960776023054,14.333765442894444,1.0,1.0,0.0,0.0,,3.057651535467199,1.0023256887485221,1.1843203242302514,0.7130615784598174,acceleration,313.8842690126677,235.09222976394602,29057.303589313422,64.34665698234585,26.082446123333167
bottom,top,6,cspace,notebook,snopt,all,True,0.0,0.5,60791049,True,0.2816743850708008,38,0.7317929267883301,18,18,5.49045894538302,,1.852256460262831,6.251276344699553,26.2689665364841,0.1599673322469416,2.970238208770752,True,SolutionResult.kSolutionFound,1,2.960782102,0.2771552152320869,0.9241675038348734,1.7325738407904583,7.093395479871975,0.994,0.994,0.0,0.0,,1.9375832895545564,1.0004236238628526,1.2063150912693934,0.8217027327506452,acceleration,298.103998475892,226.81024435636868,24260.72528972829,56.18393479407776,23.474083491099737
bottom,top,6,kinetic,notebook,snopt,all,True,0.0,0.5,60791049,True,0.2816743850708008,38,0.7317929267883301,18,18,5.49045894538302,,1.852256460262831,6.251276344699553,26.2689665364841,0.038067732836430127,3.9189791679382324,True,SolutionResult.kSolutionFound,1,3.911867323,0.26894890287652684,1.118765867759097,1.9461249807404952,7.065009729687595,0.994,0.994,0.0,0.0,,1.8694023180674264,1.0008348059389345,1.1851036687785577,0.9705633470916526,acceleration,305.116931323221,230.67339948339276,23665.5952240463,57.84384489069491,30.807847140551047
bottom,top,6,parameterized,tight,snopt,all,True,0.0,0.5,60791049,True,0.2816743850708008,38,0.7317929267883301,18,18,5.49045894538302,,1.852256460262831,6.251276344699553,26.2689665364841,0.5398820419598387,9.30265474319458,True,SolutionResult.kSolutionFound,1,9.296616732,0.2423838399682998,0.44895703344458887,2.602219203665457,10.617946448544796,1.0,1.0,0.0,2.7568314616033263e-05,,2.9632118033506987,1.0019991556362775,1.3659631660817717,0.705110897597454,acceleration,289.6683961942601,222.65814159283363,27758.517645635286,59.43359655593339,20.650498209254483
bottom,top,6,cspace,tight,snopt,all,True,0.0,0.5,60791049,True,0.2816743850708008,38,0.7317929267883301,18,18,5.49045894538302,,1.852256460262831,6.251276344699553,26.2689665364841,0.1599673322469416,109.45869970321655,True,SolutionResult.kSolutionFound,1,109.453414945,0.19427638579763631,0.6429021355315176,1.2144753748704882,5.115870879462054,0.996,0.996,0.0,0.0,,1.7264526689595991,1.0005515874181445,1.114152155301585,0.8325890933966513,acceleration,263.07645751994266,209.49410879304793,22141.091487657217,50.56510595146507,24.075304618332414
bottom,top,6,kinetic,tight,snopt,all,True,0.0,0.5,60791049,True,0.2816743850708008,38,0.7317929267883301,18,18,5.49045894538302,,1.852256460262831,6.251276344699553,26.2689665364841,0.038067732836430127,113.78266191482544,True,SolutionResult.kSolutionFound,3,113.776975409,0.17655113788947138,0.6558927096686933,1.232618467188091,4.637815933196715,1.0,1.0,0.0,0.0,,1.6053443289631852,1.0005852645352027,1.038522161669995,0.8564304619782899,acceleration,267.0570775099951,211.26658059966084,19469.52858478724,51.37355376372031,27.231377913108506
middle,bottom,9,parameterized,notebook,snopt,all,True,0.0,0.5,1232835947,True,0.09336566925048828,28,0.518024206161499,12,12,3.0266709245093315,,2.763967159217897,5.654108543375072,17.962444524996528,0.36179879947740184,1.0642292499542236,True,SolutionResult.kSolutionFound,1,1.05916366,0.24295753095727762,0.671526636650583,1.9484643678237692,7.270371985167366,1.0,1.0,0.0,0.0,,1.665315996841326,1.0011479488974955,1.0002948434301475,1.1979625463506591,torque,242.55196225464778,87.48436459572909,20947.026603739025,43.10976452943841,33.38208974481147
middle,bottom,9,cspace,notebook,snopt,all,True,0.0,0.5,1232835947,True,0.09336566925048828,28,0.518024206161499,12,12,3.0266709245093315,,2.763967159217897,5.654108543375072,17.962444524996528,0.17686254027997067,3.8674299716949463,True,SolutionResult.kSolutionFound,1,3.862112194,0.14236831674166484,0.389291904788708,0.8049659159949754,3.3621511830434616,1.0,1.0,0.0,0.0,,1.2952175601088876,1.000439116179382,1.1287672014560681,1.0151890890663897,acceleration,154.65002737019287,42.554311021343935,16745.71606844472,30.195192096860254,22.28570834993115
middle,bottom,9,kinetic,notebook,snopt,all,True,0.0,0.5,1232835947,True,0.09336566925048828,28,0.518024206161499,12,12,3.0266709245093315,,2.763967159217897,5.654108543375072,17.962444524996528,0.05567170986156147,3.7568418979644775,True,SolutionResult.kSolutionFound,1,3.750210664,0.2627537796177947,0.8794771154632979,1.5139736509872597,4.719700190117802,1.0,1.0,0.0,0.0,,1.2531609441539524,1.0004026161507482,1.0634046797469014,1.0582943827244056,acceleration,236.19906067165527,84.91841201926103,18609.51867623163,41.26176827446784,33.13215165435821
middle,bottom,9,parameterized,tight,snopt,all,True,0.0,0.5,1232835947,True,0.09336566925048828,28,0.518024206161499,12,12,3.0266709245093315,,2.763967159217897,5.654108543375072,17.962444524996528,0.36179879947740184,4.386837959289551,True,SolutionResult.kSolutionFound,1,4.381323458,0.05203246149137629,0.1438160147754374,0.7980046134122913,3.047882694696373,1.0,1.0,0.0,2.154012873401001e-05,,1.5481675826205108,1.000465006354874,1.1686168561336947,0.7765477605354463,acceleration,113.07834085793695,21.16613379010107,15202.460064646759,20.65315633103033,13.97767417819799
middle,bottom,9,cspace,tight,snopt,all,True,0.0,0.5,1232835947,True,0.09336566925048828,28,0.518024206161499,12,12,3.0266709245093315,,2.763967159217897,5.654108543375072,17.962444524996528,0.17686254027997067,30.58470916748047,True,SolutionResult.kSolutionFound,1,30.579382407,0.07522914332628874,0.2143589064422321,0.4253537419919569,1.5266931848004088,1.0,1.0,0.0,0.0,,1.01100718208092,1.0003041800835584,1.1156698005648107,0.6736351394271395,acceleration,110.85737206236054,20.007830432218263,11333.337901052542,17.31360069618171,14.524177039253374
middle,bottom,9,kinetic,tight,snopt,all,True,0.0,0.5,1232835947,True,0.09336566925048828,28,0.518024206161499,12,12,3.0266709245093315,,2.763967159217897,5.654108543375072,17.962444524996528,0.05567170986156147,32.65681743621826,True,SolutionResult.kSolutionFound,3,32.651401149,0.08464083655176587,0.21151992289243526,0.427461013756148,1.5203563311103923,1.0,1.0,0.0,0.0,,1.0291982194082925,1.0003088393814987,1.1156148744207703,0.659353577326697,acceleration,109.99198208774646,19.549827918589365,11251.860413503366,17.025019478823157,13.8829058605502
middle,bottom,8,parameterized,notebook,snopt,all,True,0.0,0.5,1048356349,True,0.30741262435913086,43,0.7288239002227783,14,14,4.061596455825275,,3.4904423638538207,7.437484570993336,27.935827565133433,0.28649663731902836,2.498350143432617,True,SolutionResult.kSolutionFound,1,2.492711938,0.1901157965739756,0.6635882303996172,2.090180913248483,8.312112279480436,1.0,1.0,0.0,0.0,,2.0647093357963198,1.001312188308532,1.1362519984045127,0.707790863472137,acceleration,235.6268105421312,84.34323192781753,22989.591850981513,44.511610566343656,20.573500875753364
middle,bottom,8,cspace,notebook,snopt,all,True,0.0,0.5,1048356349,True,0.30741262435913086,43,0.7288239002227783,14,14,4.061596455825275,,3.4904423638538207,7.437484570993336,27.935827565133433,0.1344540604359791,1.7957918643951416,True,SolutionResult.kSolutionFound,1,1.79056371,0.2725632283414611,1.2297509502842874,2.0271848054097505,7.107227844197884,1.0,1.0,0.0,0.0,,1.7885672032512356,1.0011388927938705,1.117629325808777,0.6448605658623532,acceleration,266.46017421488364,100.61264700192373,21622.1363172835,52.30779758553717,28.7374591344347
middle,bottom,8,kinetic,notebook,snopt,all,True,0.0,0.5,1048356349,True,0.30741262435913086,43,0.7288239002227783,14,14,4.061596455825275,,3.4904423638538207,7.437484570993336,27.935827565133433,0.03579632633643884,1.5980408191680908,True,SolutionResult.kSolutionFound,1,1.59276425,0.2989705654007832,1.704398187339939,2.6803987443873836,8.351990162086727,1.0,1.0,0.0,0.0,,1.901237394257718,1.0003818259896697,1.1616188361997013,0.82630585547113,acceleration,288.1498398941075,111.68349086124749,22981.14249593786,53.26322243202993,27.9104559941043
middle,bottom,8,parameterized,tight,snopt,all,True,0.0,0.5,1048356349,True,0.30741262435913086,43,0.7288239002227783,14,14,4.061596455825275,,3.4904423638538207,7.437484570993336,27.935827565133433,0.28649663731902836,5.688005447387695,True,SolutionResult.kSolutionFound,1,5.682615815,0.03587479852329447,0.12521891656042927,0.6706246671973566,2.567123582098486,1.0,1.0,0.0,6.376016617792857e-05,,1.5438978483860046,1.00064638202931,1.1778676498662142,0.749616823424316,acceleration,110.9720466828408,20.009309146589658,15350.15037773292,20.627682830678864,15.209168902596646
middle,bottom,8,cspace,tight,snopt,all,True,0.0,0.5,1048356349,True,0.30741262435913086,43,0.7288239002227783,14,14,4.061596455825275,,3.4904423638538207,7.437484570993336,27.935827565133433,0.1344540604359791,42.85704684257507,True,SolutionResult.kSolutionFound,1,42.850632165,0.0536660704029946,0.20399799978361646,0.3991405706081143,1.4329388291251801,1.0,1.0,0.0,0.0,,1.0135815850312195,1.0004854590236643,1.1428678488024815,0.7114585433672898,acceleration,111.16585922960661,20.104656707908674,11339.988210896805,17.573532973645708,13.645456485595883
middle,bottom,8,kinetic,tight,snopt,all,True,0.0,0.5,1048356349,True,0.30741262435913086,43,0.7288239002227783,14,14,4.061596455825275,,3.4904423638538207,7.437484570993336,27.935827565133433,0.03579632633643884,33.751357316970825,True,SolutionResult.kSolutionFound,1,33.745270977,0.050628056019769434,0.20162350879809832,0.39840668677530405,1.4143366429261945,1.0,1.0,0.0,0.0,,1.022934313684765,1.0005260666464961,1.143942600255282,0.8337169557535642,acceleration,111.52125125563929,20.231189654382582,11275.58497623714,17.553668616219383,13.65639881682751
middle,bottom,0,parameterized,notebook,snopt,all,True,0.0,0.5,816262607,True,0.28819918632507324,27,0.546750545501709,19,19,4.292570663246769,,2.224283686720811,4.543780245382948,14.983944406659015,0.449582940328204,0.8107473850250244,True,SolutionResult.kSolutionFound,1,0.805814937,0.36643465680586373,0.8150546293824199,1.735274510076361,5.815202677292834,1.0,1.0,0.0,0.0,,1.6356094998349733,1.0003258617103652,1.0012743747084698,1.1939301117216994,torque,248.09044511564394,91.40470326155602,21201.67926080214,56.502822193115435,31.03748564570025
middle,bottom,0,cspace,notebook,snopt,all,True,0.0,0.5,816262607,True,0.28819918632507324,27,0.546750545501709,19,19,4.292570663246769,,2.224283686720811,4.543780245382948,14.983944406659015,0.22008106598379748,4.057420015335083,True,SolutionResult.kSolutionFound,1,4.05227318,0.23858567374818834,0.6133879591006579,1.0840808712083994,3.8439210246193856,1.0,1.0,0.0,0.0,,1.5401201197424261,1.0006088095432728,1.1919526217473142,1.2257213950133181,torque,244.16110446722783,88.54421047683977,22002.185300866182,44.686903977803965,26.67404663975097
middle,bottom,0,kinetic,notebook,snopt,all,True,0.0,0.5,816262607,True,0.28819918632507324,27,0.546750545501709,19,19,4.292570663246769,,2.224283686720811,4.543780245382948,14.983944406659015,0.06673810132101064,5.288238286972046,True,SolutionResult.kSolutionFound,1,5.282963365,0.2212644257357673,0.5663413972675675,1.0076204039842822,3.31541385439607,1.0,1.0,0.0,0.0,,1.3422838445813183,1.0012038411530126,1.2636476351874295,1.068337289702788,acceleration,241.34521008481553,87.77357524354754,20449.83266073314,45.31622069060383,31.516409149431112
middle,bottom,0,parameterized,tight,snopt,all,True,0.0,0.5,816262607,True,0.28819918632507324,27,0.546750545501709,19,19,4.292570663246769,,2.224283686720811,4.543780245382948,14.983944406659015,0.449582940328204,8.46519660949707,True,SolutionResult.kSolutionFound,1,8.459788478,0.038783260288083245,0.0862649731766289,0.4512707783334421,1.74499233636104,1.0,1.0,0.0,5.588867439243472e-05,,1.5368189774428704,1.0011620584991245,1.264722318095054,0.7415479555284725,acceleration,112.08815162599583,20.5268932152795,15287.590094887539,20.824241074679502,14.915796267066668
middle,bottom,0,cspace,tight,snopt,all,True,0.0,0.5,816262607,True,0.28819918632507324,27,0.546750545501709,19,19,4.292570663246769,,2.224283686720811,4.543780245382948,14.983944406659015,0.22008106598379748,82.75386714935303,True,SolutionResult.kSolutionFound,3,82.748678448,0.05658596944074758,0.1294032496943115,0.25711421011071206,0.9260382908735703,1.0,1.0,0.0,0.0,,1.0161999384564073,1.0005491060514917,1.2185411522720901,0.716479491836686,acceleration,111.5602010870926,20.29786461017364,11434.425478443034,17.26154457456959,14.491957520556175
middle,bottom,0,kinetic,tight,snopt,all,True,0.0,0.5,816262607,True,0.28819918632507324,27,0.546750545501709,19,19,4.292570663246769,,2.224283686720811,4.543780245382948,14.983944406659015,0.06673810132101064,76.92500233650208,True,SolutionResult.kSolutionFound,3,76.919818224,0.061701220644263824,0.1284314258161806,0.2591447074291087,0.9245276599566511,1.0,1.0,0.0,0.0,,1.029666112026056,1.0007439088966124,1.2196193316980422,0.7129834904090777,acceleration,110.83305705933225,19.841741492483195,11371.546840691308,17.057387550798886,13.865248926666476
middle,bottom,3,parameterized,notebook,snopt,all,True,0.0,0.5,699300981,True,0.33359646797180176,31,0.7660040855407715,15,15,3.722248927889014,,3.903699361221895,7.73125168914266,31.34164163919005,0.2561672678827886,2.236416816711426,True,SolutionResult.kSolutionFound,1,2.229679273,0.13978010840566776,0.5456595198947312,1.9010348524244258,8.518152463189132,1.0,1.0,0.0,0.0,,2.1289342568453686,1.0014201779082081,1.2530619570719874,0.8527950810573206,acceleration,230.30638776362693,81.11582433379643,23811.795774074002,50.19116760880575,26.928343643069244
middle,bottom,3,cspace,notebook,snopt,all,True,0.0,0.5,699300981,True,0.33359646797180176,31,0.7660040855407715,15,15,3.722248927889014,,3.903699361221895,7.73125168914266,31.34164163919005,0.1293451617160963,3.2878782749176025,True,SolutionResult.kSolutionFound,1,3.282698036,0.23250301800188938,1.0305298705651842,1.797539350657874,7.089423717743731,1.0,1.0,0.0,0.0,,1.6571993508829739,1.0009830755585059,1.1012006394751317,0.947518233789466,acceleration,259.61010199913716,96.54171669910741,21966.97068352183,55.25858030502647,27.34476042763909
middle,bottom,3,kinetic,notebook,snopt,all,True,0.0,0.5,699300981,True,0.33359646797180176,31,0.7660040855407715,15,15,3.722248927889014,,3.903699361221895,7.73125168914266,31.34164163919005,0.03190643334871091,6.592808246612549,True,SolutionResult.kSolutionFound,1,6.587387636,0.22443436845753822,1.1160966206690044,1.9296326581198098,7.034141547714103,1.0,1.0,0.0,0.0,,1.6698771418957823,1.0006147668502525,1.1591324356867518,1.030611276384381,acceleration,266.70136691137134,100.63291981586161,22567.73788504299,55.705454814824385,28.01786790303818
middle,bottom,3,parameterized,tight,snopt,all,True,0.0,0.5,699300981,True,0.33359646797180176,31,0.7660040855407715,15,15,3.722248927889014,,3.903699361221895,7.73125168914266,31.34164163919005,0.2561672678827886,7.42933464050293,True,SolutionResult.kSolutionFound,1,7.423275558,0.029238252546491574,0.1141373477889806,0.5986723669556318,2.3107348357077466,1.0,1.0,0.0,8.0031141642678e-05,,1.5248379350819155,1.000738055776805,1.1954073818834494,0.74395686793915,acceleration,111.70840938327635,20.551834579876186,15170.501877613322,20.821458842936615,14.996266567591887
middle,bottom,3,cspace,tight,snopt,all,True,0.0,0.5,699300981,True,0.33359646797180176,31,0.7660040855407715,15,15,3.722248927889014,,3.903699361221895,7.73125168914266,31.34164163919005,0.1293451617160963,49.39573550224304,True,SolutionResult.kSolutionFound,1,49.390524573,0.04725674083999424,0.1878733411149364,0.36535375744258236,1.3112323806803379,1.0,1.0,0.0,0.0,,1.0166370696651748,1.0005488453177551,1.15754767039528,0.684529349524192,acceleration,110.8588181687877,20.163475958010046,11347.348843311367,17.555721206309343,13.994672172589015
middle,bottom,3,kinetic,tight,snopt,all,True,0.0,0.5,699300981,True,0.33359646797180176,31,0.7660040855407715,15,15,3.722248927889014,,3.903699361221895,7.73125168914266,31.34164163919005,0.03190643334871091,88.76466917991638,True,SolutionResult.kSolutionFound,1,88.75932322,0.0419570546331377,0.18763344240173052,0.3700699729305373,1.3150029705477206,1.0,1.0,0.0,0.0,,1.0216521385186104,1.0005526941185552,1.1582826939038025,0.8732630783408372,acceleration,111.59967198572492,20.4944212064051,11298.826475340202,17.635948973544004,13.63768692329738
bottom,top,0,parameterized,notebook,snopt,all,True,0.0,0.5,1794915388,True,0.38860249519348145,40,0.6218845844268799,25,25,6.194747370472466,,1.9570470616712254,5.9265147016340265,23.288710903762997,0.5109739155409209,1.5800979137420654,True,SolutionResult.kSolutionFound,1,1.569999571,0.4717625279700101,0.9232614691703035,2.7834958628364728,11.274038691237223,1.0,1.0,0.0,0.0,,2.9372109311260113,1.0014763886901468,1.3257756301129757,0.9801761538645287,acceleration,339.8975967978146,248.3211867817237,34326.96656324467,73.98378039234456,25.002880870111202
bottom,top,0,cspace,notebook,snopt,all,True,0.0,0.5,1794915388,True,0.38860249519348145,40,0.6218845844268799,25,25,6.194747370472466,,1.9570470616712254,5.9265147016340265,23.288710903762997,0.16873323535741597,4.477695465087891,True,SolutionResult.kSolutionFound,1,4.470107203,0.2199329567821657,0.7666304066901507,1.303435901743346,5.586620750878475,0.994,0.994,0.0,0.0,,2.13893256458967,1.0020976343682149,1.409915714526995,0.9544106982941442,acceleration,287.6358960207348,221.7087200961742,30114.59070041139,60.28879217356613,21.110643229483564
bottom,top,0,kinetic,notebook,snopt,all,True,0.0,0.5,1794915388,True,0.38860249519348145,40,0.6218845844268799,25,25,6.194747370472466,,1.9570470616712254,5.9265147016340265,23.288710903762997,0.04293925946061788,6.524433612823486,True,SolutionResult.kSolutionFound,1,6.517984671,0.21965933429813675,0.7717630664968109,1.3005419987689706,5.115582733782338,0.994,0.994,0.0,0.0,,2.0157741415589094,1.001889196373486,1.407100397415473,0.9642940115217045,acceleration,297.41683363222035,227.09375568197697,28957.29038867853,61.10747646826559,21.61921477441081
bottom,top,0,parameterized,tight,snopt,all,True,0.0,0.5,1794915388,True,0.38860249519348145,40,0.6218845844268799,25,25,6.194747370472466,,1.9570470616712254,5.9265147016340265,23.288710903762997,0.5109739155409209,10.704775333404541,True,SolutionResult.kSolutionFound,1,10.698941544,0.16049075608706537,0.31408796262558347,2.374098218501847,9.704963868096286,0.996,0.996,0.0,5.089134367919357e-05,,3.3782398162583513,1.004922395488163,1.0047623935729648,0.7100324300505108,velocity,305.5631430384517,230.87872482674206,31173.677713176512,63.374860302288965,21.4894646594286
bottom,top,0,cspace,tight,snopt,all,True,0.0,0.5,1794915388,True,0.38860249519348145,40,0.6218845844268799,25,25,6.194747370472466,,1.9570470616712254,5.9265147016340265,23.288710903762997,0.16873323535741597,178.4464647769928,True,SolutionResult.kSolutionFound,1,178.440889468,0.15008085559592457,0.47052319133037457,0.88945639712306,3.830582386700995,1.0,1.0,0.0,0.0,,1.8513188948567987,1.0012365295057735,1.2347405191405125,0.8628175666482594,acceleration,258.6119292315783,206.8174730590837,24973.912598734383,50.38078337443493,20.82536430714443
bottom,top,0,kinetic,tight,snopt,all,True,0.0,0.5,1794915388,True,0.38860249519348145,40,0.6218845844268799,25,25,6.194747370472466,,1.9570470616712254,5.9265147016340265,23.288710903762997,0.04293925946061788,58.64096975326538,False,SolutionResult.kSolverSpecificError,41,58.635107481,0.16355603551786704,0.55341559993352,0.964985123436204,3.809009227741199,1.0,1.0,0.0,0.0,,1.7921010629649385,1.0011499443044174,1.2956462151904893,0.981129296528065,acceleration,268.74195719948654,211.85513738953208,25531.80621294454,52.92958253692127,23.50832267534344
middle,top,9,parameterized,notebook,snopt,all,True,0.0,0.5,945657374,True,0.17394065856933594,28,0.7484939098358154,17,17,4.083392144736365,,1.6355347867186079,4.82756952813985,16.12178307895864,0.6114208075062172,2.341046094894409,True,SolutionResult.kSolutionFound,1,2.331960347,0.22769407089199967,0.3724015736734433,2.4456765734899086,9.85681635238203,0.998,0.998,0.0,1.759955023983295e-05,,3.031569151145912,1.0015816595549107,1.3016898841102433,0.6162562771236286,acceleration,236.24311389557408,159.22767317303277,27959.4148516913,50.36527620639086,14.52534131346404
middle,top,9,cspace,notebook,snopt,all,True,0.0,0.5,945657374,True,0.17394065856933594,28,0.7484939098358154,17,17,4.083392144736365,,1.6355347867186079,4.82756952813985,16.12178307895864,0.20714357280014528,2.979060411453247,True,SolutionResult.kSolutionFound,1,2.972835417,0.27112124251480224,0.7036926182317088,1.3088566487958737,4.5254313230835015,1.0,1.0,0.0,0.0,,1.5354299872604433,1.0001195405521992,1.145655751210882,0.7985418767765584,acceleration,247.9250696915872,165.33538931046593,21435.850479540473,48.08904066477817,30.33441209342472
middle,top,9,kinetic,notebook,snopt,all,True,0.0,0.5,945657374,True,0.17394065856933594,28,0.7484939098358154,17,17,4.083392144736365,,1.6355347867186079,4.82756952813985,16.12178307895864,0.0620278783743934,3.3269925117492676,True,SolutionResult.kSolutionFound,1,3.321876769,0.27919183767033745,0.7899071332181891,1.3993766524807119,4.501070244337012,0.998,0.998,0.0,0.0,,1.5000732413423934,1.0001857346270298,1.1928421053151548,0.9729637363834177,acceleration,254.31250468894368,168.51107361602936,20851.903936915798,49.07043349731809,30.93435216704845
middle,top,9,parameterized,tight,snopt,all,True,0.0,0.5,945657374,True,0.17394065856933594,28,0.7484939098358154,17,17,4.083392144736365,,1.6355347867186079,4.82756952813985,16.12178307895864,0.6114208075062172,4.419885635375977,True,SolutionResult.kSolutionFound,1,4.414508587,0.20512665703726102,0.3354917832677391,2.141381556714595,8.644557232417036,1.0,1.0,0.0,2.6975572273268966e-05,,2.756611076722537,1.0016793561151636,1.3667159814550929,0.6204965151587936,acceleration,220.6299099170679,151.00616521292497,26166.529051703816,48.48064672720096,15.071300573399679
middle,top,9,cspace,tight,snopt,all,True,0.0,0.5,945657374,True,0.17394065856933594,28,0.7484939098358154,17,17,4.083392144736365,,1.6355347867186079,4.82756952813985,16.12178307895864,0.20714357280014528,22.046103477478027,False,SolutionResult.kSolverSpecificError,41,22.040669553,0.1907921116599255,0.46789529278527864,0.9210621844589124,3.533434375031989,0.996,0.996,0.0,0.0,,1.5038340870791906,1.000636297664532,1.119250645048114,0.839821266601974,acceleration,204.97774083820474,142.73619591417904,20860.796476193063,39.963945318856354,24.448818502179396
middle,top,9,kinetic,tight,snopt,all,True,0.0,0.5,945657374,True,0.17394065856933594,28,0.7484939098358154,17,17,4.083392144736365,,1.6355347867186079,4.82756952813985,16.12178307895864,0.0620278783743934,21.74920654296875,False,SolutionResult.kSolverSpecificError,41,21.743043656,0.2071340628292258,0.4941470094811564,0.9412875837092053,3.339370429196169,1.0,1.0,0.0,0.0,,1.4602309876069168,1.00058190211013,1.1356156086889766,0.7728558936498398,acceleration,211.2636423107768,146.31851264155182,19469.20070538966,39.6357957889517,28.560174321036513
middle,bottom,6,parameterized,notebook,snopt,all,True,0.0,0.5,1506052346,True,0.2272663116455078,36,0.778491735458374,13,13,3.1586652563014948,,1.728786089733636,3.5874106350990482,14.525545530799203,0.5784405635483079,1.647655725479126,True,SolutionResult.kSolutionFound,1,1.641856393,0.19519984117286887,0.3374587701378729,1.4034955120541415,6.471710257718201,1.0,1.0,0.0,0.0,,1.9287997409249098,1.0008206112572733,1.164296748804384,0.7667570628244168,acceleration,179.1702150355111,55.48229219166333,22789.47820708817,37.312200508800665,19.508882543959924
middle,bottom,6,cspace,notebook,snopt,all,True,0.0,0.5,1506052346,True,0.2272663116455078,36,0.778491735458374,13,13,3.1586652563014948,,1.728786089733636,3.5874106350990482,14.525545530799203,0.2787525883477206,7.08437705039978,True,SolutionResult.kSolutionFound,1,7.067804451,0.2124120637645697,0.3678877964900078,0.7620092965723548,3.638262403327904,1.0,1.0,0.0,0.0,,1.3599241941453328,1.0006292976336288,1.1475698782453019,0.6869263184998505,acceleration,150.2680084397221,40.2942814577419,18668.56026281701,33.42991949139334,19.150139422619127
middle,bottom,6,kinetic,notebook,snopt,all,True,0.0,0.5,1506052346,True,0.2272663116455078,36,0.778491735458374,13,13,3.1586652563014948,,1.728786089733636,3.5874106350990482,14.525545530799203,0.06884423017914561,4.87450647354126,True,SolutionResult.kSolutionFound,1,4.86923351,0.3191016226480926,0.6527285353199079,1.170606387193525,4.635125148726775,1.0,1.0,0.0,0.0,,1.4770745903112361,1.0004960783244263,1.135601502146266,0.6676542597039138,acceleration,190.0522657424787,60.8965599038823,20439.794191177512,38.89163627060336,19.842827442315247
middle,bottom,6,parameterized,tight,snopt,all,True,0.0,0.5,1506052346,True,0.2272663116455078,36,0.778491735458374,13,13,3.1586652563014948,,1.728786089733636,3.5874106350990482,14.525545530799203,0.5784405635483079,4.93147349357605,True,SolutionResult.kSolutionFound,1,4.925435629,0.07613078872463379,0.13161384854759967,0.6980589719620698,2.67966960498833,1.0,1.0,0.0,5.283673379929965e-05,,1.522758300290341,1.000515664457614,1.1697004210185686,0.7421815249265993,acceleration,111.76845205081757,20.411902422141317,15171.996833757406,20.807764754513755,15.304539186565714
middle,bottom,6,cspace,tight,snopt,all,True,0.0,0.5,1506052346,True,0.2272663116455078,36,0.778491735458374,13,13,3.1586652563014948,,1.728786089733636,3.5874106350990482,14.525545530799203,0.2787525883477206,111.20642018318176,True,SolutionResult.kSolutionFound,1,111.201045111,0.10742259392798498,0.19301520747286383,0.38536895590717984,1.385417827157463,1.0,1.0,0.0,0.0,,1.012189042212756,1.0003489200453535,1.1297743387351633,0.7737098821583025,acceleration,111.13149075309259,20.119221549885538,11336.432411165872,17.297428440995134,14.400087585745897
middle,bottom,6,kinetic,tight,snopt,all,True,0.0,0.5,1506052346,True,0.2272663116455078,36,0.778491735458374,13,13,3.1586652563014948,,1.728786089733636,3.5874106350990482,14.525545530799203,0.06884423017914561,37.08146834373474,True,SolutionResult.kSolutionFound,1,37.075794711,0.09569556890297076,0.1954776662252096,0.39041435532973606,1.3900303431958339,1.0,1.0,0.0,0.0,,1.02225886072065,1.0003585565139776,1.1319599936112672,0.7624410707853702,acceleration,109.6986179855461,19.405310663160755,11186.916973031117,17.109142517872385,13.479772947259756
middle,bottom,7,parameterized,notebook,snopt,all,True,0.0,0.5,784578668,True,0.29038453102111816,33,0.9165019989013672,18,18,4.402976125286693,,2.880603511955254,4.609370680221314,18.020036633700425,0.34714947609059693,1.37351655960083,True,SolutionResult.kSolutionFound,1,1.367019346,0.40955958680875787,1.1797787841162528,2.033961104749553,7.8599557928666925,1.0,1.0,0.0,0.0,,1.9033802960748,1.000681009397265,1.2388878291254997,0.8944918241997044,acceleration,277.8002839418276,106.65111277678899,25075.689291941642,61.89688917462289,27.367303162029174
middle,bottom,7,cspace,notebook,snopt,all,True,0.0,0.5,784578668,True,0.29038453102111816,33,0.9165019989013672,18,18,4.402976125286693,,2.880603511955254,4.609370680221314,18.020036633700425,0.21694935586130515,1.7088110446929932,True,SolutionResult.kSolutionFound,1,1.703856324,0.4155040722176053,1.2091279751440236,1.9152122879923894,7.194982391991227,1.0,1.0,0.0,0.0,,1.8649068742324904,1.0004063244192305,1.1850038276512433,0.93417164590835,acceleration,260.74759425425486,97.37813214403681,24003.171806636296,58.84419876730859,26.167159158402587
middle,bottom,7,kinetic,notebook,snopt,all,True,0.0,0.5,784578668,True,0.29038453102111816,33,0.9165019989013672,18,18,4.402976125286693,,2.880603511955254,4.609370680221314,18.020036633700425,0.05549378285557067,3.897864818572998,True,SolutionResult.kSolutionFound,1,3.889189167,0.2563302851337529,0.7452436559352384,1.2875141707920814,4.619081128437103,1.0,1.0,0.0,0.0,,1.5364008595899479,1.000412746854428,1.1666341910353144,0.8095137697042591,acceleration,265.592811640277,100.51259103624241,22159.418336084716,51.20816754551535,28.276555230016555
middle,bottom,7,parameterized,tight,snopt,all,True,0.0,0.5,784578668,True,0.29038453102111816,33,0.9165019989013672,18,18,4.402976125286693,,2.880603511955254,4.609370680221314,18.020036633700425,0.34714947609059693,7.709002733230591,True,SolutionResult.kSolutionFound,1,7.703432484,0.03193115884999663,0.09198100832409993,0.4765661219835987,1.8431375082288923,1.0,1.0,0.0,7.643404233848017e-05,,1.5279096122914744,1.0010659089026197,1.2454567840621948,0.7426063884133408,acceleration,111.74397959826348,20.364501889382815,15213.156122256265,20.81874963473942,14.966851826248092
middle,bottom,7,cspace,tight,snopt,all,True,0.0,0.5,784578668,True,0.29038453102111816,33,0.9165019989013672,18,18,4.402976125286693,,2.880603511955254,4.609370680221314,18.020036633700425,0.21694935586130515,66.15994095802307,True,SolutionResult.kSolutionFound,1,66.153820613,0.06215031501825731,0.14523552973295617,0.2864738398116737,1.029699841529432,1.0,1.0,0.0,0.0,,1.0176155866586736,1.0006992788457645,1.2027294195665579,0.7096605398631914,acceleration,111.12566355760164,20.254214139459464,11406.93739895753,17.337702610868924,13.978931021386813
middle,bottom,7,kinetic,tight,snopt,all,True,0.0,0.5,784578668,True,0.29038453102111816,33,0.9165019989013672,18,18,4.402976125286693,,2.880603511955254,4.609370680221314,18.020036633700425,0.05549378285557067,72.86530232429504,True,SolutionResult.kSolutionFound,1,72.860197492,0.05859827866423218,0.14972631613760554,0.29593708149087544,1.0559431282012501,1.0,1.0,0.0,0.0,,1.0213007344571656,1.0007574776108228,1.203641631494416,0.8703920753597025,acceleration,111.87956593388779,20.61999768093142,11349.84387186242,17.51082080369931,13.35483313526037
middle,top,4,parameterized,notebook,snopt,all,True,0.0,0.5,1189931683,True,0.21694183349609375,25,0.6961410045623779,16,16,4.764084484310403,,1.253168083636025,5.001948057844432,20.01970822854421,0.7979775522997151,2.83842134475708,True,SolutionResult.kSolutionFound,1,2.831789485,0.28536111306056894,0.3576054391983554,2.46801196693363,9.93127498229159,1.0,1.0,0.0,1.1524988194455688e-05,,2.871108519121811,1.0017705641135124,1.295053416626641,0.636173963608165,acceleration,220.73132196481924,151.27910995562146,26624.671361947756,49.055359885872036,13.790811933564822
middle,top,4,cspace,notebook,snopt,all,True,0.0,0.5,1189931683,True,0.21694183349609375,25,0.6961410045623779,16,16,4.764084484310403,,1.253168083636025,5.001948057844432,20.01970822854421,0.19992210803383387,4.961977481842041,True,SolutionResult.kSolutionFound,1,4.956749362,0.21559245385361592,0.5341579304782047,1.0783822558390095,4.158501614661635,1.0,1.0,0.0,0.0,,1.5666569029997315,1.0004234226049793,1.1288958054144724,0.8386454387979454,acceleration,212.26534827920872,146.5175919941006,21786.310076692236,41.26468296824911,24.056496981078794
middle,top,4,kinetic,notebook,snopt,all,True,0.0,0.5,1189931683,True,0.21694183349609375,25,0.6961410045623779,16,16,4.764084484310403,,1.253168083636025,5.001948057844432,20.01970822854421,0.04995077793262713,0.5729930400848389,True,SolutionResult.kSolutionFound,1,0.565717197,0.7214194757243204,1.209618824881164,3.857171625214282,14.44260741439023,1.0,1.0,0.0,0.0,,2.6688912596214913,1.007666821105715,1.6877195402701628,0.7722449922471315,acceleration,254.5914287925292,168.4711384295324,28345.658056477056,49.95034027609091,19.71810993744224
middle,top,4,parameterized,tight,snopt,all,True,0.0,0.5,1189931683,True,0.21694183349609375,25,0.6961410045623779,16,16,4.764084484310403,,1.253168083636025,5.001948057844432,20.01970822854421,0.7979775522997151,4.432325839996338,True,SolutionResult.kSolutionFound,1,4.426618722,0.28524848440679024,0.35746429656413925,2.4397296115907174,9.822219997772777,1.0,1.0,0.0,3.936245311386699e-05,,2.8492706185187755,1.001733243744908,1.3079700174263722,0.6436627747907506,acceleration,220.59671133793614,151.19000578253124,26476.793057941897,48.94592145052816,14.01231098145959
middle,top,4,cspace,tight,snopt,all,True,0.0,0.5,1189931683,True,0.21694183349609375,25,0.6961410045623779,16,16,4.764084484310403,,1.253168083636025,5.001948057844432,20.01970822854421,0.19992210803383387,34.15155053138733,True,SolutionResult.kSolutionFound,3,34.14308622,0.2002161296372133,0.5048151142946455,1.0014706807879883,3.8744747111816484,1.0,1.0,0.0,0.0,,1.5037100664034044,1.000627466961848,1.0928968175318592,0.8006828301190541,acceleration,206.88327473904687,144.23625471936657,21098.471536110184,40.28537628601235,24.404933407941417
middle,top,4,kinetic,tight,snopt,all,True,0.0,0.5,1189931683,True,0.21694183349609375,25,0.6961410045623779,16,16,4.764084484310403,,1.253168083636025,5.001948057844432,20.01970822854421,0.04995077793262713,54.78399586677551,True,SolutionResult.kSolutionFound,1,54.778932424,0.1807365725962761,0.5698982394328959,1.0325422572232312,3.618293449604548,1.0,1.0,0.0,0.0,,1.4160440647768588,1.0005538882060094,1.0695712317732036,0.6861933369179449,acceleration,209.17339313909002,145.55998149591295,20240.443910315254,40.91730516159807,26.440459328954528
middle,top,0,parameterized,notebook,snopt,all,True,0.0,0.5,1098985146,True,0.13644766807556152,32,0.5634479522705078,15,15,3.9447560155247627,,1.7292158989157436,4.252254513992814,15.837825487300853,0.5782967879412987,6.403761386871338,True,SolutionResult.kSolutionFound,1,6.398621673,0.23995618677878705,0.4149360532210788,2.175431622513291,8.870582228282546,0.998,0.998,0.0,0.0,,2.46493221895827,1.0012746681437532,1.122408312784687,0.5880468776544417,acceleration,205.89863975032722,143.59081085386038,24762.387382733446,47.28628832507043,17.256246984822727
middle,top,0,cspace,notebook,snopt,all,True,0.0,0.5,1098985146,True,0.13644766807556152,32,0.5634479522705078,15,15,3.9447560155247627,,1.7292158989157436,4.252254513992814,15.837825487300853,0.2351693664406302,4.45826530456543,True,SolutionResult.kSolutionFound,1,4.453171855,0.28316096192815676,0.6026416650704864,1.2040724785455528,4.773203750476344,0.996,0.996,0.0,0.0,,1.6430372423594621,1.0006004845229577,1.1473626870248748,0.765252036004369,acceleration,200.90280424856326,141.09966337876247,20859.985097640107,40.43529903987862,20.865863061589554
middle,top,0,kinetic,notebook,snopt,all,True,0.0,0.5,1098985146,True,0.13644766807556152,32,0.5634479522705078,15,15,3.9447560155247627,,1.7292158989157436,4.252254513992814,15.837825487300853,0.06313998097793311,3.8956544399261475,True,SolutionResult.kSolutionFound,1,3.890314409,0.2921516098605897,0.6821635923733236,1.272782321964419,4.627046212806023,0.998,0.998,0.0,0.0,,1.6168786062971352,1.0004242875009153,1.1585473808232702,0.6967259171473666,acceleration,205.9943383823935,143.4731669406291,20597.952670769642,39.976901851645366,21.75209891979176
middle,top,0,parameterized,tight,snopt,all,True,0.0,0.5,1098985146,True,0.13644766807556152,32,0.5634479522705078,15,15,3.9447560155247627,,1.7292158989157436,4.252254513992814,15.837825487300853,0.5782967879412987,10.96458888053894,True,SolutionResult.kSolutionFound,1,10.95611716,0.21889252735809317,0.3785124384614601,2.0078424256512504,7.791647312892045,0.998,0.998,0.0,2.756583073582064e-05,,2.3155392863542645,1.0012134405962936,1.226614172763678,0.6415146870074387,acceleration,208.70321165200897,145.19741551064578,22721.606760172883,45.19423658815159,19.92703608586164
middle,top,0,cspace,tight,snopt,all,True,0.0,0.5,1098985146,True,0.13644766807556152,32,0.5634479522705078,15,15,3.9447560155247627,,1.7292158989157436,4.252254513992814,15.837825487300853,0.2351693664406302,42.02850127220154,False,SolutionResult.kSolverSpecificError,41,42.023424886,0.23677674635173004,0.5203451488699802,1.0068349884826764,3.614164853255192,1.0,1.0,0.0,0.0,,1.4530258713062292,1.0004776076690178,1.1048787339522612,0.6726911669517195,acceleration,188.25193117989465,134.21542601737647,17493.828920975684,36.72011248064039,19.326320329073475
middle,top,0,kinetic,tight,snopt,all,True,0.0,0.5,1098985146,True,0.13644766807556152,32,0.5634479522705078,15,15,3.9447560155247627,,1.7292158989157436,4.252254513992814,15.837825487300853,0.06313998097793311,72.48950719833374,True,SolutionResult.kSolutionFound,1,72.484288035,0.21839237727114755,0.5305399489370698,1.0148881312909281,3.458860358977205,0.998,0.998,0.0,0.0,,1.427230947051339,1.0003547742283525,1.0800937572757132,0.610252656262411,acceleration,192.1158427137935,136.51927353889312,16582.713926250373,35.95910535767551,19.865888694148822
top,bottom,4,parameterized,notebook,snopt,all,True,0.0,0.5,1493919170,True,0.21289801597595215,38,1.2558491230010986,15,15,4.899854811847032,,3.1993014115460015,11.883510060739754,46.06674388719112,0.3125682364253292,1.817880630493164,True,SolutionResult.kSolutionFound,1,1.799586108,0.1963844763439057,0.6282931323727795,7.1534423761808155,28.211251622032854,0.996,0.996,0.0,0.0,,4.0716607355155325,1.0047296181088248,1.2278462884917571,0.731253780600498,acceleration,325.00115354172164,92.16415268291759,34977.303453713845,72.74679329597846,18.7855028607686
top,bottom,4,cspace,notebook,snopt,all,True,0.0,0.5,1493919170,True,0.21289801597595215,38,1.2558491230010986,15,15,4.899854811847032,,3.1993014115460015,11.883510060739754,46.06674388719112,0.08415022117949464,3.034163475036621,True,SolutionResult.kSolutionFound,1,3.028031959,0.19566135595562764,1.2849606489010803,2.325143691996683,9.177596408778076,1.0,1.0,0.0,0.0,,1.9852486744225226,1.0005248599120173,1.0873413292607232,1.2041446126539412,torque,309.0003925684269,84.15141721015274,27311.088378388995,66.12284784773874,26.622762938635113
top,bottom,4,kinetic,notebook,snopt,all,True,0.0,0.5,1493919170,True,0.21289801597595215,38,1.2558491230010986,15,15,4.899854811847032,,3.1993014115460015,11.883510060739754,46.06674388719112,0.02170763365539387,2.5309929847717285,True,SolutionResult.kSolutionFound,1,2.52587529,0.21862685936610282,1.533289769616799,2.870803897715018,10.071427537279213,1.0,1.0,0.0,0.0,,1.9306698857755755,1.0006433844743348,1.1869028593591238,1.105896007352388,acceleration,338.51418060184074,99.63177707111137,27977.93464015489,72.65930671704088,31.950189375810794
top,bottom,4,parameterized,tight,snopt,all,True,0.0,0.5,1493919170,True,0.21289801597595215,38,1.2558491230010986,15,15,4.899854811847032,,3.1993014115460015,11.883510060739754,46.06674388719112,0.3125682364253292,5.595138311386108,True,SolutionResult.kSolutionFound,1,5.589977321,0.17631959498440897,0.5640995291168396,5.155193569859338,20.946091414589375,1.0,1.0,0.0,6.068967507433243e-05,,3.5378883369337792,1.0024653039769476,1.2005119169640084,0.6771529336506755,acceleration,306.13187608788763,82.97759172486005,31834.550280660907,64.99655387576794,20.793140583057234
top,bottom,4,cspace,tight,snopt,all,True,0.0,0.5,1493919170,True,0.21289801597595215,38,1.2558491230010986,15,15,4.899854811847032,,3.1993014115460015,11.883510060739754,46.06674388719112,0.08415022117949464,20.137062072753906,False,SolutionResult.kSolverSpecificError,41,20.131865941,0.13171747860541877,0.8184343691184259,1.5652659821827675,6.799730287703586,0.998,0.998,0.0,0.0,,1.829738549776785,1.0005981791754823,1.1602680193954393,0.8815638487967988,acceleration,253.03525811395778,55.158831336738416,24809.91399802558,52.48894035061035,20.89799947299869
top,bottom,4,kinetic,tight,snopt,all,True,0.0,0.5,1493919170,True,0.21289801597595215,38,1.2558491230010986,15,15,4.899854811847032,,3.1993014115460015,11.883510060739754,46.06674388719112,0.02170763365539387,36.01239728927612,True,SolutionResult.kSolutionFound,1,36.00706577,0.1286241968451992,0.9459005281160812,1.6188630721590396,5.925297933763448,1.0,1.0,0.0,0.0,,1.575329192184559,1.0007122382594666,1.154983583385212,0.7544394890513673,acceleration,265.1840976499315,61.596864406786764,21650.53336910236,54.16718685511032,26.307623342942282
middle,top,8,parameterized,notebook,snopt,all,True,0.0,0.5,1331340936,True,0.2705247402191162,31,0.5795910358428955,16,16,3.9466907543342007,,2.1464508831569433,5.957034753289132,20.50286098103323,0.4658853402362631,1.8604202270507812,True,SolutionResult.kSolutionFound,1,1.854114036,0.39134763794424265,0.8400084830868029,2.538545828387162,9.26451010206427,1.0,1.0,0.0,0.0,,2.302228085270651,1.0011929718411567,1.0551684710813614,0.9667611664618061,acceleration,285.9552813166481,183.59053374510412,30183.411212811057,51.03646447711781,26.261572420257057
middle,top,8,cspace,notebook,snopt,all,True,0.0,0.5,1331340936,True,0.2705247402191162,31,0.5795910358428955,16,16,3.9466907543342007,,2.1464508831569433,5.957034753289132,20.50286098103323,0.1678687537365562,5.679798364639282,True,SolutionResult.kSolutionFound,1,5.674275415,0.23415972490571121,0.7305409979160369,1.3948976190839444,4.820927678838183,1.0,1.0,0.0,0.0,,1.5308071932494307,1.0002089538153218,1.1204357789290786,0.8640691154909439,acceleration,233.4093285551915,157.7710489976059,23159.698184325855,48.03143306725814,30.24085844024131
middle,top,8,kinetic,notebook,snopt,all,True,0.0,0.5,1331340936,True,0.2705247402191162,31,0.5795910358428955,16,16,3.9466907543342007,,2.1464508831569433,5.957034753289132,20.50286098103323,0.04877368094750675,4.302927255630493,True,SolutionResult.kSolutionFound,1,4.292547304,0.25436601126257424,0.8697947736701681,1.6697647034454248,5.215230967216489,1.0,1.0,0.0,0.0,,1.5136216607092932,1.0002962588246906,1.1877608105601918,1.0139297489676404,acceleration,250.3401668014897,167.16041775383297,23266.570979443626,51.49615407593178,33.22423847317949
middle,top,8,parameterized,tight,snopt,all,True,0.0,0.5,1331340936,True,0.2705247402191162,31,0.5795910358428955,16,16,3.9466907543342007,,2.1464508831569433,5.957034753289132,20.50286098103323,0.4658853402362631,5.2649760246276855,True,SolutionResult.kSolutionFound,1,5.258729606,0.17264489820052456,0.37057379421505754,3.147461124322411,12.635393788454714,0.998,0.998,0.0,4.471296937724745e-05,,3.174264799856805,1.0021809629188243,1.0408736277778414,0.5743565923695378,acceleration,228.71652688968197,154.94766809524208,28583.192720926556,51.45328846463869,12.813128405332357
middle,top,8,cspace,tight,snopt,all,True,0.0,0.5,1331340936,True,0.2705247402191162,31,0.5795910358428955,16,16,3.9466907543342007,,2.1464508831569433,5.957034753289132,20.50286098103323,0.1678687537365562,45.94230628013611,True,SolutionResult.kSolutionFound,3,45.93482256,0.17315227703807823,0.5266230710235384,1.03147413192698,3.8881746804116353,0.998,0.998,0.0,0.0,,1.4871309947865186,1.000698158350896,1.0814257077557585,0.8627815705329444,acceleration,211.8227245972719,146.39885216777367,20927.486697346292,40.79409445454647,26.77793029560785
middle,top,8,kinetic,tight,snopt,all,True,0.0,0.5,1331340936,True,0.2705247402191162,31,0.5795910358428955,16,16,3.9466907543342007,,2.1464508831569433,5.957034753289132,20.50286098103323,0.04877368094750675,54.88101387023926,True,SolutionResult.kSolutionFound,3,54.876019547,0.17958208603806258,0.59401672592673,1.0661274235293605,3.6819465447223463,1.0,1.0,0.0,0.0,,1.4097557869070794,1.0006258069082836,1.0558156739689182,0.7102252060905335,acceleration,212.82907358269168,147.54320949299543,20059.052282882556,41.54268937705781,27.56445989717728
middle,top,6,parameterized,notebook,snopt,all,True,0.0,0.5,685935503,True,0.2646191120147705,33,0.9082245826721191,15,15,5.408866678311019,,2.1338159952285696,6.161627476927384,23.15762838032493,0.4686439703498812,3.7318992614746094,True,SolutionResult.kSolutionFound,1,3.725566151,0.17696012396230854,0.3776003430284034,2.1696571398103712,8.708613097872178,0.998,0.998,0.0,1.5363224967757105e-05,,2.5701503433070703,1.001143406382849,1.2740532925277661,0.5925074036191995,acceleration,211.84039460080336,146.500016218523,24532.08125224149,46.74366406546989,16.045558206457816
middle,top,6,cspace,notebook,snopt,all,True,0.0,0.5,685935503,True,0.2646191120147705,33,0.9082245826721191,15,15,5.408866678311019,,2.1338159952285696,6.161627476927384,23.15762838032493,0.1622947839259295,0.3614645004272461,True,SolutionResult.kSolutionFound,1,0.356472895,0.8418519842799628,2.0861506131513234,5.187178317845258,18.791582086573044,1.0,1.0,0.0,0.0,,2.9472442420364486,1.0057641137510465,1.4452743108811839,1.0183018125929757,acceleration,297.47607739970306,191.65967729763594,31319.9460553613,58.67372868311894,26.166682989315387
middle,top,6,kinetic,notebook,snopt,all,True,0.0,0.5,685935503,True,0.2646191120147705,33,0.9082245826721191,15,15,5.408866678311019,,2.1338159952285696,6.161627476927384,23.15762838032493,0.043182314854383584,2.8482096195220947,True,SolutionResult.kSolutionFound,1,2.84286725,0.2500447328783118,1.1349329742786327,1.8542415771635459,5.79044300245356,0.998,0.998,0.0,0.0,,1.641959016090767,1.0004393279925896,1.1859540816109972,1.0338210971561728,acceleration,258.4949922132538,171.14110799602696,23382.12706609274,50.369804242075624,23.593613462470277
middle,top,6,parameterized,tight,snopt,all,True,0.0,0.5,685935503,True,0.2646191120147705,33,0.9082245826721191,15,15,5.408866678311019,,2.1338159952285696,6.161627476927384,23.15762838032493,0.4686439703498812,6.3743908405303955,True,SolutionResult.kSolutionFound,1,6.368965317,0.1762738910320571,0.37613604822537916,2.093676531153947,8.305059177336805,1.0,1.0,0.0,3.457978868270928e-05,,2.486220296117272,1.0010872450782107,1.2513898313613125,0.6336616988039124,acceleration,211.56902960101507,146.39271954766352,23881.23580692575,46.24320774260461,17.207715538191074
middle,top,6,cspace,tight,snopt,all,True,0.0,0.5,685935503,True,0.2646191120147705,33,0.9082245826721191,15,15,5.408866678311019,,2.1338159952285696,6.161627476927384,23.15762838032493,0.1622947839259295,89.2348279953003,True,SolutionResult.kSolutionFound,3,89.229365511,0.16678101521126573,0.5191271708902498,1.0276424859555793,3.780093502699531,1.0,1.0,0.0,0.0,,1.4819074967147685,1.000584213600425,1.0560646209859463,0.7030576943334188,acceleration,199.60450960462248,140.2049969357393,19119.3416731244,37.650677945375904,23.36428372164896
middle,top,6,kinetic,tight,snopt,all,True,0.0,0.5,685935503,True,0.2646191120147705,33,0.9082245826721191,15,15,5.408866678311019,,2.1338159952285696,6.161627476927384,23.15762838032493,0.043182314854383584,48.32657766342163,True,SolutionResult.kSolutionFound,3,48.319552664,0.1661821780517455,0.5967474626872906,1.090204512572243,3.848385122755312,1.0,1.0,0.0,0.0,,1.4328728293726167,1.0005205740539571,1.0704322347768427,0.6979879217996747,acceleration,207.76685437341376,144.59864277143953,19862.085972208464,40.347357104817,26.642371184555913
top,bottom,8,parameterized,notebook,snopt,all,True,0.0,0.5,1354574313,True,0.4745309352874756,33,0.8581821918487549,13,13,3.907842253073776,,2.1177386476973306,4.717153020767125,20.09263381963747,0.4722017993520233,4.010022163391113,True,SolutionResult.kSolutionFound,1,4.004903694,0.3007602953100049,0.6369317010708628,3.8919788923366676,15.976435078700193,1.0,1.0,0.0,1.955917552010078e-05,,3.0256809084918004,1.0010915277910424,1.1703423334671348,0.6952147277186181,acceleration,288.46926606523004,73.42461346951357,27996.38555058602,59.95943404610678,19.973374466950922
top,bottom,8,cspace,notebook,snopt,all,True,0.0,0.5,1354574313,True,0.4745309352874756,33,0.8581821918487549,13,13,3.907842253073776,,2.1177386476973306,4.717153020767125,20.09263381963747,0.21199227491614753,4.302112340927124,True,SolutionResult.kSolutionFound,1,4.296939567,0.4074725856725457,1.0341694755858568,1.9221105383850388,8.064424369237713,0.998,0.998,0.0,0.0,,1.73763079073412,1.0007009955115318,1.1619309457589526,0.8007551684916556,acceleration,258.67925035662444,58.20497276250012,23357.013660704815,55.56943082682588,23.96334592010617
top,bottom,8,kinetic,notebook,snopt,all,True,0.0,0.5,1354574313,True,0.4745309352874756,33,0.8581821918487549,13,13,3.907842253073776,,2.1177386476973306,4.717153020767125,20.09263381963747,0.049769483133796685,2.870549201965332,True,SolutionResult.kSolutionFound,1,2.865284724,0.41704029889500754,1.175782697590327,2.1186141155233438,8.379438013729548,1.0,1.0,0.0,0.0,,1.7538510192673684,1.0003209929971744,1.1082048280459365,0.9840178214488635,acceleration,274.04299421893575,66.18517098603229,24126.37140277691,57.17718060972608,23.09270724899232
top,bottom,8,parameterized,tight,snopt,all,True,0.0,0.5,1354574313,True,0.4745309352874756,33,0.8581821918487549,13,13,3.907842253073776,,2.1177386476973306,4.717153020767125,20.09263381963747,0.4722017993520233,6.841552257537842,True,SolutionResult.kSolutionFound,1,6.835569116,0.3007331266831101,0.6368741650196809,3.8849339600005024,15.921872398829791,1.0,1.0,0.0,2.1878305483724603e-05,,3.019516437945661,1.0010772773348915,1.1725291204551276,0.6947081276016084,acceleration,288.0510838404918,73.49331615162349,27866.981359134494,59.89483801694921,19.947540342402487
top,bottom,8,cspace,tight,snopt,all,True,0.0,0.5,1354574313,True,0.4745309352874756,33,0.8581821918487549,13,13,3.907842253073776,,2.1177386476973306,4.717153020767125,20.09263381963747,0.21199227491614753,29.17438554763794,False,SolutionResult.kSolverSpecificError,41,29.168570365,0.3719022051106042,0.932175531274166,1.7543196102674417,7.10931844895783,0.996,0.996,0.0,0.0,,1.6869071939404339,1.0005078846405377,1.1218073213957063,0.7708098198952748,acceleration,256.5817391115588,57.312171612859274,20832.02856759005,50.73031208426006,25.959228041043783
top,bottom,8,kinetic,tight,snopt,all,True,0.0,0.5,1354574313,True,0.4745309352874756,33,0.8581821918487549,13,13,3.907842253073776,,2.1177386476973306,4.717153020767125,20.09263381963747,0.049769483133796685,27.473426342010498,False,SolutionResult.kSolverSpecificError,41,27.466500762,0.33690820944332467,0.9850080063426099,1.7934970039836582,6.769373283174452,1.0,1.0,0.0,0.0,,1.5815028594062246,1.0004904738728209,1.1323171376290837,0.9143631318812055,acceleration,259.27065639801657,58.64652280938628,20380.741866370405,53.82268124178463,29.55558678700352
middle,top,1,parameterized,notebook,snopt,all,True,0.0,0.5,914759212,True,0.10997700691223145,26,0.42700719833374023,16,16,3.9013547151570784,,1.7741402124032426,3.508409465203154,12.360144248985247,0.5636533082384759,5.3128581047058105,True,SolutionResult.kSolutionFound,1,5.30813183,0.19768174323275026,0.3507151299271928,1.9222494405484167,7.619161093396979,0.998,0.998,0.0,2.4883001308317887e-05,,2.4570585076484086,1.0013981059854018,1.2929589007169513,0.6209074754814864,acceleration,210.1013834542556,145.73514591869326,23666.56560001339,46.04624338750644,17.082474043229144
middle,top,1,cspace,notebook,snopt,all,True,0.0,0.5,914759212,True,0.10997700691223145,26,0.42700719833374023,16,16,3.9013547151570784,,1.7741402124032426,3.508409465203154,12.360144248985247,0.285029444230534,3.1702065467834473,True,SolutionResult.kSolutionFound,1,3.165086533,0.3225060054779074,0.6410223809817076,1.1314831222035506,3.967264407217254,1.0,1.0,0.0,0.0,,1.5223314629479212,1.0005860293982696,1.1582364359926298,0.6192151420601859,acceleration,201.21792004553828,141.16354580418627,19795.435171942787,41.26190025636127,21.63570214279953
middle,top,1,kinetic,notebook,snopt,all,True,0.0,0.5,914759212,True,0.10997700691223145,26,0.42700719833374023,16,16,3.9013547151570784,,1.7741402124032426,3.508409465203154,12.360144248985247,0.08090520465261551,9.598953247070312,True,SolutionResult.kSolutionFound,1,9.593767943,0.28734074096907963,0.5746305926824313,1.03590501749994,3.5515730069881286,0.998,0.998,0.0,0.0,,1.485966795015391,1.0004164167052265,1.150274959720143,0.5461960718855645,acceleration,191.7865033333773,136.2817958462922,18578.73829530488,38.160087238003726,20.23768757477917
middle,top,1,parameterized,tight,snopt,all,True,0.0,0.5,914759212,True,0.10997700691223145,26,0.42700719833374023,16,16,3.9013547151570784,,1.7741402124032426,3.508409465203154,12.360144248985247,0.5636533082384759,6.793224811553955,True,SolutionResult.kSolutionFound,1,6.788178734,0.19759647976598452,0.35056386058215827,1.9022047153292372,7.521334622099927,0.998,0.998,0.0,3.669986451493301e-05,,2.4384785107401497,1.00121387470467,1.2506987323744685,0.6341486483923184,acceleration,210.3000338829122,145.83343695938765,23546.461666639694,45.906078602892336,17.397460631442513
middle,top,1,cspace,tight,snopt,all,True,0.0,0.5,914759212,True,0.10997700691223145,26,0.42700719833374023,16,16,3.9013547151570784,,1.7741402124032426,3.508409465203154,12.360144248985247,0.285029444230534,72.80036211013794,True,SolutionResult.kSolutionFound,1,72.795121568,0.266500656736976,0.4767197121530333,0.9349934265788634,3.365004430447091,0.998,0.998,0.0,0.0,,1.4591697787685258,1.0005348503025926,1.0542441957040742,0.6849409054658384,acceleration,192.09465242439978,136.65120812430848,17874.853977684634,36.99555763131169,19.908997996605695
middle,top,1,kinetic,tight,snopt,all,True,0.0,0.5,914759212,True,0.10997700691223145,26,0.42700719833374023,16,16,3.9013547151570784,,1.7741402124032426,3.508409465203154,12.360144248985247,0.08090520465261551,83.76860475540161,True,SolutionResult.kSolutionFound,3,83.763545146,0.26014016670482243,0.4907380696363121,0.9414830034677357,3.2153699854266744,1.0,1.0,0.0,0.0,,1.4280014498217617,1.0002732142676591,1.0903066373118642,0.6180849303839052,acceleration,193.2253890247719,137.30570085590665,16628.148289066205,35.935835072254946,19.177104286359025
middle,top,2,parameterized,notebook,snopt,all,True,0.0,0.5,797921174,True,0.3294644355773926,36,0.6558406352996826,18,18,4.151671930959155,,1.091420576271545,2.8785798590449247,10.537106558228786,0.916237078300419,3.66672420501709,True,SolutionResult.kSolutionFound,1,3.660064048,0.4474011801658485,0.48830285388117645,1.6865575966883994,6.61732196134482,1.0,1.0,0.0,0.0,,2.031349585149362,1.0024363933343658,1.2247388717708045,0.7436580520703415,acceleration,247.54011857121841,164.26593877482284,24327.292152682097,44.34952012787859,26.222619020074443
middle,top,2,cspace,notebook,snopt,all,True,0.0,0.5,797921174,True,0.3294644355773926,36,0.6558406352996826,18,18,4.151671930959155,,1.091420576271545,2.8785798590449247,10.537106558228786,0.34739352353135233,15.662217855453491,True,SolutionResult.kSolutionFound,1,15.656552091,0.33293279828434336,0.47613708420239675,0.9583736475567777,3.6509583453475845,1.0,1.0,0.0,0.0,,1.5393811928646266,1.0008519767124817,1.1239884064314976,0.8728571169935069,acceleration,220.18713095982162,150.73011204385017,21288.692530787102,40.76717737969712,27.034036572877667
middle,top,2,kinetic,notebook,snopt,all,True,0.0,0.5,797921174,True,0.3294644355773926,36,0.6558406352996826,18,18,4.151671930959155,,1.091420576271545,2.8785798590449247,10.537106558228786,0.09490271304308544,4.0783679485321045,True,SolutionResult.kSolutionFound,1,4.072874001,0.4173623260647885,0.5793194648317899,1.1847428222538285,4.397791303134904,1.0,1.0,0.0,0.0,,1.6549222862606985,1.0005733262160212,1.1813449528578797,0.8509879136918445,acceleration,243.39131930092702,162.21401720080775,22093.807345233738,43.51268099988568,26.019134310785255
middle,top,2,parameterized,tight,snopt,all,True,0.0,0.5,797921174,True,0.3294644355773926,36,0.6558406352996826,18,18,4.151671930959155,,1.091420576271545,2.8785798590449247,10.537106558228786,0.916237078300419,9.653892517089844,False,SolutionResult.kIterationLimit,31,9.645397505,0.34588694191027514,0.37750812546451507,1.541578749888887,6.133943082714192,1.0,1.0,0.0,0.0,,2.0588859245802635,1.0021274419110888,1.276804724803807,0.8170030024599279,acceleration,228.25427079571853,154.57080807674174,22796.975592150913,45.1168079314033,20.424894984710587
middle,top,2,cspace,tight,snopt,all,True,0.0,0.5,797921174,True,0.3294644355773926,36,0.6558406352996826,18,18,4.151671930959155,,1.091420576271545,2.8785798590449247,10.537106558228786,0.34739352353135233,43.41985201835632,False,SolutionResult.kSolverSpecificError,41,43.413732531,0.31873927506566013,0.471481008050208,0.9175164574905895,3.412562914971759,1.0,1.0,0.0,0.0,,1.4914702444193693,1.0008834074726003,1.1140476129521688,0.903210773347071,acceleration,218.38580734371118,149.69622511380862,20628.25109341146,40.655380404442035,28.14449792897569
middle,top,2,kinetic,tight,snopt,all,True,0.0,0.5,797921174,True,0.3294644355773926,36,0.6558406352996826,18,18,4.151671930959155,,1.091420576271545,2.8785798590449247,10.537106558228786,0.09490271304308544,119.76474928855896,True,SolutionResult.kSolutionFound,1,119.758033393,0.3092610136549086,0.513789938303806,0.9735867723973379,3.258716255187619,1.0,1.0,0.0,0.0,,1.442597781548159,1.0008415666734907,1.0268726873080507,0.9347054753138769,acceleration,235.78185943402406,158.81585296846663,18227.82026146243,39.88658595391836,31.578472458305328
top,bottom,7,parameterized,notebook,snopt,all,True,0.0,0.5,1073886328,True,0.3750617504119873,57,0.7960245609283447,11,11,4.3308464252744026,,11.372370393088357,24.90151616604215,64.266909871439,0.08793241562091202,3.2692670822143555,True,SolutionResult.kSolutionFound,1,3.262912195,0.19691877869055852,2.239433288623628,6.766728154713302,22.810554264092385,1.0,1.0,0.0,0.0,,2.784130551421636,1.0005874890685003,1.0001768328427931,1.1284209491880741,torque,325.44180653054383,93.98145873162144,30687.00221838149,75.02799443704073,23.77497927124098
top,bottom,7,cspace,notebook,snopt,all,True,0.0,0.5,1073886328,True,0.3750617504119873,57,0.7960245609283447,11,11,4.3308464252744026,,11.372370393088357,24.90151616604215,64.266909871439,0.04015819732951386,8.679256677627563,True,SolutionResult.kSolutionFound,1,8.673825405,0.09452164031855036,1.2336678155646839,2.3537321544332026,10.157188000198447,1.0,1.0,0.0,0.0,,1.8756980403758752,1.00026837517165,1.1022884177118701,0.8483379530661544,acceleration,264.62025627425203,61.262961756076905,24165.77994824045,55.34233069613615,23.55509656481583
top,bottom,7,kinetic,notebook,snopt,all,True,0.0,0.5,1073886328,True,0.3750617504119873,57,0.7960245609283447,11,11,4.3308464252744026,,11.372370393088357,24.90151616604215,64.266909871439,0.015560107090887409,5.948814153671265,True,SolutionResult.kSolutionFound,1,5.942967241,0.31806970551881364,4.378760343162893,7.785031107907421,20.441357097412745,1.0,1.0,0.0,0.0,,2.517571310862044,1.0003372028661148,1.0001878532226818,1.1229853094131932,torque,322.0843882089266,92.60009793118307,30555.196217675242,72.24050121504666,25.0209773253225
top,bottom,7,parameterized,tight,snopt,all,True,0.0,0.5,1073886328,True,0.3750617504119873,57,0.7960245609283447,11,11,4.3308464252744026,,11.372370393088357,24.90151616604215,64.266909871439,0.08793241562091202,8.028502225875854,True,SolutionResult.kSolutionFound,1,8.021141869,0.0675611829306574,0.7683307964826362,5.07082239653516,20.879867014553177,0.998,0.998,0.0,7.14646671262642e-06,,3.089781487776018,1.0008177031273535,1.1402913319342056,0.6967648859841595,acceleration,292.7264921662148,75.42687654636806,28513.29556755953,61.38711210329436,20.2691610676191
top,bottom,7,cspace,tight,snopt,all,True,0.0,0.5,1073886328,True,0.3750617504119873,57,0.7960245609283447,11,11,4.3308464252744026,,11.372370393088357,24.90151616604215,64.266909871439,0.04015819732951386,52.1134135723114,True,SolutionResult.kSolutionFound,1,52.107352981,0.08428488874977122,1.1102880985339108,2.098821519755492,8.719421351967537,1.0,1.0,0.0,0.0,,1.731194725447846,1.0003031197308114,1.1026537331902582,0.8206405226085122,acceleration,252.24894944995776,55.05181885862016,22424.77413387923,51.43788616402982,22.557631251735785
top,bottom,7,kinetic,tight,snopt,all,True,0.0,0.5,1073886328,True,0.3750617504119873,57,0.7960245609283447,11,11,4.3308464252744026,,11.372370393088357,24.90151616604215,64.266909871439,0.015560107090887409,34.990997076034546,True,SolutionResult.kSolutionFound,1,34.983815543,0.1280364874485925,1.2913613499397556,2.2256162366936962,8.228509399114325,1.0,1.0,0.0,0.0,,1.5716304057205026,1.000398341876248,1.0988492410170396,0.7648121861974473,acceleration,261.2868793028037,59.492418896503935,21479.48434294117,54.22624694472428,26.207068057450698
middle,top,7,parameterized,notebook,snopt,all,True,0.0,0.5,1608891161,True,0.16471576690673828,31,0.403918981552124,15,15,4.968069579354758,,3.043223422468486,12.034016519652303,34.97944871111754,0.3285989430210346,1.246635913848877,True,SolutionResult.kSolutionFound,1,1.241647522,0.3114964789405328,0.9479533807282935,6.174645442810737,21.194312759672318,1.0,1.0,0.0,0.0,,3.5933994375789244,1.0021714418195282,1.283921615312155,1.0148470962748264,acceleration,275.52361854767537,181.4387667484682,31848.59693515759,68.39116089837032,21.533219359772936
middle,top,7,cspace,notebook,snopt,all,True,0.0,0.5,1608891161,True,0.16471576690673828,31,0.403918981552124,15,15,4.968069579354758,,3.043223422468486,12.034016519652303,34.97944871111754,0.08309777524128685,5.714965343475342,True,SolutionResult.kSolutionFound,1,5.709609371,0.2613487523206069,1.3503239264059552,3.1450752028167015,9.633580208210562,1.0,1.0,0.0,0.0,,2.043864333559189,1.0010559839470092,1.0665888333502564,1.2742631674851024,torque,309.5380444555456,197.51051521750242,25872.00190540158,61.529590729581415,25.087346588920163
middle,top,7,kinetic,notebook,snopt,all,True,0.0,0.5,1608891161,True,0.16471576690673828,31,0.403918981552124,15,15,4.968069579354758,,3.043223422468486,12.034016519652303,34.97944871111754,0.028588214990425773,3.8814845085144043,True,SolutionResult.kSolutionFound,1,3.876472385,0.267415860985288,1.4373784895302286,3.5277214314584073,9.354059393874222,0.998,0.998,0.0,0.0,,2.076029214191778,1.0005555833089155,1.0211559082939354,1.2376964668476889,torque,273.73140204579994,180.2436021589108,24435.49155985483,61.49924584119227,22.02896618568596
middle,top,7,parameterized,tight,snopt,all,True,0.0,0.5,1608891161,True,0.16471576690673828,31,0.403918981552124,15,15,4.968069579354758,,3.043223422468486,12.034016519652303,34.97944871111754,0.3285989430210346,5.852219104766846,True,SolutionResult.kSolutionFound,1,5.846868415,0.13061791569162165,0.39749950042675575,3.1934424689832173,12.856713599391677,0.996,0.996,0.0,5.747279750867307e-05,,3.0798903905526855,1.0018086646687494,1.086916992257208,0.5764801054612309,acceleration,227.55155354790958,154.7795181356979,28140.225910051853,50.93267873362676,12.837189954779054
middle,top,7,cspace,tight,snopt,all,True,0.0,0.5,1608891161,True,0.16471576690673828,31,0.403918981552124,15,15,4.968069579354758,,3.043223422468486,12.034016519652303,34.97944871111754,0.08309777524128685,75.07877826690674,False,SolutionResult.kSolverSpecificError,41,75.073392047,0.09684149862129308,0.5942480021519401,1.165392194196527,4.409699398154071,1.0,1.0,0.0,0.0,,1.490688091946528,1.0006115625195884,1.0558930200089798,0.8471175793187082,acceleration,214.45584795886478,148.04051987498758,21085.880139530676,41.377700186548985,25.872128031155988
middle,top,7,kinetic,tight,snopt,all,True,0.0,0.5,1608891161,True,0.16471576690673828,31,0.403918981552124,15,15,4.968069579354758,,3.043223422468486,12.034016519652303,34.97944871111754,0.028588214990425773,99.8667893409729,True,SolutionResult.kSolutionFound,1,99.857489599,0.11449062975902524,0.624880361939113,1.1806990760402742,4.004819111559372,1.0,1.0,0.0,0.0,,1.4079019773054318,1.0006282785030116,1.0069684899966753,0.7080720513002199,acceleration,234.97634941419273,158.39889108483217,18265.683755943057,41.7820327313864,32.80983394290386
bottom,middle,7,parameterized,notebook,snopt,all,True,0.0,0.5,1482419838,True,0.13100218772888184,19,0.3529651165008545,27,27,5.055122577854277,,0.3723556946007378,1.5285977214529471,7.441299408518447,2.685604153502366,1.7571890354156494,True,SolutionResult.kSolutionFound,1,1.748235441,0.32187997453049827,0.11985384149437447,0.5851345601003114,2.82267934220348,1.0,1.0,0.0,0.0,,2.102691334593939,1.0023395474755832,1.3551427967102363,0.7571964518689374,acceleration,143.9229082544788,110.14450826860255,22303.96553575725,34.91482054226857,13.24394033451699
bottom,middle,7,cspace,notebook,snopt,all,True,0.0,0.5,1482419838,True,0.13100218772888184,19,0.3529651165008545,27,27,5.055122577854277,,0.3723556946007378,1.5285977214529471,7.441299408518447,0.6541943547119056,5.45490837097168,True,SolutionResult.kSolutionFound,1,5.447704899,0.25268732846078085,0.16822590853655933,0.3862572745251821,1.7981428678711742,0.998,0.998,0.0,0.0,,1.4761042065857026,1.0004114800572557,1.2824958103527182,0.8810236478369979,acceleration,153.19333321509768,115.16264119710257,19469.64847446652,32.65898152807745,18.324190313485598
bottom,middle,7,kinetic,notebook,snopt,all,True,0.0,0.5,1482419838,True,0.13100218772888184,19,0.3529651165008545,27,27,5.055122577854277,,0.3723556946007378,1.5285977214529471,7.441299408518447,0.1343851315611958,5.525298118591309,True,SolutionResult.kSolutionFound,1,5.519585305,0.2079934441116607,0.18564219749172028,0.37871960159657764,1.5477414926438153,0.998,0.998,0.0,0.0,,1.3472629630971849,1.0003356494343516,1.2620843013776506,1.0335379698846785,acceleration,175.33662843956787,126.45099094005977,19118.302963681475,32.21577473133395,21.20216675507931
bottom,middle,7,parameterized,tight,snopt,all,True,0.0,0.5,1482419838,True,0.13100218772888184,19,0.3529651165008545,27,27,5.055122577854277,,0.3723556946007378,1.5285977214529471,7.441299408518447,2.685604153502366,15.034707307815552,True,SolutionResult.kSolutionFound,1,15.028497496,0.1588292232715396,0.05914096575417689,0.3207709287343342,1.2309206075621797,1.0,1.0,0.0,4.585201482498746e-06,,1.5917386358214651,1.0021212022800867,1.413039527021098,0.813989697197367,acceleration,112.20895945058899,93.81048429485456,15675.615350878776,20.424320282914735,13.788566845845466
bottom,middle,7,cspace,tight,snopt,all,True,0.0,0.5,1482419838,True,0.13100218772888184,19,0.3529651165008545,27,27,5.055122577854277,,0.3723556946007378,1.5285977214529471,7.441299408518447,0.6541943547119056,144.49453949928284,False,SolutionResult.kSolverSpecificError,41,144.488082165,0.11355476068206057,0.0868993248271316,0.17357954843873244,0.6298901544193825,1.0,1.0,0.0,0.0,,1.0294547771874565,1.0002006594683945,1.3591474926790086,0.7852563931259698,acceleration,116.89429826152157,96.19314391392993,12275.793857430368,17.021461882976972,16.6674251720738
bottom,middle,7,kinetic,tight,snopt,all,True,0.0,0.5,1482419838,True,0.13100218772888184,19,0.3529651165008545,27,27,5.055122577854277,,0.3723556946007378,1.5285977214529471,7.441299408518447,0.1343851315611958,237.75856566429138,True,SolutionResult.kSolutionFound,3,237.753274906,0.0838036453324149,0.08630290131455023,0.173438529370207,0.6236080164437885,1.0,1.0,0.0,0.0,,1.0307811393496606,1.0001454315035683,1.362674501120276,0.7496246946914205,acceleration,115.43247860204703,95.4313187070073,12143.850109720628,17.001563000348092,18.111977713545325
middle,top,5,parameterized,notebook,snopt,all,True,0.0,0.5,837540405,True,0.1913905143737793,38,0.6642978191375732,16,16,5.0278348928276415,,3.0449467687065117,6.694303339775448,22.400550014508074,0.3284129661238046,5.116962432861328,True,SolutionResult.kSolutionFound,1,5.111836709,0.1205155689082467,0.3669634921259934,2.1941129149500056,8.9087897148011,0.998,0.998,0.0,0.0,,2.677970593435858,1.001510314724908,1.3274040200124284,0.6029197752321759,acceleration,215.22256551286736,148.19665515157504,25822.885897565975,48.44754853385036,14.934262344759516
middle,top,5,cspace,notebook,snopt,all,True,0.0,0.5,837540405,True,0.1913905143737793,38,0.6642978191375732,16,16,5.0278348928276415,,3.0449467687065117,6.694303339775448,22.400550014508074,0.14938074198973236,6.433199882507324,True,SolutionResult.kSolutionFound,1,6.426145465,0.24913229760680247,1.119464080667485,1.6677671719151486,5.872665392909366,1.0,1.0,0.0,0.0,,1.7284211241198815,1.000657809300691,1.1891270739724074,0.8461778026602589,acceleration,235.06927296230393,159.23802078309492,24229.734643722317,52.433179671623925,22.590907126002623
middle,top,5,kinetic,notebook,snopt,all,True,0.0,0.5,837540405,True,0.1913905143737793,38,0.6642978191375732,16,16,5.0278348928276415,,3.0449467687065117,6.694303339775448,22.400550014508074,0.04464176099927609,4.977993011474609,True,SolutionResult.kSolutionFound,1,4.969464987,0.29608814389416593,1.5589485337058748,2.1737452536192228,6.632537276004127,1.0,1.0,0.0,0.0,,1.8592050973499903,1.0006246701182602,1.1729727139007782,0.7041186869726238,acceleration,247.40367208222324,165.49579444895437,25734.698731657227,51.75181512007225,20.68881276325333
middle,top,5,parameterized,tight,snopt,all,True,0.0,0.5,837540405,True,0.1913905143737793,38,0.6642978191375732,16,16,5.0278348928276415,,3.0449467687065117,6.694303339775448,22.400550014508074,0.3284129661238046,7.658251762390137,True,SolutionResult.kSolutionFound,1,7.653140139,0.11541864120221784,0.3514436185771901,2.0404806525696557,8.148750037466177,1.0,1.0,0.0,2.2798749357733072e-05,,2.583853588563778,1.0013087130659046,1.2965556883934468,0.6304875754890038,acceleration,213.9431837596638,147.72016387662296,24595.47836872351,46.92045372463583,15.801476854878889
middle,top,5,cspace,tight,snopt,all,True,0.0,0.5,837540405,True,0.1913905143737793,38,0.6642978191375732,16,16,5.0278348928276415,,3.0449467687065117,6.694303339775448,22.400550014508074,0.14938074198973236,110.62330102920532,True,SolutionResult.kSolutionFound,1,110.616470091,0.14139692093693954,0.4868910307480402,0.9465538800621196,3.4533842763420863,1.0,1.0,0.0,0.0,,1.4688822571946045,1.0006140475376284,1.0614006113501884,0.7587468394860212,acceleration,196.31792947205506,138.78870729646124,18800.38302190696,37.427855387602605,21.21401948876375
middle,top,5,kinetic,tight,snopt,all,True,0.0,0.5,837540405,True,0.1913905143737793,38,0.6642978191375732,16,16,5.0278348928276415,,3.0449467687065117,6.694303339775448,22.400550014508074,0.04464176099927609,74.64453315734863,True,SolutionResult.kSolutionFound,3,74.639265497,0.14467799292206238,0.49274224758795143,0.9484808259186231,3.2408666164493036,1.0,1.0,0.0,0.0,,1.421722430401578,1.0003681729271303,1.0665510956107092,0.6283865459760629,acceleration,194.93237365703777,137.90828391765018,16573.99762793673,36.348460192368535,19.15106899618765
top,middle,3,parameterized,notebook,snopt,all,True,0.0,0.5,34585784,True,0.10528445243835449,29,0.5927128791809082,14,14,3.4933868981716802,,1.8653072979458643,3.3971546508527934,12.915493923535909,0.5361046949750488,2.087137222290039,True,SolutionResult.kSolutionFound,1,2.08191133,0.24939599394228504,0.4652001675790077,2.971441150316503,12.293570436715218,1.0,1.0,0.0,0.0,,2.7985289390775723,1.000630524758096,1.076567406119614,0.7163364468825755,acceleration,230.64598068205152,80.16241819221543,27875.745878875663,50.775158358338466,19.39116174347872
top,middle,3,cspace,notebook,snopt,all,True,0.0,0.5,34585784,True,0.10528445243835449,29,0.5927128791809082,14,14,3.4933868981716802,,1.8653072979458643,3.3971546508527934,12.915493923535909,0.2943639906852543,5.141517639160156,True,SolutionResult.kSolutionFound,1,5.134501978,0.38440872391401054,0.6819280858455545,1.3058958842728683,5.174063151766794,1.0,1.0,0.0,0.0,,1.614254274379626,1.0005772269494453,1.1603612284291414,0.770669250606727,acceleration,202.5446433931571,65.79708389468085,22877.60801053045,42.3599336734496,27.262054617982205
top,middle,3,kinetic,notebook,snopt,all,True,0.0,0.5,34585784,True,0.10528445243835449,29,0.5927128791809082,14,14,3.4933868981716802,,1.8653072979458643,3.3971546508527934,12.915493923535909,0.07742638461373123,4.01945424079895,True,SolutionResult.kSolutionFound,1,4.01309351,0.39840709238647826,0.8733092590361496,1.4929602529123112,5.145624380811172,1.0,1.0,0.0,0.0,,1.5160551286528374,1.0004838288034632,1.1320805116621708,0.7474702496860202,acceleration,207.32707587834196,69.33359946192381,22582.628558326905,45.13974657758254,24.67121082664414
top,middle,3,parameterized,tight,snopt,all,True,0.0,0.5,34585784,True,0.10528445243835449,29,0.5927128791809082,14,14,3.4933868981716802,,1.8653072979458643,3.3971546508527934,12.915493923535909,0.5361046949750488,5.739370107650757,True,SolutionResult.kSolutionFound,1,5.733993935,0.22144660709637468,0.41306597232221726,2.7214112872116,10.958773382354636,1.0,1.0,0.0,3.52894261590464e-06,,2.785908799725769,1.00113353443487,1.1733254880281156,0.6270505690881862,acceleration,217.93068860068925,73.96502137790645,25909.436614328057,48.47526812449506,14.533665999461215
top,middle,3,cspace,tight,snopt,all,True,0.0,0.5,34585784,True,0.10528445243835449,29,0.5927128791809082,14,14,3.4933868981716802,,1.8653072979458643,3.3971546508527934,12.915493923535909,0.2943639906852543,33.351792335510254,False,SolutionResult.kSolverSpecificError,41,33.346153034,0.34876966498070006,0.6039530375624035,1.1848244894655557,4.459793738214739,1.0,1.0,0.0,0.0,,1.4777610948361137,1.0005023995761715,1.16396456836208,0.8105840281964316,acceleration,209.68949760866207,69.68310384189071,20531.558927461134,40.767597921096,28.214259056207382
top,middle,3,kinetic,tight,snopt,all,True,0.0,0.5,34585784,True,0.10528445243835449,29,0.5927128791809082,14,14,3.4933868981716802,,1.8653072979458643,3.3971546508527934,12.915493923535909,0.07742638461373123,28.03138303756714,False,SolutionResult.kSolverSpecificError,41,28.024869402,0.334749134312818,0.7005768635847798,1.255475016146361,4.323450410126107,1.0,1.0,0.0,0.0,,1.3962822832179704,1.0005563752720017,1.137618807858467,0.7037728721949127,acceleration,216.0280520844274,73.31694746126941,19892.41020352987,42.04344807473158,28.34995629464997
middle,top,3,parameterized,notebook,snopt,all,True,0.0,0.5,1485340416,True,0.17136907577514648,36,0.6277141571044922,20,20,4.755634518427983,,0.9423536486871622,2.4568618952890238,7.489590094955108,1.0611727363640473,3.9459593296051025,True,SolutionResult.kSolutionFound,1,3.941046733,0.2958194281131088,0.27876651743493425,1.4895007721090192,5.776957188277742,0.998,0.998,0.0,4.922002561524863e-06,,2.361188479952547,1.00193323194221,1.3795411851106711,0.6728162337202951,acceleration,211.54313594098778,146.3830557907877,23094.866616313037,45.21646065714817,19.752833378378046
middle,top,3,cspace,notebook,snopt,all,True,0.0,0.5,1485340416,True,0.17136907577514648,36,0.6277141571044922,20,20,4.755634518427983,,0.9423536486871622,2.4568618952890238,7.489590094955108,0.40702328523938486,4.068518877029419,True,SolutionResult.kSolutionFound,1,4.06317699,0.36875910817481067,0.5233049971547097,0.9059902014154558,3.044526325727261,1.0,1.0,0.0,0.0,,1.4700196799554153,1.000317107555241,1.2281396210271898,0.7381095377463159,acceleration,206.70645024049225,144.25727436638653,18668.465900283674,41.768313116950026,23.51342228645566
middle,top,3,kinetic,notebook,snopt,all,True,0.0,0.5,1485340416,True,0.17136907577514648,36,0.6277141571044922,20,20,4.755634518427983,,0.9423536486871622,2.4568618952890238,7.489590094955108,0.13351865553678127,8.512553930282593,True,SolutionResult.kSolutionFound,1,8.506608969,0.3908737581099922,0.5456624007843922,0.9156446410054985,2.927484227118477,0.996,0.996,0.0,0.0,,1.474001724283894,1.0002188176727114,1.2152022781232317,0.6864619991259607,acceleration,208.66835135095783,145.5468899768723,18313.027018800334,40.43671607400203,23.647946119302176
middle,top,3,parameterized,tight,snopt,all,True,0.0,0.5,1485340416,True,0.17136907577514648,36,0.6277141571044922,20,20,4.755634518427983,,0.9423536486871622,2.4568618952890238,7.489590094955108,1.0611727363640473,7.011554718017578,True,SolutionResult.kSolutionFound,1,7.006274324,0.2940981663239412,0.277144480107573,1.4650090904507187,5.659222393218779,0.998,0.998,0.0,1.685818851449028e-05,,2.306529170669557,1.0019797634652698,1.331701285453917,0.7303827582993182,acceleration,210.81921376949919,146.1420057066813,22778.254413331277,45.11598191265374,19.803342192754904
middle,top,3,cspace,tight,snopt,all,True,0.0,0.5,1485340416,True,0.17136907577514648,36,0.6277141571044922,20,20,4.755634518427983,,0.9423536486871622,2.4568618952890238,7.489590094955108,0.40702328523938486,105.62248587608337,True,SolutionResult.kSolutionFound,3,105.614557809,0.297365759244955,0.3805196868178019,0.7305866028526197,2.5690854619828474,0.998,0.998,0.0,0.0,,1.4483497871728908,1.000168658926259,1.1637397132078349,0.5956949244044465,acceleration,190.3727852358664,135.38308616993345,17120.330556593864,36.07018690165867,19.22887672331706
middle,top,3,kinetic,tight,snopt,all,True,0.0,0.5,1485340416,True,0.17136907577514648,36,0.6277141571044922,20,20,4.755634518427983,,0.9423536486871622,2.4568618952890238,7.489590094955108,0.13351865553678127,103.91791105270386,True,SolutionResult.kSolutionFound,3,103.909525072,0.3356916478799726,0.3883456449623478,0.7391318702873504,2.5141928409210013,1.0,1.0,0.0,0.0,,1.4367342929063487,1.0001781880086618,1.154309952202406,0.6195803987697379,acceleration,193.84312569360117,137.46746042498347,16629.565722783158,35.66695700742354,19.502654946167628
top,bottom,5,parameterized,notebook,snopt,all,True,0.0,0.5,772560212,True,0.7234523296356201,32,0.8499829769134521,16,16,5.265786269878594,,1.461115595684748,5.481944095049798,21.758461636077897,0.6844085457395673,2.159940481185913,True,SolutionResult.kSolutionFound,1,2.152299303,0.515955134081075,0.7538700930794742,3.483289791853602,14.346976591820592,1.0,1.0,0.0,0.0,,3.132988248168818,1.00273074947501,1.2023936768980161,1.1185568600882203,acceleration,326.35140488926476,93.1369875432922,31016.527873520765,66.97615772131212,27.045461808786055
top,bottom,5,cspace,notebook,snopt,all,True,0.0,0.5,772560212,True,0.7234523296356201,32,0.8499829769134521,16,16,5.265786269878594,,1.461115595684748,5.481944095049798,21.758461636077897,0.18241703721550193,3.460509777069092,True,SolutionResult.kSolutionFound,1,3.454546417,0.305313896118718,0.8759938720396578,1.6737137099646542,7.151349959900044,0.998,0.998,0.0,0.0,,1.8981017125926194,1.0004600037191251,1.1482694004976763,1.0104373502315622,acceleration,280.8525302431807,69.00421739251229,25325.67738698366,57.7581414199343,23.271972394296352
top,bottom,5,kinetic,notebook,snopt,all,True,0.0,0.5,772560212,True,0.7234523296356201,32,0.8499829769134521,16,16,5.265786269878594,,1.461115595684748,5.481944095049798,21.758461636077897,0.04595913151975281,4.030022144317627,True,SolutionResult.kSolutionFound,1,4.023225584,0.35544309055269807,1.0465886654694643,1.9504338988089467,7.733894849599843,1.0,1.0,0.0,0.0,,1.9192183461706986,1.000970389030214,1.1743002955054749,0.9622052695630648,acceleration,304.0643638779785,81.71831878935171,25438.311019641915,61.17382689698901,27.337649629738976
top,bottom,5,parameterized,tight,snopt,all,True,0.0,0.5,772560212,True,0.7234523296356201,32,0.8499829769134521,16,16,5.265786269878594,,1.461115595684748,5.481944095049798,21.758461636077897,0.6844085457395673,5.654823541641235,True,SolutionResult.kSolutionFound,1,5.648967829,0.34378644275797915,0.5023117330986677,3.3212932410922154,13.622184742513715,1.0,1.0,0.0,4.2687891974591e-05,,3.1619633876775177,1.0018050665207041,1.2178688860913973,0.696470378898939,acceleration,297.16066134239674,77.34956771129828,29364.390081471178,61.42111603371417,22.46484910342804
top,bottom,5,cspace,tight,snopt,all,True,0.0,0.5,772560212,True,0.7234523296356201,32,0.8499829769134521,16,16,5.265786269878594,,1.461115595684748,5.481944095049798,21.758461636077897,0.18241703721550193,81.66794180870056,True,SolutionResult.kSolutionFound,3,81.661773728,0.25313498233041315,0.7359811106060529,1.3876718216367436,5.881465897433501,1.0,1.0,0.0,0.0,,1.7738049116735994,1.000694030100805,1.1745127941021107,0.8664596195292706,acceleration,252.08957779713867,54.715583802091885,23349.90403400424,51.14070816126833,20.887031192510637
top,bottom,5,kinetic,tight,snopt,all,True,0.0,0.5,772560212,True,0.7234523296356201,32,0.8499829769134521,16,16,5.265786269878594,,1.461115595684748,5.481944095049798,21.758461636077897,0.04595913151975281,59.40504693984985,True,SolutionResult.kSolutionFound,3,59.397756894,0.24678597353889978,0.829020875637561,1.444331867111191,5.369683137568287,1.0,1.0,0.0,0.0,,1.5875152278915163,1.0007498938715917,1.1699864201428187,0.7312639090305334,acceleration,261.97324526895085,59.89121208686346,21771.144695935152,53.31758144899127,25.709594012447926
top,middle,0,parameterized,notebook,snopt,all,True,0.0,0.5,453438722,True,0.1847701072692871,27,0.7007861137390137,16,16,3.9752523600215075,,1.1707174605855868,3.090520589778436,13.341808619071141,0.8541770612183449,3.036076068878174,True,SolutionResult.kSolutionFound,1,3.029983639,0.37422597663542656,0.43811288505178664,1.960894662689945,8.444022294578613,1.0,1.0,0.0,0.0,,2.4057869970008685,1.0007552742779815,1.1785377214034682,0.6259516203614652,acceleration,213.46531110103214,71.97196349299168,25732.549688713996,47.1298546403405,14.935007519960807
top,middle,0,cspace,notebook,snopt,all,True,0.0,0.5,453438722,True,0.1847701072692871,27,0.7007861137390137,16,16,3.9752523600215075,,1.1707174605855868,3.090520589778436,13.341808619071141,0.3235700817873184,4.530568838119507,True,SolutionResult.kSolutionFound,1,4.525432763,0.36135036303468027,0.540094721996624,1.1167607370825923,4.558745930236691,0.996,0.996,0.0,0.0,,1.6364912115307266,1.0004738335407617,1.1796944152900803,0.8380759423907685,acceleration,214.53252395098636,71.98742552045125,22525.650003169718,42.728282401296354,24.05442117317276
top,middle,0,kinetic,notebook,snopt,all,True,0.0,0.5,453438722,True,0.1847701072692871,27,0.7007861137390137,16,16,3.9752523600215075,,1.1707174605855868,3.090520589778436,13.341808619071141,0.0749523568019536,3.7554938793182373,True,SolutionResult.kSolutionFound,1,3.750470353,0.36294160344222304,0.6529455846729959,1.2773821532733258,4.84229741302495,1.0,1.0,0.0,0.0,,1.6146955122038589,1.0009701122104335,1.1648708091871516,0.8315554179016562,acceleration,238.52272936574815,84.36522364702768,22484.41915543322,44.6898988188686,26.85809717624923
top,middle,0,parameterized,tight,snopt,all,True,0.0,0.5,453438722,True,0.1847701072692871,27,0.7007861137390137,16,16,3.9752523600215075,,1.1707174605855868,3.090520589778436,13.341808619071141,0.8541770612183449,7.245551586151123,True,SolutionResult.kSolutionFound,1,7.240611028,0.30050714114048016,0.351808957163812,1.8969522015893987,7.55235329152292,0.998,0.998,0.0,8.030415523885281e-05,,2.4570439835813462,1.0012228659760154,1.2083990326206013,0.5741826626890142,acceleration,210.64956682642128,70.50206110572935,23608.77788152166,46.11123088989473,16.73090240062305
top,middle,0,cspace,tight,snopt,all,True,0.0,0.5,453438722,True,0.1847701072692871,27,0.7007861137390137,16,16,3.9752523600215075,,1.1707174605855868,3.090520589778436,13.341808619071141,0.3235700817873184,67.40532326698303,False,SolutionResult.kSolverSpecificError,41,67.400042475,0.30646262394078355,0.4795437378047653,0.9471290492865174,3.523476258723488,0.998,0.998,0.0,0.0,,1.4831902909646855,1.0005602257642194,1.1894661157799584,0.7686401218405164,acceleration,196.3539767861938,62.83556896282352,19067.532218562133,37.71130026026982,21.69696858315187
top,middle,0,kinetic,tight,snopt,all,True,0.0,0.5,453438722,True,0.1847701072692871,27,0.7007861137390137,16,16,3.9752523600215075,,1.1707174605855868,3.090520589778436,13.341808619071141,0.0749523568019536,29.45851492881775,False,SolutionResult.kSolverSpecificError,41,29.453298967,0.27192466766041135,0.5326810498241631,0.9982942966994143,3.6279668747297324,1.0,1.0,0.0,0.0,,1.445316037158558,1.0004681374544095,1.2009587590200717,0.6534208323071993,acceleration,204.67517293760704,67.32221989608243,20126.098778691543,40.02682722305866,24.29117633110068
top,bottom,9,parameterized,notebook,snopt,all,True,0.0,0.5,666507647,True,0.1796281337738037,40,0.6372771263122559,17,17,4.366362590179977,,3.359552875971882,6.888480246966244,25.179687449359623,0.29765865783871936,1.5066828727722168,True,SolutionResult.kSolutionFound,1,1.501541722,0.2413244924168664,0.8107423925415413,2.771867934691889,11.336166273978938,1.0,1.0,0.0,0.0,,2.7894811380860687,1.000873794515594,1.203226221969781,0.7796831016699997,acceleration,300.145979537818,79.94704212344121,28641.313884768257,64.04327179433001,22.261285991411892
top,bottom,9,cspace,notebook,snopt,all,True,0.0,0.5,666507647,True,0.1796281337738037,40,0.6372771263122559,17,17,4.366362590179977,,3.359552875971882,6.888480246966244,25.179687449359623,0.14516990165434676,2.6095633506774902,True,SolutionResult.kSolutionFound,1,2.604515707,0.3697275846981176,1.4179914109525376,2.546861163951522,9.01546282253487,1.0,1.0,0.0,0.0,,1.9915910522185933,1.000598790055071,1.0968636986343292,0.9677396111515307,acceleration,316.9368361844163,88.12246029996938,25641.905073731465,66.20864527923314,29.473821298295828
top,bottom,9,kinetic,notebook,snopt,all,True,0.0,0.5,666507647,True,0.1796281337738037,40,0.6372771263122559,17,17,4.366362590179977,,3.359552875971882,6.888480246966244,25.179687449359623,0.039714551739816466,3.9666967391967773,True,SolutionResult.kSolutionFound,1,3.961267572,0.30973127788456983,1.379027466098289,2.348708485898199,7.798936770424219,0.998,0.998,0.0,0.0,,1.875558578412172,1.0003813852114636,1.1772368269118811,1.0463270470122554,acceleration,315.0128638983099,87.6604489068608,25659.58963773736,64.27799631853556,25.435334772692784
top,bottom,9,parameterized,tight,snopt,all,True,0.0,0.5,666507647,True,0.1796281337738037,40,0.6372771263122559,17,17,4.366362590179977,,3.359552875971882,6.888480246966244,25.179687449359623,0.29765865783871936,6.821727275848389,True,SolutionResult.kSolutionFound,1,6.816644737,0.1404064696643817,0.47170295896603015,2.8992638240559647,11.905370023470688,1.0,1.0,0.0,6.09603623851207e-05,,3.0694014768064872,1.0019444549249823,1.234209755238297,0.7006660408844632,acceleration,292.0853015681595,75.82453244101634,28527.73066191907,60.60341240460472,21.159851032803264
top,bottom,9,cspace,tight,snopt,all,True,0.0,0.5,666507647,True,0.1796281337738037,40,0.6372771263122559,17,17,4.366362590179977,,3.359552875971882,6.888480246966244,25.179687449359623,0.14516990165434676,90.348153591156,False,SolutionResult.kSolverSpecificError,41,90.337591144,0.18420561651901596,0.6720939620968345,1.2688967507714808,5.2405613755620974,1.0,1.0,0.0,0.0,,1.7377307490910567,1.000769191058675,1.189811619352393,0.8637472404988368,acceleration,253.83416251601722,55.39340141889453,22411.63381380178,50.41623292308319,22.670311367149907
top,bottom,9,kinetic,tight,snopt,all,True,0.0,0.5,666507647,True,0.1796281337738037,40,0.6372771263122559,17,17,4.366362590179977,,3.359552875971882,6.888480246966244,25.179687449359623,0.039714551739816466,31.880095958709717,False,SolutionResult.kSolverSpecificError,41,31.871967238,0.19794266321315032,0.7578099975229537,1.3342546776694568,4.98413439260098,1.0,1.0,0.0,0.0,,1.607040071750578,1.0006509288989736,1.1855880632546494,0.7508776651219827,acceleration,258.94771216963784,58.442680510242624,21728.1691405281,52.513002762214626,25.84562153982126
top,middle,8,parameterized,notebook,snopt,all,True,0.0,0.5,366830896,True,0.23935508728027344,28,0.7238569259643555,19,19,3.97988085599736,,1.867370786943093,3.517616464852421,8.540934735612224,0.5355122865754001,8.327423095703125,False,SolutionResult.kIterationLimit,31,8.320860127,1.1013843612568077,2.056692981406945,16.02253639871455,54.76370370724214,0.93,0.934,0.0,0.0034510401786307376,,4.589915226203827,1.008277898553862,1.2898077693995424,0.920242073080668,acceleration,496.5736174904812,215.7901160660437,55462.765231596575,70.78172651268892,23.436201156103394
top,middle,8,cspace,notebook,snopt,all,True,0.0,0.5,366830896,True,0.23935508728027344,28,0.7238569259643555,19,19,3.97988085599736,,1.867370786943093,3.517616464852421,8.540934735612224,0.2842834089480401,6.76974630355835,False,SolutionResult.kIterationLimit,31,6.764773033,39.22430729828728,27.968826644993673,137.9760691748863,351.0511614744889,0.594,0.648,0.22761780891425287,0.05359452111386975,,12.882325116508262,3.847020220757682,26.09975871966967,11.24099272884954,acceleration,1328.003344596415,549.4690523045441,203427.4983728204,168.7949405731431,64.2788995546354
top,middle,8,kinetic,notebook,snopt,all,True,0.0,0.5,366830896,True,0.23935508728027344,28,0.7238569259643555,19,19,3.97988085599736,,1.867370786943093,3.517616464852421,8.540934735612224,0.11708320353162363,9.386933088302612,False,SolutionResult.kIterationLimit,31,9.381972173,1.7087452347066936,2.548336628178423,4.508619586955416,14.594281529418268,1.0,1.0,0.0,0.0,,2.822430678378831,1.00462937962343,1.2699668421468937,1.0352253524544015,acceleration,386.1703690451243,159.84051661445028,40489.87840370017,51.1595632320516,23.354629080434794
top,middle,8,parameterized,tight,snopt,all,True,0.0,0.5,366830896,True,0.23935508728027344,28,0.7238569259643555,19,19,3.97988085599736,,1.867370786943093,3.517616464852421,8.540934735612224,0.5355122865754001,5.00407075881958,False,SolutionResult.kIterationLimit,31,5.000678856,1.1013843612568077,2.056692981406945,16.02253639871455,54.76370370724214,0.93,0.934,0.0,0.0034510401786307376,,4.589915226203827,1.008277898553862,1.2898077693995424,0.920242073080668,acceleration,496.5736174904812,215.7901160660437,55462.765231596575,70.78172651268892,23.436201156103394
top,middle,8,cspace,tight,snopt,all,True,0.0,0.5,366830896,True,0.23935508728027344,28,0.7238569259643555,19,19,3.97988085599736,,1.867370786943093,3.517616464852421,8.540934735612224,0.2842834089480401,4.174647808074951,False,SolutionResult.kIterationLimit,31,4.170837554,39.22430729828728,27.968826644993673,137.9760691748863,351.0511614744889,0.594,0.648,0.22761780891425287,0.05359452111386975,,12.882325116508262,3.847020220757682,26.09975871966967,11.24099272884954,acceleration,1328.003344596415,549.4690523045441,203427.4983728204,168.7949405731431,64.2788995546354
top,middle,8,kinetic,tight,snopt,all,True,0.0,0.5,366830896,True,0.23935508728027344,28,0.7238569259643555,19,19,3.97988085599736,,1.867370786943093,3.517616464852421,8.540934735612224,0.11708320353162363,6.552996873855591,False,SolutionResult.kIterationLimit,31,6.549332182,1.7087452347066936,2.548336628178423,4.508619586955416,14.594281529418268,1.0,1.0,0.0,0.0,,2.822430678378831,1.00462937962343,1.2699668421468937,1.0352253524544015,acceleration,386.1703690451243,159.84051661445028,40489.87840370017,51.1595632320516,23.354629080434794
top,bottom,1,parameterized,notebook,snopt,all,True,0.0,0.5,694260045,True,0.20205283164978027,37,0.5866971015930176,12,12,4.065702133917505,,3.306691817495521,7.751809652284141,28.125879011852895,0.30241705462512597,2.006791830062866,True,SolutionResult.kSolutionFound,1,2.001326702,0.34985841696026476,1.1568739646444446,3.9672957855311384,15.153072028640981,1.0,1.0,0.0,0.0,,2.4748808396860005,1.000785489386561,1.0473643457730761,0.6597850271980132,acceleration,334.0294475238002,96.74099198496094,24062.827189011754,60.22570673523914,19.783470894691884
top,bottom,1,cspace,notebook,snopt,all,True,0.0,0.5,694260045,True,0.20205283164978027,37,0.5866971015930176,12,12,4.065702133917505,,3.306691817495521,7.751809652284141,28.125879011852895,0.12900213561169435,2.7521395683288574,True,SolutionResult.kSolutionFound,1,2.746533427,0.2949434546058171,1.2106291106575326,2.286345518291403,9.12793195645987,1.0,1.0,0.0,0.0,,1.8011701144580627,1.0006618893470378,1.1429806809473495,0.834070520792827,acceleration,309.415704978039,83.64819592569472,22073.892328084876,54.661256790768,33.24362335113329
top,bottom,1,kinetic,notebook,snopt,all,True,0.0,0.5,694260045,True,0.20205283164978027,37,0.5866971015930176,12,12,4.065702133917505,,3.306691817495521,7.751809652284141,28.125879011852895,0.035554444345671,8.881598949432373,True,SolutionResult.kSolutionFound,1,8.876262814,0.26372599532495933,1.0662222690186156,1.9622281874005474,7.417525436790289,1.0,1.0,0.0,0.0,,1.6117290980526178,1.0003791241739655,1.1226153696358927,0.9329820119934894,acceleration,271.3875652196812,64.72296261299772,20591.061938089668,52.96443772571107,33.64570378972837
top,bottom,1,parameterized,tight,snopt,all,True,0.0,0.5,694260045,True,0.20205283164978027,37,0.5866971015930176,12,12,4.065702133917505,,3.306691817495521,7.751809652284141,28.125879011852895,0.30241705462512597,8.407803297042847,True,SolutionResult.kSolutionFound,1,8.400702191,0.21031163266025715,0.695435754841794,4.370400214300949,17.945558797708212,0.998,0.998,0.0,1.897883840262793e-05,,3.0549073660651267,1.000887133029185,1.1578136156205714,0.6978728512883831,acceleration,289.3683090015354,73.73895723677896,28100.78444321116,60.26372833172224,19.987424367928686
top,bottom,1,cspace,tight,snopt,all,True,0.0,0.5,694260045,True,0.20205283164978027,37,0.5866971015930176,12,12,4.065702133917505,,3.306691817495521,7.751809652284141,28.125879011852895,0.12900213561169435,162.2355444431305,False,SolutionResult.kSolverSpecificError,41,162.228712462,0.24439690857183435,1.005935357008297,1.89451831485555,7.961518845696529,1.0,1.0,0.0,0.0,,1.7322560301923118,1.000376808622926,1.1166172632372915,0.8164310943646371,acceleration,253.10506479932562,55.3267439193838,22353.755989022975,51.24895351992953,22.661181590973396
top,bottom,1,kinetic,tight,snopt,all,True,0.0,0.5,694260045,True,0.20205283164978027,37,0.5866971015930176,12,12,4.065702133917505,,3.306691817495521,7.751809652284141,28.125879011852895,0.035554444345671,13.939416408538818,False,SolutionResult.kSolverSpecificError,41,13.935706993,0.26207230813887744,1.059373110543965,1.967846791366231,7.371014031071101,1.0,1.0,0.0,0.0,,1.5988977039982046,1.0004329001675725,1.1205341092409293,0.9951940279133182,acceleration,271.60816839074795,64.77989270089603,20455.48415030344,53.09920771660894,35.976684449903544
top,middle,1,parameterized,notebook,snopt,all,True,0.0,0.5,1812061588,True,0.22910022735595703,41,0.5529730319976807,17,17,4.4699085122182405,,1.4814223127255748,5.671495343699293,21.043101174212765,0.6750269598411567,2.377815008163452,True,SolutionResult.kSolutionFound,1,2.372416439,0.24943668160134067,0.3695210657364518,2.3638927448293456,9.605426282751417,1.0,1.0,0.0,0.0,,2.9591213836933172,1.0016129251574843,1.2071162661863608,0.5595437181756154,acceleration,218.26446182351324,74.2372435665719,27122.43621914985,49.93811468657556,12.508068950057995
top,middle,1,cspace,notebook,snopt,all,True,0.0,0.5,1812061588,True,0.22910022735595703,41,0.5529730319976807,17,17,4.4699085122182405,,1.4814223127255748,5.671495343699293,21.043101174212765,0.1763203422375975,4.623237371444702,True,SolutionResult.kSolutionFound,1,4.618113126,0.2049255250154553,0.5934868919021641,1.1622341609302875,4.215031361526871,0.996,0.996,0.0,0.0,,1.5916546555046163,1.00028271959921,1.156448000794227,0.8257559083453965,acceleration,216.68430129715296,73.14019810650714,22415.92409760721,44.21349133296293,22.56979526137201
top,middle,1,kinetic,notebook,snopt,all,True,0.0,0.5,1812061588,True,0.22910022735595703,41,0.5529730319976807,17,17,4.4699085122182405,,1.4814223127255748,5.671495343699293,21.043101174212765,0.047521512714364,3.8861069679260254,True,SolutionResult.kSolutionFound,1,3.880991717,0.21704365824922858,0.7744298805650882,1.4544251697829633,4.567271659759776,0.996,0.996,0.0,0.0,,1.5580351883746526,1.0002986981251012,1.196383828388416,0.9890222796702254,acceleration,248.3194667724663,89.90549077565828,22572.85506692437,48.25312185710636,28.839907950171387
top,middle,1,parameterized,tight,snopt,all,True,0.0,0.5,1812061588,True,0.22910022735595703,41,0.5529730319976807,17,17,4.4699085122182405,,1.4814223127255748,5.671495343699293,21.043101174212765,0.6750269598411567,4.888001203536987,True,SolutionResult.kSolutionFound,1,4.88298583,0.2230698208001964,0.3304606098291104,2.0324958063572014,8.126382185244918,1.0,1.0,0.0,6.673473364937621e-05,,2.679404912852943,1.001571337075745,1.220660910386708,0.6239889843420884,acceleration,213.8900878732451,72.04497601105763,24972.630560746795,47.41523389018259,15.897311961351734
top,middle,1,cspace,tight,snopt,all,True,0.0,0.5,1812061588,True,0.22910022735595703,41,0.5529730319976807,17,17,4.4699085122182405,,1.4814223127255748,5.671495343699293,21.043101174212765,0.1763203422375975,57.64080190658569,False,SolutionResult.kSolverSpecificError,41,57.635152631,0.15675183011962276,0.4492770031509137,0.8890172746397832,3.3013933622369183,0.998,0.998,0.0,0.0,,1.4854914434783137,1.0006268790601134,1.2061648323994114,0.7732648866226095,acceleration,198.25441662278467,63.78466105075987,19224.14541810331,37.806891989538975,22.11473906167288
top,middle,1,kinetic,tight,snopt,all,True,0.0,0.5,1812061588,True,0.22910022735595703,41,0.5529730319976807,17,17,4.4699085122182405,,1.4814223127255748,5.671495343699293,21.043101174212765,0.047521512714364,52.556382179260254,True,SolutionResult.kSolutionFound,3,52.548308546,0.14749917492317166,0.46801564678399243,0.90667870352839,3.103840061021209,1.0,1.0,0.0,0.0,,1.4214051783018236,1.0005184955434712,1.19995016061145,0.6877984328969473,acceleration,198.46637529931405,63.89207050841831,16803.89773817723,36.92452610672177,21.430721551910356
top,bottom,3,parameterized,notebook,snopt,all,True,0.0,0.5,1198518369,True,0.6964433193206787,38,1.0244193077087402,17,17,4.5965371676727385,,3.718275578636857,8.287659469642357,25.7117773617593,0.2689418734171947,3.367447853088379,True,SolutionResult.kSolutionFound,1,3.360031393,0.1519465106637476,0.5649789998600979,4.1492569492917895,16.586157276429507,0.998,0.998,0.0,0.0,,3.5510125363766822,1.0020422894339454,1.30733008774783,0.7460256401016142,acceleration,314.1903528421103,86.70581532128529,31255.818259623105,66.74031130373416,20.778118462349326
top,bottom,3,cspace,notebook,snopt,all,True,0.0,0.5,1198518369,True,0.6964433193206787,38,1.0244193077087402,17,17,4.5965371676727385,,3.718275578636857,8.287659469642357,25.7117773617593,0.12066132828731604,2.5162205696105957,True,SolutionResult.kSolutionFound,1,2.509143302,0.3390067539781392,1.6042714735217145,2.809572534879642,8.538581308908263,1.0,1.0,0.0,0.0,,1.9242291928270936,1.0016927211251365,1.0021063971602815,1.0491145400800193,torque,330.04802432316484,96.47006412181929,24629.138398621933,69.33652788903888,28.280561955364973
top,bottom,3,kinetic,notebook,snopt,all,True,0.0,0.5,1198518369,True,0.6964433193206787,38,1.0244193077087402,17,17,4.5965371676727385,,3.718275578636857,8.287659469642357,25.7117773617593,0.03889268275507408,4.708266973495483,True,SolutionResult.kSolutionFound,1,4.701616024,0.27416471566307904,1.3845263019884806,2.3693179571136707,7.049262129579132,1.0,1.0,0.0,0.0,,1.7540209130710154,1.0004694490757964,1.0325736658860964,1.2008216061768502,torque,330.01322499765,95.66662648539022,23002.63059758591,67.43676827324623,29.560051621920213
top,bottom,3,parameterized,tight,snopt,all,True,0.0,0.5,1198518369,True,0.6964433193206787,38,1.0244193077087402,17,17,4.5965371676727385,,3.718275578636857,8.287659469642357,25.7117773617593,0.2689418734171947,7.091291904449463,True,SolutionResult.kSolutionFound,1,7.083950532,0.12702606793579,0.472317926255914,3.4294185927353253,14.03469989418991,0.998,0.998,0.0,1.5041532979598315e-05,,3.2891738202181844,1.0019516013571494,1.2336888425478558,0.6880907491409406,acceleration,299.6524835826468,79.21751392194666,30220.88221842017,62.48081900020227,22.605523735661215
top,bottom,3,cspace,tight,snopt,all,True,0.0,0.5,1198518369,True,0.6964433193206787,38,1.0244193077087402,17,17,4.5965371676727385,,3.718275578636857,8.287659469642357,25.7117773617593,0.12066132828731604,166.88013458251953,True,SolutionResult.kSolutionFound,3,166.873614513,0.15995695570972304,0.6968699124506756,1.325668778722849,5.469699554293888,1.0,1.0,0.0,0.0,,1.759687285507288,1.000780868273125,1.1895994191044743,0.8862217914808718,acceleration,252.86816994298493,55.231634228523696,23081.165380884864,51.28099284411056,22.073573778342716
top,bottom,3,kinetic,tight,snopt,all,True,0.0,0.5,1198518369,True,0.6964433193206787,38,1.0244193077087402,17,17,4.5965371676727385,,3.718275578636857,8.287659469642357,25.7117773617593,0.03889268275507408,20.75299859046936,True,SolutionResult.kSolutionFound,1,20.749345012,0.19666617357332428,0.7798186354400015,1.378236155878477,5.056636869506424,1.0,1.0,0.0,0.0,,1.562705497500792,1.0008505312359741,1.1845049109201682,0.9280369656314527,acceleration,267.1505910417811,62.52661070883523,21219.876852373607,54.334150089962755,29.423258227639078
top,bottom,0,parameterized,notebook,snopt,all,True,0.0,0.5,1583784411,True,0.17708301544189453,32,0.5086097717285156,22,22,6.428320458155968,,3.092167645723201,10.31060325478944,36.988688407178756,0.3233977308387878,1.3057751655578613,True,SolutionResult.kSolutionFound,1,1.298195204,0.3199554794921482,0.9893559817574725,4.055448913274463,15.3856285434388,1.0,1.0,0.0,0.0,,3.3926948447621603,1.0029293125183956,1.0059749837849175,1.0412852336654834,torque,405.0104529845161,133.42532500029083,36326.84176415189,80.82407684226098,29.226128574933238
top,bottom,0,cspace,notebook,snopt,all,True,0.0,0.5,1583784411,True,0.17708301544189453,32,0.5086097717285156,22,22,6.428320458155968,,3.092167645723201,10.31060325478944,36.988688407178756,0.09698753557756032,2.932893991470337,True,SolutionResult.kSolutionFound,1,2.921689346,0.2216282560251115,1.2753102966740006,2.285121017925822,9.067829554001664,1.0,1.0,0.0,0.0,,2.1730452712164507,1.0012110519930564,1.2707561484721077,1.3230675746333915,torque,358.77552150610524,109.41239783328507,30625.940908076354,69.72498305570082,26.511953584587346
top,bottom,0,kinetic,notebook,snopt,all,True,0.0,0.5,1583784411,True,0.17708301544189453,32,0.5086097717285156,22,22,6.428320458155968,,3.092167645723201,10.31060325478944,36.988688407178756,0.027035292222092423,1.9876697063446045,True,SolutionResult.kSolutionFound,1,1.982162228,0.23309949721341489,1.3715218486499037,2.458295912891184,8.622044670297038,1.0,1.0,0.0,0.0,,2.0936497297328125,1.0010946890994887,1.098379742731138,1.0016337760113323,acceleration,378.4031171531352,119.62186817120222,29181.574407071017,69.54187873813802,31.87834628502375
top,bottom,0,parameterized,tight,snopt,all,True,0.0,0.5,1583784411,True,0.17708301544189453,32,0.5086097717285156,22,22,6.428320458155968,,3.092167645723201,10.31060325478944,36.988688407178756,0.3233977308387878,17.41174340248108,True,SolutionResult.kSolutionFound,3,17.406539838,0.11599075729765362,0.35866286691874427,2.626225229879736,10.759825343988792,0.994,0.994,0.0,4.227996326555683e-05,,3.314820773326975,1.003149151743067,1.31980751612489,0.6867047236323509,acceleration,300.4037461420405,79.73774747835597,30524.37480249053,62.951782855375036,21.715937354139633
top,bottom,0,cspace,tight,snopt,all,True,0.0,0.5,1583784411,True,0.17708301544189453,32,0.5086097717285156,22,22,6.428320458155968,,3.092167645723201,10.31060325478944,36.988688407178756,0.09698753557756032,131.80312275886536,True,SolutionResult.kSolutionFound,3,131.797841642,0.09633095154400764,0.5259431110847576,0.9932302225266085,4.204175570718418,1.0,1.0,0.0,0.0,,1.8155051558258672,1.001186174351437,1.2704097326360093,0.85383329829049,acceleration,252.63267152903921,54.48031301691222,24075.417016237705,50.23169416260312,20.766816680092717
top,bottom,0,kinetic,tight,snopt,all,True,0.0,0.5,1583784411,True,0.17708301544189453,32,0.5086097717285156,22,22,6.428320458155968,,3.092167645723201,10.31060325478944,36.988688407178756,0.027035292222092423,72.6939058303833,True,SolutionResult.kSolutionFound,1,72.688402146,0.10305894449458143,0.6019966091277554,1.0337645834358755,3.812015185482804,1.0,1.0,0.0,0.0,,1.5933172817417298,1.0010602338536274,1.2653252440228604,0.7760544122544074,acceleration,262.18488628603234,60.519519940084265,21761.91904904689,52.99705401246861,26.04542929704797
top,bottom,2,parameterized,notebook,snopt,all,True,0.0,0.5,812171511,True,0.5825226306915283,50,1.1218273639678955,22,22,5.969934863359594,,1.9867642652363235,5.311122889965684,20.887614197399035,0.5033309776593203,5.709493398666382,True,SolutionResult.kSolutionFound,1,5.703181076,0.18157236245396743,0.36074148127807887,2.7737338376176695,11.419773532963346,0.996,0.996,0.0,3.986430944769026e-05,,3.4122224248501096,1.0042178303494311,1.3004707255629973,0.6771490013235205,acceleration,301.57562085872445,80.58932383146552,31501.2909801993,64.16593918193689,21.461734519364953
top,bottom,2,cspace,notebook,snopt,all,True,0.0,0.5,812171511,True,0.5825226306915283,50,1.1218273639678955,22,22,5.969934863359594,,1.9867642652363235,5.311122889965684,20.887614197399035,0.1882841012564974,3.0234498977661133,True,SolutionResult.kSolutionFound,1,3.018154604,0.3523306942883892,1.025855430369864,1.8712716152725666,7.732083116254142,0.994,0.994,0.0,0.0,,2.2027624604894145,1.0009597507379215,1.1031236846654267,1.1408255279905415,torque,307.87262892271383,83.68210509039271,32472.921439688143,65.91772620002169,21.75837506148562
top,bottom,2,kinetic,notebook,snopt,all,True,0.0,0.5,812171511,True,0.5825226306915283,50,1.1218273639678955,22,22,5.969934863359594,,1.9867642652363235,5.311122889965684,20.887614197399035,0.04787526189202221,4.536319971084595,True,SolutionResult.kSolutionFound,1,4.531225215,0.32341003823943676,1.029176977140831,1.8136053442159223,6.755264106311421,0.994,0.994,0.0,0.0,,2.0472740135390084,1.0008117979605462,1.2776609243550732,1.26653211665336,acceleration,304.4927098322926,82.21425523143915,29183.095867566215,64.83787815889582,23.200167537034414
top,bottom,2,parameterized,tight,snopt,all,True,0.0,0.5,812171511,True,0.5825226306915283,50,1.1218273639678955,22,22,5.969934863359594,,1.9867642652363235,5.311122889965684,20.887614197399035,0.5033309776593203,8.357386350631714,True,SolutionResult.kSolutionFound,1,8.351730437,0.1810589892555996,0.35972152975283617,2.7244051122088138,11.136171777766503,0.998,0.998,0.0,6.936915610022965e-05,,3.361265843123377,1.0041178687319565,1.3191033040922178,0.6761743987624115,acceleration,302.1291907821537,80.43733999542718,30839.052075921485,63.34567179120088,21.033621337118923
top,bottom,2,cspace,tight,snopt,all,True,0.0,0.5,812171511,True,0.5825226306915283,50,1.1218273639678955,22,22,5.969934863359594,,1.9867642652363235,5.311122889965684,20.887614197399035,0.1882841012564974,107.54855585098267,True,SolutionResult.kSolutionFound,1,107.539905122,0.1945847715739434,0.5459309251234967,1.0334636343451147,4.490472951031088,0.998,0.998,0.0,0.0,,1.8489565055620751,1.0011676169894788,1.2702124532955854,0.8704051404069182,acceleration,253.50354695776446,55.27577752817427,24841.347501551434,51.07150620143216,20.734545093285778
top,bottom,2,kinetic,tight,snopt,all,True,0.0,0.5,812171511,True,0.5825226306915283,50,1.1218273639678955,22,22,5.969934863359594,,1.9867642652363235,5.311122889965684,20.887614197399035,0.04787526189202221,84.37087106704712,True,SolutionResult.kSolutionFound,1,84.362371835,0.18821943331815147,0.6279820949904814,1.073465910999778,3.931454907602621,1.0,1.0,0.0,0.0,,1.588116257572442,1.001278690432419,1.2653498591869843,0.9508208704895174,acceleration,266.7009240851829,62.48179684909341,21958.1830984466,53.62895064701992,25.042973702386025
top,middle,7,parameterized,notebook,snopt,all,True,0.0,0.5,90339489,True,0.20148777961730957,39,0.5089187622070312,15,15,3.9950290391840793,,2.130651607901498,4.759477614490596,16.23728781799023,0.4693399879602611,3.4704723358154297,True,SolutionResult.kSolutionFound,1,3.465203953,0.17840459563411382,0.380118038544838,2.3369665302362583,9.390229577886183,1.0,1.0,0.0,0.0,,2.685404120337009,1.0009337735858932,1.1809530696848107,0.675617316640853,acceleration,214.85888481587915,72.8795687300446,25328.718964034102,47.81824593719399,15.305929102085098
top,middle,7,cspace,notebook,snopt,all,True,0.0,0.5,90339489,True,0.20148777961730957,39,0.5089187622070312,15,15,3.9950290391840793,,2.130651607901498,4.759477614490596,16.23728781799023,0.2101070917857504,7.23323130607605,True,SolutionResult.kSolutionFound,1,7.22713739,0.2354552456253376,0.5854453193049798,1.1206439707681792,4.241542143889853,1.0,1.0,0.0,0.0,,1.5420672664188881,1.0005263815897467,1.1446450632415872,0.7686774470178689,acceleration,199.50992485359663,64.74964518294698,21220.649370218693,40.562166849140155,23.620353860328436
top,middle,7,kinetic,notebook,snopt,all,True,0.0,0.5,90339489,True,0.20148777961730957,39,0.5089187622070312,15,15,3.9950290391840793,,2.130651607901498,4.759477614490596,16.23728781799023,0.061586640035538584,3.6199703216552734,True,SolutionResult.kSolutionFound,1,3.612259122,0.3211739979793995,1.0978011281049904,1.7708841232953332,5.214994644846121,1.0,1.0,0.0,0.0,,1.556785277285294,1.0003031079883364,1.232462316100913,0.6941658073913561,acceleration,235.34311663933403,83.93917562201004,22091.546614409075,48.175169315083366,26.712718290714747
top,middle,7,parameterized,tight,snopt,all,True,0.0,0.5,90339489,True,0.20148777961730957,39,0.5089187622070312,15,15,3.9950290391840793,,2.130651607901498,4.759477614490596,16.23728781799023,0.4693399879602611,4.951148986816406,True,SolutionResult.kSolutionFound,1,4.945437014,0.17805946935078032,0.3793826946743267,2.2805408807798453,9.15881091268797,1.0,1.0,0.0,2.4706086844350494e-05,,2.6506052168724423,1.00117404484501,1.189539078411013,0.6351690873139403,acceleration,214.64058703314367,72.31011868502466,25035.099140231654,47.433348385986996,15.485629877106739
top,middle,7,cspace,tight,snopt,all,True,0.0,0.5,90339489,True,0.20148777961730957,39,0.5089187622070312,15,15,3.9950290391840793,,2.130651607901498,4.759477614490596,16.23728781799023,0.2101070917857504,49.98690223693848,False,SolutionResult.kSolverSpecificError,41,49.980909174,0.21888799988193502,0.5241192779109177,1.0417925355186899,3.9210218111989534,1.0,1.0,0.0,0.0,,1.489529296143483,1.0005245945155108,1.180408358773885,0.7854527562069686,acceleration,202.17731969518522,66.09971770540115,19866.84738885443,38.956141365403916,24.943716182509977
top,middle,7,kinetic,tight,snopt,all,True,0.0,0.5,90339489,True,0.20148777961730957,39,0.5089187622070312,15,15,3.9950290391840793,,2.130651607901498,4.759477614490596,16.23728781799023,0.061586640035538584,14.04598331451416,True,SolutionResult.kSolutionFound,3,14.042106336,0.2386383899281928,0.6097966022256557,1.1080430936095476,3.874840221685848,1.0,1.0,0.0,0.0,,1.4200210319566002,1.0005726507607198,1.1544897845492186,0.7401446001582734,acceleration,210.97312673952467,70.61676223263933,19898.714890144212,40.806667704160176,26.834619514640497
top,bottom,6,parameterized,notebook,snopt,all,True,0.0,0.5,923075822,True,0.390455961227417,48,0.8124377727508545,27,27,7.035758506280656,,2.5055994703691575,5.348530291779243,17.346476223371422,0.39910608691686345,2.251633882522583,True,SolutionResult.kSolutionFound,1,2.244347326,0.568469076962612,1.4243558181587668,2.9177308540899305,9.479252001633627,0.998,0.998,0.0,0.0,,2.667121284128617,1.0018687690606938,1.007112890084572,1.0315313154644046,torque,398.1791902363356,130.62754002575787,31791.7880354311,85.17553902022448,34.25018482324073
top,bottom,6,cspace,notebook,snopt,all,True,0.0,0.5,923075822,True,0.390455961227417,48,0.8124377727508545,27,27,7.035758506280656,,2.5055994703691575,5.348530291779243,17.346476223371422,0.1869672499634175,2.46225905418396,True,SolutionResult.kSolutionFound,1,2.457237832,0.4971306124237458,1.5364590609978468,2.6589181395191703,8.283932382498637,1.0,1.0,0.0,0.0,,2.3439102226620268,1.001381042651624,1.1541556627115346,1.2300080830190063,torque,388.44702810651177,126.5147335498757,32242.69298880927,80.70066733360011,25.910762169146455
top,bottom,6,kinetic,notebook,snopt,all,True,0.0,0.5,923075822,True,0.390455961227417,48,0.8124377727508545,27,27,7.035758506280656,,2.5055994703691575,5.348530291779243,17.346476223371422,0.05764859601010321,5.5537192821502686,True,SolutionResult.kSolutionFound,1,5.548493363,0.35893040312475893,1.2925961963916477,2.1586779027106333,6.2261777036487524,1.0,1.0,0.0,0.0,,2.0640103375421877,1.0004064047994388,1.2971924071496672,1.2321852003353484,acceleration,385.88524614314076,124.95010134744935,30726.43997741841,76.03884119301907,29.643003898949722
top,bottom,6,parameterized,tight,snopt,all,True,0.0,0.5,923075822,True,0.390455961227417,48,0.8124377727508545,27,27,7.035758506280656,,2.5055994703691575,5.348530291779243,17.346476223371422,0.39910608691686345,12.176072359085083,True,SolutionResult.kSolutionFound,1,12.170482833,0.11464710052414125,0.2872597143526454,2.034058200051889,8.321444076863488,0.998,0.998,0.0,4.4679927845514555e-05,,3.2814336131038626,1.0046409343783633,1.4140368924471618,0.699817396804871,acceleration,299.7346683745947,79.0644617732406,30374.863502304415,62.606860685265076,22.00362345119073
top,bottom,6,cspace,tight,snopt,all,True,0.0,0.5,923075822,True,0.390455961227417,48,0.8124377727508545,27,27,7.035758506280656,,2.5055994703691575,5.348530291779243,17.346476223371422,0.1869672499634175,95.59480738639832,False,SolutionResult.kSolverSpecificError,41,95.584994644,0.14819079440997834,0.41836202146723955,0.7926029528645991,3.350379660145378,1.0,1.0,0.0,0.0,,1.8264831002488326,1.0005489048502023,1.3606672854874775,0.8607847642948309,acceleration,252.92579078365466,54.656643359845134,24214.398136525524,49.90111673860342,20.778436006038838
top,bottom,6,kinetic,tight,snopt,all,True,0.0,0.5,923075822,True,0.390455961227417,48,0.8124377727508545,27,27,7.035758506280656,,2.5055994703691575,5.348530291779243,17.346476223371422,0.05764859601010321,92.80722308158875,True,SolutionResult.kSolutionFound,1,92.802417328,0.17763062406483582,0.4891383753295747,0.8382175283544009,3.081265396883301,1.0,1.0,0.0,0.0,,1.6054119095965915,1.0003839985902938,1.3540135568150913,0.9693812587765087,acceleration,263.9570525544807,61.48265133359237,22148.86990805285,52.59660009615934,24.612846927202586
top,middle,5,parameterized,notebook,snopt,all,True,0.0,0.5,1802246541,True,0.3428046703338623,35,0.948061466217041,17,17,4.820234593809579,,2.1597148155334946,5.819530463190786,25.95306126320613,0.46302409596286404,1.312608242034912,True,SolutionResult.kSolutionFound,1,1.303958878,0.34947010078023266,0.7547557542410487,2.674626832561919,11.518747865517373,1.0,1.0,0.0,0.0,,2.747496005470241,1.003056753281837,1.0091466057329168,0.686941020948985,acceleration,243.4295455448567,87.19834621333337,31720.585076886015,60.89949564054114,17.534082720635453
top,middle,5,cspace,notebook,snopt,all,True,0.0,0.5,1802246541,True,0.3428046703338623,35,0.948061466217041,17,17,4.820234593809579,,2.1597148155334946,5.819530463190786,25.95306126320613,0.17183516888950365,5.014577627182007,True,SolutionResult.kSolutionFound,1,5.006936144,0.2558100887952775,0.9022422659368523,1.4886946045356577,6.539738160901955,0.996,0.996,0.0,0.0,,1.9523369677757998,1.000454922758421,1.1616940036222214,0.8832530530081051,acceleration,216.91688052476468,73.60342240761462,29603.878246087625,53.92021578576591,19.7411408149978
top,middle,5,kinetic,notebook,snopt,all,True,0.0,0.5,1802246541,True,0.3428046703338623,35,0.948061466217041,17,17,4.820234593809579,,2.1597148155334946,5.819530463190786,25.95306126320613,0.03853110004474533,6.616856813430786,True,SolutionResult.kSolutionFound,1,6.609652294,0.24311402190089532,0.9337993203193077,1.5191127774420115,6.309553104338373,0.996,0.996,0.0,0.0,,1.9356447840267799,1.0005604111280597,1.190228909159399,0.9976150049100294,acceleration,224.22149825570023,77.3574302298995,29450.546466256812,53.29707054214784,22.15199730000657
top,middle,5,parameterized,tight,snopt,all,True,0.0,0.5,1802246541,True,0.3428046703338623,35,0.948061466217041,17,17,4.820234593809579,,2.1597148155334946,5.819530463190786,25.95306126320613,0.46302409596286404,4.939129114151001,True,SolutionResult.kSolutionFound,1,4.932797247,0.15408604016032462,0.33278190380114003,2.003878695782663,8.077957020859333,0.998,0.998,0.0,3.5961014888119536e-05,,2.678229028939509,1.0016039664104792,1.2209499929882142,0.6856908356115562,acceleration,215.81194406991165,72.84331394175166,25307.209910308182,47.72095050421551,14.853127182671404
top,middle,5,cspace,tight,snopt,all,True,0.0,0.5,1802246541,True,0.3428046703338623,35,0.948061466217041,17,17,4.820234593809579,,2.1597148155334946,5.819530463190786,25.95306126320613,0.17183516888950365,74.53890943527222,False,SolutionResult.kSolverSpecificError,41,74.532103473,0.15444882909073535,0.4563117504161134,0.8988196658976823,3.4006165544368803,1.0,1.0,0.0,0.0,,1.4892579298246067,1.0005196170644293,1.209618354409467,0.7872911838688866,acceleration,200.66056272298337,65.41370142244983,19886.590849917597,38.74260425204102,23.139382598488517
top,middle,5,kinetic,tight,snopt,all,True,0.0,0.5,1802246541,True,0.3428046703338623,35,0.948061466217041,17,17,4.820234593809579,,2.1597148155334946,5.819530463190786,25.95306126320613,0.03853110004474533,47.00784254074097,True,SolutionResult.kSolutionFound,1,47.00271025,0.12940458920340903,0.5183098118000107,0.9479993179958008,3.3584452313360975,1.0,1.0,0.0,0.0,,1.4244807170954987,1.0006389674653673,1.1821617814345775,0.6894069812045003,acceleration,206.49806135826455,68.09153427879866,20041.56165135712,40.42963283984249,25.495344111918286
top,middle,2,parameterized,notebook,snopt,all,True,0.0,0.5,1963494446,True,0.08053922653198242,25,0.39746856689453125,22,22,5.886202175369215,,1.300668746516617,4.851355941082392,18.091886661603493,0.7688352646883749,1.32102370262146,True,SolutionResult.kSolutionFound,1,1.315821911,0.43033227090457643,0.5597197353831027,1.7504886921727294,6.514577110276086,1.0,1.0,0.0,0.0,,2.4733343833174994,1.0029133741690153,1.2814040661752795,0.9227083732738617,acceleration,230.00272930662197,80.80206221066386,28099.15145081971,48.6166570709731,17.44692120419378
top,middle,2,cspace,notebook,snopt,all,True,0.0,0.5,1963494446,True,0.08053922653198242,25,0.39746856689453125,22,22,5.886202175369215,,1.300668746516617,4.851355941082392,18.091886661603493,0.20612793869272117,3.7108094692230225,True,SolutionResult.kSolutionFound,1,3.705538598,0.21614781246035478,0.6097679669805877,1.048609974131505,3.4932743461632194,0.998,0.998,0.0,0.0,,1.5762696753355963,1.0012679535923787,1.2232598306547666,1.1247249199774354,acceleration,229.04869827394336,79.57687996276682,22145.794269769685,45.26811743963587,25.734942928282397
top,middle,2,kinetic,notebook,snopt,all,True,0.0,0.5,1963494446,True,0.08053922653198242,25,0.39746856689453125,22,22,5.886202175369215,,1.300668746516617,4.851355941082392,18.091886661603493,0.05527339512480505,3.3747398853302,True,SolutionResult.kSolutionFound,1,3.369379471,0.2059025565593379,0.7197226134668374,1.1941632190784837,3.725165716605943,1.0,1.0,0.0,0.0,,1.638135466731818,1.0006640019450075,1.238121443815949,1.0426908607019978,acceleration,257.23579377024487,94.31869116092018,22504.851815190534,46.56216016948836,26.525291786668493
top,middle,2,parameterized,tight,snopt,all,True,0.0,0.5,1963494446,True,0.08053922653198242,25,0.39746856689453125,22,22,5.886202175369215,,1.300668746516617,4.851355941082392,18.091886661603493,0.7688352646883749,7.419834613800049,True,SolutionResult.kSolutionFound,1,7.41411117,0.1939881845965702,0.2523143688982542,1.6118599470669692,6.481870758849093,1.0,1.0,0.0,5.052780755310238e-05,,2.774038398956887,1.0027014375969499,1.3016192456796876,0.5937687140895622,acceleration,216.5656108951606,73.60762345243371,25765.832547592905,48.08484007069758,13.993667043626278
top,middle,2,cspace,tight,snopt,all,True,0.0,0.5,1963494446,True,0.08053922653198242,25,0.39746856689453125,22,22,5.886202175369215,,1.300668746516617,4.851355941082392,18.091886661603493,0.20612793869272117,30.135921001434326,True,SolutionResult.kSolutionFound,3,30.127183685,0.14867872318941533,0.3689709667535146,0.7212934070575147,2.688947816058138,1.0,1.0,0.0,0.0,,1.4825464191512987,1.0006927608311162,1.3009297747799349,0.9435315838121271,acceleration,213.56065818194674,71.83210149869205,20601.493878473244,40.231546501385864,26.579808051874558
top,middle,2,kinetic,tight,snopt,all,True,0.0,0.5,1963494446,True,0.08053922653198242,25,0.39746856689453125,22,22,5.886202175369215,,1.300668746516617,4.851355941082392,18.091886661603493,0.05527339512480505,127.12161898612976,True,SolutionResult.kSolutionFound,1,127.114793839,0.1402678816393693,0.3934160966493727,0.7472182657699555,2.5377106168826833,1.0,1.0,0.0,0.0,,1.420234843819335,1.0003579846497175,1.3063093594224762,0.9687824919178045,acceleration,221.05906147363547,75.82442940909755,18106.193558523195,39.81360652381399,30.352195055672187
top,middle,6,parameterized,notebook,snopt,all,True,0.0,0.5,1919240247,True,0.12135577201843262,43,0.4496023654937744,17,17,5.3955423979027675,,2.0886484964569005,13.175604870664106,50.44834235186612,0.47877850279564027,1.5879974365234375,True,SolutionResult.kSolutionFound,1,1.582973339,0.4091169529646896,0.8545015086847291,6.149018117507602,21.671750925188267,1.0,1.0,0.0,0.0,,3.395976601559409,1.0082547349224626,1.0031743228712597,0.8278888830794603,velocity,266.43599396210834,100.35140003323284,31432.34384629008,67.02957436422481,15.457373343444988
top,middle,6,cspace,notebook,snopt,all,True,0.0,0.5,1919240247,True,0.12135577201843262,43,0.4496023654937744,17,17,5.3955423979027675,,2.0886484964569005,13.175604870664106,50.44834235186612,0.07589784376628743,3.4582865238189697,True,SolutionResult.kSolutionFound,1,3.45313788,0.21024814494639366,0.9715250308492205,2.7701464826037983,10.050586001060557,0.998,0.998,0.0,0.0,,2.3347393825947487,1.0021817872131216,1.2968346907164447,1.1263977328563153,acceleration,262.18041542812034,97.71584083188395,27671.19613820447,59.14396378137238,25.948412517365547
top,middle,6,kinetic,notebook,snopt,all,True,0.0,0.5,1919240247,True,0.12135577201843262,43,0.4496023654937744,17,17,5.3955423979027675,,2.0886484964569005,13.175604870664106,50.44834235186612,0.019822256854848064,4.56693434715271,True,SolutionResult.kSolutionFound,1,4.559456207,0.1360520848793251,0.936354847000677,2.007250625297442,6.863602155677342,0.996,0.996,0.0,0.0,,1.748988396253815,1.000639668908611,1.0976030749810004,1.096878995309377,acceleration,268.81297331548103,100.10788206342215,26547.372371270412,53.278033492397014,28.016372173040143
top,middle,6,parameterized,tight,snopt,all,True,0.0,0.5,1919240247,True,0.12135577201843262,43,0.4496023654937744,17,17,5.3955423979027675,,2.0886484964569005,13.175604870664106,50.44834235186612,0.47877850279564027,5.918924331665039,True,SolutionResult.kSolutionFound,1,5.913959848,0.1575941317875443,0.32915874640848575,1.7408695815051114,6.8012010148181705,0.998,0.998,0.0,8.256456178301619e-06,,2.3516345576238566,1.0014696376201593,1.231151070546117,0.6520122039014463,acceleration,207.51236735896708,69.0886909919586,22802.884352997888,45.40527733765266,19.05043736424993
top,middle,6,cspace,tight,snopt,all,True,0.0,0.5,1919240247,True,0.12135577201843262,43,0.4496023654937744,17,17,5.3955423979027675,,2.0886484964569005,13.175604870664106,50.44834235186612,0.07589784376628743,67.68134379386902,True,SolutionResult.kSolutionFound,1,67.676171454,0.06620956486919505,0.4503253330078699,0.8723510653751172,3.1243598757923245,1.0,1.0,0.0,0.0,,1.444224247957521,1.0003566871503475,1.1939063553738247,0.6995331754805914,acceleration,189.10431016553628,59.37217107049709,17532.230711380795,36.854356593370674,19.113036164079727
top,middle,6,kinetic,tight,snopt,all,True,0.0,0.5,1919240247,True,0.12135577201843262,43,0.4496023654937744,17,17,5.3955423979027675,,2.0886484964569005,13.175604870664106,50.44834235186612,0.019822256854848064,66.39730453491211,True,SolutionResult.kSolutionFound,3,66.392073922,0.05961306747206789,0.45916810542999426,0.8799518664476109,3.007380436475776,1.0,1.0,0.0,0.0,,1.4256969136838005,1.0002287232681162,1.1795111448544644,0.6503265714628802,acceleration,191.82728624777093,60.8753017163883,16570.56853021231,35.88296809803917,19.48706203965176
top,middle,4,parameterized,notebook,snopt,all,True,0.0,0.5,476784923,True,0.12237811088562012,29,0.4519221782684326,20,20,4.523993463878699,,1.215939180968611,2.3120876107319583,6.824307100334433,0.82240955440173,3.1214866638183594,True,SolutionResult.kSolutionFound,1,3.116206896,0.24217789243006296,0.29447358817011726,1.8131419406460412,6.988179046713176,1.0,1.0,0.0,0.0,,2.719440649881612,1.0026288301068387,1.3055305500012782,0.5978485737498255,acceleration,227.87256958760574,79.05821751467903,25225.775936947608,47.96318771739001,15.065852827546024
top,middle,4,cspace,notebook,snopt,all,True,0.0,0.5,476784923,True,0.12237811088562012,29,0.4519221782684326,20,20,4.523993463878699,,1.215939180968611,2.3120876107319583,6.824307100334433,0.43250956207642194,3.8953604698181152,True,SolutionResult.kSolutionFound,1,3.889746728,0.45458913647192906,0.5517113766647287,1.0510499104100866,3.3527595107709676,0.998,0.998,0.0,0.0,,1.5146090016404186,1.0001368394964472,1.2700699928571386,0.9084431356352191,acceleration,251.95944501838298,91.45559122310576,20293.349694421187,44.93978493582864,28.073854261039717
top,middle,4,kinetic,notebook,snopt,all,True,0.0,0.5,476784923,True,0.12237811088562012,29,0.4519221782684326,20,20,4.523993463878699,,1.215939180968611,2.3120876107319583,6.824307100334433,0.14653502330676088,8.525439500808716,True,SolutionResult.kSolutionFound,1,8.51983493,0.4540241031210564,0.530959285526605,0.9895031657144984,3.0983999106519997,0.998,0.998,0.0,0.0,,1.496963087704445,1.0002521580584778,1.2611174088932005,0.7631098284598297,acceleration,237.494272798719,84.3230263186172,19363.184822117124,42.649385501540806,30.251473342712117
top,middle,4,parameterized,tight,snopt,all,True,0.0,0.5,476784923,True,0.12237811088562012,29,0.4519221782684326,20,20,4.523993463878699,,1.215939180968611,2.3120876107319583,6.824307100334433,0.82240955440173,6.414515256881714,True,SolutionResult.kSolutionFound,1,6.409382708,0.2295478811563026,0.27911626260627787,1.7754993551680844,7.150592929722385,1.0,1.0,0.0,3.091258381937578e-05,,2.7688737581264937,1.0021608565496198,1.2681779334563021,0.6708596318244981,acceleration,216.99376053699496,73.45685618531272,25829.65688358338,48.161094801696336,14.515715485920962
top,middle,4,cspace,tight,snopt,all,True,0.0,0.5,476784923,True,0.12237811088562012,29,0.4519221782684326,20,20,4.523993463878699,,1.215939180968611,2.3120876107319583,6.824307100334433,0.43250956207642194,62.65153431892395,True,SolutionResult.kSolutionFound,3,62.646515499,0.3300935479792551,0.3907690947248392,0.7632052026653912,2.8394452707003666,1.0,1.0,0.0,0.0,,1.4741890921877696,1.0005801949246784,1.264246682297916,0.8806304241916693,acceleration,204.3495723582392,67.0466539353436,19893.9780468959,39.053041224686545,24.598056511835914
top,middle,4,kinetic,tight,snopt,all,True,0.0,0.5,476784923,True,0.12237811088562012,29,0.4519221782684326,20,20,4.523993463878699,,1.215939180968611,2.3120876107319583,6.824307100334433,0.14653502330676088,89.77983951568604,True,SolutionResult.kSolutionFound,1,89.773355271,0.39459168797087346,0.4143391671588492,0.791182211696916,2.6928148579525804,1.0,1.0,0.0,0.0,,1.4159951496291312,1.0004414336576766,1.2611462332674732,0.7306136813682332,acceleration,208.74901003744677,69.29949741407101,17420.86194320676,38.26940061928345,25.420084485561354
top,middle,9,parameterized,notebook,snopt,all,True,0.0,0.5,1658475942,True,0.2340083122253418,31,0.8979158401489258,20,20,4.980069353119344,,2.464819229256543,4.007594845401985,12.682612589665313,0.40570926586840506,1.4349017143249512,True,SolutionResult.kSolutionFound,1,1.428962282,0.42646101516522583,1.0511493107075136,2.031806952944153,7.083088693692251,1.0,1.0,0.0,0.0,,2.2611793720182862,1.003532190436401,1.3882887565090711,0.6756075629346713,acceleration,300.132633387254,115.56174360317274,29078.41181878833,55.653430482791485,24.280819831301482
top,middle,9,cspace,notebook,snopt,all,True,0.0,0.5,1658475942,True,0.2340083122253418,31,0.8979158401489258,20,20,4.980069353119344,,2.464819229256543,4.007594845401985,12.682612589665313,0.24952622173055375,10.642586946487427,True,SolutionResult.kSolutionFound,1,10.635081814,0.24639220717911733,0.59489106309344,0.9874401394382485,3.6686603596841216,1.0,1.0,0.0,0.0,,1.6234088288220845,1.0006626819036617,1.2192326227357602,0.8392337781340355,acceleration,204.66600119333373,67.71853961118812,22804.790957548095,45.971703683125455,22.822497587144923
top,middle,9,kinetic,notebook,snopt,all,True,0.0,0.5,1658475942,True,0.2340083122253418,31,0.8979158401489258,20,20,4.980069353119344,,2.464819229256543,4.007594845401985,12.682612589665313,0.0788481074329173,24.33983302116394,True,SolutionResult.kSolutionFound,1,24.33276165,0.3005687868167364,0.7377586401987943,1.1864298530955284,3.8119974797423706,0.998,0.998,0.0,0.0,,1.631257990741624,1.0004654172362712,1.2450965115718862,0.609378328873659,acceleration,218.93602729534365,75.43028961070337,21517.04168924701,47.32233491527697,25.851860735405317
top,middle,9,parameterized,tight,snopt,all,True,0.0,0.5,1658475942,True,0.2340083122253418,31,0.8979158401489258,20,20,4.980069353119344,,2.464819229256543,4.007594845401985,12.682612589665313,0.40570926586840506,5.405261754989624,True,SolutionResult.kSolutionFound,1,5.401938943,0.11194897336936808,0.2759339822563485,1.4820486071214467,5.8801059670116835,0.998,0.998,0.0,4.1260835879963764e-05,,2.444697523082827,1.0017650390919486,1.2740933732870057,0.6696787406309055,acceleration,210.186052633199,70.29672024185513,23569.258259336806,46.02353938720371,16.715320190564444
top,middle,9,cspace,tight,snopt,all,True,0.0,0.5,1658475942,True,0.2340083122253418,31,0.8979158401489258,20,20,4.980069353119344,,2.464819229256543,4.007594845401985,12.682612589665313,0.24952622173055375,85.33543109893799,True,SolutionResult.kSolutionFound,1,85.331593973,0.1835730120735585,0.379615958752712,0.7356862569409093,2.6492487283928514,0.998,0.998,0.0,0.0,,1.453614068869587,1.0000979677058695,1.248459162535941,0.7272011851143774,acceleration,194.55363273078808,62.112165796258964,18210.52744655124,37.137267056935116,21.0477723422178
top,middle,9,kinetic,tight,snopt,all,True,0.0,0.5,1658475942,True,0.2340083122253418,31,0.8979158401489258,20,20,4.980069353119344,,2.464819229256543,4.007594845401985,12.682612589665313,0.0788481074329173,53.91540789604187,True,SolutionResult.kSolutionFound,1,53.912508654,0.22180278733476827,0.44353865569430834,0.803422186128507,2.81303882307479,1.0,1.0,0.0,0.0,,1.4311360543887917,1.0003297528045203,1.2689196050480713,0.8607953323485228,acceleration,212.01891096175615,71.01130234837979,19904.56807882532,40.4340082571761,28.114512638529835
